ISO-10303-21;
HEADER;
FILE_DESCRIPTION (( 'STEP AP214' ),
    '1' );
FILE_NAME ('CLW6A-TKW-C90C070B0BB7C3CE53.STEP',
    '2026-04-14T23:09:05',
    ( '' ),
    ( '' ),
    'SwSTEP 2.0',
    'SolidWorks 2021',
    '' );
FILE_SCHEMA (( 'AUTOMOTIVE_DESIGN' ));
ENDSEC;

DATA;
#1 = DIRECTION ( 'NONE',  ( 1.000000000000000000, 0.000000000000000000, 0.000000000000000000 ) ) ;
#2 = CARTESIAN_POINT ( 'NONE',  ( 0.8574886876659970625, 0.05000000000000000971, -0.9749999999999999778 ) ) ;
#3 = CARTESIAN_POINT ( 'NONE',  ( -1.592086875603152540, 0.2500000000000149880, 0.7250000000000000888 ) ) ;
#4 = LINE ( 'NONE', #6411, #7316 ) ;
#5 = CARTESIAN_POINT ( 'NONE',  ( 1.302447382239557028, -0.1207734031973104055, 0.01320443280044446797 ) ) ;
#6 = EDGE_LOOP ( 'NONE', ( #6826, #2469, #7882, #49 ) ) ;
#7 = EDGE_LOOP ( 'NONE', ( #6156, #882, #2098, #6020, #7933, #4159, #3412, #1897, #7782, #2584 ) ) ;
#8 = ORIENTED_EDGE ( 'NONE', *, *, #5266, .F. ) ;
#9 = EDGE_CURVE ( 'NONE', #7397, #5022, #349, .T. ) ;
#10 = DIRECTION ( 'NONE',  ( 0.08715574274765110208, -0.9961946980917462113, 0.000000000000000000 ) ) ;
#11 = CIRCLE ( 'NONE', #6731, 0.2999999999999997113 ) ;
#12 = DIRECTION ( 'NONE',  ( -0.1287798954323275680, 0.9781804203664667963, -0.1630300700610811115 ) ) ;
#13 = ORIENTED_EDGE ( 'NONE', *, *, #5678, .F. ) ;
#14 = CARTESIAN_POINT ( 'NONE',  ( 1.050000000000000266, 2.849999999999999645, 1.100000000000000089 ) ) ;
#15 = PLANE ( 'NONE',  #3191 ) ;
#16 = CARTESIAN_POINT ( 'NONE',  ( -1.721114865929781468, 1.249666247164334054, 1.721553270611718478 ) ) ;
#17 = CARTESIAN_POINT ( 'NONE',  ( -1.749999999999999778, 0.2499999999999999445, -0.2249999999999998390 ) ) ;
#18 = EDGE_LOOP ( 'NONE', ( #3692, #5994, #6532, #2966 ) ) ;
#19 = EDGE_LOOP ( 'NONE', ( #5079, #5850, #7392, #3622 ) ) ;
#20 = CARTESIAN_POINT ( 'NONE',  ( 1.749999999999999778, 1.000000000000000444, -0.2249999999999998390 ) ) ;
#21 = EDGE_LOOP ( 'NONE', ( #1600, #1876, #3414, #2166 ) ) ;
#22 = VECTOR ( 'NONE', #2147, 1000.000000000000000 ) ;
#23 = DIRECTION ( 'NONE',  ( -0.000000000000000000, -0.000000000000000000, -1.000000000000000000 ) ) ;
#24 = EDGE_CURVE ( 'NONE', #6288, #1684, #7841, .T. ) ;
#25 = PLANE ( 'NONE',  #8298 ) ;
#26 = DIRECTION ( 'NONE',  ( 1.000000000000000000, 0.000000000000000000, 0.000000000000000000 ) ) ;
#27 = ORIENTED_EDGE ( 'NONE', *, *, #468, .T. ) ;
#28 = VECTOR ( 'NONE', #8241, 1000.000000000000000 ) ;
#29 = DIRECTION ( 'NONE',  ( -0.2079116908177522649, -0.9781476007338071321, 0.000000000000000000 ) ) ;
#30 = DIRECTION ( 'NONE',  ( 1.000000000000000000, 0.000000000000000000, 0.000000000000000000 ) ) ;
#31 = CARTESIAN_POINT ( 'NONE',  ( 0.000000000000000000, 0.3499999999999999778, 0.000000000000000000 ) ) ;
#32 = DIRECTION ( 'NONE',  ( -0.000000000000000000, -0.000000000000000000, -1.000000000000000000 ) ) ;
#33 = EDGE_LOOP ( 'NONE', ( #1509, #3351, #7563, #4245 ) ) ;
#34 = DIRECTION ( 'NONE',  ( 0.000000000000000000, 0.000000000000000000, 1.000000000000000000 ) ) ;
#35 = ADVANCED_FACE ( 'NONE', ( #5403 ), #5942, .T. ) ;
#36 = EDGE_CURVE ( 'NONE', #6732, #4194, #7926, .T. ) ;
#38 = ORIENTED_EDGE ( 'NONE', *, *, #5821, .T. ) ;
#37 = LINE ( 'NONE', #7673, #4925 ) ;
#39 = DIRECTION ( 'NONE',  ( -1.000000000000000000, 0.000000000000000000, 0.000000000000000000 ) ) ;
#40 = ORIENTED_EDGE ( 'NONE', *, *, #1192, .T. ) ;
#41 = DIRECTION ( 'NONE',  ( 0.000000000000000000, 0.000000000000000000, -1.000000000000000000 ) ) ;
#42 = EDGE_CURVE ( 'NONE', #5031, #1069, #5475, .T. ) ;
#43 = DIRECTION ( 'NONE',  ( -0.000000000000000000, 1.000000000000000000, -0.000000000000000000 ) ) ;
#44 = EDGE_CURVE ( 'NONE', #2277, #4942, #4825, .T. ) ;
#45 = FACE_OUTER_BOUND ( 'NONE', #907, .T. ) ;
#46 = ORIENTED_EDGE ( 'NONE', *, *, #192, .F. ) ;
#47 = VECTOR ( 'NONE', #3583, 1000.000000000000000 ) ;
#48 = VERTEX_POINT ( 'NONE', #7964 ) ;
#49 = ORIENTED_EDGE ( 'NONE', *, *, #6739, .T. ) ;
#50 = DIRECTION ( 'NONE',  ( -1.000000000000000000, 0.000000000000000000, 0.000000000000000000 ) ) ;
#51 = VECTOR ( 'NONE', #1555, 1000.000000000000000 ) ;
#52 = AXIS2_PLACEMENT_3D ( 'NONE', #943, #4954, #6328 ) ;
#53 = CARTESIAN_POINT ( 'NONE',  ( -1.500000000000000000, 0.2499999999999999445, -0.5749999999999998446 ) ) ;
#54 = ORIENTED_EDGE ( 'NONE', *, *, #5279, .T. ) ;
#55 = CARTESIAN_POINT ( 'NONE',  ( 1.450000000000000400, 1.000000000000000000, -1.728127834118519113 ) ) ;
#56 = CARTESIAN_POINT ( 'NONE',  ( -1.729989406634232729, 1.098004453143892833, 0.2250000000000001443 ) ) ;
#57 = DIRECTION ( 'NONE',  ( -1.000000000000000000, 0.000000000000000000, 0.000000000000000000 ) ) ;
#58 = VERTEX_POINT ( 'NONE', #2219 ) ;
#59 = LINE ( 'NONE', #4704, #6697 ) ;
#60 = EDGE_CURVE ( 'NONE', #1615, #4016, #1578, .T. ) ;
#62 = ORIENTED_EDGE ( 'NONE', *, *, #4355, .F. ) ;
#61 = AXIS2_PLACEMENT_3D ( 'NONE', #5896, #4107, #7285 ) ;
#63 = DIRECTION ( 'NONE',  ( 1.000000000000000000, 0.000000000000000000, 0.000000000000000000 ) ) ;
#64 = VECTOR ( 'NONE', #2350, 1000.000000000000000 ) ;
#65 = VECTOR ( 'NONE', #425, 1000.000000000000000 ) ;
#66 = DIRECTION ( 'NONE',  ( 0.000000000000000000, 0.000000000000000000, 1.000000000000000000 ) ) ;
#67 = ORIENTED_EDGE ( 'NONE', *, *, #263, .F. ) ;
#68 = CIRCLE ( 'NONE', #5058, 0.1750000000000000167 ) ;
#69 = CIRCLE ( 'NONE', #2220, 0.2999999999999997113 ) ;
#70 = EDGE_CURVE ( 'NONE', #4078, #1970, #502, .T. ) ;
#71 = CARTESIAN_POINT ( 'NONE',  ( 1.050000000000000044, 0.2000000000000001776, 1.375000000000000444 ) ) ;
#72 = CARTESIAN_POINT ( 'NONE',  ( 1.500000000000000000, 0.2500000000000001665, 1.375000000000000444 ) ) ;
#73 = EDGE_CURVE ( 'NONE', #4180, #5336, #5199, .T. ) ;
#74 = ORIENTED_EDGE ( 'NONE', *, *, #7924, .T. ) ;
#75 = LINE ( 'NONE', #5685, #3316 ) ;
#76 = VECTOR ( 'NONE', #5013, 1000.000000000000000 ) ;
#77 = ORIENTED_EDGE ( 'NONE', *, *, #6385, .F. ) ;
#78 = LINE ( 'NONE', #7790, #277 ) ;
#79 = ORIENTED_EDGE ( 'NONE', *, *, #3890, .F. ) ;
#80 = COLOUR_RGB ( '',0.7921568627450980005, 0.8196078431372548767, 0.9333333333333333481 ) ;
#81 = AXIS2_PLACEMENT_3D ( 'NONE', #5570, #6874, #2407 ) ;
#82 = CARTESIAN_POINT ( 'NONE',  ( 1.650380530190825645, 1.249999999999999778, -1.750000000000000000 ) ) ;
#83 = DIRECTION ( 'NONE',  ( -0.1736481776669307198, 0.9848077530122080203, 0.000000000000000000 ) ) ;
#84 = EDGE_CURVE ( 'NONE', #3322, #494, #8013, .T. ) ;
#85 = VERTEX_POINT ( 'NONE', #526 ) ;
#86 = CARTESIAN_POINT ( 'NONE',  ( -1.350000000000000089, 2.829999999999999627, 1.100000000000000089 ) ) ;
#87 = B_SPLINE_CURVE_WITH_KNOTS ( 'NONE', 3,
 ( #2056, #1940, #3288, #5207, #5162, #5237, #5124, #3914, #16, #4615, #7771, #2731, #1983, #7166, #5829, #5754 ),
 .UNSPECIFIED., .F., .F.,
 ( 4, 3, 3, 3, 3, 4 ),
 ( 0.000000000000000000, 2.208357269965172150E-05, 5.563844299161936461E-05, 8.920143942827217347E-05, 0.0001229089457200474903, 0.0001566057192891304368 ),
 .UNSPECIFIED. ) ;
#88 = DIRECTION ( 'NONE',  ( 0.000000000000000000, 0.000000000000000000, 1.000000000000000000 ) ) ;
#89 = ORIENTED_EDGE ( 'NONE', *, *, #6338, .F. ) ;
#90 = EDGE_LOOP ( 'NONE', ( #6024, #7159, #7791, #1302 ) ) ;
#91 = ADVANCED_FACE ( 'NONE', ( #4952 ), #7552, .F. ) ;
#92 = ADVANCED_FACE ( 'NONE', ( #5027 ), #7510, .T. ) ;
#93 = LINE ( 'NONE', #2011, #6059 ) ;
#94 = VERTEX_POINT ( 'NONE', #1033 ) ;
#95 = LINE ( 'NONE', #3912, #5996 ) ;
#96 = DIRECTION ( 'NONE',  ( 0.000000000000000000, 0.000000000000000000, 1.000000000000000000 ) ) ;
#97 = PLANE ( 'NONE',  #4110 ) ;
#98 = DIRECTION ( 'NONE',  ( 0.9914448613738112703, -0.1305261922200450231, 0.000000000000000000 ) ) ;
#99 = ORIENTED_EDGE ( 'NONE', *, *, #5351, .F. ) ;
#100 = FACE_OUTER_BOUND ( 'NONE', #4346, .T. ) ;
#101 = AXIS2_PLACEMENT_3D ( 'NONE', #6613, #1040, #4287 ) ;
#102 = ORIENTED_EDGE ( 'NONE', *, *, #5214, .T. ) ;
#103 = CARTESIAN_POINT ( 'NONE',  ( -1.592086875603152540, 0.05000000000000000971, 0.7250000000000000888 ) ) ;
#104 = EDGE_CURVE ( 'NONE', #3838, #5330, #5865, .T. ) ;
#105 = EDGE_CURVE ( 'NONE', #6856, #5425, #2448, .T. ) ;
#106 = DIRECTION ( 'NONE',  ( -1.000000000000000000, 0.000000000000000000, 0.000000000000000000 ) ) ;
#107 = VERTEX_POINT ( 'NONE', #8231 ) ;
#108 = CARTESIAN_POINT ( 'NONE',  ( 0.000000000000000000, 2.849999999999999645, 0.000000000000000000 ) ) ;
#109 = LINE ( 'NONE', #3298, #5651 ) ;
#110 = CONICAL_SURFACE ( 'NONE', #3357, 0.1750000000000000167, 0.1745329251994333364 ) ;
#111 = LINE ( 'NONE', #6543, #3715 ) ;
#112 = VERTEX_POINT ( 'NONE', #1200 ) ;
#113 = CARTESIAN_POINT ( 'NONE',  ( 1.050000000000000044, 1.597771622610217113E-16, -0.2249999999999998390 ) ) ;
#114 = EDGE_CURVE ( 'NONE', #8324, #6509, #3030, .T. ) ;
#115 = FACE_OUTER_BOUND ( 'NONE', #5527, .T. ) ;
#116 = ORIENTED_EDGE ( 'NONE', *, *, #7288, .F. ) ;
#117 = CARTESIAN_POINT ( 'NONE',  ( 1.592086875603161200, 1.000000000000000000, 0.07499999999999998335 ) ) ;
#118 = PLANE ( 'NONE',  #7603 ) ;
#119 = ORIENTED_EDGE ( 'NONE', *, *, #6338, .T. ) ;
#120 = ORIENTED_EDGE ( 'NONE', *, *, #1104, .T. ) ;
#121 = CARTESIAN_POINT ( 'NONE',  ( 1.050000000000000488, 2.849999999999999645, -0.7500000000000000000 ) ) ;
#122 = PLANE ( 'NONE',  #1692 ) ;
#123 = VERTEX_POINT ( 'NONE', #395 ) ;
#124 = VECTOR ( 'NONE', #6312, 1000.000000000000000 ) ;
#125 = CIRCLE ( 'NONE', #2174, 0.2999999999999997113 ) ;
#126 = ORIENTED_EDGE ( 'NONE', *, *, #1653, .F. ) ;
#127 = AXIS2_PLACEMENT_3D ( 'NONE', #4922, #6298, #4340 ) ;
#128 = VECTOR ( 'NONE', #5203, 1000.000000000000000 ) ;
#129 = VERTEX_POINT ( 'NONE', #3695 ) ;
#130 = DIRECTION ( 'NONE',  ( 1.000000000000000000, 0.000000000000000000, 0.000000000000000000 ) ) ;
#131 = DIRECTION ( 'NONE',  ( -0.1736481776669307198, -0.9848077530122080203, -0.000000000000000000 ) ) ;
#132 = CARTESIAN_POINT ( 'NONE',  ( 0.000000000000000000, 2.829999999999999627, 1.399999999999999689 ) ) ;
#133 = EDGE_CURVE ( 'NONE', #2086, #6351, #4322, .T. ) ;
#134 = VERTEX_POINT ( 'NONE', #6197 ) ;
#135 = EDGE_CURVE ( 'NONE', #6619, #3586, #3614, .T. ) ;
#136 = CARTESIAN_POINT ( 'NONE',  ( 1.042614886054232581, 0.4399768525161776855, -0.07499999999999998335 ) ) ;
#137 = ORIENTED_EDGE ( 'NONE', *, *, #2700, .F. ) ;
#138 = PLANE ( 'NONE',  #2518 ) ;
#139 = SURFACE_SIDE_STYLE ('',( #4556 ) ) ;
#140 = DIRECTION ( 'NONE',  ( -0.1305261922200450231, -0.9914448613738112703, 0.000000000000000000 ) ) ;
#141 = DIRECTION ( 'NONE',  ( -0.000000000000000000, 0.000000000000000000, -1.000000000000000000 ) ) ;
#142 = ORIENTED_EDGE ( 'NONE', *, *, #3644, .F. ) ;
#143 = DIRECTION ( 'NONE',  ( -0.9914448613738112703, 0.1305261922200450508, 0.000000000000000000 ) ) ;
#144 = DIRECTION ( 'NONE',  ( -0.000000000000000000, 1.000000000000000000, 0.000000000000000000 ) ) ;
#145 = EDGE_CURVE ( 'NONE', #7872, #4677, #4903, .T. ) ;
#146 = DIRECTION ( 'NONE',  ( 0.000000000000000000, -1.000000000000000000, 0.000000000000000000 ) ) ;
#147 = EDGE_CURVE ( 'NONE', #1503, #3071, #6238, .T. ) ;
#148 = EDGE_LOOP ( 'NONE', ( #5721, #6995, #5809, #280 ) ) ;
#149 = PLANE ( 'NONE',  #5593 ) ;
#150 = AXIS2_PLACEMENT_3D ( 'NONE', #1259, #588, #671 ) ;
#151 = ORIENTED_EDGE ( 'NONE', *, *, #1906, .T. ) ;
#152 = CYLINDRICAL_SURFACE ( 'NONE', #7682, 0.1000000000000000333 ) ;
#153 = VERTEX_POINT ( 'NONE', #1714 ) ;
#154 = CARTESIAN_POINT ( 'NONE',  ( -0.9000000000000000222, 0.2500000000000000000, -0.9749999999999999778 ) ) ;
#155 = EDGE_CURVE ( 'NONE', #6498, #1615, #2947, .T. ) ;
#156 = DIRECTION ( 'NONE',  ( 0.000000000000000000, -0.000000000000000000, 1.000000000000000000 ) ) ;
#157 = DIRECTION ( 'NONE',  ( -1.000000000000000000, 0.000000000000000000, 0.000000000000000000 ) ) ;
#158 = EDGE_LOOP ( 'NONE', ( #849, #3956, #2404, #6715 ) ) ;
#159 = ORIENTED_EDGE ( 'NONE', *, *, #2689, .T. ) ;
#160 = ADVANCED_FACE ( 'NONE', ( #5491 ), #8056, .F. ) ;
#161 = CARTESIAN_POINT ( 'NONE',  ( -1.592086875603144325, 0.2500000000000149880, -0.07499999999999998335 ) ) ;
#162 = CARTESIAN_POINT ( 'NONE',  ( -1.410915170897003135, 0.7031212485957348823, -1.702154308928914395 ) ) ;
#163 = ORIENTED_EDGE ( 'NONE', *, *, #7074, .F. ) ;
#164 = ORIENTED_EDGE ( 'NONE', *, *, #4420, .F. ) ;
#165 = EDGE_CURVE ( 'NONE', #6602, #412, #6325, .T. ) ;
#166 = CARTESIAN_POINT ( 'NONE',  ( -1.500000000000000000, 0.2499999999999999445, -0.2249999999999998390 ) ) ;
#167 = DIRECTION ( 'NONE',  ( -0.000000000000000000, 0.000000000000000000, -1.000000000000000000 ) ) ;
#168 = AXIS2_PLACEMENT_3D ( 'NONE', #3263, #29, #7747 ) ;
#169 = FILL_AREA_STYLE_COLOUR ( '', #4402 ) ;
#170 = CARTESIAN_POINT ( 'NONE',  ( 1.050000000000000044, 0.2000000000000001776, 1.375000000000000444 ) ) ;
#171 = DIRECTION ( 'NONE',  ( 0.000000000000000000, -1.000000000000000000, 0.000000000000000000 ) ) ;
#172 = ORIENTED_EDGE ( 'NONE', *, *, #135, .T. ) ;
#173 = CARTESIAN_POINT ( 'NONE',  ( -1.588139507182091403, 0.2263157894736997078, 0.07105263157894722847 ) ) ;
#174 = VERTEX_POINT ( 'NONE', #4864 ) ;
#175 = DIRECTION ( 'NONE',  ( -0.000000000000000000, -0.000000000000000000, -1.000000000000000000 ) ) ;
#176 = CIRCLE ( 'NONE', #7723, 0.2499999999999997780 ) ;
#177 = AXIS2_PLACEMENT_3D ( 'NONE', #6530, #1452, #698 ) ;
#178 = FACE_OUTER_BOUND ( 'NONE', #6867, .T. ) ;
#179 = DIRECTION ( 'NONE',  ( 0.000000000000000000, 0.000000000000000000, 1.000000000000000000 ) ) ;
#180 = EDGE_CURVE ( 'NONE', #358, #2227, #5531, .T. ) ;
#181 = CARTESIAN_POINT ( 'NONE',  ( -1.729989406634232729, 1.098004453143892833, -0.5749999999999998446 ) ) ;
#182 = ORIENTED_EDGE ( 'NONE', *, *, #3171, .T. ) ;
#183 = CARTESIAN_POINT ( 'NONE',  ( 1.749999999999999778, 0.2500000000000001665, 0.5750000000000001776 ) ) ;
#184 = VECTOR ( 'NONE', #6066, 1000.000000000000000 ) ;
#185 = DIRECTION ( 'NONE',  ( 0.1300379154054214781, -0.9877360307509845949, 0.08641570524680476650 ) ) ;
#186 = CIRCLE ( 'NONE', #2765, 0.2499999999999995837 ) ;
#187 = CARTESIAN_POINT ( 'NONE',  ( 1.350000000000000533, 2.829999999999999627, -0.1500000000000000500 ) ) ;
#188 = EDGE_LOOP ( 'NONE', ( #8204, #6804, #6720, #8125 ) ) ;
#189 = FACE_OUTER_BOUND ( 'NONE', #5600, .T. ) ;
#190 = VECTOR ( 'NONE', #4767, 1000.000000000000000 ) ;
#191 = VECTOR ( 'NONE', #5138, 1000.000000000000000 ) ;
#192 = EDGE_CURVE ( 'NONE', #5080, #6233, #7424, .T. ) ;
#193 = EDGE_CURVE ( 'NONE', #6856, #6288, #1663, .T. ) ;
#194 = LINE ( 'NONE', #7989, #3810 ) ;
#195 = EDGE_CURVE ( 'NONE', #7416, #6837, #3744, .T. ) ;
#196 = ORIENTED_EDGE ( 'NONE', *, *, #4082, .F. ) ;
#197 = DIRECTION ( 'NONE',  ( -0.9781476007338071321, 0.2079116908177522371, 0.000000000000000000 ) ) ;
#198 = CARTESIAN_POINT ( 'NONE',  ( 1.729989406634232729, 1.098004453143893278, 1.375000000000000444 ) ) ;
#199 = CARTESIAN_POINT ( 'NONE',  ( 1.717086875603152984, 1.000000000000000444, -0.5749999999999998446 ) ) ;
#200 = COLOUR_RGB ( '',0.7921568627450980005, 0.8196078431372548767, 0.9333333333333333481 ) ;
#201 = CARTESIAN_POINT ( 'NONE',  ( 1.717086875603152984, 1.000000000000000000, -0.9999999999999997780 ) ) ;
#202 = CIRCLE ( 'NONE', #4934, 0.1750000000000000167 ) ;
#203 = ORIENTED_EDGE ( 'NONE', *, *, #4698, .F. ) ;
#204 = ADVANCED_FACE ( 'NONE', ( #6284 ), #3379, .T. ) ;
#205 = EDGE_CURVE ( 'NONE', #2556, #7205, #3697, .T. ) ;
#206 = EDGE_LOOP ( 'NONE', ( #7396, #5862, #1989, #6091 ) ) ;
#207 = CIRCLE ( 'NONE', #6130, 0.2999999999999998224 ) ;
#208 = EDGE_CURVE ( 'NONE', #8114, #7501, #3153, .T. ) ;
#209 = CARTESIAN_POINT ( 'NONE',  ( 1.050000000000000044, 1.597771622610217113E-16, -0.5749999999999998446 ) ) ;
#210 = DIRECTION ( 'NONE',  ( 0.000000000000000000, 1.000000000000000000, 0.000000000000000000 ) ) ;
#211 = EDGE_LOOP ( 'NONE', ( #5078, #758, #7121, #4609 ) ) ;
#212 = ORIENTED_EDGE ( 'NONE', *, *, #8018, .F. ) ;
#213 = EDGE_CURVE ( 'NONE', #7489, #5543, #4056, .T. ) ;
#214 = ORIENTED_EDGE ( 'NONE', *, *, #520, .F. ) ;
#215 = CARTESIAN_POINT ( 'NONE',  ( -1.717086875603152984, 1.000000000000000000, 1.750000000000000000 ) ) ;
#216 = DIRECTION ( 'NONE',  ( 1.000000000000000000, 0.000000000000000000, 0.000000000000000000 ) ) ;
#217 = DIRECTION ( 'NONE',  ( -0.000000000000000000, 1.000000000000000000, -0.000000000000000000 ) ) ;
#218 = FACE_OUTER_BOUND ( 'NONE', #2662, .T. ) ;
#219 = ORIENTED_EDGE ( 'NONE', *, *, #4666, .F. ) ;
#220 = LINE ( 'NONE', #3442, #1341 ) ;
#221 = ORIENTED_EDGE ( 'NONE', *, *, #7353, .F. ) ;
#222 = PLANE ( 'NONE',  #7180 ) ;
#223 = PRESENTATION_STYLE_ASSIGNMENT (( #5215 ) ) ;
#224 = CARTESIAN_POINT ( 'NONE',  ( 1.550000000000000044, 1.000000000000000444, -1.024999999999999911 ) ) ;
#225 = FACE_OUTER_BOUND ( 'NONE', #2981, .T. ) ;
#226 = ORIENTED_EDGE ( 'NONE', *, *, #7098, .F. ) ;
#227 = PLANE ( 'NONE',  #2090 ) ;
#228 = CARTESIAN_POINT ( 'NONE',  ( -1.610018138358533246, 2.849999999999999645, -0.6000000000000000888 ) ) ;
#229 = LINE ( 'NONE', #7438, #7805 ) ;
#230 = LINE ( 'NONE', #7143, #4388 ) ;
#231 = ORIENTED_EDGE ( 'NONE', *, *, #6956, .T. ) ;
#232 = CARTESIAN_POINT ( 'NONE',  ( -1.592086875603152540, 1.000000000000000000, 0.7250000000000000888 ) ) ;
#233 = ADVANCED_FACE ( 'NONE', ( #4722 ), #2798, .F. ) ;
#234 = EDGE_LOOP ( 'NONE', ( #7702, #1857, #1985, #6559 ) ) ;
#235 = CARTESIAN_POINT ( 'NONE',  ( -1.500000000000000000, 0.2499999999999999445, -0.2249999999999998390 ) ) ;
#236 = ORIENTED_EDGE ( 'NONE', *, *, #1602, .T. ) ;
#237 = LINE ( 'NONE', #5479, #6644 ) ;
#238 = LINE ( 'NONE', #6011, #7401 ) ;
#239 = LINE ( 'NONE', #2260, #4125 ) ;
#240 = LINE ( 'NONE', #889, #3435 ) ;
#241 = ADVANCED_FACE ( 'NONE', ( #1474 ), #8269, .F. ) ;
#242 = VERTEX_POINT ( 'NONE', #2608 ) ;
#243 = AXIS2_PLACEMENT_3D ( 'NONE', #2141, #5833, #7216 ) ;
#244 = EDGE_LOOP ( 'NONE', ( #2467, #3232, #7548, #5925 ) ) ;
#245 = UNCERTAINTY_MEASURE_WITH_UNIT (LENGTH_MEASURE( 1.000000000000000082E-05 ), #7193, 'distance_accuracy_value', 'NONE');
#246 = DIRECTION ( 'NONE',  ( 0.9781476007338071321, 0.2079116908177522649, -0.000000000000000000 ) ) ;
#247 = ORIENTED_EDGE ( 'NONE', *, *, #5821, .F. ) ;
#248 = DIRECTION ( 'NONE',  ( -0.000000000000000000, -0.000000000000000000, -1.000000000000000000 ) ) ;
#249 = CARTESIAN_POINT ( 'NONE',  ( 1.749999999999999778, 1.000000000000000444, -0.5749999999999998446 ) ) ;
#250 = VERTEX_POINT ( 'NONE', #6590 ) ;
#251 = ORIENTED_EDGE ( 'NONE', *, *, #2473, .F. ) ;
#252 = EDGE_CURVE ( 'NONE', #6851, #7528, #5297, .T. ) ;
#253 = ORIENTED_EDGE ( 'NONE', *, *, #8301, .T. ) ;
#254 = DIRECTION ( 'NONE',  ( 1.000000000000000000, 0.000000000000000000, 0.000000000000000000 ) ) ;
#255 = CARTESIAN_POINT ( 'NONE',  ( -1.675920154969962717, 1.000000000000000000, -1.728127834118518669 ) ) ;
#256 = AXIS2_PLACEMENT_3D ( 'NONE', #7667, #3846, #8340 ) ;
#257 = CARTESIAN_POINT ( 'NONE',  ( -1.611767911629051531, 2.829999999999999627, 1.750000000000000000 ) ) ;
#258 = AXIS2_PLACEMENT_3D ( 'NONE', #7300, #6841, #6667 ) ;
#259 = LINE ( 'NONE', #8059, #2012 ) ;
#260 = EDGE_LOOP ( 'NONE', ( #1583, #419, #2654, #4234 ) ) ;
#261 = VERTEX_POINT ( 'NONE', #7715 ) ;
#262 = DIRECTION ( 'NONE',  ( 0.000000000000000000, -1.000000000000000000, 0.000000000000000000 ) ) ;
#263 = EDGE_CURVE ( 'NONE', #4856, #8045, #4681, .T. ) ;
#264 = ORIENTED_EDGE ( 'NONE', *, *, #5729, .F. ) ;
#265 = DIRECTION ( 'NONE',  ( 0.9961946980917462113, -0.08715574274765108820, 0.000000000000000000 ) ) ;
#266 = VERTEX_POINT ( 'NONE', #4017 ) ;
#267 = AXIS2_PLACEMENT_3D ( 'NONE', #2288, #1640, #6760 ) ;
#268 = LINE ( 'NONE', #1544, #2040 ) ;
#269 = VECTOR ( 'NONE', #3122, 1000.000000000000227 ) ;
#270 = CARTESIAN_POINT ( 'NONE',  ( -1.750000000000001110, 2.829999999999999627, -0.8549999999999999822 ) ) ;
#271 = DIRECTION ( 'NONE',  ( 0.000000000000000000, -1.000000000000000000, 0.000000000000000000 ) ) ;
#272 = ORIENTED_EDGE ( 'NONE', *, *, #3411, .T. ) ;
#273 = CARTESIAN_POINT ( 'NONE',  ( 0.9597227471524999443, 0.05000000000000000971, 0.7250000000000000888 ) ) ;
#274 = PLANE ( 'NONE',  #4901 ) ;
#275 = DIRECTION ( 'NONE',  ( -0.000000000000000000, -0.000000000000000000, -1.000000000000000000 ) ) ;
#276 = CARTESIAN_POINT ( 'NONE',  ( -1.450000000000000400, 1.000000000000000000, 0.6000000000000000888 ) ) ;
#277 = VECTOR ( 'NONE', #555, 1000.000000000000000 ) ;
#278 = ORIENTED_EDGE ( 'NONE', *, *, #2937, .T. ) ;
#279 = FACE_OUTER_BOUND ( 'NONE', #3203, .T. ) ;
#280 = ORIENTED_EDGE ( 'NONE', *, *, #808, .T. ) ;
#281 = CARTESIAN_POINT ( 'NONE',  ( 1.550000000000000044, 0.2500000000000001665, -0.2249999999999998390 ) ) ;
#282 = CIRCLE ( 'NONE', #8228, 0.1221019057874603436 ) ;
#283 = ORIENTED_EDGE ( 'NONE', *, *, #4486, .F. ) ;
#284 = DIRECTION ( 'NONE',  ( -0.1622214211307489162, -0.9733285267845768196, -0.1622214211307660414 ) ) ;
#285 = LINE ( 'NONE', #7410, #4324 ) ;
#286 = DIRECTION ( 'NONE',  ( 1.000000000000000000, 0.000000000000000000, 0.000000000000000000 ) ) ;
#287 = CARTESIAN_POINT ( 'NONE',  ( -1.500000000000000000, 0.2499999999999999445, 0.5750000000000001776 ) ) ;
#288 = VECTOR ( 'NONE', #6039, 1000.000000000000000 ) ;
#289 = ORIENTED_EDGE ( 'NONE', *, *, #421, .T. ) ;
#290 = ORIENTED_EDGE ( 'NONE', *, *, #777, .T. ) ;
#291 = CARTESIAN_POINT ( 'NONE',  ( -1.500000000000000222, 1.000000000000000000, 0.5750000000000001776 ) ) ;
#292 = EDGE_LOOP ( 'NONE', ( #1131, #6554, #3496, #2417 ) ) ;
#293 = EDGE_CURVE ( 'NONE', #1395, #6374, #2123, .T. ) ;
#294 = EDGE_CURVE ( 'NONE', #1316, #107, #1159, .T. ) ;
#295 = AXIS2_PLACEMENT_3D ( 'NONE', #605, #566, #5743 ) ;
#296 = CARTESIAN_POINT ( 'NONE',  ( -1.550000000000000044, 0.2499999999999999445, -1.024999999999999911 ) ) ;
#297 = ORIENTED_EDGE ( 'NONE', *, *, #8301, .F. ) ;
#298 = EDGE_CURVE ( 'NONE', #817, #6009, #3241, .T. ) ;
#299 = ADVANCED_FACE ( 'NONE', ( #8315 ), #840, .F. ) ;
#300 = DIRECTION ( 'NONE',  ( -0.000000000000000000, -0.000000000000000000, -1.000000000000000000 ) ) ;
#301 = DIRECTION ( 'NONE',  ( -0.000000000000000000, 0.000000000000000000, 1.000000000000000000 ) ) ;
#302 = CARTESIAN_POINT ( 'NONE',  ( -1.717086875603152984, 1.000000000000000000, -1.628887806575429309 ) ) ;
#303 = LINE ( 'NONE', #3486, #2236 ) ;
#304 = PRESENTATION_STYLE_ASSIGNMENT (( #3529 ) ) ;
#305 = VERTEX_POINT ( 'NONE', #2 ) ;
#306 = CARTESIAN_POINT ( 'NONE',  ( -1.550000000000000044, 0.2499999999999999445, -1.375000000000000000 ) ) ;
#307 = VERTEX_POINT ( 'NONE', #5111 ) ;
#308 = DIRECTION ( 'NONE',  ( 0.1622214211307871357, -0.9733285267845707134, -0.1622214211307649867 ) ) ;
#309 = EDGE_LOOP ( 'NONE', ( #5154, #1891, #7616, #2331 ) ) ;
#310 = DIRECTION ( 'NONE',  ( -1.084202172485504040E-15, -0.000000000000000000, 1.000000000000000000 ) ) ;
#311 = CARTESIAN_POINT ( 'NONE',  ( 1.500000000000000222, 1.000000000000000444, -1.024999999999999911 ) ) ;
#312 = EDGE_LOOP ( 'NONE', ( #2807, #3133, #7351, #5322, #3572, #6246, #1187, #4160, #3262, #1803, #1252, #2113 ) ) ;
#313 = PLANE ( 'NONE',  #2386 ) ;
#314 = LINE ( 'NONE', #5468, #7985 ) ;
#315 = LINE ( 'NONE', #2916, #951 ) ;
#316 = CARTESIAN_POINT ( 'NONE',  ( -1.749999999999999778, 1.000000000000000000, -0.2249999999999998390 ) ) ;
#317 = ORIENTED_EDGE ( 'NONE', *, *, #7161, .F. ) ;
#318 = AXIS2_PLACEMENT_3D ( 'NONE', #7908, #4050, #4717 ) ;
#319 = DIRECTION ( 'NONE',  ( -0.000000000000000000, -0.000000000000000000, -1.000000000000000000 ) ) ;
#320 = VECTOR ( 'NONE', #3809, 1000.000000000000000 ) ;
#321 = FILL_AREA_STYLE ('',( #4884 ) ) ;
#322 = EDGE_LOOP ( 'NONE', ( #7287, #5793, #4705, #6764 ) ) ;
#323 = EDGE_CURVE ( 'NONE', #3600, #6424, #7913, .T. ) ;
#324 = DIRECTION ( 'NONE',  ( 0.000000000000000000, 0.000000000000000000, -1.000000000000000000 ) ) ;
#325 = ORIENTED_EDGE ( 'NONE', *, *, #195, .T. ) ;
#326 = PRESENTATION_LAYER_ASSIGNMENT (  '', '', ( #2906 ) ) ;
#327 = VECTOR ( 'NONE', #6797, 1000.000000000000000 ) ;
#328 = CIRCLE ( 'NONE', #6920, 0.04999999999999991257 ) ;
#329 = CYLINDRICAL_SURFACE ( 'NONE', #2393, 0.2499999999999995837 ) ;
#330 = ADVANCED_FACE ( 'NONE', ( #5928 ), #2078, .F. ) ;
#331 = CYLINDRICAL_SURFACE ( 'NONE', #4459, 0.2999999999999997113 ) ;
#332 = DIRECTION ( 'NONE',  ( -1.000000000000000000, 0.000000000000000000, 3.469446951953614682E-16 ) ) ;
#333 = CARTESIAN_POINT ( 'NONE',  ( -1.592086875603144325, 0.2500000000000149880, 0.07499999999999998335 ) ) ;
#334 = VECTOR ( 'NONE', #6830, 1000.000000000000000 ) ;
#335 = VECTOR ( 'NONE', #4428, 1000.000000000000000 ) ;
#336 = VECTOR ( 'NONE', #645, 1000.000000000000114 ) ;
#337 = VECTOR ( 'NONE', #4685, 1000.000000000000000 ) ;
#338 = ORIENTED_EDGE ( 'NONE', *, *, #4014, .T. ) ;
#339 = CARTESIAN_POINT ( 'NONE',  ( 0.000000000000000000, 0.05455767409634579984, -0.6491963590875381440 ) ) ;
#340 = ORIENTED_EDGE ( 'NONE', *, *, #6071, .T. ) ;
#341 = VECTOR ( 'NONE', #8326, 1000.000000000000000 ) ;
#342 = VECTOR ( 'NONE', #3693, 1000.000000000000000 ) ;
#343 = CIRCLE ( 'NONE', #4375, 0.2499999999999997780 ) ;
#344 = LINE ( 'NONE', #4189, #7739 ) ;
#345 = DIRECTION ( 'NONE',  ( 0.000000000000000000, -0.000000000000000000, 1.000000000000000000 ) ) ;
#346 = ORIENTED_EDGE ( 'NONE', *, *, #8129, .T. ) ;
#347 = EDGE_CURVE ( 'NONE', #2864, #4956, #6264, .T. ) ;
#348 = MECHANICAL_DESIGN_GEOMETRIC_PRESENTATION_REPRESENTATION (  '', ( #1987 ), #7336 ) ;
#349 = LINE ( 'NONE', #4196, #7628 ) ;
#350 = PLANE ( 'NONE',  #1470 ) ;
#351 = CYLINDRICAL_SURFACE ( 'NONE', #5444, 0.2999999999999999334 ) ;
#352 = VECTOR ( 'NONE', #5361, 1000.000000000000000 ) ;
#353 = DIRECTION ( 'NONE',  ( -1.000000000000000000, -0.000000000000000000, -0.000000000000000000 ) ) ;
#354 = ORIENTED_EDGE ( 'NONE', *, *, #180, .F. ) ;
#355 = EDGE_LOOP ( 'NONE', ( #8019, #4747, #6979, #2438 ) ) ;
#356 = VECTOR ( 'NONE', #1846, 1000.000000000000000 ) ;
#357 = DIRECTION ( 'NONE',  ( 0.000000000000000000, 1.000000000000000000, 0.000000000000000000 ) ) ;
#358 = VERTEX_POINT ( 'NONE', #799 ) ;
#359 = CARTESIAN_POINT ( 'NONE',  ( -1.050000000000000044, 0.2000000000000000111, 0.5750000000000001776 ) ) ;
#360 = VERTEX_POINT ( 'NONE', #7408 ) ;
#361 = EDGE_CURVE ( 'NONE', #8198, #5835, #2931, .T. ) ;
#362 = EDGE_CURVE ( 'NONE', #2376, #2817, #4810, .T. ) ;
#363 = CARTESIAN_POINT ( 'NONE',  ( -1.500000000000000000, 0.1999999999999999833, 1.375000000000000444 ) ) ;
#364 = DIRECTION ( 'NONE',  ( 0.000000000000000000, 1.000000000000000000, 0.000000000000000000 ) ) ;
#365 = ORIENTED_EDGE ( 'NONE', *, *, #1849, .T. ) ;
#366 = PLANE ( 'NONE',  #7601 ) ;
#367 = CARTESIAN_POINT ( 'NONE',  ( -1.450000000000000400, 1.000000000000000000, 1.728127834118519113 ) ) ;
#368 = DIRECTION ( 'NONE',  ( 0.000000000000000000, 0.000000000000000000, 1.000000000000000000 ) ) ;
#369 = VERTEX_POINT ( 'NONE', #7364 ) ;
#370 = CARTESIAN_POINT ( 'NONE',  ( -1.665146866248222279, 1.250028627393158009, -1.749177380849443963 ) ) ;
#371 = ORIENTED_EDGE ( 'NONE', *, *, #2699, .F. ) ;
#372 = CARTESIAN_POINT ( 'NONE',  ( 1.717086875603152984, 1.000000000000000000, 0.2000000000000000944 ) ) ;
#373 = EDGE_CURVE ( 'NONE', #6217, #3205, #4765, .T. ) ;
#374 = ADVANCED_FACE ( 'NONE', ( #5514 ), #4938, .T. ) ;
#375 =( NAMED_UNIT ( * ) PLANE_ANGLE_UNIT ( ) SI_UNIT ( $, .RADIAN. ) );
#376 = EDGE_LOOP ( 'NONE', ( #5934, #1454, #6535, #696 ) ) ;
#377 = CARTESIAN_POINT ( 'NONE',  ( 1.500000000000000000, 0.2500000000000001665, -0.5749999999999998446 ) ) ;
#378 = ORIENTED_EDGE ( 'NONE', *, *, #4998, .F. ) ;
#379 = DIRECTION ( 'NONE',  ( -0.000000000000000000, 0.000000000000000000, -1.000000000000000000 ) ) ;
#380 = FACE_OUTER_BOUND ( 'NONE', #2775, .T. ) ;
#381 = DIRECTION ( 'NONE',  ( -0.9914448613738112703, -0.1305261922200450231, 0.000000000000000000 ) ) ;
#382 = DIRECTION ( 'NONE',  ( -6.023345402697249184E-17, -1.000000000000000000, 0.000000000000000000 ) ) ;
#383 = EDGE_CURVE ( 'NONE', #6082, #134, #2338, .T. ) ;
#384 = VECTOR ( 'NONE', #3364, 1000.000000000000000 ) ;
#385 = AXIS2_PLACEMENT_3D ( 'NONE', #2316, #7343, #2139 ) ;
#386 = ORIENTED_EDGE ( 'NONE', *, *, #1149, .F. ) ;
#387 = DIRECTION ( 'NONE',  ( 1.000000000000000000, -0.000000000000000000, -0.000000000000000000 ) ) ;
#388 = ORIENTED_EDGE ( 'NONE', *, *, #7765, .F. ) ;
#389 = DIRECTION ( 'NONE',  ( 0.000000000000000000, 1.000000000000000000, 0.000000000000000000 ) ) ;
#390 = SURFACE_STYLE_FILL_AREA ( #6105 ) ;
#391 = ORIENTED_EDGE ( 'NONE', *, *, #7074, .T. ) ;
#392 = VERTEX_POINT ( 'NONE', #4888 ) ;
#393 = AXIS2_PLACEMENT_3D ( 'NONE', #7512, #6875, #3077 ) ;
#394 = EDGE_CURVE ( 'NONE', #5352, #7254, #237, .T. ) ;
#395 = CARTESIAN_POINT ( 'NONE',  ( -0.3249999999999999001, 0.05000000000000000971, -1.375000000000000222 ) ) ;
#396 = CARTESIAN_POINT ( 'NONE',  ( 0.8574886876659970625, 0.05000000000000000971, -1.645013603768891164 ) ) ;
#397 = DIRECTION ( 'NONE',  ( -0.000000000000000000, 1.000000000000000000, -0.000000000000000000 ) ) ;
#398 = DIRECTION ( 'NONE',  ( -0.000000000000000000, -0.000000000000000000, -1.000000000000000000 ) ) ;
#399 = ORIENTED_EDGE ( 'NONE', *, *, #1446, .F. ) ;
#400 = ORIENTED_EDGE ( 'NONE', *, *, #1465, .T. ) ;
#401 = CARTESIAN_POINT ( 'NONE',  ( 1.717086875603152984, 1.000000000000000444, 1.375000000000000444 ) ) ;
#402 = EDGE_LOOP ( 'NONE', ( #5478, #2733, #1547, #5781 ) ) ;
#403 = LINE ( 'NONE', #6121, #6773 ) ;
#404 = DIRECTION ( 'NONE',  ( 1.000000000000000000, 3.170181790893303965E-17, 0.000000000000000000 ) ) ;
#405 = CARTESIAN_POINT ( 'NONE',  ( -1.636264737416308401, 2.549999999999999822, 1.750000000000000000 ) ) ;
#406 = VERTEX_POINT ( 'NONE', #7317 ) ;
#407 = ADVANCED_FACE ( 'NONE', ( #7447 ), #1650, .T. ) ;
#408 = CARTESIAN_POINT ( 'NONE',  ( -0.3250000000000000111, 0.05000000000000000971, -1.200000000000000178 ) ) ;
#409 = EDGE_CURVE ( 'NONE', #406, #2708, #3016, .T. ) ;
#410 = DIRECTION ( 'NONE',  ( -0.000000000000000000, -0.000000000000000000, -1.000000000000000000 ) ) ;
#411 = CARTESIAN_POINT ( 'NONE',  ( 1.550000000000000044, 1.000000000000000444, -0.2249999999999998390 ) ) ;
#412 = VERTEX_POINT ( 'NONE', #6819 ) ;
#413 = CARTESIAN_POINT ( 'NONE',  ( -1.750000000000000222, 1.249999999999999778, 1.750000000000000000 ) ) ;
#414 = VERTEX_POINT ( 'NONE', #1060 ) ;
#415 = LINE ( 'NONE', #1134, #3565 ) ;
#416 = VECTOR ( 'NONE', #3102, 1000.000000000000000 ) ;
#417 = SURFACE_STYLE_USAGE ( .BOTH. , #8173 ) ;
#418 = CARTESIAN_POINT ( 'NONE',  ( -1.729989406634232729, 1.098004453143892833, -1.375000000000000000 ) ) ;
#419 = ORIENTED_EDGE ( 'NONE', *, *, #4727, .F. ) ;
#420 = CARTESIAN_POINT ( 'NONE',  ( -1.500000000000000000, 0.2499999999999999445, -0.2249999999999998390 ) ) ;
#421 = EDGE_CURVE ( 'NONE', #7760, #3156, #1285, .T. ) ;
#422 = AXIS2_PLACEMENT_3D ( 'NONE', #235, #5888, #7871 ) ;
#423 = VECTOR ( 'NONE', #6836, 1000.000000000000000 ) ;
#424 = PLANE ( 'NONE',  #8076 ) ;
#425 = DIRECTION ( 'NONE',  ( -0.1305261922200450231, 0.9914448613738112703, -0.000000000000000000 ) ) ;
#426 = ORIENTED_EDGE ( 'NONE', *, *, #6431, .F. ) ;
#427 = UNCERTAINTY_MEASURE_WITH_UNIT (LENGTH_MEASURE( 1.000000000000000082E-05 ), #3941, 'distance_accuracy_value', 'NONE');
#428 = PLANE ( 'NONE',  #8086 ) ;
#429 = VERTEX_POINT ( 'NONE', #8040 ) ;
#430 = ADVANCED_FACE ( 'NONE', ( #5557 ), #6145, .F. ) ;
#431 = FACE_OUTER_BOUND ( 'NONE', #4213, .T. ) ;
#432 = AXIS2_PLACEMENT_3D ( 'NONE', #377, #3639, #1099 ) ;
#433 = VERTEX_POINT ( 'NONE', #8126 ) ;
#434 = ORIENTED_EDGE ( 'NONE', *, *, #6648, .F. ) ;
#435 = DIRECTION ( 'NONE',  ( -1.445602896647340100E-15, 0.000000000000000000, 1.000000000000000000 ) ) ;
#436 = AXIS2_PLACEMENT_3D ( 'NONE', #841, #5075, #5695 ) ;
#437 = ADVANCED_FACE ( 'NONE', ( #6724 ), #329, .T. ) ;
#438 = CARTESIAN_POINT ( 'NONE',  ( -1.350000000000000533, 2.829999999999999627, 4.683753385137381127E-16 ) ) ;
#439 = LINE ( 'NONE', #2449, #5360 ) ;
#440 = PLANE ( 'NONE',  #2379 ) ;
#441 = ADVANCED_FACE ( 'NONE', ( #6054 ), #4849, .F. ) ;
#442 = PLANE ( 'NONE',  #6552 ) ;
#443 = EDGE_LOOP ( 'NONE', ( #6379, #3518, #6835, #2318 ) ) ;
#444 = LINE ( 'NONE', #3035, #6584 ) ;
#445 = ORIENTED_EDGE ( 'NONE', *, *, #3340, .T. ) ;
#446 = VERTEX_POINT ( 'NONE', #2258 ) ;
#447 = PLANE ( 'NONE',  #7851 ) ;
#448 = CARTESIAN_POINT ( 'NONE',  ( 1.351260626809458465, 0.2500000000000000000, 1.662511336474075785 ) ) ;
#449 = LINE ( 'NONE', #3000, #2062 ) ;
#450 = ORIENTED_EDGE ( 'NONE', *, *, #5173, .F. ) ;
#451 = CARTESIAN_POINT ( 'NONE',  ( 1.050000000000000488, 2.849999999999999645, -1.400000000000000355 ) ) ;
#452 = LINE ( 'NONE', #3166, #7001 ) ;
#453 = ORIENTED_EDGE ( 'NONE', *, *, #180, .T. ) ;
#454 = ORIENTED_EDGE ( 'NONE', *, *, #5321, .F. ) ;
#455 = DIRECTION ( 'NONE',  ( 0.000000000000000000, 1.000000000000000000, -0.000000000000000000 ) ) ;
#456 = ORIENTED_EDGE ( 'NONE', *, *, #7941, .T. ) ;
#457 = DIRECTION ( 'NONE',  ( -0.1300379154054213393, -0.9877360307509845949, -0.08641570524680476650 ) ) ;
#458 = ADVANCED_FACE ( 'NONE', ( #4222 ), #1606, .F. ) ;
#459 = LINE ( 'NONE', #8122, #3062 ) ;
#460 = FACE_OUTER_BOUND ( 'NONE', #5801, .T. ) ;
#461 = VERTEX_POINT ( 'NONE', #6094 ) ;
#462 =( BOUNDED_CURVE ( )  B_SPLINE_CURVE ( 3, ( #4626, #4010, #6580, #830 ),
 .UNSPECIFIED., .F., .T. ) 
 B_SPLINE_CURVE_WITH_KNOTS ( ( 4, 4 ),
 ( 1.570796326794895448, 3.141592653589793116 ),
 .UNSPECIFIED. ) 
 CURVE ( )  GEOMETRIC_REPRESENTATION_ITEM ( )  RATIONAL_B_SPLINE_CURVE ( ( 1.000000000000000000, 0.8047378541243646044, 0.8047378541243646044, 1.000000000000000000 ) ) 
 REPRESENTATION_ITEM ( '' )  );
#463 = CARTESIAN_POINT ( 'NONE',  ( 1.749999999999999778, 0.2500000000000001665, -0.2249999999999998390 ) ) ;
#464 = CARTESIAN_POINT ( 'NONE',  ( -0.8574886876659970625, 0.05000000000000000971, 1.645013603768891164 ) ) ;
#465 = VECTOR ( 'NONE', #673, 1000.000000000000000 ) ;
#466 = DIRECTION ( 'NONE',  ( -1.224646799147352961E-16, 0.000000000000000000, -1.000000000000000000 ) ) ;
#467 = VERTEX_POINT ( 'NONE', #3845 ) ;
#468 = EDGE_CURVE ( 'NONE', #5975, #3767, #4475, .T. ) ;
#469 = EDGE_CURVE ( 'NONE', #8242, #3157, #5017, .T. ) ;
#470 = AXIS2_PLACEMENT_3D ( 'NONE', #6927, #3121, #6290 ) ;
#471 = AXIS2_PLACEMENT_3D ( 'NONE', #2652, #2570, #5151 ) ;
#472 = VERTEX_POINT ( 'NONE', #7578 ) ;
#473 = LINE ( 'NONE', #3104, #1783 ) ;
#474 = VERTEX_POINT ( 'NONE', #8303 ) ;
#475 = DIRECTION ( 'NONE',  ( 1.000000000000000000, 0.000000000000000000, -0.000000000000000000 ) ) ;
#476 = PLANE ( 'NONE',  #7188 ) ;
#478 = VERTEX_POINT ( 'NONE', #2557 ) ;
#477 = PRESENTATION_LAYER_ASSIGNMENT (  '', '', ( #7187 ) ) ;
#479 = VERTEX_POINT ( 'NONE', #2435 ) ;
#480 = VECTOR ( 'NONE', #1959, 1000.000000000000000 ) ;
#481 = EDGE_CURVE ( 'NONE', #4816, #5231, #551, .T. ) ;
#482 = EDGE_CURVE ( 'NONE', #857, #5263, #7666, .T. ) ;
#483 = CYLINDRICAL_SURFACE ( 'NONE', #7197, 0.09999999999999993616 ) ;
#484 = VECTOR ( 'NONE', #5690, 1000.000000000000000 ) ;
#485 = AXIS2_PLACEMENT_3D ( 'NONE', #2531, #4365, #4413 ) ;
#486 = VECTOR ( 'NONE', #7442, 1000.000000000000227 ) ;
#487 = DIRECTION ( 'NONE',  ( 1.000000000000000000, 3.170181790893303965E-17, 0.000000000000000000 ) ) ;
#488 = DIRECTION ( 'NONE',  ( 0.000000000000000000, 1.000000000000000000, -0.000000000000000000 ) ) ;
#489 = DIRECTION ( 'NONE',  ( -3.170181790893303965E-17, 1.000000000000000000, 0.000000000000000000 ) ) ;
#490 = LINE ( 'NONE', #8106, #657 ) ;
#491 = ORIENTED_EDGE ( 'NONE', *, *, #883, .F. ) ;
#492 = ORIENTED_EDGE ( 'NONE', *, *, #562, .T. ) ;
#493 = FACE_OUTER_BOUND ( 'NONE', #4687, .T. ) ;
#494 = VERTEX_POINT ( 'NONE', #3143 ) ;
#495 = ORIENTED_EDGE ( 'NONE', *, *, #192, .T. ) ;
#496 = CARTESIAN_POINT ( 'NONE',  ( -1.500000000000000222, 1.000000000000000000, 1.375000000000000444 ) ) ;
#497 = CIRCLE ( 'NONE', #2668, 0.2999999999999997113 ) ;
#498 = EDGE_CURVE ( 'NONE', #6374, #3965, #1101, .T. ) ;
#499 = DIRECTION ( 'NONE',  ( 1.000000000000000000, 0.000000000000000000, 0.000000000000000000 ) ) ;
#500 = CARTESIAN_POINT ( 'NONE',  ( 1.749999999999999778, 0.2500000000000001665, 1.025000000000000355 ) ) ;
#501 = VERTEX_POINT ( 'NONE', #7703 ) ;
#502 = CIRCLE ( 'NONE', #7755, 0.2499999999999997780 ) ;
#503 = LINE ( 'NONE', #7608, #6774 ) ;
#504 = DIRECTION ( 'NONE',  ( -0.000000000000000000, -0.000000000000000000, -1.000000000000000000 ) ) ;
#505 = ORIENTED_EDGE ( 'NONE', *, *, #6324, .F. ) ;
#506 = CARTESIAN_POINT ( 'NONE',  ( 0.000000000000000000, 2.849999999999999645, 0.000000000000000000 ) ) ;
#507 = ORIENTED_EDGE ( 'NONE', *, *, #4862, .T. ) ;
#508 = LINE ( 'NONE', #1645, #1844 ) ;
#509 = DIRECTION ( 'NONE',  ( 0.000000000000000000, 0.000000000000000000, 1.000000000000000000 ) ) ;
#510 = FACE_OUTER_BOUND ( 'NONE', #6585, .T. ) ;
#511 = ORIENTED_EDGE ( 'NONE', *, *, #4069, .F. ) ;
#512 = CARTESIAN_POINT ( 'NONE',  ( 1.550000000000000044, 0.2500000000000001665, 1.025000000000000355 ) ) ;
#513 = PLANE ( 'NONE',  #2595 ) ;
#514 = ADVANCED_FACE ( 'NONE', ( #4399 ), #3058, .F. ) ;
#515 = DIRECTION ( 'NONE',  ( -1.000000000000000000, 0.000000000000000000, 0.000000000000000000 ) ) ;
#516 = ORIENTED_EDGE ( 'NONE', *, *, #7162, .T. ) ;
#517 = CYLINDRICAL_SURFACE ( 'NONE', #5388, 0.04999999999999991257 ) ;
#518 = ORIENTED_EDGE ( 'NONE', *, *, #4355, .T. ) ;
#519 = LINE ( 'NONE', #3107, #6655 ) ;
#520 = EDGE_CURVE ( 'NONE', #266, #1297, #8253, .T. ) ;
#521 = EDGE_CURVE ( 'NONE', #6775, #923, #6859, .T. ) ;
#522 = CARTESIAN_POINT ( 'NONE',  ( 1.550000000000000044, 1.000000000000000444, 1.375000000000000444 ) ) ;
#523 = AXIS2_PLACEMENT_3D ( 'NONE', #2416, #2319, #4161 ) ;
#524 = ORIENTED_EDGE ( 'NONE', *, *, #6444, .F. ) ;
#525 = CARTESIAN_POINT ( 'NONE',  ( 0.9423467339757670702, 0.2500000000000000000, -0.8749999999999997780 ) ) ;
#526 = CARTESIAN_POINT ( 'NONE',  ( 1.749999999999999778, 1.000000000000000444, -1.024999999999999911 ) ) ;
#527 = DIRECTION ( 'NONE',  ( -0.000000000000000000, -0.000000000000000000, -1.000000000000000000 ) ) ;
#528 = EDGE_CURVE ( 'NONE', #4370, #1316, #3682, .T. ) ;
#529 = CARTESIAN_POINT ( 'NONE',  ( -1.500000000000000000, 0.2499999999999999445, -1.024999999999999911 ) ) ;
#530 = ORIENTED_EDGE ( 'NONE', *, *, #3273, .F. ) ;
#531 = EDGE_LOOP ( 'NONE', ( #1047, #876, #2946, #2887, #7518, #3087, #4610, #7404, #2757, #664 ) ) ;
#532 = LINE ( 'NONE', #4373, #7593 ) ;
#533 = CARTESIAN_POINT ( 'NONE',  ( 1.500000000000000000, 0.2500000000000001665, 0.5750000000000001776 ) ) ;
#534 = VECTOR ( 'NONE', #4865, 1000.000000000000000 ) ;
#535 = LINE ( 'NONE', #1856, #7958 ) ;
#536 = ORIENTED_EDGE ( 'NONE', *, *, #5977, .T. ) ;
#537 = FILL_AREA_STYLE ('',( #4295 ) ) ;
#538 = ADVANCED_FACE ( 'NONE', ( #636 ), #6224, .F. ) ;
#539 = CARTESIAN_POINT ( 'NONE',  ( 1.500000000000000222, 1.000000000000000444, -0.2249999999999998390 ) ) ;
#540 = EDGE_LOOP ( 'NONE', ( #6299, #1656, #5948, #3257 ) ) ;
#541 = CYLINDRICAL_SURFACE ( 'NONE', #7376, 0.2999999999999998224 ) ;
#542 = DIRECTION ( 'NONE',  ( 0.000000000000000000, -1.000000000000000000, 0.000000000000000000 ) ) ;
#543 = ORIENTED_EDGE ( 'NONE', *, *, #7820, .F. ) ;
#544 = CARTESIAN_POINT ( 'NONE',  ( -1.510398668549358447, 2.850000000000000089, 1.610018138358521256 ) ) ;
#545 = ORIENTED_EDGE ( 'NONE', *, *, #8033, .F. ) ;
#546 = LINE ( 'NONE', #8296, #3448 ) ;
#547 = DIRECTION ( 'NONE',  ( 0.000000000000000000, 0.000000000000000000, 1.000000000000000000 ) ) ;
#548 = CARTESIAN_POINT ( 'NONE',  ( 1.500000000000000222, 1.000000000000000444, -1.024999999999999911 ) ) ;
#549 = ORIENTED_EDGE ( 'NONE', *, *, #2910, .F. ) ;
#550 = EDGE_CURVE ( 'NONE', #3620, #1216, #6986, .T. ) ;
#551 = LINE ( 'NONE', #6394, #7067 ) ;
#552 = DIRECTION ( 'NONE',  ( 0.000000000000000000, 0.000000000000000000, -1.000000000000000000 ) ) ;
#553 = AXIS2_PLACEMENT_3D ( 'NONE', #72, #7179, #30 ) ;
#554 = CARTESIAN_POINT ( 'NONE',  ( 1.050000000000000044, 0.2000000000000001776, 0.5750000000000001776 ) ) ;
#555 = DIRECTION ( 'NONE',  ( 1.000000000000000000, 0.000000000000000000, 0.000000000000000000 ) ) ;
#556 = VECTOR ( 'NONE', #6043, 1000.000000000000000 ) ;
#557 = VECTOR ( 'NONE', #5140, 1000.000000000000000 ) ;
#558 = EDGE_LOOP ( 'NONE', ( #1618, #4384, #6268, #5747 ) ) ;
#559 = DIRECTION ( 'NONE',  ( 0.000000000000000000, 0.000000000000000000, 1.000000000000000000 ) ) ;
#560 = DIRECTION ( 'NONE',  ( 0.000000000000000000, 0.000000000000000000, 1.000000000000000000 ) ) ;
#561 = ORIENTED_EDGE ( 'NONE', *, *, #4497, .T. ) ;
#562 = EDGE_CURVE ( 'NONE', #1205, #3949, #7624, .T. ) ;
#563 = CARTESIAN_POINT ( 'NONE',  ( -0.9597227471524998332, 0.05000000000000000971, 0.7250000000000000888 ) ) ;
#564 = CARTESIAN_POINT ( 'NONE',  ( -1.675920154969962494, 1.000000000000000000, 1.728127834118518891 ) ) ;
#565 = AXIS2_PLACEMENT_3D ( 'NONE', #947, #7385, #7517 ) ;
#566 = DIRECTION ( 'NONE',  ( 0.000000000000000000, -1.000000000000000000, 0.000000000000000000 ) ) ;
#567 = CARTESIAN_POINT ( 'NONE',  ( 0.9423467339757670702, 0.2500000000000000000, -0.07500000000000001110 ) ) ;
#568 = CARTESIAN_POINT ( 'NONE',  ( -1.485818987913277933, 3.122231460980830597, -1.485818987913264388 ) ) ;
#569 = ORIENTED_EDGE ( 'NONE', *, *, #6007, .F. ) ;
#570 = ORIENTED_EDGE ( 'NONE', *, *, #2699, .T. ) ;
#571 = ORIENTED_EDGE ( 'NONE', *, *, #5762, .T. ) ;
#572 = EDGE_CURVE ( 'NONE', #429, #3714, #6269, .T. ) ;
#573 = EDGE_CURVE ( 'NONE', #112, #7501, #1910, .T. ) ;
#574 = ADVANCED_FACE ( 'NONE', ( #5642 ), #3227, .T. ) ;
#575 = CARTESIAN_POINT ( 'NONE',  ( -0.9000000000000000222, 0.2500000000000000000, -0.6250000000000003331 ) ) ;
#576 = FACE_OUTER_BOUND ( 'NONE', #2790, .T. ) ;
#577 = VERTEX_POINT ( 'NONE', #8339 ) ;
#578 = DIRECTION ( 'NONE',  ( 0.1736481776669307198, -0.9848077530122080203, -0.000000000000000000 ) ) ;
#579 = LINE ( 'NONE', #4296, #5963 ) ;
#580 = PLANE ( 'NONE',  #4470 ) ;
#581 = ORIENTED_EDGE ( 'NONE', *, *, #3125, .T. ) ;
#582 = ORIENTED_EDGE ( 'NONE', *, *, #2742, .T. ) ;
#583 = CARTESIAN_POINT ( 'NONE',  ( 1.510398668549358225, 2.850000000000000089, -1.610018138358521256 ) ) ;
#584 = ORIENTED_EDGE ( 'NONE', *, *, #3317, .F. ) ;
#585 = DIRECTION ( 'NONE',  ( 0.000000000000000000, -1.000000000000000000, 0.000000000000000000 ) ) ;
#586 = EDGE_CURVE ( 'NONE', #1145, #2131, #3768, .T. ) ;
#587 = PLANE ( 'NONE',  #1308 ) ;
#588 = DIRECTION ( 'NONE',  ( 1.807003620809174878E-16, -1.000000000000000000, 0.000000000000000000 ) ) ;
#589 = EDGE_LOOP ( 'NONE', ( #5901, #3925, #7776, #8083 ) ) ;
#590 = PLANE ( 'NONE',  #1687 ) ;
#591 = DIRECTION ( 'NONE',  ( 0.000000000000000000, 1.000000000000000000, -0.000000000000000000 ) ) ;
#592 = DIRECTION ( 'NONE',  ( -0.000000000000000000, -0.000000000000000000, -1.000000000000000000 ) ) ;
#593 = ADVANCED_FACE ( 'NONE', ( #6353 ), #590, .T. ) ;
#594 = CARTESIAN_POINT ( 'NONE',  ( 1.592086875603161200, 0.2500000000000149880, -0.07499999999999998335 ) ) ;
#595 = EDGE_CURVE ( 'NONE', #153, #6320, #6432, .T. ) ;
#596 = EDGE_LOOP ( 'NONE', ( #652, #5240, #4315, #6452 ) ) ;
#597 = DIRECTION ( 'NONE',  ( 0.000000000000000000, 1.000000000000000000, -0.000000000000000000 ) ) ;
#598 = CARTESIAN_POINT ( 'NONE',  ( 1.749179290517421270, 1.249785695877279945, -1.665223434977253891 ) ) ;
#599 = CIRCLE ( 'NONE', #1961, 0.2999999999999999334 ) ;
#600 = ORIENTED_EDGE ( 'NONE', *, *, #5784, .T. ) ;
#601 = AXIS2_PLACEMENT_3D ( 'NONE', #108, #7178, #7858 ) ;
#602 = DIRECTION ( 'NONE',  ( -1.000000000000000000, 0.000000000000000000, -0.000000000000000000 ) ) ;
#603 = DIRECTION ( 'NONE',  ( 3.469446951953614682E-16, 0.000000000000000000, -1.000000000000000000 ) ) ;
#604 = AXIS2_PLACEMENT_3D ( 'NONE', #4342, #3713, #5507 ) ;
#605 = CARTESIAN_POINT ( 'NONE',  ( 0.000000000000000000, 0.3499999999999999778, 0.000000000000000000 ) ) ;
#606 = VECTOR ( 'NONE', #1396, 1000.000000000000000 ) ;
#607 = CARTESIAN_POINT ( 'NONE',  ( 1.002234059486502682, 0.2500000000000000000, -0.7250000000000001998 ) ) ;
#608 = ORIENTED_EDGE ( 'NONE', *, *, #7696, .T. ) ;
#609 = VERTEX_POINT ( 'NONE', #5338 ) ;
#610 = VERTEX_POINT ( 'NONE', #2110 ) ;
#611 = EDGE_CURVE ( 'NONE', #4563, #1503, #2675, .T. ) ;
#612 = VERTEX_POINT ( 'NONE', #5283 ) ;
#613 = AXIS2_PLACEMENT_3D ( 'NONE', #1694, #3508, #4269 ) ;
#614 = AXIS2_PLACEMENT_3D ( 'NONE', #3235, #3855, #3774 ) ;
#615 = VECTOR ( 'NONE', #6476, 1000.000000000000000 ) ;
#616 = DIRECTION ( 'NONE',  ( 0.000000000000000000, 1.000000000000000000, 0.000000000000000000 ) ) ;
#617 = CARTESIAN_POINT ( 'NONE',  ( 1.050000000000000044, 1.597771622610217113E-16, -0.2249999999999998390 ) ) ;
#618 = ORIENTED_EDGE ( 'NONE', *, *, #6292, .F. ) ;
#619 = FACE_OUTER_BOUND ( 'NONE', #5965, .T. ) ;
#620 = PLANE ( 'NONE',  #3858 ) ;
#621 = DIRECTION ( 'NONE',  ( 4.686520405326354668E-17, -0.9238795325112847401, 0.3826834323650944447 ) ) ;
#622 = CARTESIAN_POINT ( 'NONE',  ( -1.350000000000000311, 2.829999999999999627, -1.050000000000000044 ) ) ;
#623 =( GEOMETRIC_REPRESENTATION_CONTEXT ( 3 ) GLOBAL_UNCERTAINTY_ASSIGNED_CONTEXT ( ( #2212 ) ) GLOBAL_UNIT_ASSIGNED_CONTEXT ( ( #4059, #2002, #4683 ) ) REPRESENTATION_CONTEXT ( 'NONE', 'WORKASPACE' ) );
#624 = EDGE_LOOP ( 'NONE', ( #731, #2688, #1473, #1576, #2626, #5576, #1463, #2634 ) ) ;
#625 = ORIENTED_EDGE ( 'NONE', *, *, #7572, .T. ) ;
#626 = VECTOR ( 'NONE', #5072, 1000.000000000000000 ) ;
#627 = EDGE_CURVE ( 'NONE', #5629, #6301, #5174, .T. ) ;
#628 = FACE_OUTER_BOUND ( 'NONE', #2869, .T. ) ;
#629 = ADVANCED_FACE ( 'NONE', ( #2069 ), #7783, .T. ) ;
#630 = VERTEX_POINT ( 'NONE', #6465 ) ;
#631 = DIRECTION ( 'NONE',  ( 0.000000000000000000, 0.000000000000000000, 1.000000000000000000 ) ) ;
#632 = CARTESIAN_POINT ( 'NONE',  ( 1.351260626809458465, 0.2500000000000000000, 1.750000000000000000 ) ) ;
#633 = AXIS2_PLACEMENT_3D ( 'NONE', #1500, #6496, #5332 ) ;
#634 = CARTESIAN_POINT ( 'NONE',  ( -1.175853558937379750, 2.549999999999999822, -1.636264737416298409 ) ) ;
#635 = VERTEX_POINT ( 'NONE', #1951 ) ;
#636 = FACE_OUTER_BOUND ( 'NONE', #6423, .T. ) ;
#637 = LINE ( 'NONE', #7226, #942 ) ;
#638 = EDGE_CURVE ( 'NONE', #2273, #2983, #4601, .T. ) ;
#639 = CARTESIAN_POINT ( 'NONE',  ( -1.500000000000000000, 0.2499999999999999445, 0.5750000000000001776 ) ) ;
#640 = CLOSED_SHELL ( 'NONE', ( #1683, #5834, #4412, #8065, #5201, #6185, #4750, #5349, #980, #695, #5686, #844, #5380, #5473, #8285, #2409, #679, #1215, #7887, #2984, #5357, #2505, #7046, #2566, #1992, #8351, #330, #5109, #8267, #7200, #5770, #2661, #1304, #6236, #4330, #1044, #7742, #1712, #7685, #1190, #2649, #4899, #2824, #5260, #5515, #6317, #1930, #8099, #6816, #4787, #719, #3475, #3011, #92, #6072, #7137, #4846, #4314, #2457, #8264, #374, #1845, #5167, #2203, #2194, #1809, #729, #7239, #2560, #2272, #2458, #7963, #6406, #5923, #2074, #3467, #952, #7986, #3259, #7508, #6654, #2297, #4291, #1883, #670, #299, #3266, #2366, #3476, #4561, #3482, #6916, #7879, #7311, #1032, #5102, #4279, #7403, #6992, #6056, #1655, #3425, #3368, #6017, #4873, #3094, #6397, #5666, #2969, #6175, #1589, #6728, #2701, #6963, #8287, #2446, #5483, #2629, #4455, #4553, #2909, #35, #1230, #6763, #4803, #999, #7779, #4602, #4303, #1478, #1661, #5445, #979, #2041, #5150, #5401, #2516, #241, #8213, #4834, #407, #4931, #5307, #5462, #730, #7866, #5654, #4566, #3504, #5394, #4589, #7845, #593, #3028 ) ) ;
#641 = CARTESIAN_POINT ( 'NONE',  ( -1.050000000000000266, 2.829999999999999627, 1.100000000000000089 ) ) ;
#642 = VERTEX_POINT ( 'NONE', #1311 ) ;
#643 = CARTESIAN_POINT ( 'NONE',  ( -1.592086875603152540, 0.05000000000000000971, 0.7250000000000000888 ) ) ;
#644 = EDGE_CURVE ( 'NONE', #1112, #4807, #5802, .T. ) ;
#645 = DIRECTION ( 'NONE',  ( -0.2079116908177522371, 0.9781476007338070211, -0.000000000000000000 ) ) ;
#646 = CARTESIAN_POINT ( 'NONE',  ( 1.610018138358533246, 2.829999999999999627, -0.3450000000000008615 ) ) ;
#647 = LINE ( 'NONE', #3152, #5460 ) ;
#648 = DIRECTION ( 'NONE',  ( 0.000000000000000000, 0.000000000000000000, 1.000000000000000000 ) ) ;
#649 = FACE_OUTER_BOUND ( 'NONE', #443, .T. ) ;
#650 = DIRECTION ( 'NONE',  ( 0.1736481776669307198, -0.9848077530122080203, 1.882697314746350695E-16 ) ) ;
#651 = CARTESIAN_POINT ( 'NONE',  ( -1.751115191764560874, 1.258470722432139421, 1.651501064641598182 ) ) ;
#652 = ORIENTED_EDGE ( 'NONE', *, *, #2391, .T. ) ;
#653 = EDGE_LOOP ( 'NONE', ( #5398, #5681, #453, #2551 ) ) ;
#654 = VERTEX_POINT ( 'NONE', #2635 ) ;
#655 = ORIENTED_EDGE ( 'NONE', *, *, #1920, .F. ) ;
#656 = DIRECTION ( 'NONE',  ( -0.000000000000000000, -0.000000000000000000, -1.000000000000000000 ) ) ;
#657 = VECTOR ( 'NONE', #3658, 1000.000000000000000 ) ;
#658 = DIRECTION ( 'NONE',  ( 0.000000000000000000, 0.000000000000000000, 1.000000000000000000 ) ) ;
#659 = ORIENTED_EDGE ( 'NONE', *, *, #4688, .T. ) ;
#660 = LINE ( 'NONE', #5902, #3079 ) ;
#661 =( NAMED_UNIT ( * ) PLANE_ANGLE_UNIT ( ) SI_UNIT ( $, .RADIAN. ) );
#662 = DIRECTION ( 'NONE',  ( -0.000000000000000000, 1.000000000000000000, -0.000000000000000000 ) ) ;
#663 = DIRECTION ( 'NONE',  ( -0.000000000000000000, -0.000000000000000000, -1.000000000000000000 ) ) ;
#664 = ORIENTED_EDGE ( 'NONE', *, *, #1778, .F. ) ;
#665 = DIRECTION ( 'NONE',  ( -0.000000000000000000, -0.000000000000000000, -1.000000000000000000 ) ) ;
#666 = ORIENTED_EDGE ( 'NONE', *, *, #263, .T. ) ;
#667 = DIRECTION ( 'NONE',  ( -0.9914448613738112703, 0.1305261922200450508, 0.000000000000000000 ) ) ;
#668 = DIRECTION ( 'NONE',  ( -0.000000000000000000, 1.000000000000000000, -0.000000000000000000 ) ) ;
#669 = EDGE_CURVE ( 'NONE', #4994, #6671, #4906, .T. ) ;
#670 = ADVANCED_FACE ( 'NONE', ( #5841 ), #3888, .F. ) ;
#671 = DIRECTION ( 'NONE',  ( 1.000000000000000000, 1.807003620809174878E-16, 0.000000000000000000 ) ) ;
#672 = VERTEX_POINT ( 'NONE', #2705 ) ;
#673 = DIRECTION ( 'NONE',  ( -0.000000000000000000, -0.000000000000000000, -1.000000000000000000 ) ) ;
#674 = DIRECTION ( 'NONE',  ( 0.000000000000000000, 0.000000000000000000, 1.000000000000000000 ) ) ;
#675 = DIRECTION ( 'NONE',  ( 0.000000000000000000, 0.000000000000000000, -1.000000000000000000 ) ) ;
#676 = EDGE_CURVE ( 'NONE', #5487, #307, #5250, .T. ) ;
#677 = EDGE_CURVE ( 'NONE', #1649, #305, #2031, .T. ) ;
#678 = LINE ( 'NONE', #7113, #7945 ) ;
#679 = ADVANCED_FACE ( 'NONE', ( #7822 ), #790, .F. ) ;
#680 = VERTEX_POINT ( 'NONE', #7140 ) ;
#681 = LINE ( 'NONE', #4482, #2395 ) ;
#682 = CARTESIAN_POINT ( 'NONE',  ( -1.350000000000000311, 2.849999999999999645, -1.100000000000000533 ) ) ;
#683 = VECTOR ( 'NONE', #4978, 1000.000000000000000 ) ;
#684 = EDGE_LOOP ( 'NONE', ( #2182, #4859, #5378, #2317 ) ) ;
#685 = EDGE_CURVE ( 'NONE', #1297, #978, #7107, .T. ) ;
#686 = LINE ( 'NONE', #1239, #7544 ) ;
#687 = CARTESIAN_POINT ( 'NONE',  ( -1.050000000000000488, 2.829999999999999627, -1.400000000000000133 ) ) ;
#688 = VECTOR ( 'NONE', #7326, 1000.000000000000000 ) ;
#689 = ORIENTED_EDGE ( 'NONE', *, *, #383, .F. ) ;
#690 = ORIENTED_EDGE ( 'NONE', *, *, #7449, .F. ) ;
#691 = EDGE_LOOP ( 'NONE', ( #4378, #3638, #8262, #5586 ) ) ;
#692 = EDGE_CURVE ( 'NONE', #654, #6812, #6100, .T. ) ;
#693 = DIRECTION ( 'NONE',  ( 0.1300379154054214781, 0.9877360307509845949, -0.08641570524680476650 ) ) ;
#694 = CARTESIAN_POINT ( 'NONE',  ( 0.9423467339757670702, 0.2500000000000000000, 0.8749999999999997780 ) ) ;
#695 = ADVANCED_FACE ( 'NONE', ( #1381 ), #6579, .F. ) ;
#696 = ORIENTED_EDGE ( 'NONE', *, *, #770, .F. ) ;
#697 = LINE ( 'NONE', #2663, #6525 ) ;
#698 = DIRECTION ( 'NONE',  ( 0.000000000000000000, 0.000000000000000000, 1.000000000000000000 ) ) ;
#699 = DIRECTION ( 'NONE',  ( -6.023345402697249184E-17, -1.000000000000000000, 0.000000000000000000 ) ) ;
#700 = ORIENTED_EDGE ( 'NONE', *, *, #3977, .F. ) ;
#701 = DIRECTION ( 'NONE',  ( 1.807003620809174878E-16, -1.000000000000000000, 0.000000000000000000 ) ) ;
#702 = VERTEX_POINT ( 'NONE', #6042 ) ;
#703 = VECTOR ( 'NONE', #6538, 1000.000000000000000 ) ;
#704 = DIRECTION ( 'NONE',  ( 1.000000000000000000, 0.000000000000000000, 0.000000000000000000 ) ) ;
#705 = DIRECTION ( 'NONE',  ( 0.1300379154054214781, -0.9877360307509844839, -0.08641570524680473875 ) ) ;
#706 = LINE ( 'NONE', #3175, #1507 ) ;
#707 = VERTEX_POINT ( 'NONE', #2915 ) ;
#708 = AXIS2_PLACEMENT_3D ( 'NONE', #7726, #2460, #7010 ) ;
#709 = CARTESIAN_POINT ( 'NONE',  ( -0.8574886876659969515, 0.05000000000000000278, 0.6835786437626905077 ) ) ;
#710 = CARTESIAN_POINT ( 'NONE',  ( -1.717086875603152984, 1.000000000000000000, 1.750000000000000000 ) ) ;
#711 = VERTEX_POINT ( 'NONE', #1049 ) ;
#712 = FACE_OUTER_BOUND ( 'NONE', #991, .T. ) ;
#713 = EDGE_CURVE ( 'NONE', #6630, #1838, #4211, .T. ) ;
#714 = ORIENTED_EDGE ( 'NONE', *, *, #7880, .F. ) ;
#715 = LINE ( 'NONE', #1351, #4594 ) ;
#716 = ORIENTED_EDGE ( 'NONE', *, *, #2207, .T. ) ;
#717 = FILL_AREA_STYLE_COLOUR ( '', #200 ) ;
#718 = CARTESIAN_POINT ( 'NONE',  ( 1.729989406634232729, 1.098004453143893278, -0.5749999999999998446 ) ) ;
#719 = ADVANCED_FACE ( 'NONE', ( #7903 ), #274, .T. ) ;
#720 = ORIENTED_EDGE ( 'NONE', *, *, #7150, .T. ) ;
#721 = ORIENTED_EDGE ( 'NONE', *, *, #6922, .T. ) ;
#722 =( BOUNDED_CURVE ( )  B_SPLINE_CURVE ( 3, ( #6744, #3484, #3526, #7890 ),
 .UNSPECIFIED., .F., .F. ) 
 B_SPLINE_CURVE_WITH_KNOTS ( ( 4, 4 ),
 ( 2.560736738406957702, 4.120156712581903413 ),
 .UNSPECIFIED. ) 
 CURVE ( )  GEOMETRIC_REPRESENTATION_ITEM ( )  RATIONAL_B_SPLINE_CURVE ( ( 1.000000000000000000, 0.8074116454836831602, 0.8074116454836831602, 1.000000000000000000 ) ) 
 REPRESENTATION_ITEM ( '' )  );
#723 = CARTESIAN_POINT ( 'NONE',  ( 1.500000000000000222, 1.000000000000000444, 0.5750000000000001776 ) ) ;
#724 = CARTESIAN_POINT ( 'NONE',  ( -0.5000000000000001110, 0.05000000000000000971, 1.200000000000000178 ) ) ;
#726 = ORIENTED_EDGE ( 'NONE', *, *, #4555, .F. ) ;
#725 = AXIS2_PLACEMENT_3D ( 'NONE', #8333, #585, #7699 ) ;
#727 = ORIENTED_EDGE ( 'NONE', *, *, #1927, .F. ) ;
#728 = VECTOR ( 'NONE', #6901, 1000.000000000000000 ) ;
#729 = ADVANCED_FACE ( 'NONE', ( #2872 ), #2829, .F. ) ;
#730 = ADVANCED_FACE ( 'NONE', ( #8069 ), #5418, .F. ) ;
#731 = ORIENTED_EDGE ( 'NONE', *, *, #669, .T. ) ;
#732 = FACE_OUTER_BOUND ( 'NONE', #4141, .T. ) ;
#733 = AXIS2_PLACEMENT_3D ( 'NONE', #4026, #6601, #345 ) ;
#734 = AXIS2_PLACEMENT_3D ( 'NONE', #5459, #8023, #6205 ) ;
#735 = CIRCLE ( 'NONE', #1405, 0.2499999999999995837 ) ;
#736 = VERTEX_POINT ( 'NONE', #367 ) ;
#737 = LINE ( 'NONE', #7807, #5739 ) ;
#738 = CARTESIAN_POINT ( 'NONE',  ( -1.729989406634232729, 1.098004453143892833, -1.024999999999999911 ) ) ;
#739 = FACE_BOUND ( 'NONE', #3538, .T. ) ;
#740 = DIRECTION ( 'NONE',  ( 0.000000000000000000, 0.000000000000000000, 1.000000000000000000 ) ) ;
#741 = EDGE_LOOP ( 'NONE', ( #2308, #6885, #3981, #3894, #6220, #5025, #2129, #1394, #5621, #2639 ) ) ;
#742 = CARTESIAN_POINT ( 'NONE',  ( 1.450000000000000400, 1.000000000000000000, 1.750000000000000000 ) ) ;
#744 = ORIENTED_EDGE ( 'NONE', *, *, #8081, .T. ) ;
#743 = PRESENTATION_LAYER_ASSIGNMENT (  '', '', ( #2774 ) ) ;
#745 = VECTOR ( 'NONE', #2375, 999.9999999999998863 ) ;
#746 = FACE_OUTER_BOUND ( 'NONE', #911, .T. ) ;
#747 = VECTOR ( 'NONE', #7319, 1000.000000000000000 ) ;
#748 = CIRCLE ( 'NONE', #2780, 0.4513254259918530464 ) ;
#749 =( NAMED_UNIT ( * ) SI_UNIT ( $, .STERADIAN. ) SOLID_ANGLE_UNIT ( ) );
#750 = CYLINDRICAL_SURFACE ( 'NONE', #4738, 0.04999999999999991257 ) ;
#751 = ORIENTED_EDGE ( 'NONE', *, *, #2576, .T. ) ;
#752 = VECTOR ( 'NONE', #6659, 1000.000000000000227 ) ;
#753 = AXIS2_PLACEMENT_3D ( 'NONE', #1923, #3075, #602 ) ;
#754 = AXIS2_PLACEMENT_3D ( 'NONE', #7103, #667, #4552 ) ;
#755 = DIRECTION ( 'NONE',  ( 0.000000000000000000, -0.000000000000000000, 1.000000000000000000 ) ) ;
#756 = FACE_OUTER_BOUND ( 'NONE', #7126, .T. ) ;
#757 = CARTESIAN_POINT ( 'NONE',  ( -1.550000000000000044, 1.000000000000000000, -1.024999999999999911 ) ) ;
#758 = ORIENTED_EDGE ( 'NONE', *, *, #4362, .F. ) ;
#759 = CARTESIAN_POINT ( 'NONE',  ( -0.9000000000000000222, 0.2500000000000000000, 1.662511336474075785 ) ) ;
#760 = EDGE_CURVE ( 'NONE', #8237, #6598, #5504, .T. ) ;
#761 = COLOUR_RGB ( '',1.000000000000000000, 1.000000000000000000, 1.000000000000000000 ) ;
#762 = VERTEX_POINT ( 'NONE', #3628 ) ;
#763 = CARTESIAN_POINT ( 'NONE',  ( 1.410915170897003135, 0.7031212485957348823, -1.702154308928914395 ) ) ;
#764 = ORIENTED_EDGE ( 'NONE', *, *, #5567, .T. ) ;
#765 = VECTOR ( 'NONE', #7679, 1000.000000000000000 ) ;
#766 = DIRECTION ( 'NONE',  ( -0.000000000000000000, -0.000000000000000000, -1.000000000000000000 ) ) ;
#767 = LINE ( 'NONE', #7712, #7321 ) ;
#768 = EDGE_LOOP ( 'NONE', ( #3748, #5341, #1538, #5676, #1041 ) ) ;
#769 = ORIENTED_EDGE ( 'NONE', *, *, #3512, .F. ) ;
#770 = EDGE_CURVE ( 'NONE', #478, #8138, #3498, .T. ) ;
#771 = ADVANCED_FACE ( 'NONE', ( #7979 ), #5375, .F. ) ;
#772 = DIRECTION ( 'NONE',  ( -0.000000000000000000, -0.000000000000000000, -1.000000000000000000 ) ) ;
#773 = DIRECTION ( 'NONE',  ( -0.9781476007338071321, 0.2079116908177522649, 0.000000000000000000 ) ) ;
#774 = ORIENTED_EDGE ( 'NONE', *, *, #2445, .T. ) ;
#775 = ORIENTED_EDGE ( 'NONE', *, *, #5653, .F. ) ;
#776 = ORIENTED_EDGE ( 'NONE', *, *, #7788, .T. ) ;
#777 = EDGE_CURVE ( 'NONE', #7041, #612, #1505, .T. ) ;
#778 = ORIENTED_EDGE ( 'NONE', *, *, #2310, .T. ) ;
#779 = CARTESIAN_POINT ( 'NONE',  ( -1.749999999999999778, 0.2499999999999999445, 1.375000000000000444 ) ) ;
#780 = PLANE ( 'NONE',  #4518 ) ;
#781 = LINE ( 'NONE', #5273, #5498 ) ;
#782 = EDGE_LOOP ( 'NONE', ( #6014, #6401, #3046, #6562, #2747, #1572, #545, #4341 ) ) ;
#783 = CARTESIAN_POINT ( 'NONE',  ( 0.4471019057874605629, 0.3499999999999999778, -1.199999999999999289 ) ) ;
#784 = AXIS2_PLACEMENT_3D ( 'NONE', #2362, #3489, #1080 ) ;
#785 = VERTEX_POINT ( 'NONE', #4800 ) ;
#786 = CARTESIAN_POINT ( 'NONE',  ( 1.500000000000000000, 0.2500000000000001665, 1.025000000000000355 ) ) ;
#787 = EDGE_CURVE ( 'NONE', #6524, #1749, #7174, .T. ) ;
#788 = DIRECTION ( 'NONE',  ( -1.204669080539447865E-16, 1.000000000000000000, 0.000000000000000000 ) ) ;
#789 = VERTEX_POINT ( 'NONE', #8028 ) ;
#790 = PLANE ( 'NONE',  #2514 ) ;
#791 = PLANE ( 'NONE',  #3126 ) ;
#792 = DIRECTION ( 'NONE',  ( -1.000000000000000000, -1.204669080539447865E-16, 0.000000000000000000 ) ) ;
#793 = VERTEX_POINT ( 'NONE', #6171 ) ;
#794 = LINE ( 'NONE', #5922, #6913 ) ;
#795 = VERTEX_POINT ( 'NONE', #7354 ) ;
#796 = EDGE_CURVE ( 'NONE', #3388, #3757, #913, .T. ) ;
#797 = CARTESIAN_POINT ( 'NONE',  ( 1.749999999999999778, 1.000000000000000444, 1.375000000000000444 ) ) ;
#798 = ORIENTED_EDGE ( 'NONE', *, *, #1283, .F. ) ;
#799 = CARTESIAN_POINT ( 'NONE',  ( -1.350000000000000533, 2.829999999999999627, -0.1500000000000000500 ) ) ;
#800 = CARTESIAN_POINT ( 'NONE',  ( 1.050000000000000044, 0.2000000000000001776, -1.375000000000000000 ) ) ;
#801 = LINE ( 'NONE', #333, #5849 ) ;
#802 = VERTEX_POINT ( 'NONE', #6621 ) ;
#803 = EDGE_LOOP ( 'NONE', ( #2384, #3344, #4172, #2813 ) ) ;
#804 = FACE_OUTER_BOUND ( 'NONE', #4880, .T. ) ;
#805 = CARTESIAN_POINT ( 'NONE',  ( -1.500000000000000000, -5.421010862427512309E-17, 1.025000000000000355 ) ) ;
#806 = ORIENTED_EDGE ( 'NONE', *, *, #6993, .F. ) ;
#807 = AXIS2_PLACEMENT_3D ( 'NONE', #3642, #5430, #886 ) ;
#808 = EDGE_CURVE ( 'NONE', #6753, #5756, #3540, .T. ) ;
#809 = AXIS2_PLACEMENT_3D ( 'NONE', #4967, #7609, #3671 ) ;
#810 = ORIENTED_EDGE ( 'NONE', *, *, #6750, .T. ) ;
#811 = CARTESIAN_POINT ( 'NONE',  ( -0.3250000000000000111, 0.05000000000000000971, 1.375000000000000222 ) ) ;
#812 = CARTESIAN_POINT ( 'NONE',  ( -1.750000000000000222, 1.249999999999999778, 1.750000000000000000 ) ) ;
#813 = CARTESIAN_POINT ( 'NONE',  ( 1.500000000000000000, 2.710505431213761085E-16, -1.024999999999999911 ) ) ;
#814 = EDGE_LOOP ( 'NONE', ( #3835, #5249, #3321, #2326 ) ) ;
#815 = DIRECTION ( 'NONE',  ( -0.000000000000000000, 1.000000000000000000, -0.000000000000000000 ) ) ;
#816 = VERTEX_POINT ( 'NONE', #6085 ) ;
#817 = VERTEX_POINT ( 'NONE', #3003 ) ;
#818 = DIRECTION ( 'NONE',  ( -1.445602896647339706E-15, 0.000000000000000000, 1.000000000000000000 ) ) ;
#819 = ORIENTED_EDGE ( 'NONE', *, *, #7003, .F. ) ;
#820 = DIRECTION ( 'NONE',  ( 1.000000000000000000, 0.000000000000000000, 0.000000000000000000 ) ) ;
#821 = EDGE_CURVE ( 'NONE', #5383, #785, #314, .T. ) ;
#822 = EDGE_CURVE ( 'NONE', #3521, #2587, #3457, .T. ) ;
#823 = EDGE_CURVE ( 'NONE', #6753, #8324, #2193, .T. ) ;
#824 = CARTESIAN_POINT ( 'NONE',  ( -1.496659178797737910, 0.08309959871096342376, 1.647909443423357656 ) ) ;
#825 = CARTESIAN_POINT ( 'NONE',  ( -1.611824458629685042, 2.829353664825195569, 1.512204988820498253 ) ) ;
#826 = DIRECTION ( 'NONE',  ( -1.204669080539447865E-16, 1.000000000000000000, 0.000000000000000000 ) ) ;
#827 = ORIENTED_EDGE ( 'NONE', *, *, #1354, .F. ) ;
#828 = CARTESIAN_POINT ( 'NONE',  ( -1.500000000000000000, 0.2499999999999999445, -1.375000000000000000 ) ) ;
#829 = CARTESIAN_POINT ( 'NONE',  ( -1.717086875603152984, 1.000000000000000000, 1.750000000000000000 ) ) ;
#830 = CARTESIAN_POINT ( 'NONE',  ( 0.8574886876659970625, 0.05000000000000000971, 0.1750000000000000167 ) ) ;
#831 = AXIS2_PLACEMENT_3D ( 'NONE', #6721, #2433, #7536 ) ;
#832 = LINE ( 'NONE', #3409, #7861 ) ;
#833 = VERTEX_POINT ( 'NONE', #4838 ) ;
#834 = DIRECTION ( 'NONE',  ( -3.170181790893303965E-17, 1.000000000000000000, 0.000000000000000000 ) ) ;
#835 = ADVANCED_FACE ( 'NONE', ( #4134 ), #5039, .F. ) ;
#836 = VECTOR ( 'NONE', #3209, 1000.000000000000000 ) ;
#837 = EDGE_LOOP ( 'NONE', ( #4735, #1406, #4105, #2349 ) ) ;
#838 = DIRECTION ( 'NONE',  ( 0.2079116908177522649, 0.9781476007338071321, 0.000000000000000000 ) ) ;
#839 = ORIENTED_EDGE ( 'NONE', *, *, #4699, .F. ) ;
#840 = CYLINDRICAL_SURFACE ( 'NONE', #2776, 0.1000000000000000333 ) ;
#841 = CARTESIAN_POINT ( 'NONE',  ( 1.500000000000000222, 1.000000000000000444, -0.2249999999999998390 ) ) ;
#842 = LINE ( 'NONE', #2885, #8159 ) ;
#843 = CARTESIAN_POINT ( 'NONE',  ( 1.050000000000000044, 1.597771622610217113E-16, 0.5750000000000001776 ) ) ;
#844 = ADVANCED_FACE ( 'NONE', ( #6376 ), #4339, .F. ) ;
#845 = UNCERTAINTY_MEASURE_WITH_UNIT (LENGTH_MEASURE( 1.000000000000000082E-05 ), #5370, 'distance_accuracy_value', 'NONE');
#846 = VERTEX_POINT ( 'NONE', #451 ) ;
#847 = CYLINDRICAL_SURFACE ( 'NONE', #5052, 0.2499999999999997780 ) ;
#848 = ORIENTED_EDGE ( 'NONE', *, *, #481, .T. ) ;
#849 = ORIENTED_EDGE ( 'NONE', *, *, #6292, .T. ) ;
#850 = EDGE_LOOP ( 'NONE', ( #1469, #6018, #2464, #2061 ) ) ;
#851 = CARTESIAN_POINT ( 'NONE',  ( 0.000000000000000000, 2.829999999999999627, -0.7500000000000000000 ) ) ;
#852 = AXIS2_PLACEMENT_3D ( 'NONE', #5683, #4977, #8216 ) ;
#853 = EDGE_CURVE ( 'NONE', #1434, #7134, #579, .T. ) ;
#854 = LINE ( 'NONE', #257, #2908 ) ;
#855 = ORIENTED_EDGE ( 'NONE', *, *, #6634, .F. ) ;
#856 =( LENGTH_UNIT ( ) NAMED_UNIT ( * ) SI_UNIT ( .MILLI., .METRE. ) );
#857 = VERTEX_POINT ( 'NONE', #4380 ) ;
#858 = DIRECTION ( 'NONE',  ( 0.000000000000000000, 0.000000000000000000, 1.000000000000000000 ) ) ;
#859 = ORIENTED_EDGE ( 'NONE', *, *, #4405, .F. ) ;
#860 = DIRECTION ( 'NONE',  ( -1.000000000000000000, 0.000000000000000000, 0.000000000000000000 ) ) ;
#861 = CIRCLE ( 'NONE', #734, 0.04999999999999991257 ) ;
#862 = VECTOR ( 'NONE', #4118, 1000.000000000000000 ) ;
#863 = CARTESIAN_POINT ( 'NONE',  ( -1.592086875603135887, 0.2500000000000149880, -0.8750000000000000000 ) ) ;
#864 = LINE ( 'NONE', #1545, #4652 ) ;
#865 = DIRECTION ( 'NONE',  ( -1.000000000000000000, 0.000000000000000000, 0.000000000000000000 ) ) ;
#866 = EDGE_LOOP ( 'NONE', ( #1563, #1753, #524, #6194 ) ) ;
#867 = ADVANCED_FACE ( 'NONE', ( #6846 ), #2547, .F. ) ;
#868 = VECTOR ( 'NONE', #7757, 1000.000000000000227 ) ;
#869 = EDGE_CURVE ( 'NONE', #8045, #5381, #4424, .T. ) ;
#870 = CARTESIAN_POINT ( 'NONE',  ( 1.500000000000000000, 0.2000000000000001499, -1.024999999999999911 ) ) ;
#871 = CARTESIAN_POINT ( 'NONE',  ( -0.9000000000000000222, 0.2500000000000000000, 0.1750000000000000167 ) ) ;
#872 = VECTOR ( 'NONE', #3837, 1000.000000000000000 ) ;
#873 = AXIS2_PLACEMENT_3D ( 'NONE', #6994, #7793, #6359 ) ;
#874 = AXIS2_PLACEMENT_3D ( 'NONE', #287, #7320, #7997 ) ;
#875 = DIRECTION ( 'NONE',  ( -0.000000000000000000, -0.000000000000000000, -1.000000000000000000 ) ) ;
#876 = ORIENTED_EDGE ( 'NONE', *, *, #7036, .F. ) ;
#877 = FACE_OUTER_BOUND ( 'NONE', #2795, .T. ) ;
#878 = VECTOR ( 'NONE', #2298, 1000.000000000000000 ) ;
#879 = CIRCLE ( 'NONE', #5059, 0.2499999999999995837 ) ;
#880 = AXIS2_PLACEMENT_3D ( 'NONE', #1055, #4842, #7400 ) ;
#881 = LINE ( 'NONE', #2204, #2476 ) ;
#882 = ORIENTED_EDGE ( 'NONE', *, *, #1670, .F. ) ;
#883 = EDGE_CURVE ( 'NONE', #7773, #7558, #1957, .T. ) ;
#884 = CARTESIAN_POINT ( 'NONE',  ( -1.445602896647338917E-16, 2.829999999999999627, -1.400000000000000133 ) ) ;
#885 = EDGE_CURVE ( 'NONE', #1660, #6527, #1732, .T. ) ;
#886 = DIRECTION ( 'NONE',  ( 1.000000000000000000, 0.000000000000000000, -7.745304711423583511E-16 ) ) ;
#887 = DIRECTION ( 'NONE',  ( -1.000000000000000000, 0.000000000000000000, -0.000000000000000000 ) ) ;
#888 = CIRCLE ( 'NONE', #7477, 0.2499999999999995837 ) ;
#889 = CARTESIAN_POINT ( 'NONE',  ( -1.355254552287707082, 0.2803368758773254199, 0.7199438540204482484 ) ) ;
#890 = AXIS2_PLACEMENT_3D ( 'NONE', #3505, #6049, #5424 ) ;
#891 = CARTESIAN_POINT ( 'NONE',  ( -0.9000000000000000222, 0.2500000000000000000, 1.750000000000000000 ) ) ;
#892 = ORIENTED_EDGE ( 'NONE', *, *, #1149, .T. ) ;
#893 = EDGE_CURVE ( 'NONE', #7134, #802, #6889, .T. ) ;
#894 = DIRECTION ( 'NONE',  ( 0.1305261922200450231, 0.9914448613738112703, 0.000000000000000000 ) ) ;
#895 = CARTESIAN_POINT ( 'NONE',  ( 1.050000000000000488, 2.849999999999999645, -0.4500000000000000111 ) ) ;
#896 = ORIENTED_EDGE ( 'NONE', *, *, #5784, .F. ) ;
#897 = VERTEX_POINT ( 'NONE', #8165 ) ;
#898 = ORIENTED_EDGE ( 'NONE', *, *, #5911, .T. ) ;
#899 = CARTESIAN_POINT ( 'NONE',  ( 0.3250000000000000666, 0.05000000000000000971, 1.375000000000000222 ) ) ;
#900 = CARTESIAN_POINT ( 'NONE',  ( 1.751115191764560874, 1.258470722432139421, 1.651501064641598182 ) ) ;
#901 = LINE ( 'NONE', #3439, #4916 ) ;
#902 = CYLINDRICAL_SURFACE ( 'NONE', #4164, 0.2999999999999999334 ) ;
#903 = VERTEX_POINT ( 'NONE', #3165 ) ;
#904 = DIRECTION ( 'NONE',  ( 0.000000000000000000, -0.000000000000000000, -1.000000000000000000 ) ) ;
#905 = ORIENTED_EDGE ( 'NONE', *, *, #147, .F. ) ;
#906 = DIRECTION ( 'NONE',  ( 0.000000000000000000, -1.000000000000000000, 0.000000000000000000 ) ) ;
#907 = EDGE_LOOP ( 'NONE', ( #7370, #5316, #7982, #8291 ) ) ;
#908 = PLANE ( 'NONE',  #6805 ) ;
#909 = CARTESIAN_POINT ( 'NONE',  ( 0.000000000000000000, 0.6850000000000000533, 0.000000000000000000 ) ) ;
#910 = CARTESIAN_POINT ( 'NONE',  ( -0.5000000000000000000, 0.05000000000000000971, -1.100000000000000089 ) ) ;
#911 = EDGE_LOOP ( 'NONE', ( #6523, #3005, #7584, #744, #7232, #8062, #1647, #1155, #561, #1399 ) ) ;
#912 = FILL_AREA_STYLE_COLOUR ( '', #3722 ) ;
#913 = LINE ( 'NONE', #1594, #1266 ) ;
#914 = DIRECTION ( 'NONE',  ( -0.000000000000000000, -0.000000000000000000, -1.000000000000000000 ) ) ;
#915 = CARTESIAN_POINT ( 'NONE',  ( -1.350000000000000311, 2.849999999999999645, -1.050000000000000044 ) ) ;
#916 = ORIENTED_EDGE ( 'NONE', *, *, #1786, .T. ) ;
#917 = CARTESIAN_POINT ( 'NONE',  ( -1.550000000000000044, 1.000000000000000000, 0.5750000000000001776 ) ) ;
#918 = ADVANCED_FACE ( 'NONE', ( #5587 ), #2425, .F. ) ;
#919 = EDGE_CURVE ( 'NONE', #6812, #3620, #7526, .T. ) ;
#920 = FACE_OUTER_BOUND ( 'NONE', #2945, .T. ) ;
#921 = ORIENTED_EDGE ( 'NONE', *, *, #1536, .F. ) ;
#922 = DIRECTION ( 'NONE',  ( -0.000000000000000000, -0.000000000000000000, -1.000000000000000000 ) ) ;
#923 = VERTEX_POINT ( 'NONE', #1770 ) ;
#924 = VECTOR ( 'NONE', #5830, 1000.000000000000000 ) ;
#925 = DIRECTION ( 'NONE',  ( -1.000000000000000000, 0.000000000000000000, 0.000000000000000000 ) ) ;
#926 = CARTESIAN_POINT ( 'NONE',  ( 1.717086875603152984, 1.000000000000000444, -0.2249999999999998390 ) ) ;
#927 = CARTESIAN_POINT ( 'NONE',  ( -1.500000000000000000, -5.421010862427512309E-17, -0.2249999999999998390 ) ) ;
#928 = DIRECTION ( 'NONE',  ( -1.000000000000000000, 0.000000000000000000, 0.000000000000000000 ) ) ;
#929 = EDGE_CURVE ( 'NONE', #7528, #5880, #6935, .T. ) ;
#930 = EDGE_CURVE ( 'NONE', #4716, #8123, #503, .T. ) ;
#931 = CIRCLE ( 'NONE', #393, 0.2999999999999998224 ) ;
#932 = ORIENTED_EDGE ( 'NONE', *, *, #885, .T. ) ;
#933 = LINE ( 'NONE', #4729, #1487 ) ;
#934 = ORIENTED_EDGE ( 'NONE', *, *, #1536, .T. ) ;
#935 = CARTESIAN_POINT ( 'NONE',  ( -1.510398668549358447, 2.850000000000000089, 1.610018138358521256 ) ) ;
#936 = CARTESIAN_POINT ( 'NONE',  ( 1.610018138358533246, 2.829999999999999627, -0.3450000000000008615 ) ) ;
#937 = ORIENTED_EDGE ( 'NONE', *, *, #4974, .T. ) ;
#938 = ORIENTED_EDGE ( 'NONE', *, *, #3681, .F. ) ;
#939 = ORIENTED_EDGE ( 'NONE', *, *, #469, .T. ) ;
#940 = PLANE ( 'NONE',  #2128 ) ;
#941 = DIRECTION ( 'NONE',  ( -1.000000000000000000, 6.023345402697249184E-17, -0.000000000000000000 ) ) ;
#942 = VECTOR ( 'NONE', #3372, 1000.000000000000000 ) ;
#943 = CARTESIAN_POINT ( 'NONE',  ( 1.651970705627179736, 1.271523341654144046, 1.651501064641598182 ) ) ;
#944 = SURFACE_STYLE_FILL_AREA ( #5326 ) ;
#945 = VERTEX_POINT ( 'NONE', #1900 ) ;
#946 = ORIENTED_EDGE ( 'NONE', *, *, #2672, .F. ) ;
#947 = CARTESIAN_POINT ( 'NONE',  ( -1.050000000000000488, 2.849999999999999645, -0.1500000000000000777 ) ) ;
#948 = EDGE_LOOP ( 'NONE', ( #536, #5897, #3618, #3825 ) ) ;
#949 = LINE ( 'NONE', #1042, #7991 ) ;
#950 = EDGE_CURVE ( 'NONE', #785, #2528, #8288, .T. ) ;
#951 = VECTOR ( 'NONE', #5469, 1000.000000000000000 ) ;
#952 = ADVANCED_FACE ( 'NONE', ( #4463 ), #5671, .F. ) ;
#953 = CARTESIAN_POINT ( 'NONE',  ( 0.000000000000000000, 2.849999999999999645, -0.4500000000000000111 ) ) ;
#954 = AXIS2_PLACEMENT_3D ( 'NONE', #891, #246, #1107 ) ;
#955 = DIRECTION ( 'NONE',  ( -0.000000000000000000, -0.000000000000000000, -1.000000000000000000 ) ) ;
#956 = ORIENTED_EDGE ( 'NONE', *, *, #1306, .F. ) ;
#957 = CARTESIAN_POINT ( 'NONE',  ( 1.050000000000000488, 2.829999999999999627, -1.100000000000000533 ) ) ;
#958 = DIRECTION ( 'NONE',  ( 0.000000000000000000, 0.1643989873053605111, 0.9863939238321431935 ) ) ;
#959 = LINE ( 'NONE', #4714, #5253 ) ;
#960 = ORIENTED_EDGE ( 'NONE', *, *, #155, .T. ) ;
#961 = LINE ( 'NONE', #5421, #4396 ) ;
#962 = VERTEX_POINT ( 'NONE', #3129 ) ;
#963 = LINE ( 'NONE', #2923, #1027 ) ;
#964 = DIRECTION ( 'NONE',  ( -3.170181790893303965E-17, 1.000000000000000000, 0.000000000000000000 ) ) ;
#965 = ORIENTED_EDGE ( 'NONE', *, *, #1991, .T. ) ;
#966 = CARTESIAN_POINT ( 'NONE',  ( 0.000000000000000000, 0.3499999999999999778, 0.000000000000000000 ) ) ;
#967 = VECTOR ( 'NONE', #6143, 1000.000000000000000 ) ;
#968 = EDGE_LOOP ( 'NONE', ( #1931, #5662, #2970, #6679 ) ) ;
#969 = DIRECTION ( 'NONE',  ( -1.000000000000000000, 0.000000000000000000, 0.000000000000000000 ) ) ;
#970 = FACE_OUTER_BOUND ( 'NONE', #5442, .T. ) ;
#971 = EDGE_CURVE ( 'NONE', #711, #4036, #1251, .T. ) ;
#972 = DIRECTION ( 'NONE',  ( 0.000000000000000000, -0.000000000000000000, -1.000000000000000000 ) ) ;
#973 = LINE ( 'NONE', #6098, #65 ) ;
#974 = VECTOR ( 'NONE', #1590, 1000.000000000000000 ) ;
#975 = ORIENTED_EDGE ( 'NONE', *, *, #6839, .T. ) ;
#976 = VERTEX_POINT ( 'NONE', #3089 ) ;
#977 = DIRECTION ( 'NONE',  ( 0.000000000000000000, 0.000000000000000000, -1.000000000000000000 ) ) ;
#978 = VERTEX_POINT ( 'NONE', #2499 ) ;
#979 = ADVANCED_FACE ( 'NONE', ( #2462 ), #3329, .F. ) ;
#980 = ADVANCED_FACE ( 'NONE', ( #6455 ), #4034, .F. ) ;
#981 = DIRECTION ( 'NONE',  ( -1.000000000000000000, 0.000000000000000000, 0.000000000000000000 ) ) ;
#982 = DIRECTION ( 'NONE',  ( -0.000000000000000000, -0.000000000000000000, -1.000000000000000000 ) ) ;
#983 = VERTEX_POINT ( 'NONE', #4547 ) ;
#984 = CARTESIAN_POINT ( 'NONE',  ( 1.350000000000000311, 2.829999999999999627, -1.050000000000000044 ) ) ;
#985 = DIRECTION ( 'NONE',  ( 0.000000000000000000, 1.000000000000000000, 0.000000000000000000 ) ) ;
#986 = EDGE_CURVE ( 'NONE', #4957, #3687, #3361, .T. ) ;
#987 = EDGE_CURVE ( 'NONE', #2374, #1788, #87, .T. ) ;
#988 = CARTESIAN_POINT ( 'NONE',  ( 1.592086875603169860, 1.000000000000000000, -0.8750000000000000000 ) ) ;
#989 = CARTESIAN_POINT ( 'NONE',  ( -1.050000000000000488, 2.829999999999999627, -0.1500000000000000777 ) ) ;
#990 = ORIENTED_EDGE ( 'NONE', *, *, #3060, .T. ) ;
#991 = EDGE_LOOP ( 'NONE', ( #3630, #8310, #3680, #2677 ) ) ;
#992 = CARTESIAN_POINT ( 'NONE',  ( -1.002234059486502682, 0.2500000000000000000, 0.07499999999999998335 ) ) ;
#993 = ORIENTED_EDGE ( 'NONE', *, *, #572, .F. ) ;
#994 = CARTESIAN_POINT ( 'NONE',  ( 0.5000000000000000000, 0.05000000000000000971, -1.100000000000000089 ) ) ;
#995 = CARTESIAN_POINT ( 'NONE',  ( -1.050000000000000488, 2.829999999999999627, -1.400000000000000133 ) ) ;
#996 = DIRECTION ( 'NONE',  ( -0.000000000000000000, -0.000000000000000000, -1.000000000000000000 ) ) ;
#997 = VERTEX_POINT ( 'NONE', #8327 ) ;
#998 = DIRECTION ( 'NONE',  ( -0.000000000000000000, 1.000000000000000000, -0.000000000000000000 ) ) ;
#999 = ADVANCED_FACE ( 'NONE', ( #5272 ), #2665, .T. ) ;
#1000 = DIRECTION ( 'NONE',  ( 0.000000000000000000, 0.000000000000000000, -1.000000000000000000 ) ) ;
#1001 = CARTESIAN_POINT ( 'NONE',  ( 1.350000000000000533, 2.849999999999999645, -0.1500000000000000222 ) ) ;
#1002 = ORIENTED_EDGE ( 'NONE', *, *, #4149, .F. ) ;
#1003 = VERTEX_POINT ( 'NONE', #56 ) ;
#1004 = CARTESIAN_POINT ( 'NONE',  ( -1.610018138358533246, 2.849999999999999645, 1.510398668549346235 ) ) ;
#1005 = EDGE_LOOP ( 'NONE', ( #6075, #5009, #7051, #5607 ) ) ;
#1006 = VECTOR ( 'NONE', #5951, 1000.000000000000000 ) ;
#1007 = DIRECTION ( 'NONE',  ( 0.000000000000000000, -1.000000000000000000, 0.000000000000000000 ) ) ;
#1008 = AXIS2_PLACEMENT_3D ( 'NONE', #2963, #6132, #6673 ) ;
#1009 = LINE ( 'NONE', #7534, #3728 ) ;
#1010 = ORIENTED_EDGE ( 'NONE', *, *, #4231, .T. ) ;
#1011 = DIRECTION ( 'NONE',  ( 0.9781476007338071321, 0.2079116908177522371, 0.000000000000000000 ) ) ;
#1012 = ORIENTED_EDGE ( 'NONE', *, *, #6483, .F. ) ;
#1013 = VECTOR ( 'NONE', #5544, 1000.000000000000000 ) ;
#1014 = VECTOR ( 'NONE', #1888, 1000.000000000000000 ) ;
#1015 = DIRECTION ( 'NONE',  ( -0.000000000000000000, -0.000000000000000000, -1.000000000000000000 ) ) ;
#1016 = LINE ( 'NONE', #4850, #6189 ) ;
#1017 = PLANE ( 'NONE',  #7479 ) ;
#1018 = LINE ( 'NONE', #7451, #7467 ) ;
#1019 = AXIS2_PLACEMENT_3D ( 'NONE', #1165, #1799, #3113 ) ;
#1020 = VECTOR ( 'NONE', #1638, 1000.000000000000000 ) ;
#1021 = VECTOR ( 'NONE', #5314, 1000.000000000000000 ) ;
#1022 = ORIENTED_EDGE ( 'NONE', *, *, #6839, .F. ) ;
#1023 = DIRECTION ( 'NONE',  ( -0.9848077530122080203, 0.1736481776669307198, -1.067730705296403607E-15 ) ) ;
#1024 = ORIENTED_EDGE ( 'NONE', *, *, #3159, .F. ) ;
#1025 = AXIS2_PLACEMENT_3D ( 'NONE', #6991, #8185, #7585 ) ;
#1026 = AXIS2_PLACEMENT_3D ( 'NONE', #909, #4041, #3494 ) ;
#1027 = VECTOR ( 'NONE', #6813, 1000.000000000000000 ) ;
#1028 = LINE ( 'NONE', #4277, #4259 ) ;
#1029 = EDGE_LOOP ( 'NONE', ( #4443, #5172, #8022, #3549 ) ) ;
#1030 = ORIENTED_EDGE ( 'NONE', *, *, #6888, .T. ) ;
#1031 = VECTOR ( 'NONE', #5745, 1000.000000000000000 ) ;
#1032 = ADVANCED_FACE ( 'NONE', ( #7130 ), #780, .F. ) ;
#1033 = CARTESIAN_POINT ( 'NONE',  ( -1.500000000000000000, 0.1999999999999999833, 0.2250000000000001443 ) ) ;
#1034 = DIRECTION ( 'NONE',  ( -0.000000000000000000, -0.000000000000000000, -1.000000000000000000 ) ) ;
#1035 = CARTESIAN_POINT ( 'NONE',  ( 1.610018138358533246, 2.849999999999999645, 1.510398668549346457 ) ) ;
#1036 = PRESENTATION_STYLE_ASSIGNMENT (( #5534 ) ) ;
#1037 = ORIENTED_EDGE ( 'NONE', *, *, #1386, .T. ) ;
#1038 = ORIENTED_EDGE ( 'NONE', *, *, #1884, .T. ) ;
#1039 = VECTOR ( 'NONE', #5074, 1000.000000000000000 ) ;
#1040 = DIRECTION ( 'NONE',  ( 0.000000000000000000, 0.1736481776669307198, -0.9848077530122080203 ) ) ;
#1041 = ORIENTED_EDGE ( 'NONE', *, *, #8142, .F. ) ;
#1042 = CARTESIAN_POINT ( 'NONE',  ( 1.717086875603152984, 1.000000000000000000, 0.6000000000000000888 ) ) ;
#1043 = VERTEX_POINT ( 'NONE', #1370 ) ;
#1044 = ADVANCED_FACE ( 'NONE', ( #3951, #6488, #739, #5871 ), #7692, .F. ) ;
#1045 = DIRECTION ( 'NONE',  ( -1.000000000000000000, -0.000000000000000000, 1.032573497605241731E-16 ) ) ;
#1046 = FACE_OUTER_BOUND ( 'NONE', #8004, .T. ) ;
#1047 = ORIENTED_EDGE ( 'NONE', *, *, #1419, .F. ) ;
#1048 = DIRECTION ( 'NONE',  ( 0.000000000000000000, -1.000000000000000000, 0.000000000000000000 ) ) ;
#1049 = CARTESIAN_POINT ( 'NONE',  ( -1.550000000000000044, 1.000000000000000000, -1.375000000000000000 ) ) ;
#1050 = CARTESIAN_POINT ( 'NONE',  ( 1.510398668549358669, 2.850000000000000089, 1.610018138358521256 ) ) ;
#1051 = ORIENTED_EDGE ( 'NONE', *, *, #3890, .T. ) ;
#1052 = ORIENTED_EDGE ( 'NONE', *, *, #4497, .F. ) ;
#1053 = CARTESIAN_POINT ( 'NONE',  ( -1.350000000000000311, 2.849999999999999645, -1.100000000000000533 ) ) ;
#1054 = ORIENTED_EDGE ( 'NONE', *, *, #3112, .F. ) ;
#1055 = CARTESIAN_POINT ( 'NONE',  ( -0.3250000000000000111, 0.05000000000000000971, -1.200000000000000178 ) ) ;
#1056 = ADVANCED_FACE ( 'NONE', ( #3997 ), #97, .F. ) ;
#1057 = DIRECTION ( 'NONE',  ( 0.000000000000000000, 0.000000000000000000, 1.000000000000000000 ) ) ;
#1058 = LINE ( 'NONE', #4975, #7823 ) ;
#1059 = ORIENTED_EDGE ( 'NONE', *, *, #3635, .T. ) ;
#1060 = CARTESIAN_POINT ( 'NONE',  ( 1.717086875603152984, 1.000000000000000444, 1.025000000000000355 ) ) ;
#1061 = DIRECTION ( 'NONE',  ( 1.000000000000000000, 0.000000000000000000, 1.445602896647340100E-15 ) ) ;
#1062 = CYLINDRICAL_SURFACE ( 'NONE', #2245, 0.2499999999999997780 ) ;
#1063 = EDGE_CURVE ( 'NONE', #6217, #2046, #4775, .T. ) ;
#1064 = VECTOR ( 'NONE', #353, 1000.000000000000000 ) ;
#1065 = EDGE_LOOP ( 'NONE', ( #1864, #6653, #3986, #2329 ) ) ;
#1066 = CARTESIAN_POINT ( 'NONE',  ( -1.592086875603144325, 0.05000000000000000971, 0.07499999999999998335 ) ) ;
#1067 = EDGE_LOOP ( 'NONE', ( #2670, #7764, #3942, #1672, #5211, #1781, #4002, #3970, #7577, #2928 ) ) ;
#1068 = DIRECTION ( 'NONE',  ( -0.000000000000000000, -1.000000000000000000, -0.000000000000000000 ) ) ;
#1069 = VERTEX_POINT ( 'NONE', #5791 ) ;
#1070 = VERTEX_POINT ( 'NONE', #1294 ) ;
#1071 = CIRCLE ( 'NONE', #2572, 0.2499999999999997780 ) ;
#1072 = DIRECTION ( 'NONE',  ( -0.000000000000000000, -0.000000000000000000, -1.000000000000000000 ) ) ;
#1073 = DIRECTION ( 'NONE',  ( 0.000000000000000000, 1.000000000000000000, 0.000000000000000000 ) ) ;
#1074 = DIRECTION ( 'NONE',  ( 0.000000000000000000, 0.000000000000000000, 1.000000000000000000 ) ) ;
#1075 = CARTESIAN_POINT ( 'NONE',  ( -1.611767911629051531, 2.829999999999999627, -0.8549999999999999822 ) ) ;
#1076 = DIRECTION ( 'NONE',  ( -1.000000000000000000, 0.000000000000000000, 0.000000000000000000 ) ) ;
#1077 = ORIENTED_EDGE ( 'NONE', *, *, #4081, .T. ) ;
#1078 = VERTEX_POINT ( 'NONE', #6421 ) ;
#1079 = EDGE_CURVE ( 'NONE', #7134, #3026, #1277, .T. ) ;
#1080 = DIRECTION ( 'NONE',  ( 0.000000000000000000, 0.000000000000000000, 1.000000000000000000 ) ) ;
#1081 = ORIENTED_EDGE ( 'NONE', *, *, #2142, .T. ) ;
#1082 = DIRECTION ( 'NONE',  ( -0.000000000000000000, 1.000000000000000000, -0.000000000000000000 ) ) ;
#1083 = ORIENTED_EDGE ( 'NONE', *, *, #520, .T. ) ;
#1084 = LINE ( 'NONE', #1633, #1432 ) ;
#1085 = CARTESIAN_POINT ( 'NONE',  ( 1.050000000000000488, 2.829999999999999627, -0.4500000000000000111 ) ) ;
#1086 = ORIENTED_EDGE ( 'NONE', *, *, #1884, .F. ) ;
#1087 = SURFACE_STYLE_USAGE ( .BOTH. , #3795 ) ;
#1088 = DIRECTION ( 'NONE',  ( 0.000000000000000000, -1.000000000000000000, 0.000000000000000000 ) ) ;
#1089 = FACE_OUTER_BOUND ( 'NONE', #3109, .T. ) ;
#1090 = ORIENTED_EDGE ( 'NONE', *, *, #5560, .F. ) ;
#1091 = EDGE_CURVE ( 'NONE', #5121, #6858, #7426, .T. ) ;
#1092 = LINE ( 'NONE', #8169, #4112 ) ;
#1093 = EDGE_CURVE ( 'NONE', #6671, #6990, #303, .T. ) ;
#1094 = EDGE_CURVE ( 'NONE', #4275, #983, #6115, .T. ) ;
#1095 = ORIENTED_EDGE ( 'NONE', *, *, #1091, .F. ) ;
#1096 = LINE ( 'NONE', #3676, #6099 ) ;
#1097 = DIRECTION ( 'NONE',  ( 0.000000000000000000, 0.000000000000000000, 1.000000000000000000 ) ) ;
#1098 = ORIENTED_EDGE ( 'NONE', *, *, #7240, .T. ) ;
#1099 = DIRECTION ( 'NONE',  ( 1.000000000000000000, 0.000000000000000000, 0.000000000000000000 ) ) ;
#1100 = ORIENTED_EDGE ( 'NONE', *, *, #6900, .F. ) ;
#1101 = LINE ( 'NONE', #5098, #3422 ) ;
#1102 = CIRCLE ( 'NONE', #1359, 0.2499999999999997780 ) ;
#1103 = DIRECTION ( 'NONE',  ( -0.000000000000000000, -0.000000000000000000, -1.000000000000000000 ) ) ;
#1104 = EDGE_CURVE ( 'NONE', #1615, #3388, #5452, .T. ) ;
#1105 = LINE ( 'NONE', #3643, #5313 ) ;
#1106 = ORIENTED_EDGE ( 'NONE', *, *, #611, .T. ) ;
#1107 = DIRECTION ( 'NONE',  ( -0.2079116908177522371, 0.9781476007338070211, 0.000000000000000000 ) ) ;
#1108 = ORIENTED_EDGE ( 'NONE', *, *, #5254, .F. ) ;
#1109 = EDGE_CURVE ( 'NONE', #3160, #6301, #4784, .T. ) ;
#1110 = CARTESIAN_POINT ( 'NONE',  ( 1.592086875603161200, 0.2500000000000152101, -0.07499999999999998335 ) ) ;
#1111 = AXIS2_PLACEMENT_3D ( 'NONE', #4220, #1690, #1741 ) ;
#1112 = VERTEX_POINT ( 'NONE', #170 ) ;
#1113 = ORIENTED_EDGE ( 'NONE', *, *, #6956, .F. ) ;
#1114 = DIRECTION ( 'NONE',  ( -1.000000000000000000, 0.000000000000000000, 0.000000000000000000 ) ) ;
#1115 = AXIS2_PLACEMENT_3D ( 'NONE', #1936, #7050, #5628 ) ;
#1116 = DIRECTION ( 'NONE',  ( -0.000000000000000000, -0.000000000000000000, -1.000000000000000000 ) ) ;
#1117 = CARTESIAN_POINT ( 'NONE',  ( -1.350000000000000311, 2.829999999999999627, -1.100000000000000533 ) ) ;
#1118 = CARTESIAN_POINT ( 'NONE',  ( 1.610018138358533246, 2.849999999999999645, 1.568845831921052092 ) ) ;
#1119 = CARTESIAN_POINT ( 'NONE',  ( -1.450000000000000400, 1.000000000000000000, -0.9999999999999997780 ) ) ;
#1120 = ORIENTED_EDGE ( 'NONE', *, *, #5777, .F. ) ;
#1121 = CARTESIAN_POINT ( 'NONE',  ( -1.050000000000000488, 2.849999999999999645, -1.400000000000000133 ) ) ;
#1122 = ORIENTED_EDGE ( 'NONE', *, *, #2020, .F. ) ;
#1123 = LINE ( 'NONE', #2364, #1270 ) ;
#1124 = DIRECTION ( 'NONE',  ( -1.000000000000000000, 0.000000000000000000, 0.000000000000000000 ) ) ;
#1125 = ADVANCED_FACE ( 'NONE', ( #4241 ), #351, .T. ) ;
#1126 = LINE ( 'NONE', #3707, #7567 ) ;
#1127 = ORIENTED_EDGE ( 'NONE', *, *, #6886, .F. ) ;
#1128 = CARTESIAN_POINT ( 'NONE',  ( 1.042614886054232581, 0.4399768525161760757, 0.8750000000000000000 ) ) ;
#1129 = DIRECTION ( 'NONE',  ( -0.000000000000000000, 1.000000000000000000, -0.000000000000000000 ) ) ;
#1130 = CARTESIAN_POINT ( 'NONE',  ( 1.500000000000000000, 2.710505431213761085E-16, -0.2249999999999998390 ) ) ;
#1131 = ORIENTED_EDGE ( 'NONE', *, *, #5653, .T. ) ;
#1132 = DIRECTION ( 'NONE',  ( -0.000000000000000000, 1.000000000000000000, -0.000000000000000000 ) ) ;
#1133 = ORIENTED_EDGE ( 'NONE', *, *, #2250, .T. ) ;
#1134 = CARTESIAN_POINT ( 'NONE',  ( -1.050000000000000044, 0.000000000000000000, -0.2249999999999998390 ) ) ;
#1135 = LINE ( 'NONE', #3174, #5992 ) ;
#1136 = EDGE_CURVE ( 'NONE', #6577, #6343, #328, .T. ) ;
#1137 = DIRECTION ( 'NONE',  ( -1.000000000000000000, 0.000000000000000000, 0.000000000000000000 ) ) ;
#1138 = ORIENTED_EDGE ( 'NONE', *, *, #893, .F. ) ;
#1139 = DIRECTION ( 'NONE',  ( -1.445602896647339706E-15, 0.000000000000000000, 1.000000000000000000 ) ) ;
#1140 = DIRECTION ( 'NONE',  ( -0.000000000000000000, -0.000000000000000000, -1.000000000000000000 ) ) ;
#1141 = AXIS2_PLACEMENT_3D ( 'NONE', #2150, #2241, #7265 ) ;
#1142 = LINE ( 'NONE', #8089, #4646 ) ;
#1143 = VECTOR ( 'NONE', #6003, 1000.000000000000000 ) ;
#1144 = VECTOR ( 'NONE', #5946, 1000.000000000000000 ) ;
#1145 = VERTEX_POINT ( 'NONE', #8015 ) ;
#1146 = EDGE_CURVE ( 'NONE', #7454, #816, #4198, .T. ) ;
#1147 = EDGE_CURVE ( 'NONE', #5796, #414, #2314, .T. ) ;
#1148 = LINE ( 'NONE', #3647, #5255 ) ;
#1149 = EDGE_CURVE ( 'NONE', #7537, #833, #901, .T. ) ;
#1150 = EDGE_LOOP ( 'NONE', ( #7480, #7847, #6737, #74 ) ) ;
#1151 = CARTESIAN_POINT ( 'NONE',  ( -0.3250000000000000111, 0.3499999999999999778, -0.9778980942125397036 ) ) ;
#1152 = CYLINDRICAL_SURFACE ( 'NONE', #7602, 0.2999999999999998224 ) ;
#1153 = STYLED_ITEM ( 'NONE', ( #4569 ), #5308 ) ;
#1154 = VECTOR ( 'NONE', #578, 1000.000000000000000 ) ;
#1155 = ORIENTED_EDGE ( 'NONE', *, *, #2126, .T. ) ;
#1156 = AXIS2_PLACEMENT_3D ( 'NONE', #5024, #1068, #4363 ) ;
#1157 = CIRCLE ( 'NONE', #2396, 0.2499999999999997780 ) ;
#1158 = ORIENTED_EDGE ( 'NONE', *, *, #8142, .T. ) ;
#1159 =( BOUNDED_CURVE ( )  B_SPLINE_CURVE ( 3, ( #3821, #6361, #5742, #5346 ),
 .UNSPECIFIED., .F., .T. ) 
 B_SPLINE_CURVE_WITH_KNOTS ( ( 4, 4 ),
 ( 0.000000000000000000, 1.570796326794896558 ),
 .UNSPECIFIED. ) 
 CURVE ( )  GEOMETRIC_REPRESENTATION_ITEM ( )  RATIONAL_B_SPLINE_CURVE ( ( 1.000000000000000000, 0.8047378541243649375, 0.8047378541243649375, 1.000000000000000000 ) ) 
 REPRESENTATION_ITEM ( '' )  );
#1160 = EDGE_CURVE ( 'NONE', #3026, #4227, #5325, .T. ) ;
#1161 = DIRECTION ( 'NONE',  ( -1.000000000000000000, 0.000000000000000000, -0.000000000000000000 ) ) ;
#1162 =( GEOMETRIC_REPRESENTATION_CONTEXT ( 3 ) GLOBAL_UNCERTAINTY_ASSIGNED_CONTEXT ( ( #6641 ) ) GLOBAL_UNIT_ASSIGNED_CONTEXT ( ( #1408, #661, #3214 ) ) REPRESENTATION_CONTEXT ( 'NONE', 'WORKASPACE' ) );
#1163 = VECTOR ( 'NONE', #5997, 1000.000000000000000 ) ;
#1164 = AXIS2_PLACEMENT_3D ( 'NONE', #4389, #8172, #6089 ) ;
#1165 = CARTESIAN_POINT ( 'NONE',  ( 0.3250000000000000111, 0.3499999999999999778, -1.100000000000000089 ) ) ;
#1166 = LINE ( 'NONE', #6285, #6439 ) ;
#1167 = LINE ( 'NONE', #3746, #7595 ) ;
#1168 = CARTESIAN_POINT ( 'NONE',  ( 1.729989406634232729, 1.098004453143893278, -1.024999999999999911 ) ) ;
#1169 = ORIENTED_EDGE ( 'NONE', *, *, #5737, .T. ) ;
#1170 = ORIENTED_EDGE ( 'NONE', *, *, #986, .F. ) ;
#1171 = PLANE ( 'NONE',  #5176 ) ;
#1172 = DIRECTION ( 'NONE',  ( -1.000000000000000000, 0.000000000000000000, 0.000000000000000000 ) ) ;
#1173 = CARTESIAN_POINT ( 'NONE',  ( -1.050000000000000488, 2.829999999999999627, -1.050000000000000044 ) ) ;
#1174 = ORIENTED_EDGE ( 'NONE', *, *, #5094, .F. ) ;
#1175 = CLOSED_SHELL ( 'NONE', ( #2562, #7651, #3683, #1711, #5665, #6689, #3451, #574, #6786, #7586 ) ) ;
#1176 = CARTESIAN_POINT ( 'NONE',  ( -1.610018138358533468, 2.829999999999999627, -0.8549999999999999822 ) ) ;
#1177 = CARTESIAN_POINT ( 'NONE',  ( -0.4471019057874604519, 0.3499999999999999778, 1.099999999999999201 ) ) ;
#1178 = FACE_OUTER_BOUND ( 'NONE', #7836, .T. ) ;
#1179 = ORIENTED_EDGE ( 'NONE', *, *, #3827, .T. ) ;
#1180 = CARTESIAN_POINT ( 'NONE',  ( -1.729989406634232729, 1.098004453143892833, 0.5750000000000001776 ) ) ;
#1181 = ORIENTED_EDGE ( 'NONE', *, *, #1729, .F. ) ;
#1182 = ORIENTED_EDGE ( 'NONE', *, *, #8201, .F. ) ;
#1183 = PLANE ( 'NONE',  #8148 ) ;
#1184 = AXIS2_PLACEMENT_3D ( 'NONE', #5987, #985, #4116 ) ;
#1185 = DIRECTION ( 'NONE',  ( 0.000000000000000000, 0.1643989873053604833, -0.9863939238321431935 ) ) ;
#1186 = CARTESIAN_POINT ( 'NONE',  ( 0.8574886876659970625, 0.04999999999999999584, -0.6835786437626907297 ) ) ;
#1187 = ORIENTED_EDGE ( 'NONE', *, *, #4495, .F. ) ;
#1188 = DIRECTION ( 'NONE',  ( 0.000000000000000000, 0.000000000000000000, 1.000000000000000000 ) ) ;
#1189 = CARTESIAN_POINT ( 'NONE',  ( -1.002234059486502682, 0.2500000000000000000, 0.07499999999999998335 ) ) ;
#1190 = ADVANCED_FACE ( 'NONE', ( #7930 ), #1581, .F. ) ;
#1191 = CARTESIAN_POINT ( 'NONE',  ( 1.592086875603152762, 1.000000000000000000, 0.8750000000000000000 ) ) ;
#1192 = EDGE_CURVE ( 'NONE', #2711, #266, #2138, .T. ) ;
#1193 = CARTESIAN_POINT ( 'NONE',  ( -1.050000000000000044, 0.2000000000000000111, 1.375000000000000444 ) ) ;
#1194 = ORIENTED_EDGE ( 'NONE', *, *, #5321, .T. ) ;
#1195 = DIRECTION ( 'NONE',  ( 0.000000000000000000, 0.000000000000000000, 1.000000000000000000 ) ) ;
#1196 = LINE ( 'NONE', #3777, #480 ) ;
#1197 = ORIENTED_EDGE ( 'NONE', *, *, #4176, .F. ) ;
#1198 = EDGE_CURVE ( 'NONE', #1327, #5228, #854, .T. ) ;
#1199 = PLANE ( 'NONE',  #5732 ) ;
#1200 = CARTESIAN_POINT ( 'NONE',  ( 1.550000000000000044, 1.000000000000000444, 1.025000000000000355 ) ) ;
#1201 = DIRECTION ( 'NONE',  ( -0.1287798954323275680, -0.9781804203664667963, 0.1630300700610807785 ) ) ;
#1202 = LINE ( 'NONE', #3116, #7992 ) ;
#1203 = ORIENTED_EDGE ( 'NONE', *, *, #8256, .F. ) ;
#1204 = EDGE_CURVE ( 'NONE', #4841, #7286, #5989, .T. ) ;
#1205 = VERTEX_POINT ( 'NONE', #5406 ) ;
#1206 = ORIENTED_EDGE ( 'NONE', *, *, #347, .F. ) ;
#1207 = CARTESIAN_POINT ( 'NONE',  ( 0.000000000000000000, 2.849999999999999645, 1.399999999999999689 ) ) ;
#1208 = LINE ( 'NONE', #3754, #4483 ) ;
#1209 = EDGE_LOOP ( 'NONE', ( #3663, #6926, #5613, #456 ) ) ;
#1210 = LINE ( 'NONE', #1128, #2252 ) ;
#1211 = DIRECTION ( 'NONE',  ( 1.000000000000000000, 0.000000000000000000, -0.000000000000000000 ) ) ;
#1212 = DIRECTION ( 'NONE',  ( -0.000000000000000000, 0.000000000000000000, 1.000000000000000000 ) ) ;
#1213 = ORIENTED_EDGE ( 'NONE', *, *, #5055, .T. ) ;
#1214 = CARTESIAN_POINT ( 'NONE',  ( 1.717086875603152984, 1.000000000000000444, 1.375000000000000444 ) ) ;
#1215 = ADVANCED_FACE ( 'NONE', ( #4157 ), #5363, .F. ) ;
#1216 = VERTEX_POINT ( 'NONE', #8058 ) ;
#1217 = FACE_OUTER_BOUND ( 'NONE', #5041, .T. ) ;
#1218 = EDGE_CURVE ( 'NONE', #3481, #3597, #7967, .T. ) ;
#1219 = DIRECTION ( 'NONE',  ( -0.000000000000000000, -0.000000000000000000, -1.000000000000000000 ) ) ;
#1220 = PLANE ( 'NONE',  #4878 ) ;
#1221 = ORIENTED_EDGE ( 'NONE', *, *, #2218, .T. ) ;
#1222 = CARTESIAN_POINT ( 'NONE',  ( 1.350000000000000533, 2.829999999999999627, -0.1500000000000000500 ) ) ;
#1223 = DIRECTION ( 'NONE',  ( 0.000000000000000000, 1.000000000000000000, -0.000000000000000000 ) ) ;
#1224 = CIRCLE ( 'NONE', #7677, 0.2499999999999997780 ) ;
#1225 = DIRECTION ( 'NONE',  ( -1.000000000000000000, 0.000000000000000000, 0.000000000000000000 ) ) ;
#1226 = DIRECTION ( 'NONE',  ( -1.000000000000000000, 0.000000000000000000, 0.000000000000000000 ) ) ;
#1227 = CIRCLE ( 'NONE', #8222, 0.2499999999999995837 ) ;
#1228 = VECTOR ( 'NONE', #1703, 1000.000000000000000 ) ;
#1229 = ORIENTED_EDGE ( 'NONE', *, *, #4101, .T. ) ;
#1230 = ADVANCED_FACE ( 'NONE', ( #6700 ), #1665, .T. ) ;
#1231 = CARTESIAN_POINT ( 'NONE',  ( 1.749999999999999778, 0.2500000000000001665, -1.375000000000000000 ) ) ;
#1233 = ORIENTED_EDGE ( 'NONE', *, *, #7669, .F. ) ;
#1232 = DIRECTION ( 'NONE',  ( 1.000000000000000000, -0.000000000000000000, 0.000000000000000000 ) ) ;
#1234 = PLANE ( 'NONE',  #3324 ) ;
#1235 = EDGE_CURVE ( 'NONE', #369, #7253, #5773, .T. ) ;
#1236 = EDGE_CURVE ( 'NONE', #3620, #7102, #5573, .T. ) ;
#1237 = DIRECTION ( 'NONE',  ( -1.000000000000000000, 0.000000000000000000, 0.000000000000000000 ) ) ;
#1238 = AXIS2_PLACEMENT_3D ( 'NONE', #7361, #7445, #2336 ) ;
#1239 = CARTESIAN_POINT ( 'NONE',  ( 0.5000000000000001110, 0.05000000000000000278, -1.200000000000000178 ) ) ;
#1240 = DIRECTION ( 'NONE',  ( 0.000000000000000000, 0.000000000000000000, -1.000000000000000000 ) ) ;
#1241 = EDGE_LOOP ( 'NONE', ( #2724, #5435, #7885, #8277, #7066, #2876, #2353, #1413, #4680, #8090 ) ) ;
#1242 = ORIENTED_EDGE ( 'NONE', *, *, #6510, .F. ) ;
#1243 = ORIENTED_EDGE ( 'NONE', *, *, #5552, .F. ) ;
#1244 = VECTOR ( 'NONE', #1869, 1000.000000000000000 ) ;
#1245 = DIRECTION ( 'NONE',  ( 1.000000000000000000, -0.000000000000000000, 0.000000000000000000 ) ) ;
#1246 = EDGE_CURVE ( 'NONE', #816, #5114, #8193, .T. ) ;
#1247 = LINE ( 'NONE', #6373, #836 ) ;
#1248 = EDGE_CURVE ( 'NONE', #1070, #3299, #5399, .T. ) ;
#1249 = VERTEX_POINT ( 'NONE', #6967 ) ;
#1250 = DIRECTION ( 'NONE',  ( -0.9914448613738112703, -0.1305261922200450231, 0.000000000000000000 ) ) ;
#1251 = LINE ( 'NONE', #8243, #7852 ) ;
#1252 = ORIENTED_EDGE ( 'NONE', *, *, #8170, .T. ) ;
#1253 = EDGE_LOOP ( 'NONE', ( #2497, #386, #3794, #1945 ) ) ;
#1254 = CARTESIAN_POINT ( 'NONE',  ( 0.000000000000000000, 0.05455767409634579984, 0.000000000000000000 ) ) ;
#1255 = ORIENTED_EDGE ( 'NONE', *, *, #6149, .F. ) ;
#1256 = CARTESIAN_POINT ( 'NONE',  ( -0.3250000000000000111, 0.05000000000000000971, -1.375000000000000222 ) ) ;
#1257 = PLANE ( 'NONE',  #8163 ) ;
#1258 = EDGE_CURVE ( 'NONE', #1649, #8162, #1202, .T. ) ;
#1259 = CARTESIAN_POINT ( 'NONE',  ( -1.050000000000000044, 0.2000000000000000111, -1.024999999999999911 ) ) ;
#1260 = ORIENTED_EDGE ( 'NONE', *, *, #1729, .T. ) ;
#1261 = DIRECTION ( 'NONE',  ( -0.000000000000000000, -1.000000000000000000, -0.000000000000000000 ) ) ;
#1262 = CARTESIAN_POINT ( 'NONE',  ( 1.740631567675905655, 1.249596811527736495, 1.694208954620516572 ) ) ;
#1263 = DIRECTION ( 'NONE',  ( 0.000000000000000000, 1.000000000000000000, 0.000000000000000000 ) ) ;
#1264 = CARTESIAN_POINT ( 'NONE',  ( 1.675920154969962494, 1.000000000000000000, -1.728127834118518447 ) ) ;
#1265 = ORIENTED_EDGE ( 'NONE', *, *, #3215, .F. ) ;
#1266 = VECTOR ( 'NONE', #410, 1000.000000000000000 ) ;
#1267 = FACE_OUTER_BOUND ( 'NONE', #4633, .T. ) ;
#1268 = CARTESIAN_POINT ( 'NONE',  ( 1.749983241755807883, 1.249872708495407991, -1.657971040256057904 ) ) ;
#1269 = DIRECTION ( 'NONE',  ( -0.000000000000000000, 1.000000000000000000, -0.000000000000000000 ) ) ;
#1270 = VECTOR ( 'NONE', #8063, 1000.000000000000114 ) ;
#1271 = AXIS2_PLACEMENT_3D ( 'NONE', #7213, #4501, #7054 ) ;
#1272 = DIRECTION ( 'NONE',  ( -0.000000000000000000, -0.000000000000000000, -1.000000000000000000 ) ) ;
#1273 = DIRECTION ( 'NONE',  ( 0.000000000000000000, 0.000000000000000000, 1.000000000000000000 ) ) ;
#1274 = VECTOR ( 'NONE', #5195, 1000.000000000000000 ) ;
#1275 = VECTOR ( 'NONE', #7264, 1000.000000000000114 ) ;
#1276 = CARTESIAN_POINT ( 'NONE',  ( 1.550000000000000044, 1.000000000000000444, 0.5750000000000001776 ) ) ;
#1277 = CIRCLE ( 'NONE', #3312, 0.6491963590875381440 ) ;
#1278 = PRODUCT_DEFINITION_FORMATION_WITH_SPECIFIED_SOURCE ( 'ANY', '', #2105, .NOT_KNOWN. ) ;
#1279 = DIRECTION ( 'NONE',  ( -1.000000000000000000, 0.000000000000000000, 0.000000000000000000 ) ) ;
#1280 = CARTESIAN_POINT ( 'NONE',  ( 0.9000000000000000222, 0.2500000000000000000, 1.750000000000000000 ) ) ;
#1281 = ORIENTED_EDGE ( 'NONE', *, *, #2232, .F. ) ;
#1282 = VERTEX_POINT ( 'NONE', #8105 ) ;
#1283 = EDGE_CURVE ( 'NONE', #4358, #85, #7471, .T. ) ;
#1284 = EDGE_CURVE ( 'NONE', #472, #1078, #3577, .T. ) ;
#1285 = CIRCLE ( 'NONE', #7867, 0.3036042630400219156 ) ;
#1286 = VECTOR ( 'NONE', #6564, 1000.000000000000000 ) ;
#1287 = CIRCLE ( 'NONE', #6111, 0.1221019057874605518 ) ;
#1288 = VECTOR ( 'NONE', #592, 1000.000000000000000 ) ;
#1289 = DIRECTION ( 'NONE',  ( 0.000000000000000000, -0.000000000000000000, -1.000000000000000000 ) ) ;
#1290 = FACE_OUTER_BOUND ( 'NONE', #653, .T. ) ;
#1291 = EDGE_LOOP ( 'NONE', ( #3906, #5345, #6357, #7849 ) ) ;
#1292 = CARTESIAN_POINT ( 'NONE',  ( 1.729989406634232729, 1.098004453143893278, 1.375000000000000444 ) ) ;
#1293 = CARTESIAN_POINT ( 'NONE',  ( 0.000000000000000000, 2.829999999999999627, -0.4500000000000000111 ) ) ;
#1294 = CARTESIAN_POINT ( 'NONE',  ( 1.002234059486502682, 0.2500000000000000000, -0.07499999999999998335 ) ) ;
#1295 = DIRECTION ( 'NONE',  ( 0.000000000000000000, 0.000000000000000000, 1.000000000000000000 ) ) ;
#1296 = PRESENTATION_LAYER_ASSIGNMENT (  '', '', ( #4933 ) ) ;
#1297 = VERTEX_POINT ( 'NONE', #3616 ) ;
#1298 = ORIENTED_EDGE ( 'NONE', *, *, #3226, .F. ) ;
#1299 = VECTOR ( 'NONE', #6038, 1000.000000000000000 ) ;
#1300 = CARTESIAN_POINT ( 'NONE',  ( 0.000000000000000000, 0.7500000000000000000, -0.3036042630400219156 ) ) ;
#1301 = B_SPLINE_CURVE_WITH_KNOTS ( 'NONE', 3,
 ( #7034, #1268, #598, #4564, #3856, #3308, #7756, #6404, #1391, #3974, #2042, #7080, #4604, #3189, #6474, #82 ),
 .UNSPECIFIED., .F., .F.,
 ( 4, 3, 3, 3, 3, 4 ),
 ( 0.000000000000000000, 2.163731479128514718E-05, 5.518072021987750818E-05, 8.887124345011462423E-05, 0.0001227667512547332370, 0.0001566479966558911917 ),
 .UNSPECIFIED. ) ;
#1302 = ORIENTED_EDGE ( 'NONE', *, *, #6025, .T. ) ;
#1303 = PLANE ( 'NONE',  #754 ) ;
#1304 = ADVANCED_FACE ( 'NONE', ( #8233 ), #8273, .F. ) ;
#1305 = ADVANCED_FACE ( 'NONE', ( #5619 ), #1759, .F. ) ;
#1306 = EDGE_CURVE ( 'NONE', #4744, #857, #7973, .T. ) ;
#1307 = FACE_OUTER_BOUND ( 'NONE', #8002, .T. ) ;
#1308 = AXIS2_PLACEMENT_3D ( 'NONE', #7064, #5171, #4472 ) ;
#1309 = LINE ( 'NONE', #7743, #2609 ) ;
#1310 = ORIENTED_EDGE ( 'NONE', *, *, #3828, .F. ) ;
#1311 = CARTESIAN_POINT ( 'NONE',  ( 0.3250000000000000666, 0.3499999999999999778, 1.322101905787460341 ) ) ;
#1312 = DIRECTION ( 'NONE',  ( -0.000000000000000000, -0.000000000000000000, -1.000000000000000000 ) ) ;
#1313 = CYLINDRICAL_SURFACE ( 'NONE', #4398, 0.2999999999999998224 ) ;
#1314 = EDGE_CURVE ( 'NONE', #7535, #5135, #6791, .T. ) ;
#1315 = DIRECTION ( 'NONE',  ( 2.126576849575776229E-17, -0.9848077530122080203, 0.1736481776669307198 ) ) ;
#1316 = VERTEX_POINT ( 'NONE', #2450 ) ;
#1317 = LINE ( 'NONE', #8261, #2919 ) ;
#1318 = FACE_OUTER_BOUND ( 'NONE', #3561, .T. ) ;
#1319 = EDGE_CURVE ( 'NONE', #7946, #8153, #4991, .T. ) ;
#1320 = DIRECTION ( 'NONE',  ( 0.2071545374561900577, 0.9745854742315084307, -0.08526518063229367173 ) ) ;
#1321 = CARTESIAN_POINT ( 'NONE',  ( -1.050000000000000044, 0.2000000000000000111, -0.2249999999999998390 ) ) ;
#1322 =( BOUNDED_CURVE ( )  B_SPLINE_CURVE ( 3, ( #3798, #6377, #7527, #3004 ),
 .UNSPECIFIED., .F., .F. ) 
 B_SPLINE_CURVE_WITH_KNOTS ( ( 4, 4 ),
 ( 1.570796326794896558, 3.141592653589793116 ),
 .UNSPECIFIED. ) 
 CURVE ( )  GEOMETRIC_REPRESENTATION_ITEM ( )  RATIONAL_B_SPLINE_CURVE ( ( 1.000000000000000000, 0.8047378541243649375, 0.8047378541243649375, 1.000000000000000000 ) ) 
 REPRESENTATION_ITEM ( '' )  );
#1323 = CARTESIAN_POINT ( 'NONE',  ( 1.050000000000000488, 2.849999999999999645, -0.4500000000000000111 ) ) ;
#1324 = CARTESIAN_POINT ( 'NONE',  ( 1.729989406634232729, 1.098004453143893278, 0.5750000000000001776 ) ) ;
#1325 = EDGE_LOOP ( 'NONE', ( #7856, #3836, #4054, #7223 ) ) ;
#1326 = EDGE_LOOP ( 'NONE', ( #8284, #2226, #4910, #6045 ) ) ;
#1327 = VERTEX_POINT ( 'NONE', #1075 ) ;
#1328 = CARTESIAN_POINT ( 'NONE',  ( 1.500000000000000000, 0.2500000000000001665, 1.375000000000000444 ) ) ;
#1329 = AXIS2_PLACEMENT_3D ( 'NONE', #6287, #2992, #3080 ) ;
#1330 = CARTESIAN_POINT ( 'NONE',  ( 0.000000000000000000, 0.3499999999999999778, -0.5000000000000000000 ) ) ;
#1331 = ORIENTED_EDGE ( 'NONE', *, *, #2142, .F. ) ;
#1332 = DIRECTION ( 'NONE',  ( 0.000000000000000000, 0.000000000000000000, -1.000000000000000000 ) ) ;
#1333 = CARTESIAN_POINT ( 'NONE',  ( 1.749999999999999778, 0.2500000000000001665, -0.5749999999999998446 ) ) ;
#1334 = ADVANCED_FACE ( 'NONE', ( #3698 ), #440, .F. ) ;
#1335 = DIRECTION ( 'NONE',  ( 0.000000000000000000, 1.000000000000000000, 0.000000000000000000 ) ) ;
#1336 = CARTESIAN_POINT ( 'NONE',  ( -0.9597227471524998332, 0.05000000000000000971, 0.07499999999999998335 ) ) ;
#1337 = ORIENTED_EDGE ( 'NONE', *, *, #2218, .F. ) ;
#1338 = CARTESIAN_POINT ( 'NONE',  ( 1.500000000000000222, 1.000000000000000444, 0.5750000000000001776 ) ) ;
#1339 = EDGE_LOOP ( 'NONE', ( #2627, #1169, #5664, #5286 ) ) ;
#1340 = LINE ( 'NONE', #3258, #2657 ) ;
#1341 = VECTOR ( 'NONE', #5210, 1000.000000000000000 ) ;
#1342 = CARTESIAN_POINT ( 'NONE',  ( -1.445602896647338917E-16, 2.829999999999999627, -1.400000000000000133 ) ) ;
#1343 = LINE ( 'NONE', #3842, #6207 ) ;
#1344 = ORIENTED_EDGE ( 'NONE', *, *, #1198, .T. ) ;
#1345 = EDGE_CURVE ( 'NONE', #2539, #3026, #1801, .T. ) ;
#1346 = DIRECTION ( 'NONE',  ( -1.000000000000000000, -0.000000000000000000, -0.000000000000000000 ) ) ;
#1347 = EDGE_CURVE ( 'NONE', #4320, #5539, #1167, .T. ) ;
#1348 = DIRECTION ( 'NONE',  ( -0.000000000000000000, -0.000000000000000000, -1.000000000000000000 ) ) ;
#1349 = VERTEX_POINT ( 'NONE', #7838 ) ;
#1350 = CARTESIAN_POINT ( 'NONE',  ( -1.550000000000000044, 0.2499999999999999445, 1.025000000000000355 ) ) ;
#1351 = CARTESIAN_POINT ( 'NONE',  ( -1.351260626809458465, 0.2500000000000000000, 0.7250000000000001998 ) ) ;
#1352 = ORIENTED_EDGE ( 'NONE', *, *, #1258, .T. ) ;
#1353 = EDGE_CURVE ( 'NONE', #2953, #1808, #7681, .T. ) ;
#1354 = EDGE_CURVE ( 'NONE', #3279, #134, #4, .T. ) ;
#1355 = AXIS2_PLACEMENT_3D ( 'NONE', #3790, #4494, #499 ) ;
#1356 = CARTESIAN_POINT ( 'NONE',  ( -1.350000000000000089, 2.849999999999999645, 1.100000000000000089 ) ) ;
#1357 = CARTESIAN_POINT ( 'NONE',  ( 0.9000000000000000222, 0.2500000000000000000, -0.6250000000000003331 ) ) ;
#1358 = AXIS2_PLACEMENT_3D ( 'NONE', #7016, #6936, #6847 ) ;
#1359 = AXIS2_PLACEMENT_3D ( 'NONE', #5021, #4943, #7417 ) ;
#1360 = EDGE_LOOP ( 'NONE', ( #6985, #7270, #7644, #1918 ) ) ;
#1361 = EDGE_CURVE ( 'NONE', #7803, #8330, #3115, .T. ) ;
#1362 = DIRECTION ( 'NONE',  ( 1.000000000000000000, 1.204669080539447865E-16, -0.000000000000000000 ) ) ;
#1363 = SURFACE_STYLE_USAGE ( .BOTH. , #1397 ) ;
#1364 = ORIENTED_EDGE ( 'NONE', *, *, #7533, .F. ) ;
#1365 = ORIENTED_EDGE ( 'NONE', *, *, #7136, .F. ) ;
#1366 = CARTESIAN_POINT ( 'NONE',  ( -1.550000000000000044, 0.2499999999999999445, -0.5749999999999998446 ) ) ;
#1367 = EDGE_LOOP ( 'NONE', ( #3626, #3968, #4407, #6555 ) ) ;
#1368 = CARTESIAN_POINT ( 'NONE',  ( -0.9000000000000000222, 0.2500000000000000000, 1.750000000000000000 ) ) ;
#1369 = LINE ( 'NONE', #8286, #6937 ) ;
#1370 = CARTESIAN_POINT ( 'NONE',  ( -1.350000000000000089, 2.849999999999999645, 1.100000000000000089 ) ) ;
#1371 = ORIENTED_EDGE ( 'NONE', *, *, #4467, .F. ) ;
#1372 = DIRECTION ( 'NONE',  ( -0.000000000000000000, -0.000000000000000000, -1.000000000000000000 ) ) ;
#1373 = ORIENTED_EDGE ( 'NONE', *, *, #1620, .T. ) ;
#1374 = DIRECTION ( 'NONE',  ( -0.000000000000000000, 1.000000000000000000, -0.000000000000000000 ) ) ;
#1375 = ORIENTED_EDGE ( 'NONE', *, *, #133, .F. ) ;
#1376 = AXIS2_PLACEMENT_3D ( 'NONE', #4936, #8124, #1137 ) ;
#1377 = FACE_OUTER_BOUND ( 'NONE', #7925, .T. ) ;
#1378 = SURFACE_STYLE_USAGE ( .BOTH. , #139 ) ;
#1379 = DIRECTION ( 'NONE',  ( 1.084202172485504040E-15, 0.000000000000000000, 1.000000000000000000 ) ) ;
#1380 = VERTEX_POINT ( 'NONE', #687 ) ;
#1381 = FACE_OUTER_BOUND ( 'NONE', #2679, .T. ) ;
#1382 = LINE ( 'NONE', #5175, #3516 ) ;
#1383 = CARTESIAN_POINT ( 'NONE',  ( -1.050000000000000488, 2.829999999999999627, -0.1500000000000000777 ) ) ;
#1384 = ORIENTED_EDGE ( 'NONE', *, *, #1306, .T. ) ;
#1385 = DIRECTION ( 'NONE',  ( -0.000000000000000000, -0.000000000000000000, -1.000000000000000000 ) ) ;
#1386 = EDGE_CURVE ( 'NONE', #1380, #635, #5861, .T. ) ;
#1387 = ORIENTED_EDGE ( 'NONE', *, *, #1601, .F. ) ;
#1388 = CARTESIAN_POINT ( 'NONE',  ( 0.9000000000000000222, 0.2500000000000000000, -0.1750000000000000167 ) ) ;
#1389 = ORIENTED_EDGE ( 'NONE', *, *, #4641, .F. ) ;
#1390 = PLANE ( 'NONE',  #2784 ) ;
#1391 = CARTESIAN_POINT ( 'NONE',  ( 1.721575815442648594, 1.249666136319444565, -1.721098013421837880 ) ) ;
#1392 = DIRECTION ( 'NONE',  ( 0.000000000000000000, -0.000000000000000000, -1.000000000000000000 ) ) ;
#1393 = EDGE_CURVE ( 'NONE', #4227, #802, #7049, .T. ) ;
#1394 = ORIENTED_EDGE ( 'NONE', *, *, #573, .F. ) ;
#1395 = VERTEX_POINT ( 'NONE', #3985 ) ;
#1396 = DIRECTION ( 'NONE',  ( -1.000000000000000000, -1.807003620809174878E-16, 0.000000000000000000 ) ) ;
#1397 = SURFACE_SIDE_STYLE ('',( #7718 ) ) ;
#1398 = VECTOR ( 'NONE', #3009, 1000.000000000000000 ) ;
#1399 = ORIENTED_EDGE ( 'NONE', *, *, #4577, .T. ) ;
#1400 = VECTOR ( 'NONE', #3044, 1000.000000000000000 ) ;
#1401 = VERTEX_POINT ( 'NONE', #3823 ) ;
#1402 = EDGE_CURVE ( 'NONE', #3838, #7308, #6446, .T. ) ;
#1403 = VECTOR ( 'NONE', #2612, 1000.000000000000341 ) ;
#1404 = AXIS2_PLACEMENT_3D ( 'NONE', #1631, #4248, #4997 ) ;
#1405 = AXIS2_PLACEMENT_3D ( 'NONE', #6479, #3277, #7039 ) ;
#1406 = ORIENTED_EDGE ( 'NONE', *, *, #1786, .F. ) ;
#1407 = CARTESIAN_POINT ( 'NONE',  ( 0.000000000000000000, 0.05000000000000000971, 0.000000000000000000 ) ) ;
#1408 =( LENGTH_UNIT ( ) NAMED_UNIT ( * ) SI_UNIT ( .MILLI., .METRE. ) );
#1409 = CARTESIAN_POINT ( 'NONE',  ( -0.8574886876659970625, 0.05000000000000000971, 1.750000000000000000 ) ) ;
#1410 = LINE ( 'NONE', #5792, #924 ) ;
#1411 = VERTEX_POINT ( 'NONE', #3243 ) ;
#1412 = DIRECTION ( 'NONE',  ( 1.000000000000000000, 0.000000000000000000, -0.000000000000000000 ) ) ;
#1413 = ORIENTED_EDGE ( 'NONE', *, *, #70, .T. ) ;
#1414 = VECTOR ( 'NONE', #1116, 1000.000000000000000 ) ;
#1415 = VECTOR ( 'NONE', #7393, 1000.000000000000000 ) ;
#1416 = DIRECTION ( 'NONE',  ( -0.000000000000000000, -0.000000000000000000, -1.000000000000000000 ) ) ;
#1417 = VECTOR ( 'NONE', #2565, 1000.000000000000341 ) ;
#1418 = CONICAL_SURFACE ( 'NONE', #8140, 0.1750000000000000167, 0.1745329251994333364 ) ;
#1419 = EDGE_CURVE ( 'NONE', #4016, #3757, #2685, .T. ) ;
#1420 = EDGE_CURVE ( 'NONE', #6577, #2131, #6363, .T. ) ;
#1421 = DIRECTION ( 'NONE',  ( 1.000000000000000000, 0.000000000000000000, -1.032573497605241978E-16 ) ) ;
#1422 = CARTESIAN_POINT ( 'NONE',  ( 0.5000000000000000000, 0.05000000000000000971, 1.100000000000000089 ) ) ;
#1423 = EDGE_LOOP ( 'NONE', ( #2008, #7684, #325, #151, #3327, #2143, #5637, #3490, #5373, #507 ) ) ;
#1424 = VECTOR ( 'NONE', #2856, 1000.000000000000114 ) ;
#1425 = VECTOR ( 'NONE', #5953, 1000.000000000000114 ) ;
#1426 = VECTOR ( 'NONE', #3592, 1000.000000000000227 ) ;
#1427 = CARTESIAN_POINT ( 'NONE',  ( 0.9000000000000000222, 0.2500000000000000000, -0.9749999999999999778 ) ) ;
#1428 = FACE_OUTER_BOUND ( 'NONE', #1533, .T. ) ;
#1429 = LINE ( 'NONE', #7863, #2907 ) ;
#1430 = ORIENTED_EDGE ( 'NONE', *, *, #6828, .T. ) ;
#1431 = CARTESIAN_POINT ( 'NONE',  ( -0.4471019057874604519, 0.3499999999999999778, 1.200000000000000178 ) ) ;
#1432 = VECTOR ( 'NONE', #5541, 1000.000000000000000 ) ;
#1433 = EDGE_LOOP ( 'NONE', ( #5104, #4616, #7694, #6657 ) ) ;
#1434 = VERTEX_POINT ( 'NONE', #2611 ) ;
#1435 = CYLINDRICAL_SURFACE ( 'NONE', #422, 0.2499999999999997780 ) ;
#1436 = ORIENTED_EDGE ( 'NONE', *, *, #7541, .T. ) ;
#1437 = DIRECTION ( 'NONE',  ( -0.2079116908177522371, -0.9781476007338070211, 0.000000000000000000 ) ) ;
#1438 = EDGE_CURVE ( 'NONE', #3269, #5556, #735, .T. ) ;
#1439 = VECTOR ( 'NONE', #5694, 1000.000000000000000 ) ;
#1440 = ADVANCED_FACE ( 'NONE', ( #3201 ), #7717, .T. ) ;
#1441 = DIRECTION ( 'NONE',  ( 0.9781476007338070211, -0.2079116908177524314, 0.000000000000000000 ) ) ;
#1442 = DIRECTION ( 'NONE',  ( 0.000000000000000000, 0.000000000000000000, 1.000000000000000000 ) ) ;
#1443 = VERTEX_POINT ( 'NONE', #8317 ) ;
#1444 = ORIENTED_EDGE ( 'NONE', *, *, #2752, .T. ) ;
#1445 = DIRECTION ( 'NONE',  ( -1.000000000000000000, -0.000000000000000000, -0.000000000000000000 ) ) ;
#1446 = EDGE_CURVE ( 'NONE', #793, #7671, #8132, .T. ) ;
#1447 =( NAMED_UNIT ( * ) SI_UNIT ( $, .STERADIAN. ) SOLID_ANGLE_UNIT ( ) );
#1448 = VERTEX_POINT ( 'NONE', #121 ) ;
#1449 = VERTEX_POINT ( 'NONE', #4568 ) ;
#1450 = ORIENTED_EDGE ( 'NONE', *, *, #7206, .F. ) ;
#1451 = CARTESIAN_POINT ( 'NONE',  ( 1.050000000000000044, 1.597771622610217113E-16, 0.2250000000000001443 ) ) ;
#1452 = DIRECTION ( 'NONE',  ( -0.000000000000000000, 1.000000000000000000, -0.000000000000000000 ) ) ;
#1453 = PLANE ( 'NONE',  #7649 ) ;
#1454 = ORIENTED_EDGE ( 'NONE', *, *, #7063, .F. ) ;
#1455 = DIRECTION ( 'NONE',  ( 0.1287798954323275680, 0.9781804203664667963, 0.1630300700610810560 ) ) ;
#1456 = EDGE_CURVE ( 'NONE', #2725, #7032, #3963, .T. ) ;
#1457 = ORIENTED_EDGE ( 'NONE', *, *, #7432, .T. ) ;
#1458 = CARTESIAN_POINT ( 'NONE',  ( -1.588139507182082744, 0.2263157894736989029, -0.7289473684210527882 ) ) ;
#1459 = STYLED_ITEM ( 'NONE', ( #304 ), #5179 ) ;
#1460 = CARTESIAN_POINT ( 'NONE',  ( 0.000000000000000000, 0.3499999999999999778, -0.5268201407991910390 ) ) ;
#1461 = DIRECTION ( 'NONE',  ( 0.000000000000000000, 0.000000000000000000, 1.000000000000000000 ) ) ;
#1462 = FACE_OUTER_BOUND ( 'NONE', #2506, .T. ) ;
#1463 = ORIENTED_EDGE ( 'NONE', *, *, #3367, .T. ) ;
#1464 = CARTESIAN_POINT ( 'NONE',  ( 1.500000000000000000, 0.2500000000000001665, 0.5750000000000001776 ) ) ;
#1465 = EDGE_CURVE ( 'NONE', #7752, #6050, #3051, .T. ) ;
#1466 = DIRECTION ( 'NONE',  ( 0.000000000000000000, 1.000000000000000000, 0.000000000000000000 ) ) ;
#1467 = DIRECTION ( 'NONE',  ( -0.000000000000000000, -0.000000000000000000, -1.000000000000000000 ) ) ;
#1468 = CARTESIAN_POINT ( 'NONE',  ( 1.550000000000000044, 0.2500000000000001665, 1.025000000000000355 ) ) ;
#1469 = ORIENTED_EDGE ( 'NONE', *, *, #2115, .F. ) ;
#1470 = AXIS2_PLACEMENT_3D ( 'NONE', #3696, #3745, #2948 ) ;
#1471 = CARTESIAN_POINT ( 'NONE',  ( 1.500000000000000000, 0.2000000000000001499, -1.024999999999999911 ) ) ;
#1472 = LINE ( 'NONE', #763, #7415 ) ;
#1473 = ORIENTED_EDGE ( 'NONE', *, *, #3740, .T. ) ;
#1474 = FACE_OUTER_BOUND ( 'NONE', #1524, .T. ) ;
#1475 = CARTESIAN_POINT ( 'NONE',  ( -0.8574886876659969515, 0.05000000000000000278, -0.9164213562373095812 ) ) ;
#1476 = CARTESIAN_POINT ( 'NONE',  ( -1.592086875603144325, 0.05000000000000000971, -0.07499999999999998335 ) ) ;
#1477 = PLANE ( 'NONE',  #2104 ) ;
#1478 = ADVANCED_FACE ( 'NONE', ( #5113 ), #5267, .F. ) ;
#1479 = VERTEX_POINT ( 'NONE', #1323 ) ;
#1480 = LINE ( 'NONE', #6064, #1967 ) ;
#1481 = FACE_OUTER_BOUND ( 'NONE', #624, .T. ) ;
#1482 = ORIENTED_EDGE ( 'NONE', *, *, #3123, .T. ) ;
#1483 = VERTEX_POINT ( 'NONE', #5780 ) ;
#1484 = CONICAL_SURFACE ( 'NONE', #7123, 0.5268201407991910390, 0.3926990816987291910 ) ;
#1485 = EDGE_CURVE ( 'NONE', #5063, #6485, #5194, .T. ) ;
#1486 = EDGE_CURVE ( 'NONE', #6117, #461, #5939, .T. ) ;
#1487 = VECTOR ( 'NONE', #50, 1000.000000000000000 ) ;
#1488 = ORIENTED_EDGE ( 'NONE', *, *, #5426, .F. ) ;
#1489 = DIRECTION ( 'NONE',  ( 0.000000000000000000, 0.000000000000000000, 1.000000000000000000 ) ) ;
#1490 = CARTESIAN_POINT ( 'NONE',  ( -1.496659178797737910, 0.08309959871096342376, -1.647909443423357656 ) ) ;
#1491 = DIRECTION ( 'NONE',  ( 0.000000000000000000, -1.000000000000000000, 0.000000000000000000 ) ) ;
#1492 = LINE ( 'NONE', #2860, #4438 ) ;
#1493 = ORIENTED_EDGE ( 'NONE', *, *, #7185, .T. ) ;
#1494 = ORIENTED_EDGE ( 'NONE', *, *, #5503, .F. ) ;
#1495 = DIRECTION ( 'NONE',  ( -0.1622214211307765885, 0.9733285267845724897, 0.1622214211307653198 ) ) ;
#1496 = ORIENTED_EDGE ( 'NONE', *, *, #2968, .T. ) ;
#1497 = CARTESIAN_POINT ( 'NONE',  ( 0.3250000000000000111, 0.3499999999999999778, -1.322101905787460341 ) ) ;
#1498 = ADVANCED_FACE ( 'NONE', ( #3426 ), #6104, .F. ) ;
#1499 = EDGE_CURVE ( 'NONE', #4370, #6602, #2084, .T. ) ;
#1500 = CARTESIAN_POINT ( 'NONE',  ( -1.450000000000000400, 1.000000000000000000, 1.750000000000000000 ) ) ;
#1501 = CARTESIAN_POINT ( 'NONE',  ( -0.9000000000000000222, 0.2500000000000000000, 1.750000000000000000 ) ) ;
#1502 = CARTESIAN_POINT ( 'NONE',  ( 1.050000000000000044, 0.2000000000000001776, 0.5750000000000001776 ) ) ;
#1503 = VERTEX_POINT ( 'NONE', #209 ) ;
#1504 = LINE ( 'NONE', #3709, #1154 ) ;
#1505 = LINE ( 'NONE', #4255, #2899 ) ;
#1506 = DIRECTION ( 'NONE',  ( -1.000000000000000000, -0.000000000000000000, -0.000000000000000000 ) ) ;
#1507 = VECTOR ( 'NONE', #6350, 1000.000000000000000 ) ;
#1508 = LINE ( 'NONE', #757, #2645 ) ;
#1509 = ORIENTED_EDGE ( 'NONE', *, *, #2910, .T. ) ;
#1510 = CARTESIAN_POINT ( 'NONE',  ( 1.351260626809458465, 0.2500000000000000000, -0.7250000000000001998 ) ) ;
#1511 = EDGE_CURVE ( 'NONE', #3944, #7489, #4150, .T. ) ;
#1512 = VECTOR ( 'NONE', #5083, 1000.000000000000114 ) ;
#1513 = VERTEX_POINT ( 'NONE', #4025 ) ;
#1514 = DIRECTION ( 'NONE',  ( -0.000000000000000000, -1.000000000000000000, -0.000000000000000000 ) ) ;
#1515 = VERTEX_POINT ( 'NONE', #935 ) ;
#1516 = DIRECTION ( 'NONE',  ( 0.000000000000000000, 0.000000000000000000, 1.000000000000000000 ) ) ;
#1517 = CARTESIAN_POINT ( 'NONE',  ( -1.050000000000000044, 0.2000000000000000111, 0.2250000000000001443 ) ) ;
#1518 = DIRECTION ( 'NONE',  ( 1.000000000000000000, 0.000000000000000000, 0.000000000000000000 ) ) ;
#1519 = LINE ( 'NONE', #2261, #5974 ) ;
#1520 = ORIENTED_EDGE ( 'NONE', *, *, #1874, .T. ) ;
#1521 = ORIENTED_EDGE ( 'NONE', *, *, #2345, .F. ) ;
#1522 = UNCERTAINTY_MEASURE_WITH_UNIT (LENGTH_MEASURE( 1.000000000000000082E-05 ), #5670, 'distance_accuracy_value', 'NONE');
#1523 = DIRECTION ( 'NONE',  ( -0.1305261922200450231, -0.9914448613738112703, 0.000000000000000000 ) ) ;
#1524 = EDGE_LOOP ( 'NONE', ( #3980, #2956, #993, #3844 ) ) ;
#1525 = DIRECTION ( 'NONE',  ( 0.1736481776669307198, -0.9848077530122080203, -1.882697314746350695E-16 ) ) ;
#1526 = CARTESIAN_POINT ( 'NONE',  ( 0.000000000000000000, 0.7500000000000000000, 0.000000000000000000 ) ) ;
#1527 = ORIENTED_EDGE ( 'NONE', *, *, #5909, .F. ) ;
#1528 = EDGE_LOOP ( 'NONE', ( #5484, #1630, #3990, #7314 ) ) ;
#1529 = ORIENTED_EDGE ( 'NONE', *, *, #2076, .F. ) ;
#1530 = LINE ( 'NONE', #2728, #352 ) ;
#1531 = DIRECTION ( 'NONE',  ( 0.9914448613738112703, 0.1305261922200450508, -0.000000000000000000 ) ) ;
#1532 = LINE ( 'NONE', #7968, #5227 ) ;
#1533 = EDGE_LOOP ( 'NONE', ( #7736, #2818, #99 ) ) ;
#1534 = ADVANCED_FACE ( 'NONE', ( #804 ), #4820, .T. ) ;
#1535 = EDGE_LOOP ( 'NONE', ( #5635, #7720, #4304, #3721 ) ) ;
#1536 = EDGE_CURVE ( 'NONE', #945, #6320, #2808, .T. ) ;
#1537 = FACE_OUTER_BOUND ( 'NONE', #968, .T. ) ;
#1538 = ORIENTED_EDGE ( 'NONE', *, *, #7599, .F. ) ;
#1539 = DIRECTION ( 'NONE',  ( -0.000000000000000000, -0.000000000000000000, -1.000000000000000000 ) ) ;
#1540 = EDGE_LOOP ( 'NONE', ( #1444, #690, #1521, #3176 ) ) ;
#1541 =( BOUNDED_CURVE ( )  B_SPLINE_CURVE ( 3, ( #8068, #3404, #6758, #273 ),
 .UNSPECIFIED., .F., .F. ) 
 B_SPLINE_CURVE_WITH_KNOTS ( ( 4, 4 ),
 ( 0.000000000000000000, 1.570796326794897668 ),
 .UNSPECIFIED. ) 
 CURVE ( )  GEOMETRIC_REPRESENTATION_ITEM ( )  RATIONAL_B_SPLINE_CURVE ( ( 1.000000000000000000, 0.8047378541243646044, 0.8047378541243646044, 1.000000000000000000 ) ) 
 REPRESENTATION_ITEM ( '' )  );
#1542 = VECTOR ( 'NONE', #7227, 1000.000000000000000 ) ;
#1543 = VECTOR ( 'NONE', #1362, 1000.000000000000000 ) ;
#1544 = CARTESIAN_POINT ( 'NONE',  ( -0.9000000000000000222, 0.2500000000000000000, -0.1750000000000000167 ) ) ;
#1545 = CARTESIAN_POINT ( 'NONE',  ( 1.729989406634232729, 1.098004453143893278, -1.024999999999999911 ) ) ;
#1546 = CARTESIAN_POINT ( 'NONE',  ( 1.550000000000000044, 0.2500000000000001665, 0.5750000000000001776 ) ) ;
#1547 = ORIENTED_EDGE ( 'NONE', *, *, #1894, .F. ) ;
#1548 = DIRECTION ( 'NONE',  ( 0.000000000000000000, 0.000000000000000000, 1.000000000000000000 ) ) ;
#1549 = DIRECTION ( 'NONE',  ( -1.000000000000000000, 6.023345402697249184E-17, -0.000000000000000000 ) ) ;
#1550 = FACE_OUTER_BOUND ( 'NONE', #1326, .T. ) ;
#1551 = VECTOR ( 'NONE', #4840, 1000.000000000000000 ) ;
#1552 = AXIS2_PLACEMENT_3D ( 'NONE', #8312, #6441, #5775 ) ;
#1553 = VECTOR ( 'NONE', #157, 1000.000000000000000 ) ;
#1554 = EDGE_CURVE ( 'NONE', #2086, #7243, #1480, .T. ) ;
#1555 = DIRECTION ( 'NONE',  ( -1.000000000000000000, -0.000000000000000000, -0.000000000000000000 ) ) ;
#1556 = EDGE_CURVE ( 'NONE', #5823, #4387, #5353, .T. ) ;
#1557 = ORIENTED_EDGE ( 'NONE', *, *, #3812, .F. ) ;
#1558 = DIRECTION ( 'NONE',  ( -1.000000000000000000, -0.000000000000000000, -0.000000000000000000 ) ) ;
#1559 = PRESENTATION_LAYER_ASSIGNMENT (  '', '', ( #5589 ) ) ;
#1560 = AXIS2_PLACEMENT_3D ( 'NONE', #2380, #4218, #6855 ) ;
#1561 = VECTOR ( 'NONE', #5169, 1000.000000000000000 ) ;
#1562 = CARTESIAN_POINT ( 'NONE',  ( -0.9597227471524998332, 0.05000000000000000971, -0.7250000000000000888 ) ) ;
#1563 = ORIENTED_EDGE ( 'NONE', *, *, #3465, .T. ) ;
#1564 = CARTESIAN_POINT ( 'NONE',  ( -1.717086875603152984, 1.000000000000000000, 1.000000000000000000 ) ) ;
#1565 = CARTESIAN_POINT ( 'NONE',  ( 1.450000000000000400, 1.000000000000000000, -0.9999999999999997780 ) ) ;
#1566 = EDGE_CURVE ( 'NONE', #129, #4976, #2169, .T. ) ;
#1567 = LINE ( 'NONE', #800, #5583 ) ;
#1568 = DIRECTION ( 'NONE',  ( 0.000000000000000000, 0.000000000000000000, 1.000000000000000000 ) ) ;
#1569 = STYLED_ITEM ( 'NONE', ( #3052 ), #2383 ) ;
#1570 = EDGE_CURVE ( 'NONE', #2257, #3358, #4731, .T. ) ;
#1571 = LINE ( 'NONE', #5824, #5131 ) ;
#1572 = ORIENTED_EDGE ( 'NONE', *, *, #145, .T. ) ;
#1573 = EDGE_CURVE ( 'NONE', #2148, #1660, #3385, .T. ) ;
#1574 = FACE_OUTER_BOUND ( 'NONE', #4804, .T. ) ;
#1575 = SURFACE_STYLE_USAGE ( .BOTH. , #4066 ) ;
#1576 = ORIENTED_EDGE ( 'NONE', *, *, #5000, .T. ) ;
#1577 = EDGE_CURVE ( 'NONE', #3949, #7516, #8008, .T. ) ;
#1578 = LINE ( 'NONE', #6696, #5334 ) ;
#1579 = DIRECTION ( 'NONE',  ( -0.1287798954323275680, -0.9781804203664667963, 0.1630300700610810560 ) ) ;
#1580 = CARTESIAN_POINT ( 'NONE',  ( -1.592086875603144325, 0.2500000000000160427, 0.07499999999999998335 ) ) ;
#1581 = PLANE ( 'NONE',  #6782 ) ;
#1582 = CARTESIAN_POINT ( 'NONE',  ( -1.592086875603152540, 0.2500000000000149880, 0.7250000000000000888 ) ) ;
#1583 = ORIENTED_EDGE ( 'NONE', *, *, #4891, .T. ) ;
#1584 = PLANE ( 'NONE',  #784 ) ;
#1585 = VERTEX_POINT ( 'NONE', #2269 ) ;
#1586 = CARTESIAN_POINT ( 'NONE',  ( 1.050000000000000044, 0.2000000000000001776, -0.2249999999999998390 ) ) ;
#1587 = ORIENTED_EDGE ( 'NONE', *, *, #44, .T. ) ;
#1588 = FACE_OUTER_BOUND ( 'NONE', #4649, .T. ) ;
#1589 = ADVANCED_FACE ( 'NONE', ( #1574 ), #6649, .T. ) ;
#1590 = DIRECTION ( 'NONE',  ( -0.000000000000000000, -0.000000000000000000, -1.000000000000000000 ) ) ;
#1591 = ORIENTED_EDGE ( 'NONE', *, *, #104, .F. ) ;
#1592 = CARTESIAN_POINT ( 'NONE',  ( -1.351260626809458465, 0.2500000000000000000, 1.750000000000000000 ) ) ;
#1593 = VECTOR ( 'NONE', #4037, 1000.000000000000000 ) ;
#1594 = CARTESIAN_POINT ( 'NONE',  ( -1.500000000000000000, 0.1999999999999999833, -1.024999999999999911 ) ) ;
#1595 = DIRECTION ( 'NONE',  ( -1.000000000000000000, 0.000000000000000000, 0.000000000000000000 ) ) ;
#1596 =( BOUNDED_CURVE ( )  B_SPLINE_CURVE ( 3, ( #3726, #3770, #6226, #5518 ),
 .UNSPECIFIED., .F., .F. ) 
 B_SPLINE_CURVE_WITH_KNOTS ( ( 4, 4 ),
 ( 3.141592653589793116, 4.712388980384689674 ),
 .UNSPECIFIED. ) 
 CURVE ( )  GEOMETRIC_REPRESENTATION_ITEM ( )  RATIONAL_B_SPLINE_CURVE ( ( 1.000000000000000000, 0.8047378541243649375, 0.8047378541243649375, 1.000000000000000000 ) ) 
 REPRESENTATION_ITEM ( '' )  );
#1597 = DIRECTION ( 'NONE',  ( 1.000000000000000000, 0.000000000000000000, -0.000000000000000000 ) ) ;
#1598 = ORIENTED_EDGE ( 'NONE', *, *, #2306, .T. ) ;
#1599 = PLANE ( 'NONE',  #5597 ) ;
#1600 = ORIENTED_EDGE ( 'NONE', *, *, #2473, .T. ) ;
#1601 = EDGE_CURVE ( 'NONE', #2585, #392, #2130, .T. ) ;
#1602 = EDGE_CURVE ( 'NONE', #6204, #5231, #344, .T. ) ;
#1603 = LINE ( 'NONE', #6817, #2049 ) ;
#1604 = ORIENTED_EDGE ( 'NONE', *, *, #4761, .F. ) ;
#1605 = AXIS2_PLACEMENT_3D ( 'NONE', #2057, #699, #4503 ) ;
#1606 = PLANE ( 'NONE',  #4923 ) ;
#1607 = PLANE ( 'NONE',  #807 ) ;
#1608 = LINE ( 'NONE', #4145, #2109 ) ;
#1609 = CARTESIAN_POINT ( 'NONE',  ( -1.223650232948855665, 1.231070506916131624, -1.751656116051130807 ) ) ;
#1610 = VECTOR ( 'NONE', #8150, 1000.000000000000000 ) ;
#1611 = ORIENTED_EDGE ( 'NONE', *, *, #550, .T. ) ;
#1612 = ADVANCED_FACE ( 'NONE', ( #2943 ), #847, .T. ) ;
#1613 = EDGE_CURVE ( 'NONE', #8242, #4822, #7959, .T. ) ;
#1614 = DIRECTION ( 'NONE',  ( -0.000000000000000000, -0.000000000000000000, -1.000000000000000000 ) ) ;
#1615 = VERTEX_POINT ( 'NONE', #7331 ) ;
#1616 = DIRECTION ( 'NONE',  ( 0.9914448613738112703, -0.1305261922200450231, 0.000000000000000000 ) ) ;
#1617 = CYLINDRICAL_SURFACE ( 'NONE', #6271, 0.2550000000000000600 ) ;
#1618 = ORIENTED_EDGE ( 'NONE', *, *, #5055, .F. ) ;
#1619 = ORIENTED_EDGE ( 'NONE', *, *, #4690, .T. ) ;
#1620 = EDGE_CURVE ( 'NONE', #1838, #4194, #7324, .T. ) ;
#1621 = VERTEX_POINT ( 'NONE', #6825 ) ;
#1622 = CARTESIAN_POINT ( 'NONE',  ( -0.3250000000000000111, 0.3499999999999999778, -1.322101905787460341 ) ) ;
#1623 = VECTOR ( 'NONE', #1312, 1000.000000000000000 ) ;
#1624 = DIRECTION ( 'NONE',  ( -0.1305261922200450508, 0.9914448613738112703, 0.000000000000000000 ) ) ;
#1625 =( NAMED_UNIT ( * ) SI_UNIT ( $, .STERADIAN. ) SOLID_ANGLE_UNIT ( ) );
#1626 = B_SPLINE_CURVE_WITH_KNOTS ( 'NONE', 3,
 ( #7490, #7356, #370, #6714, #3590, #3543, #4215, #5549, #3674, #2428, #6136, #6174, #6087, #6850, #2246, #4969 ),
 .UNSPECIFIED., .F., .F.,
 ( 4, 3, 3, 3, 3, 4 ),
 ( 0.000000000000000000, 2.208357269965237202E-05, 5.563844299162013033E-05, 8.920143942827279688E-05, 0.0001229089457200481137, 0.0001566057192891311958 ),
 .UNSPECIFIED. ) ;
#1627 = EDGE_LOOP ( 'NONE', ( #1344, #5184, #6938, #3167 ) ) ;
#1628 = EDGE_LOOP ( 'NONE', ( #7708, #6310, #7191, #5884 ) ) ;
#1629 = CARTESIAN_POINT ( 'NONE',  ( -0.9423467339757670702, 0.2500000000000000000, 0.07500000000000001110 ) ) ;
#1630 = ORIENTED_EDGE ( 'NONE', *, *, #1486, .F. ) ;
#1631 = CARTESIAN_POINT ( 'NONE',  ( -1.500000000000000222, 1.000000000000000000, 1.375000000000000444 ) ) ;
#1632 = AXIS2_PLACEMENT_3D ( 'NONE', #2873, #3584, #368 ) ;
#1633 = CARTESIAN_POINT ( 'NONE',  ( -1.717086875603152984, 1.000000000000000000, -0.5749999999999998446 ) ) ;
#1634 = VECTOR ( 'NONE', #6276, 1000.000000000000000 ) ;
#1635 = VECTOR ( 'NONE', #1722, 1000.000000000000000 ) ;
#1636 = CARTESIAN_POINT ( 'NONE',  ( -1.450000000000000400, 1.000000000000000000, -1.728127834118519113 ) ) ;
#1637 = ORIENTED_EDGE ( 'NONE', *, *, #595, .T. ) ;
#1638 = DIRECTION ( 'NONE',  ( -0.000000000000000000, -0.000000000000000000, -1.000000000000000000 ) ) ;
#1639 = CARTESIAN_POINT ( 'NONE',  ( 1.050000000000000488, 2.829999999999999627, -0.7500000000000001110 ) ) ;
#1640 = DIRECTION ( 'NONE',  ( -0.000000000000000000, 0.000000000000000000, 1.000000000000000000 ) ) ;
#1641 = EDGE_LOOP ( 'NONE', ( #7044, #8195, #2674, #7622 ) ) ;
#1642 = DIRECTION ( 'NONE',  ( -0.000000000000000000, -0.000000000000000000, -1.000000000000000000 ) ) ;
#1643 = CIRCLE ( 'NONE', #5397, 0.2499999999999995837 ) ;
#1644 = ORIENTED_EDGE ( 'NONE', *, *, #9, .T. ) ;
#1645 = CARTESIAN_POINT ( 'NONE',  ( -1.050000000000000044, 0.2000000000000000111, 0.2250000000000001443 ) ) ;
#1646 = CARTESIAN_POINT ( 'NONE',  ( 1.500000000000000222, 1.000000000000000444, 0.5750000000000001776 ) ) ;
#1647 = ORIENTED_EDGE ( 'NONE', *, *, #7647, .F. ) ;
#1648 = DIRECTION ( 'NONE',  ( 0.000000000000000000, 0.000000000000000000, 1.000000000000000000 ) ) ;
#1649 = VERTEX_POINT ( 'NONE', #6319 ) ;
#1650 = PLANE ( 'NONE',  #613 ) ;
#1651 = DIRECTION ( 'NONE',  ( 0.000000000000000000, 0.000000000000000000, 1.000000000000000000 ) ) ;
#1652 = CARTESIAN_POINT ( 'NONE',  ( 0.3250000000000000666, 0.05000000000000000971, -1.200000000000000178 ) ) ;
#1653 = EDGE_CURVE ( 'NONE', #3573, #4606, #1028, .T. ) ;
#1654 = DIRECTION ( 'NONE',  ( -1.000000000000000000, 0.000000000000000000, 0.000000000000000000 ) ) ;
#1655 = ADVANCED_FACE ( 'NONE', ( #7547 ), #6507, .F. ) ;
#1656 = ORIENTED_EDGE ( 'NONE', *, *, #5859, .F. ) ;
#1657 = DIRECTION ( 'NONE',  ( -0.000000000000000000, 1.000000000000000000, -0.000000000000000000 ) ) ;
#1658 = VERTEX_POINT ( 'NONE', #7503 ) ;
#1659 = DIRECTION ( 'NONE',  ( 0.000000000000000000, 0.000000000000000000, -1.000000000000000000 ) ) ;
#1660 = VERTEX_POINT ( 'NONE', #1110 ) ;
#1661 = ADVANCED_FACE ( 'NONE', ( #431 ), #3611, .F. ) ;
#1662 = ORIENTED_EDGE ( 'NONE', *, *, #3234, .F. ) ;
#1663 = LINE ( 'NONE', #4282, #3876 ) ;
#1664 = FACE_OUTER_BOUND ( 'NONE', #7813, .T. ) ;
#1665 = CYLINDRICAL_SURFACE ( 'NONE', #52, 0.1000000000000001166 ) ;
#1666 = DIRECTION ( 'NONE',  ( -0.000000000000000000, -1.000000000000000000, -0.000000000000000000 ) ) ;
#1667 = ORIENTED_EDGE ( 'NONE', *, *, #2804, .T. ) ;
#1668 = ORIENTED_EDGE ( 'NONE', *, *, #3827, .F. ) ;
#1669 = DIRECTION ( 'NONE',  ( -0.000000000000000000, -0.000000000000000000, -1.000000000000000000 ) ) ;
#1670 = EDGE_CURVE ( 'NONE', #2001, #1145, #3691, .T. ) ;
#1671 = ORIENTED_EDGE ( 'NONE', *, *, #6788, .F. ) ;
#1672 = ORIENTED_EDGE ( 'NONE', *, *, #6209, .T. ) ;
#1673 = FACE_OUTER_BOUND ( 'NONE', #3347, .T. ) ;
#1674 = DIRECTION ( 'NONE',  ( 0.000000000000000000, -0.000000000000000000, -1.000000000000000000 ) ) ;
#1675 = DIRECTION ( 'NONE',  ( -1.000000000000000000, 0.000000000000000000, 0.000000000000000000 ) ) ;
#1676 = ORIENTED_EDGE ( 'NONE', *, *, #1927, .T. ) ;
#1677 = DIRECTION ( 'NONE',  ( -0.000000000000000000, -0.000000000000000000, -1.000000000000000000 ) ) ;
#1678 = DIRECTION ( 'NONE',  ( -1.000000000000000000, 0.000000000000000000, 0.000000000000000000 ) ) ;
#1679 = CARTESIAN_POINT ( 'NONE',  ( 1.717086875603152984, 1.000000000000000444, -1.024999999999999911 ) ) ;
#1680 = EDGE_LOOP ( 'NONE', ( #4426, #1158, #4909, #231, #819, #2844, #5232, #7171, #4216, #5889, #6822, #4949 ) ) ;
#1681 = ORIENTED_EDGE ( 'NONE', *, *, #5143, .F. ) ;
#1682 = CARTESIAN_POINT ( 'NONE',  ( 1.050000000000000488, 2.829999999999999627, -1.100000000000000533 ) ) ;
#1683 = ADVANCED_FACE ( 'NONE', ( #6193 ), #3723, .F. ) ;
#1684 = VERTEX_POINT ( 'NONE', #8186 ) ;
#1685 = AXIS2_PLACEMENT_3D ( 'NONE', #3621, #7519, #2957 ) ;
#1686 = FACE_OUTER_BOUND ( 'NONE', #1433, .T. ) ;
#1687 = AXIS2_PLACEMENT_3D ( 'NONE', #3961, #6499, #755 ) ;
#1688 = EDGE_CURVE ( 'NONE', #1443, #7542, #3025, .T. ) ;
#1689 = ORIENTED_EDGE ( 'NONE', *, *, #2189, .T. ) ;
#1690 = DIRECTION ( 'NONE',  ( 0.2079116908177522649, -0.9781476007338071321, 0.000000000000000000 ) ) ;
#1691 = ORIENTED_EDGE ( 'NONE', *, *, #6520, .T. ) ;
#1692 = AXIS2_PLACEMENT_3D ( 'NONE', #7086, #3320, #88 ) ;
#1693 = AXIS2_PLACEMENT_3D ( 'NONE', #4466, #1944, #3800 ) ;
#1694 = CARTESIAN_POINT ( 'NONE',  ( -1.050000000000000266, 2.829999999999999627, 1.100000000000000089 ) ) ;
#1695 = CARTESIAN_POINT ( 'NONE',  ( 1.749999999999999778, 0.2500000000000001665, -1.024999999999999911 ) ) ;
#1696 = DIRECTION ( 'NONE',  ( 0.000000000000000000, 0.000000000000000000, 1.000000000000000000 ) ) ;
#1697 = CARTESIAN_POINT ( 'NONE',  ( 1.592086875603161200, 0.05000000000000000971, -0.07499999999999998335 ) ) ;
#1698 = VECTOR ( 'NONE', #6010, 1000.000000000000000 ) ;
#1699 = VECTOR ( 'NONE', #7095, 1000.000000000000000 ) ;
#1700 = VECTOR ( 'NONE', #7916, 999.9999999999998863 ) ;
#1701 = CIRCLE ( 'NONE', #6112, 0.2499999999999995837 ) ;
#1702 = ORIENTED_EDGE ( 'NONE', *, *, #4525, .T. ) ;
#1703 = DIRECTION ( 'NONE',  ( 1.000000000000000000, 0.000000000000000000, 0.000000000000000000 ) ) ;
#1704 = ORIENTED_EDGE ( 'NONE', *, *, #7725, .F. ) ;
#1705 = EDGE_CURVE ( 'NONE', #5116, #7946, #5564, .T. ) ;
#1706 = VECTOR ( 'NONE', #6909, 1000.000000000000000 ) ;
#1707 = DIRECTION ( 'NONE',  ( -0.000000000000000000, -1.000000000000000000, -0.000000000000000000 ) ) ;
#1708 = ORIENTED_EDGE ( 'NONE', *, *, #7795, .T. ) ;
#1709 = STYLED_ITEM ( 'NONE', ( #223 ), #2591 ) ;
#1710 = CARTESIAN_POINT ( 'NONE',  ( 1.592086875603152984, 1.000000000000000000, 0.7250000000000000888 ) ) ;
#1711 = ADVANCED_FACE ( 'NONE', ( #6154 ), #1152, .T. ) ;
#1712 = ADVANCED_FACE ( 'NONE', ( #6232 ), #476, .F. ) ;
#1713 = EDGE_CURVE ( 'NONE', #4049, #6117, #2403, .T. ) ;
#1714 = CARTESIAN_POINT ( 'NONE',  ( -1.592086875603144325, 0.2500000000000160427, -0.07499999999999998335 ) ) ;
#1715 = CARTESIAN_POINT ( 'NONE',  ( -1.592086875603135887, 0.2500000000000152101, -0.7250000000000000888 ) ) ;
#1716 = DIRECTION ( 'NONE',  ( -0.1305261922200450508, 0.9914448613738112703, 0.000000000000000000 ) ) ;
#1717 = AXIS2_PLACEMENT_3D ( 'NONE', #7653, #2055, #5085 ) ;
#1718 = LINE ( 'NONE', #3787, #6023 ) ;
#1719 = ORIENTED_EDGE ( 'NONE', *, *, #4690, .F. ) ;
#1720 = ORIENTED_EDGE ( 'NONE', *, *, #3623, .F. ) ;
#1721 = VECTOR ( 'NONE', #2987, 1000.000000000000114 ) ;
#1722 = DIRECTION ( 'NONE',  ( 0.000000000000000000, 1.000000000000000000, 0.000000000000000000 ) ) ;
#1723 = ORIENTED_EDGE ( 'NONE', *, *, #3558, .T. ) ;
#1724 = LINE ( 'NONE', #4333, #327 ) ;
#1725 = VERTEX_POINT ( 'NONE', #1751 ) ;
#1726 = CARTESIAN_POINT ( 'NONE',  ( -0.3250000000000000111, 0.05000000000000000971, -1.100000000000000089 ) ) ;
#1727 = EDGE_CURVE ( 'NONE', #94, #2277, #8139, .T. ) ;
#1728 = LINE ( 'NONE', #4293, #3686 ) ;
#1729 = EDGE_CURVE ( 'NONE', #6981, #7645, #5612, .T. ) ;
#1730 = ORIENTED_EDGE ( 'NONE', *, *, #7150, .F. ) ;
#1731 = CARTESIAN_POINT ( 'NONE',  ( 0.000000000000000000, 0.7500000000000000000, 0.000000000000000000 ) ) ;
#1732 = LINE ( 'NONE', #6341, #5035 ) ;
#1733 = CARTESIAN_POINT ( 'NONE',  ( 0.8574886876659970625, 0.05000000000000000971, -0.6250000000000003331 ) ) ;
#1734 = ORIENTED_EDGE ( 'NONE', *, *, #6036, .F. ) ;
#1735 = CARTESIAN_POINT ( 'NONE',  ( -1.717086875603152984, 1.000000000000000000, -0.2249999999999998390 ) ) ;
#1736 = ORIENTED_EDGE ( 'NONE', *, *, #8190, .T. ) ;
#1737 = CARTESIAN_POINT ( 'NONE',  ( 0.9597227471524999443, 0.05000000000000000971, -0.07499999999999998335 ) ) ;
#1738 = CARTESIAN_POINT ( 'NONE',  ( -1.500000000000000000, 0.2499999999999999445, -0.5749999999999998446 ) ) ;
#1739 = EDGE_LOOP ( 'NONE', ( #5127, #2735, #8208, #5641 ) ) ;
#1740 = EDGE_CURVE ( 'NONE', #5794, #8010, #3149, .T. ) ;
#1741 = DIRECTION ( 'NONE',  ( 0.9781476007338071321, 0.2079116908177522371, 0.000000000000000000 ) ) ;
#1742 = ORIENTED_EDGE ( 'NONE', *, *, #5117, .T. ) ;
#1743 = DIRECTION ( 'NONE',  ( -1.000000000000000000, 0.000000000000000000, 0.000000000000000000 ) ) ;
#1744 = DIRECTION ( 'NONE',  ( 0.000000000000000000, -1.000000000000000000, 0.000000000000000000 ) ) ;
#1745 = FACE_OUTER_BOUND ( 'NONE', #596, .T. ) ;
#1746 = AXIS2_PLACEMENT_3D ( 'NONE', #6923, #3747, #5077 ) ;
#1747 = EDGE_LOOP ( 'NONE', ( #4929, #3632, #1450, #8067 ) ) ;
#1748 = CARTESIAN_POINT ( 'NONE',  ( -1.500000000000000000, 0.1999999999999999833, 1.375000000000000444 ) ) ;
#1749 = VERTEX_POINT ( 'NONE', #6279 ) ;
#1750 =( NAMED_UNIT ( * ) PLANE_ANGLE_UNIT ( ) SI_UNIT ( $, .RADIAN. ) );
#1751 = CARTESIAN_POINT ( 'NONE',  ( 1.610018138358533246, 2.849999999999999645, -0.8550000000000009814 ) ) ;
#1752 = ORIENTED_EDGE ( 'NONE', *, *, #950, .F. ) ;
#1753 = ORIENTED_EDGE ( 'NONE', *, *, #4101, .F. ) ;
#1754 = VERTEX_POINT ( 'NONE', #522 ) ;
#1755 = EDGE_CURVE ( 'NONE', #129, #642, #1287, .T. ) ;
#1756 = CARTESIAN_POINT ( 'NONE',  ( -1.592086875603152540, 1.000000000000000000, 0.7250000000000000888 ) ) ;
#1757 = DIRECTION ( 'NONE',  ( -0.000000000000000000, -0.000000000000000000, -1.000000000000000000 ) ) ;
#1758 = CARTESIAN_POINT ( 'NONE',  ( -1.050000000000000044, 0.000000000000000000, -1.024999999999999911 ) ) ;
#1759 = PLANE ( 'NONE',  #2646 ) ;
#1760 = FACE_OUTER_BOUND ( 'NONE', #3119, .T. ) ;
#1761 = EDGE_LOOP ( 'NONE', ( #7017, #4252, #6134, #810 ) ) ;
#1762 = DIRECTION ( 'NONE',  ( -0.1736481776669307198, -0.9848077530122080203, 1.882697314746350695E-16 ) ) ;
#1763 = ORIENTED_EDGE ( 'NONE', *, *, #3281, .F. ) ;
#1764 = CARTESIAN_POINT ( 'NONE',  ( 1.050000000000000044, 0.2000000000000001776, 0.5750000000000001776 ) ) ;
#1765 = EDGE_CURVE ( 'NONE', #7556, #4074, #1196, .T. ) ;
#1766 = DIRECTION ( 'NONE',  ( 0.000000000000000000, 0.000000000000000000, 1.000000000000000000 ) ) ;
#1767 = CARTESIAN_POINT ( 'NONE',  ( -1.592086875603144325, 0.2500000000000158207, -0.07499999999999998335 ) ) ;
#1768 = ORIENTED_EDGE ( 'NONE', *, *, #5402, .T. ) ;
#1769 = DIRECTION ( 'NONE',  ( -0.9863939238321459690, 0.1643989873053438300, -1.425933913527086018E-15 ) ) ;
#1770 = CARTESIAN_POINT ( 'NONE',  ( -1.351260626809458465, 0.2500000000000000000, -0.7250000000000001998 ) ) ;
#1771 = PLANE ( 'NONE',  #2322 ) ;
#1772 = ORIENTED_EDGE ( 'NONE', *, *, #572, .T. ) ;
#1773 = DIRECTION ( 'NONE',  ( 0.000000000000000000, 0.000000000000000000, 1.000000000000000000 ) ) ;
#1774 = ORIENTED_EDGE ( 'NONE', *, *, #5860, .T. ) ;
#1775 = FACE_OUTER_BOUND ( 'NONE', #6567, .T. ) ;
#1776 = EDGE_CURVE ( 'NONE', #4049, #3453, #7152, .T. ) ;
#1777 = CIRCLE ( 'NONE', #7935, 0.2999999999999997113 ) ;
#1778 = EDGE_CURVE ( 'NONE', #3757, #4387, #3588, .T. ) ;
#1779 = ORIENTED_EDGE ( 'NONE', *, *, #3072, .T. ) ;
#1780 = FACE_OUTER_BOUND ( 'NONE', #5519, .T. ) ;
#1781 = ORIENTED_EDGE ( 'NONE', *, *, #7580, .T. ) ;
#1782 = DIRECTION ( 'NONE',  ( -0.000000000000000000, -0.000000000000000000, -1.000000000000000000 ) ) ;
#1783 = VECTOR ( 'NONE', #8134, 1000.000000000000000 ) ;
#1784 = CARTESIAN_POINT ( 'NONE',  ( 1.712567957151221121, 1.249732884339956662, 1.729115426028891234 ) ) ;
#1785 = DIRECTION ( 'NONE',  ( 0.000000000000000000, 0.000000000000000000, 1.000000000000000000 ) ) ;
#1786 = EDGE_CURVE ( 'NONE', #6812, #5336, #681, .T. ) ;
#1787 = VECTOR ( 'NONE', #6681, 1000.000000000000000 ) ;
#1788 = VERTEX_POINT ( 'NONE', #4442 ) ;
#1789 = UNCERTAINTY_MEASURE_WITH_UNIT (LENGTH_MEASURE( 1.000000000000000082E-05 ), #3294, 'distance_accuracy_value', 'NONE');
#1790 = CARTESIAN_POINT ( 'NONE',  ( -1.592086875603135887, 0.2500000000000149880, -0.7250000000000000888 ) ) ;
#1791 = ORIENTED_EDGE ( 'NONE', *, *, #1778, .T. ) ;
#1792 = CARTESIAN_POINT ( 'NONE',  ( -1.750000000000000222, 1.249999999999999778, 1.750000000000000000 ) ) ;
#1793 = CARTESIAN_POINT ( 'NONE',  ( -1.750000000000000222, 1.249999999999999778, 1.750000000000000000 ) ) ;
#1794 = AXIS2_PLACEMENT_3D ( 'NONE', #3053, #4179, #1011 ) ;
#1795 = VERTEX_POINT ( 'NONE', #1878 ) ;
#1796 = EDGE_CURVE ( 'NONE', #1658, #2257, #1317, .T. ) ;
#1797 = DIRECTION ( 'NONE',  ( 0.000000000000000000, 0.1643989873053605111, -0.9863939238321431935 ) ) ;
#1798 = VECTOR ( 'NONE', #41, 1000.000000000000000 ) ;
#1799 = DIRECTION ( 'NONE',  ( 0.000000000000000000, -1.000000000000000000, 0.000000000000000000 ) ) ;
#1800 = CARTESIAN_POINT ( 'NONE',  ( -1.500000000000000000, 0.2499999999999999445, 0.5750000000000001776 ) ) ;
#1801 = LINE ( 'NONE', #4368, #3185 ) ;
#1802 = LINE ( 'NONE', #4285, #6435 ) ;
#1803 = ORIENTED_EDGE ( 'NONE', *, *, #5293, .T. ) ;
#1804 = ORIENTED_EDGE ( 'NONE', *, *, #5241, .F. ) ;
#1805 = DIRECTION ( 'NONE',  ( 0.000000000000000000, -0.000000000000000000, -1.000000000000000000 ) ) ;
#1806 = LINE ( 'NONE', #4374, #8077 ) ;
#1807 = CARTESIAN_POINT ( 'NONE',  ( 1.351260626809458465, 0.2500000000000000555, -1.662511336474075341 ) ) ;
#1808 = VERTEX_POINT ( 'NONE', #1356 ) ;
#1809 = ADVANCED_FACE ( 'NONE', ( #4527 ), #2524, .F. ) ;
#1810 = DIRECTION ( 'NONE',  ( -0.000000000000000000, -0.000000000000000000, -1.000000000000000000 ) ) ;
#1811 = EDGE_CURVE ( 'NONE', #107, #4332, #5225, .T. ) ;
#1812 = DIRECTION ( 'NONE',  ( 0.000000000000000000, 0.000000000000000000, 1.000000000000000000 ) ) ;
#1813 = CARTESIAN_POINT ( 'NONE',  ( 1.610018138358533246, 2.849999999999999645, 1.750000000000000000 ) ) ;
#1814 = ORIENTED_EDGE ( 'NONE', *, *, #6385, .T. ) ;
#1815 = CARTESIAN_POINT ( 'NONE',  ( 1.717086875603152984, 1.000000000000000000, 1.728127834118518891 ) ) ;
#1816 = ORIENTED_EDGE ( 'NONE', *, *, #4666, .T. ) ;
#1817 = PLANE ( 'NONE',  #5060 ) ;
#1818 = ORIENTED_EDGE ( 'NONE', *, *, #7185, .F. ) ;
#1819 = CARTESIAN_POINT ( 'NONE',  ( 1.050000000000000488, 2.829999999999999627, -0.1500000000000000777 ) ) ;
#1820 = CARTESIAN_POINT ( 'NONE',  ( 1.350000000000000311, 2.829999999999999627, -1.100000000000000533 ) ) ;
#1821 = ORIENTED_EDGE ( 'NONE', *, *, #5393, .F. ) ;
#1822 = DIRECTION ( 'NONE',  ( -0.000000000000000000, -0.000000000000000000, -1.000000000000000000 ) ) ;
#1823 = EDGE_CURVE ( 'NONE', #7516, #2429, #4823, .T. ) ;
#1824 = CARTESIAN_POINT ( 'NONE',  ( 1.042614886054233247, 0.4399768525161794064, -0.8750000000000000000 ) ) ;
#1825 = CONICAL_SURFACE ( 'NONE', #4653, 0.5268201407991910390, 0.3926990816987291910 ) ;
#1826 = VECTOR ( 'NONE', #5881, 1000.000000000000000 ) ;
#1827 = LINE ( 'NONE', #3061, #4260 ) ;
#1828 = AXIS2_PLACEMENT_3D ( 'NONE', #3427, #210, #7242 ) ;
#1829 = VECTOR ( 'NONE', #7478, 1000.000000000000000 ) ;
#1830 = VECTOR ( 'NONE', #2949, 1000.000000000000000 ) ;
#1831 = DIRECTION ( 'NONE',  ( 1.000000000000000000, 0.000000000000000000, 0.000000000000000000 ) ) ;
#1832 = ORIENTED_EDGE ( 'NONE', *, *, #2132, .T. ) ;
#1833 = EDGE_CURVE ( 'NONE', #6233, #5114, #1301, .T. ) ;
#1834 = CARTESIAN_POINT ( 'NONE',  ( -0.3250000000000000111, 0.05000000000000000971, 1.375000000000000222 ) ) ;
#1836 = ORIENTED_EDGE ( 'NONE', *, *, #3073, .T. ) ;
#1835 = CARTESIAN_POINT ( 'NONE',  ( 1.050000000000000488, 2.829999999999999627, -1.050000000000000044 ) ) ;
#1837 = AXIS2_PLACEMENT_3D ( 'NONE', #3882, #6425, #2628 ) ;
#1838 = VERTEX_POINT ( 'NONE', #5066 ) ;
#1839 = AXIS2_PLACEMENT_3D ( 'NONE', #7883, #7284, #7374 ) ;
#1840 = VECTOR ( 'NONE', #3975, 1000.000000000000000 ) ;
#1841 = DIRECTION ( 'NONE',  ( 0.000000000000000000, 0.1643989873053604833, -0.9863939238321431935 ) ) ;
#1842 = MECHANICAL_DESIGN_GEOMETRIC_PRESENTATION_REPRESENTATION (  '', ( #5187 ), #7465 ) ;
#1843 = COLOUR_RGB ( '',0.7921568627450980005, 0.8196078431372548767, 0.9333333333333333481 ) ;
#1844 = VECTOR ( 'NONE', #4302, 1000.000000000000000 ) ;
#1845 = ADVANCED_FACE ( 'NONE', ( #3897 ), #3236, .F. ) ;
#1846 = DIRECTION ( 'NONE',  ( -0.000000000000000000, -0.000000000000000000, -1.000000000000000000 ) ) ;
#1847 = CARTESIAN_POINT ( 'NONE',  ( 1.500000000000000000, 0.2000000000000001499, -1.375000000000000000 ) ) ;
#1848 = CARTESIAN_POINT ( 'NONE',  ( -0.8999999999999999112, 0.2500000000000000000, 0.6835786437626905077 ) ) ;
#1849 = EDGE_CURVE ( 'NONE', #7535, #3573, #4397, .T. ) ;
#1850 = LINE ( 'NONE', #1324, #1274 ) ;
#1851 = ORIENTED_EDGE ( 'NONE', *, *, #6911, .T. ) ;
#1852 = EDGE_LOOP ( 'NONE', ( #2290, #2024, #2993, #916 ) ) ;
#1853 = ORIENTED_EDGE ( 'NONE', *, *, #2424, .T. ) ;
#1854 = PRESENTATION_LAYER_ASSIGNMENT (  '', '', ( #1709 ) ) ;
#1855 = CARTESIAN_POINT ( 'NONE',  ( 1.500000000000000000, 2.710505431213761085E-16, 0.5750000000000001776 ) ) ;
#1856 = CARTESIAN_POINT ( 'NONE',  ( -0.3250000000000000111, 0.05000000000000000971, -0.9250000000000000444 ) ) ;
#1857 = ORIENTED_EDGE ( 'NONE', *, *, #8238, .F. ) ;
#1858 = AXIS2_PLACEMENT_3D ( 'NONE', #1368, #7164, #5235 ) ;
#1859 = SURFACE_STYLE_USAGE ( .BOTH. , #4168 ) ;
#1860 = DIRECTION ( 'NONE',  ( -6.023345402697249184E-17, -1.000000000000000000, 0.000000000000000000 ) ) ;
#1861 = DIRECTION ( 'NONE',  ( -0.1305261922200450231, -0.9914448613738112703, 0.000000000000000000 ) ) ;
#1862 = ORIENTED_EDGE ( 'NONE', *, *, #1976, .F. ) ;
#1863 = DIRECTION ( 'NONE',  ( -1.000000000000000000, 0.000000000000000000, 0.000000000000000000 ) ) ;
#1864 = ORIENTED_EDGE ( 'NONE', *, *, #3976, .F. ) ;
#1865 = LINE ( 'NONE', #7021, #6260 ) ;
#1866 = VECTOR ( 'NONE', #2855, 1000.000000000000000 ) ;
#1867 = EDGE_CURVE ( 'NONE', #1684, #2148, #8347, .T. ) ;
#1868 = CARTESIAN_POINT ( 'NONE',  ( -1.592086875603135887, 0.2500000000000149880, -0.7250000000000000888 ) ) ;
#1869 = DIRECTION ( 'NONE',  ( 0.000000000000000000, 1.000000000000000000, 0.000000000000000000 ) ) ;
#1870 = EDGE_LOOP ( 'NONE', ( #7244, #297, #1120, #4027, #5698, #700, #5565, #1704, #196, #4382 ) ) ;
#1871 = DIRECTION ( 'NONE',  ( 0.000000000000000000, 1.000000000000000000, 0.000000000000000000 ) ) ;
#1872 = PLANE ( 'NONE',  #6865 ) ;
#1873 = CARTESIAN_POINT ( 'NONE',  ( -1.180258028277714422, 1.087536923784016896, -0.7250000000000000888 ) ) ;
#1874 = EDGE_CURVE ( 'NONE', #962, #7293, #37, .T. ) ;
#1875 = CARTESIAN_POINT ( 'NONE',  ( 1.717086875603152984, 1.000000000000000000, 0.6000000000000000888 ) ) ;
#1876 = ORIENTED_EDGE ( 'NONE', *, *, #6750, .F. ) ;
#1877 = CARTESIAN_POINT ( 'NONE',  ( -1.351260626809458465, 0.2500000000000000000, 1.662511336474075785 ) ) ;
#1879 = ORIENTED_EDGE ( 'NONE', *, *, #5213, .T. ) ;
#1878 = CARTESIAN_POINT ( 'NONE',  ( -1.750000000000000222, 1.249999999999999778, 1.650380530190825201 ) ) ;
#1880 = VECTOR ( 'NONE', #5455, 1000.000000000000000 ) ;
#1881 = ORIENTED_EDGE ( 'NONE', *, *, #7029, .F. ) ;
#1882 = EDGE_CURVE ( 'NONE', #5091, #3673, #2603, .T. ) ;
#1883 = ADVANCED_FACE ( 'NONE', ( #7711 ), #6727, .F. ) ;
#1884 = EDGE_CURVE ( 'NONE', #4856, #7773, #7952, .T. ) ;
#1885 = LINE ( 'NONE', #7678, #5320 ) ;
#1886 = COLOUR_RGB ( '',0.7921568627450980005, 0.8196078431372548767, 0.9333333333333333481 ) ;
#1887 = CARTESIAN_POINT ( 'NONE',  ( 1.500000000000000000, 0.2500000000000001665, -1.024999999999999911 ) ) ;
#1888 = DIRECTION ( 'NONE',  ( 1.000000000000000000, -0.000000000000000000, -0.000000000000000000 ) ) ;
#1889 = CARTESIAN_POINT ( 'NONE',  ( -1.717086875603152984, 1.000000000000000000, 0.1999999999999998723 ) ) ;
#1890 = EDGE_LOOP ( 'NONE', ( #5941, #1529, #1181, #7386 ) ) ;
#1891 = ORIENTED_EDGE ( 'NONE', *, *, #60, .F. ) ;
#1892 = ORIENTED_EDGE ( 'NONE', *, *, #2805, .T. ) ;
#1893 = ORIENTED_EDGE ( 'NONE', *, *, #1953, .T. ) ;
#1894 = EDGE_CURVE ( 'NONE', #2452, #7202, #2209, .T. ) ;
#1895 = CARTESIAN_POINT ( 'NONE',  ( -1.355254552287707082, 0.2803368758773254199, 0.8800561459795518404 ) ) ;
#1896 = LINE ( 'NONE', #7605, #6891 ) ;
#1897 = ORIENTED_EDGE ( 'NONE', *, *, #2641, .F. ) ;
#1898 = PLANE ( 'NONE',  #1858 ) ;
#1899 = DIRECTION ( 'NONE',  ( -1.000000000000000000, 0.000000000000000000, 0.000000000000000000 ) ) ;
#1900 = CARTESIAN_POINT ( 'NONE',  ( -1.002234059486502682, 0.2500000000000000000, -0.07499999999999998335 ) ) ;
#1901 = CARTESIAN_POINT ( 'NONE',  ( -0.3250000000000000111, 0.05000000000000000971, 1.100000000000000089 ) ) ;
#1902 = EDGE_LOOP ( 'NONE', ( #7461, #3778, #5306, #89 ) ) ;
#1903 = PLANE ( 'NONE',  #1693 ) ;
#1904 = ORIENTED_EDGE ( 'NONE', *, *, #4082, .T. ) ;
#1905 = DIRECTION ( 'NONE',  ( 0.1305261922200450231, -0.9914448613738112703, 0.000000000000000000 ) ) ;
#1906 = EDGE_CURVE ( 'NONE', #6837, #3481, #4060, .T. ) ;
#1907 = CARTESIAN_POINT ( 'NONE',  ( 1.050000000000000044, 1.597771622610217113E-16, 1.375000000000000444 ) ) ;
#1908 = CARTESIAN_POINT ( 'NONE',  ( 0.8998354216417643325, 0.04999999999999999584, -0.7250000000000003109 ) ) ;
#1909 = ORIENTED_EDGE ( 'NONE', *, *, #7402, .T. ) ;
#1910 = LINE ( 'NONE', #512, #3706 ) ;
#1911 = DIRECTION ( 'NONE',  ( 0.2079116908177522371, 0.9781476007338070211, -0.000000000000000000 ) ) ;
#1912 = VECTOR ( 'NONE', #3509, 1000.000000000000000 ) ;
#1913 = VECTOR ( 'NONE', #5391, 1000.000000000000227 ) ;
#1914 = CARTESIAN_POINT ( 'NONE',  ( -1.592086875603152540, 0.2500000000000152101, 0.8750000000000000000 ) ) ;
#1915 = CARTESIAN_POINT ( 'NONE',  ( 1.717086875603152984, 1.000000000000000000, -1.687157395599251375 ) ) ;
#1916 = VECTOR ( 'NONE', #504, 1000.000000000000000 ) ;
#1917 = VECTOR ( 'NONE', #4359, 1000.000000000000000 ) ;
#1918 = ORIENTED_EDGE ( 'NONE', *, *, #133, .T. ) ;
#1919 = ADVANCED_FACE ( 'NONE', ( #5348 ), #4724, .F. ) ;
#1920 = EDGE_CURVE ( 'NONE', #5425, #4686, #4099, .T. ) ;
#1921 = DIRECTION ( 'NONE',  ( 0.000000000000000000, 0.000000000000000000, 1.000000000000000000 ) ) ;
#1922 = LINE ( 'NONE', #7035, #615 ) ;
#1923 = CARTESIAN_POINT ( 'NONE',  ( -1.592086875603135887, 0.2500000000000149880, -0.7250000000000000888 ) ) ;
#1924 = DIRECTION ( 'NONE',  ( -0.1622214211307671239, -0.9733285267845739330, -0.1622214211307655418 ) ) ;
#1925 = AXIS2_PLACEMENT_3D ( 'NONE', #548, #3141, #5680 ) ;
#1926 = LINE ( 'NONE', #3276, #8218 ) ;
#1927 = EDGE_CURVE ( 'NONE', #7683, #414, #3510, .T. ) ;
#1928 = EDGE_CURVE ( 'NONE', #6509, #5629, #1567, .T. ) ;
#1929 = CARTESIAN_POINT ( 'NONE',  ( 1.750000000000000666, 2.829999999999999627, -0.8550000000000008704 ) ) ;
#1930 = ADVANCED_FACE ( 'NONE', ( #7194 ), #6593, .T. ) ;
#1931 = ORIENTED_EDGE ( 'NONE', *, *, #4069, .T. ) ;
#1932 = ORIENTED_EDGE ( 'NONE', *, *, #6071, .F. ) ;
#1933 = ORIENTED_EDGE ( 'NONE', *, *, #1950, .F. ) ;
#1934 = VECTOR ( 'NONE', #2754, 1000.000000000000000 ) ;
#1935 = CYLINDRICAL_SURFACE ( 'NONE', #3380, 0.2499999999999997780 ) ;
#1936 = CARTESIAN_POINT ( 'NONE',  ( -1.350000000000000533, 2.829999999999999627, 4.683753385137381127E-16 ) ) ;
#1937 = ORIENTED_EDGE ( 'NONE', *, *, #3623, .T. ) ;
#1938 = CARTESIAN_POINT ( 'NONE',  ( -1.050000000000000488, 2.849999999999999645, -0.4500000000000000111 ) ) ;
#1939 = EDGE_CURVE ( 'NONE', #5782, #6527, #7875, .T. ) ;
#1940 = CARTESIAN_POINT ( 'NONE',  ( -1.657741589945756600, 1.250040062673927643, 1.749996494970756933 ) ) ;
#1941 = PLANE ( 'NONE',  #1605 ) ;
#1942 = ORIENTED_EDGE ( 'NONE', *, *, #4699, .T. ) ;
#1943 = ORIENTED_EDGE ( 'NONE', *, *, #5068, .F. ) ;
#1944 = DIRECTION ( 'NONE',  ( -0.9914448613738112703, 0.1305261922200450508, 0.000000000000000000 ) ) ;
#1945 = ORIENTED_EDGE ( 'NONE', *, *, #36, .T. ) ;
#1946 = DIRECTION ( 'NONE',  ( -0.000000000000000000, -0.000000000000000000, -1.000000000000000000 ) ) ;
#1947 = CARTESIAN_POINT ( 'NONE',  ( 0.3250000000000000111, 0.3499999999999999778, 0.9778980942125397036 ) ) ;
#1948 = DIRECTION ( 'NONE',  ( 0.000000000000000000, 0.000000000000000000, 1.000000000000000000 ) ) ;
#1949 = ORIENTED_EDGE ( 'NONE', *, *, #421, .F. ) ;
#1950 = EDGE_CURVE ( 'NONE', #5794, #1658, #1608, .T. ) ;
#1951 = CARTESIAN_POINT ( 'NONE',  ( -1.050000000000000488, 2.849999999999999645, -1.400000000000000133 ) ) ;
#1952 = DIRECTION ( 'NONE',  ( 0.9914448613738111593, 0.1305261922200454394, 0.000000000000000000 ) ) ;
#1953 = EDGE_CURVE ( 'NONE', #48, #630, #842, .T. ) ;
#1954 = DIRECTION ( 'NONE',  ( 0.000000000000000000, 0.000000000000000000, -1.000000000000000000 ) ) ;
#1955 = CARTESIAN_POINT ( 'NONE',  ( -1.717086875603152984, 1.000000000000000000, -0.9999999999999997780 ) ) ;
#1956 = ORIENTED_EDGE ( 'NONE', *, *, #2743, .F. ) ;
#1957 = CIRCLE ( 'NONE', #8266, 0.2499999999999995837 ) ;
#1958 = DIRECTION ( 'NONE',  ( -0.000000000000000000, -1.000000000000000000, -0.000000000000000000 ) ) ;
#1959 = DIRECTION ( 'NONE',  ( -1.000000000000000000, 0.000000000000000000, 0.000000000000000000 ) ) ;
#1960 = CARTESIAN_POINT ( 'NONE',  ( -1.350000000000000533, 2.829999999999999627, -0.1500000000000000500 ) ) ;
#1961 = AXIS2_PLACEMENT_3D ( 'NONE', #2230, #3534, #2280 ) ;
#1962 = AXIS2_PLACEMENT_3D ( 'NONE', #3078, #4907, #2410 ) ;
#1963 = EDGE_CURVE ( 'NONE', #6851, #479, #7996, .T. ) ;
#1964 = LINE ( 'NONE', #7083, #2927 ) ;
#1965 = VECTOR ( 'NONE', #1863, 1000.000000000000000 ) ;
#1966 = LINE ( 'NONE', #198, #8102 ) ;
#1967 = VECTOR ( 'NONE', #6600, 1000.000000000000000 ) ;
#1968 = AXIS2_PLACEMENT_3D ( 'NONE', #6772, #4940, #4892 ) ;
#1969 = CARTESIAN_POINT ( 'NONE',  ( -1.050000000000000044, 0.2000000000000000111, -1.375000000000000000 ) ) ;
#1970 = VERTEX_POINT ( 'NONE', #927 ) ;
#1971 = ORIENTED_EDGE ( 'NONE', *, *, #5688, .F. ) ;
#1972 = VECTOR ( 'NONE', #1924, 1000.000000000000114 ) ;
#1973 = CIRCLE ( 'NONE', #8005, 0.2124999999999999944 ) ;
#1974 = VECTOR ( 'NONE', #6147, 1000.000000000000000 ) ;
#1975 = CIRCLE ( 'NONE', #7173, 0.2499999999999995837 ) ;
#1976 = EDGE_CURVE ( 'NONE', #2986, #5043, #7366, .T. ) ;
#1977 = EDGE_CURVE ( 'NONE', #736, #2556, #239, .T. ) ;
#1978 = DIRECTION ( 'NONE',  ( -0.000000000000000000, -0.000000000000000000, -1.000000000000000000 ) ) ;
#1979 = CARTESIAN_POINT ( 'NONE',  ( -1.717086875603152984, 1.000000000000000000, -1.375000000000000000 ) ) ;
#1980 = ORIENTED_EDGE ( 'NONE', *, *, #3172, .F. ) ;
#1981 = LINE ( 'NONE', #5869, #7759 ) ;
#1982 = CARTESIAN_POINT ( 'NONE',  ( 1.550000000000000044, 1.000000000000000444, -0.5749999999999998446 ) ) ;
#1983 = CARTESIAN_POINT ( 'NONE',  ( -1.744335268686304508, 1.249648475686972349, 1.683698872194587137 ) ) ;
#1984 = CARTESIAN_POINT ( 'NONE',  ( 1.717086875603152984, 1.000000000000000000, -1.628887806575429753 ) ) ;
#1985 = ORIENTED_EDGE ( 'NONE', *, *, #6540, .F. ) ;
#1986 = VERTEX_POINT ( 'NONE', #4684 ) ;
#1987 = STYLED_ITEM ( 'NONE', ( #5877 ), #2525 ) ;
#1988 = FACE_OUTER_BOUND ( 'NONE', #4581, .T. ) ;
#1989 = ORIENTED_EDGE ( 'NONE', *, *, #2493, .F. ) ;
#1990 = DIRECTION ( 'NONE',  ( -0.000000000000000000, -0.000000000000000000, -1.000000000000000000 ) ) ;
#1991 = EDGE_CURVE ( 'NONE', #5330, #4597, #3348, .T. ) ;
#1992 = ADVANCED_FACE ( 'NONE', ( #2715 ), #5261, .F. ) ;
#1993 =( NAMED_UNIT ( * ) PLANE_ANGLE_UNIT ( ) SI_UNIT ( $, .RADIAN. ) );
#1994 = CARTESIAN_POINT ( 'NONE',  ( 1.717086875603152984, 1.000000000000000444, 0.5750000000000001776 ) ) ;
#1995 = VERTEX_POINT ( 'NONE', #2755 ) ;
#1996 = CARTESIAN_POINT ( 'NONE',  ( 1.500000000000000000, 0.2000000000000001499, -0.2249999999999998390 ) ) ;
#1997 = DIRECTION ( 'NONE',  ( 0.9781476007338071321, 0.2079116908177522371, 0.000000000000000000 ) ) ;
#1998 = FACE_OUTER_BOUND ( 'NONE', #1528, .T. ) ;
#1999 = EDGE_CURVE ( 'NONE', #6569, #8030, #5972, .T. ) ;
#2000 = FACE_OUTER_BOUND ( 'NONE', #6, .T. ) ;
#2001 = VERTEX_POINT ( 'NONE', #6939 ) ;
#2002 =( NAMED_UNIT ( * ) PLANE_ANGLE_UNIT ( ) SI_UNIT ( $, .RADIAN. ) );
#2003 = CARTESIAN_POINT ( 'NONE',  ( 0.9597227471524995002, 0.05000000000000000971, 0.8750000000000000000 ) ) ;
#2004 = CARTESIAN_POINT ( 'NONE',  ( -1.749999999999999778, 0.2499999999999999445, 1.375000000000000444 ) ) ;
#2005 = ORIENTED_EDGE ( 'NONE', *, *, #3808, .F. ) ;
#2006 = DIRECTION ( 'NONE',  ( 0.000000000000000000, -1.000000000000000000, 0.000000000000000000 ) ) ;
#2007 = FILL_AREA_STYLE ('',( #7158 ) ) ;
#2008 = ORIENTED_EDGE ( 'NONE', *, *, #5568, .T. ) ;
#2009 = ADVANCED_FACE ( 'NONE', ( #4225 ), #2933, .F. ) ;
#2010 = ORIENTED_EDGE ( 'NONE', *, *, #1204, .F. ) ;
#2011 = CARTESIAN_POINT ( 'NONE',  ( 1.729989406634232729, 1.098004453143893278, -0.5749999999999998446 ) ) ;
#2012 = VECTOR ( 'NONE', #4743, 1000.000000000000000 ) ;
#2013 = DIRECTION ( 'NONE',  ( -0.000000000000000000, -0.000000000000000000, -1.000000000000000000 ) ) ;
#2014 = EDGE_LOOP ( 'NONE', ( #3779, #7643, #5579, #126 ) ) ;
#2015 = DIRECTION ( 'NONE',  ( -0.000000000000000000, -0.000000000000000000, -1.000000000000000000 ) ) ;
#2016 = LINE ( 'NONE', #6419, #1699 ) ;
#2017 = DIRECTION ( 'NONE',  ( 0.000000000000000000, -0.000000000000000000, 1.000000000000000000 ) ) ;
#2018 = CARTESIAN_POINT ( 'NONE',  ( 1.350000000000000311, 2.829999999999999627, -1.100000000000000533 ) ) ;
#2019 = EDGE_LOOP ( 'NONE', ( #6093, #4539, #4868, #4096 ) ) ;
#2020 = EDGE_CURVE ( 'NONE', #2046, #8034, #2301, .T. ) ;
#2021 = ORIENTED_EDGE ( 'NONE', *, *, #6695, .F. ) ;
#2022 = ADVANCED_FACE ( 'NONE', ( #5481 ), #8042, .F. ) ;
#2023 = DIRECTION ( 'NONE',  ( -0.000000000000000000, -0.000000000000000000, -1.000000000000000000 ) ) ;
#2024 = ORIENTED_EDGE ( 'NONE', *, *, #550, .F. ) ;
#2025 = CARTESIAN_POINT ( 'NONE',  ( 1.002234059486502682, 0.2500000000000000000, -0.7250000000000001998 ) ) ;
#2026 = VECTOR ( 'NONE', #1201, 1000.000000000000227 ) ;
#2027 =( BOUNDED_CURVE ( )  B_SPLINE_CURVE ( 3, ( #6283, #525, #5026, #5147 ),
 .UNSPECIFIED., .F., .T. ) 
 B_SPLINE_CURVE_WITH_KNOTS ( ( 4, 4 ),
 ( 4.712388980384689674, 6.283185307179586232 ),
 .UNSPECIFIED. ) 
 CURVE ( )  GEOMETRIC_REPRESENTATION_ITEM ( )  RATIONAL_B_SPLINE_CURVE ( ( 1.000000000000000000, 0.8047378541243649375, 0.8047378541243649375, 1.000000000000000000 ) ) 
 REPRESENTATION_ITEM ( '' )  );
#2028 =( NAMED_UNIT ( * ) PLANE_ANGLE_UNIT ( ) SI_UNIT ( $, .RADIAN. ) );
#2029 = CARTESIAN_POINT ( 'NONE',  ( -1.729989406634232729, 1.098004453143892833, 0.5750000000000001776 ) ) ;
#2030 = ORIENTED_EDGE ( 'NONE', *, *, #1347, .T. ) ;
#2031 = LINE ( 'NONE', #1427, #3304 ) ;
#2032 = CARTESIAN_POINT ( 'NONE',  ( 1.050000000000000488, 2.829999999999999627, -1.050000000000000044 ) ) ;
#2033 = EDGE_CURVE ( 'NONE', #4074, #4754, #3759, .T. ) ;
#2034 = CARTESIAN_POINT ( 'NONE',  ( 1.050000000000000044, 0.2000000000000001776, -0.2249999999999998390 ) ) ;
#2035 = ORIENTED_EDGE ( 'NONE', *, *, #3976, .T. ) ;
#2036 = CYLINDRICAL_SURFACE ( 'NONE', #5448, 0.04999999999999991257 ) ;
#2037 = CARTESIAN_POINT ( 'NONE',  ( 4.622611136270961618E-17, 0.7500000000000000000, 0.3036042630400219156 ) ) ;
#2038 = ORIENTED_EDGE ( 'NONE', *, *, #5968, .F. ) ;
#2039 = AXIS2_PLACEMENT_3D ( 'NONE', #2032, #4591, #2636 ) ;
#2040 = VECTOR ( 'NONE', #5414, 1000.000000000000227 ) ;
#2041 = ADVANCED_FACE ( 'NONE', ( #6300 ), #1017, .F. ) ;
#2042 = CARTESIAN_POINT ( 'NONE',  ( 1.704155624902889077, 1.249795926051006312, -1.735080163622004790 ) ) ;
#2043 = CARTESIAN_POINT ( 'NONE',  ( -1.717086875603152984, 1.000000000000000000, 1.375000000000000444 ) ) ;
#2044 = VECTOR ( 'NONE', #2151, 1000.000000000000000 ) ;
#2045 = VECTOR ( 'NONE', #4229, 1000.000000000000000 ) ;
#2046 = VERTEX_POINT ( 'NONE', #2340 ) ;
#2047 = EDGE_CURVE ( 'NONE', #7177, #7418, #202, .T. ) ;
#2048 = CARTESIAN_POINT ( 'NONE',  ( 0.9423467339757670702, 0.2500000000000000000, -0.7250000000000003109 ) ) ;
#2049 = VECTOR ( 'NONE', #2382, 1000.000000000000000 ) ;
#2050 = LINE ( 'NONE', #5, #1403 ) ;
#2051 = ORIENTED_EDGE ( 'NONE', *, *, #4029, .T. ) ;
#2052 = ORIENTED_EDGE ( 'NONE', *, *, #2605, .F. ) ;
#2053 = CARTESIAN_POINT ( 'NONE',  ( 0.3250000000000000666, 0.05000000000000000971, 1.200000000000000178 ) ) ;
#2054 = ORIENTED_EDGE ( 'NONE', *, *, #3796, .F. ) ;
#2055 = DIRECTION ( 'NONE',  ( -0.000000000000000000, 1.000000000000000000, -0.000000000000000000 ) ) ;
#2056 = CARTESIAN_POINT ( 'NONE',  ( -1.650380530190825645, 1.249999999999999778, 1.750000000000000000 ) ) ;
#2057 = CARTESIAN_POINT ( 'NONE',  ( 1.050000000000000044, 0.2000000000000001776, -0.2249999999999998390 ) ) ;
#2058 = ORIENTED_EDGE ( 'NONE', *, *, #4175, .T. ) ;
#2059 = EDGE_LOOP ( 'NONE', ( #3066, #4122, #77, #5508 ) ) ;
#2060 = CARTESIAN_POINT ( 'NONE',  ( 1.592086875603169860, 0.2500000000000149880, -0.8750000000000000000 ) ) ;
#2061 = ORIENTED_EDGE ( 'NONE', *, *, #562, .F. ) ;
#2062 = VECTOR ( 'NONE', #955, 1000.000000000000000 ) ;
#2063 = CARTESIAN_POINT ( 'NONE',  ( -1.749999999999999778, 0.2499999999999999445, 1.375000000000000444 ) ) ;
#2064 = CARTESIAN_POINT ( 'NONE',  ( -1.617371406666318956, 1.000000000000000000, 1.728127834118518891 ) ) ;
#2065 = EDGE_CURVE ( 'NONE', #2842, #4744, #7411, .T. ) ;
#2066 = EDGE_CURVE ( 'NONE', #7939, #1327, #2979, .T. ) ;
#2067 = DIRECTION ( 'NONE',  ( 0.000000000000000000, 1.000000000000000000, -0.000000000000000000 ) ) ;
#2068 = ORIENTED_EDGE ( 'NONE', *, *, #6802, .T. ) ;
#2069 = FACE_OUTER_BOUND ( 'NONE', #3816, .T. ) ;
#2070 = DIRECTION ( 'NONE',  ( -1.000000000000000000, 0.000000000000000000, -0.000000000000000000 ) ) ;
#2071 = DIRECTION ( 'NONE',  ( 0.08682659386424053383, -0.9924325091389677445, -0.08682659386424788905 ) ) ;
#2072 = EDGE_LOOP ( 'NONE', ( #6331, #2938, #2352, #1002 ) ) ;
#2073 = CARTESIAN_POINT ( 'NONE',  ( -1.050000000000000266, 2.829999999999999627, 1.399999999999999689 ) ) ;
#2074 = ADVANCED_FACE ( 'NONE', ( #6617 ), #3401, .F. ) ;
#2075 = CARTESIAN_POINT ( 'NONE',  ( -1.500000000000000000, 0.2499999999999999445, 1.375000000000000444 ) ) ;
#2076 = EDGE_CURVE ( 'NONE', #7645, #785, #2739, .T. ) ;
#2077 = ORIENTED_EDGE ( 'NONE', *, *, #6125, .F. ) ;
#2078 = PLANE ( 'NONE',  #8145 ) ;
#2079 = DIRECTION ( 'NONE',  ( 0.000000000000000000, -1.000000000000000000, 0.000000000000000000 ) ) ;
#2080 = DIRECTION ( 'NONE',  ( 0.000000000000000000, 0.000000000000000000, 1.000000000000000000 ) ) ;
#2081 = EDGE_CURVE ( 'NONE', #5381, #6304, #879, .T. ) ;
#2082 = VERTEX_POINT ( 'NONE', #3652 ) ;
#2083 = EDGE_CURVE ( 'NONE', #4258, #6856, #4281, .T. ) ;
#2084 = LINE ( 'NONE', #5488, #3056 ) ;
#2085 = LINE ( 'NONE', #6022, #3575 ) ;
#2086 = VERTEX_POINT ( 'NONE', #224 ) ;
#2087 = VECTOR ( 'NONE', #5707, 1000.000000000000000 ) ;
#2088 = ADVANCED_FACE ( 'NONE', ( #5333 ), #5569, .T. ) ;
#2089 = MECHANICAL_DESIGN_GEOMETRIC_PRESENTATION_REPRESENTATION (  '', ( #2906 ), #3183 ) ;
#2090 = AXIS2_PLACEMENT_3D ( 'NONE', #828, #2192, #7352 ) ;
#2091 = VECTOR ( 'NONE', #397, 1000.000000000000000 ) ;
#2092 = EDGE_CURVE ( 'NONE', #5274, #4716, #864, .T. ) ;
#2093 = ORIENTED_EDGE ( 'NONE', *, *, #2047, .T. ) ;
#2094 = LINE ( 'NONE', #6658, #1866 ) ;
#2095 =( LENGTH_UNIT ( ) NAMED_UNIT ( * ) SI_UNIT ( .MILLI., .METRE. ) );
#2096 = CARTESIAN_POINT ( 'NONE',  ( -1.550000000000000044, 0.2499999999999999445, -1.024999999999999911 ) ) ;
#2097 = CARTESIAN_POINT ( 'NONE',  ( -1.050000000000000488, 2.849999999999999645, -0.7500000000000000000 ) ) ;
#2098 = ORIENTED_EDGE ( 'NONE', *, *, #7675, .F. ) ;
#2099 = CARTESIAN_POINT ( 'NONE',  ( 1.592086875603152984, 0.2500000000000149880, 0.7250000000000000888 ) ) ;
#2100 = VERTEX_POINT ( 'NONE', #4950 ) ;
#2101 = CONICAL_SURFACE ( 'NONE', #3323, 0.6500000000000000222, 0.1745329251994333364 ) ;
#2102 = CARTESIAN_POINT ( 'NONE',  ( 1.550000000000000044, 0.2500000000000001665, -1.024999999999999911 ) ) ;
#2103 = AXIS2_PLACEMENT_3D ( 'NONE', #2985, #5525, #4857 ) ;
#2104 = AXIS2_PLACEMENT_3D ( 'NONE', #4814, #4725, #7279 ) ;
#2105 = PRODUCT ( 'CLW6A-TKW-C90C070B0BB7C3CE53', 'CLW6A-TKW-C90C070B0BB7C3CE53', '', ( #4018 ) ) ;
#2106 = CARTESIAN_POINT ( 'NONE',  ( 1.350000000000000311, 2.829999999999999627, -0.000000000000000000 ) ) ;
#2107 = CARTESIAN_POINT ( 'NONE',  ( -1.500000000000000000, 0.2499999999999999445, 0.5750000000000001776 ) ) ;
#2108 = EDGE_LOOP ( 'NONE', ( #726, #2005, #7238, #6603 ) ) ;
#2109 = VECTOR ( 'NONE', #6686, 1000.000000000000000 ) ;
#2110 = CARTESIAN_POINT ( 'NONE',  ( -1.650380530190825645, 1.249999999999999778, -1.750000000000000000 ) ) ;
#2111 = CARTESIAN_POINT ( 'NONE',  ( 0.000000000000000000, 2.549999999999999822, 0.000000000000000000 ) ) ;
#2112 = FACE_OUTER_BOUND ( 'NONE', #1890, .T. ) ;
#2113 = ORIENTED_EDGE ( 'NONE', *, *, #7647, .T. ) ;
#2114 = CYLINDRICAL_SURFACE ( 'NONE', #4126, 0.1000000000000001166 ) ;
#2115 = EDGE_CURVE ( 'NONE', #7202, #1205, #4752, .T. ) ;
#2116 = PRESENTATION_LAYER_ASSIGNMENT (  '', '', ( #1987 ) ) ;
#2117 = ORIENTED_EDGE ( 'NONE', *, *, #7353, .T. ) ;
#2118 = DIRECTION ( 'NONE',  ( 0.000000000000000000, 0.000000000000000000, 1.000000000000000000 ) ) ;
#2119 = ORIENTED_EDGE ( 'NONE', *, *, #2047, .F. ) ;
#2120 = DIRECTION ( 'NONE',  ( -0.9781476007338071321, 0.2079116908177522649, 0.000000000000000000 ) ) ;
#2121 = AXIS2_PLACEMENT_3D ( 'NONE', #5160, #1250, #6453 ) ;
#2122 = FACE_OUTER_BOUND ( 'NONE', #3919, .T. ) ;
#2123 = CIRCLE ( 'NONE', #3213, 0.2499999999999997780 ) ;
#2124 = DIRECTION ( 'NONE',  ( -0.2079116908177522649, -0.9781476007338071321, 0.000000000000000000 ) ) ;
#2125 = CARTESIAN_POINT ( 'NONE',  ( -1.351260626809458465, 0.2500000000000000000, -0.07499999999999998335 ) ) ;
#2126 = EDGE_CURVE ( 'NONE', #1795, #7598, #2406, .T. ) ;
#2127 = ADVANCED_FACE ( 'NONE', ( #3029 ), #2146, .T. ) ;
#2128 = AXIS2_PLACEMENT_3D ( 'NONE', #811, #6028, #2898 ) ;
#2129 = ORIENTED_EDGE ( 'NONE', *, *, #5603, .F. ) ;
#2130 = LINE ( 'NONE', #4689, #8280 ) ;
#2131 = VERTEX_POINT ( 'NONE', #6575 ) ;
#2132 = EDGE_CURVE ( 'NONE', #4754, #433, #5371, .T. ) ;
#2133 = ORIENTED_EDGE ( 'NONE', *, *, #8081, .F. ) ;
#2134 = EDGE_CURVE ( 'NONE', #2199, #94, #4321, .T. ) ;
#2135 = ORIENTED_EDGE ( 'NONE', *, *, #2092, .F. ) ;
#2136 = DIRECTION ( 'NONE',  ( 3.469446951953614189E-16, 0.000000000000000000, 1.000000000000000000 ) ) ;
#2137 = DIRECTION ( 'NONE',  ( 0.000000000000000000, -1.000000000000000000, 0.000000000000000000 ) ) ;
#2138 = LINE ( 'NONE', #988, #7462 ) ;
#2139 = DIRECTION ( 'NONE',  ( -1.000000000000000000, 0.000000000000000000, 0.000000000000000000 ) ) ;
#2140 = ORIENTED_EDGE ( 'NONE', *, *, #6911, .F. ) ;
#2141 = CARTESIAN_POINT ( 'NONE',  ( -1.592086875603144325, 0.2500000000000149880, 0.07499999999999998335 ) ) ;
#2142 = EDGE_CURVE ( 'NONE', #5141, #795, #6196, .T. ) ;
#2143 = ORIENTED_EDGE ( 'NONE', *, *, #6386, .T. ) ;
#2144 = CARTESIAN_POINT ( 'NONE',  ( -1.050000000000000488, 2.849999999999999645, -1.050000000000000044 ) ) ;
#2145 = MECHANICAL_DESIGN_GEOMETRIC_PRESENTATION_REPRESENTATION (  '', ( #1459 ), #6831 ) ;
#2146 = CYLINDRICAL_SURFACE ( 'NONE', #6941, 0.2499999999999997780 ) ;
#2147 = DIRECTION ( 'NONE',  ( -0.1305261922200450231, 0.9914448613738112703, -0.000000000000000000 ) ) ;
#2148 = VERTEX_POINT ( 'NONE', #5280 ) ;
#2149 = CARTESIAN_POINT ( 'NONE',  ( 0.9015453183053880881, 0.2572701510282576209, 1.663147392271169700 ) ) ;
#2150 = CARTESIAN_POINT ( 'NONE',  ( 1.050000000000000044, 1.597771622610217113E-16, 0.5750000000000001776 ) ) ;
#2151 = DIRECTION ( 'NONE',  ( -0.000000000000000000, -0.000000000000000000, -1.000000000000000000 ) ) ;
#2152 = PLANE ( 'NONE',  #6928 ) ;
#2153 = EDGE_LOOP ( 'NONE', ( #3036, #2723, #2335, #7144 ) ) ;
#2154 = CONICAL_SURFACE ( 'NONE', #4309, 0.5000000000000000000, 0.1745329251994333364 ) ;
#2155 = CARTESIAN_POINT ( 'NONE',  ( 1.512204988820510243, 2.820638090550430466, 1.512204988820498475 ) ) ;
#2156 = EDGE_LOOP ( 'NONE', ( #938, #3255, #4583, #3934, #8133, #2667, #450, #4558 ) ) ;
#2157 = DIRECTION ( 'NONE',  ( -1.000000000000000000, 0.000000000000000000, 0.000000000000000000 ) ) ;
#2158 = EDGE_LOOP ( 'NONE', ( #1791, #4262, #6275, #2293 ) ) ;
#2159 = CARTESIAN_POINT ( 'NONE',  ( -1.717086875603152984, 1.000000000000000000, 1.687157395599252041 ) ) ;
#2160 = CARTESIAN_POINT ( 'NONE',  ( 0.9000000000000000222, 0.2500000000000000000, 0.9749999999999999778 ) ) ;
#2161 = SURFACE_STYLE_USAGE ( .BOTH. , #5299 ) ;
#2162 = CARTESIAN_POINT ( 'NONE',  ( 1.592086875603152984, 0.2500000000000149880, 0.7250000000000000888 ) ) ;
#2163 = CIRCLE ( 'NONE', #5309, 0.04999999999999991257 ) ;
#2164 = DIRECTION ( 'NONE',  ( -1.000000000000000000, 0.000000000000000000, 0.000000000000000000 ) ) ;
#2165 = ORIENTED_EDGE ( 'NONE', *, *, #3097, .F. ) ;
#2166 = ORIENTED_EDGE ( 'NONE', *, *, #1353, .T. ) ;
#2167 = EDGE_CURVE ( 'NONE', #672, #5710, #7854, .T. ) ;
#2168 = ADVANCED_FACE ( 'NONE', ( #6668 ), #7937, .T. ) ;
#2169 = LINE ( 'NONE', #7923, #2651 ) ;
#2170 = LINE ( 'NONE', #936, #184 ) ;
#2171 = ORIENTED_EDGE ( 'NONE', *, *, #6902, .T. ) ;
#2172 = ORIENTED_EDGE ( 'NONE', *, *, #1977, .T. ) ;
#2173 = VECTOR ( 'NONE', #3264, 1000.000000000000000 ) ;
#2174 = AXIS2_PLACEMENT_3D ( 'NONE', #3085, #616, #1766 ) ;
#2175 = EDGE_CURVE ( 'NONE', #3883, #1349, #4669, .T. ) ;
#2176 = DIRECTION ( 'NONE',  ( 0.000000000000000000, 1.000000000000000000, 0.000000000000000000 ) ) ;
#2177 = VECTOR ( 'NONE', #1669, 1000.000000000000000 ) ;
#2178 = PLANE ( 'NONE',  #1184 ) ;
#2179 = DIRECTION ( 'NONE',  ( 0.000000000000000000, 0.000000000000000000, 1.000000000000000000 ) ) ;
#2180 = CARTESIAN_POINT ( 'NONE',  ( -1.500000000000000000, 0.2499999999999999445, -0.2249999999999998390 ) ) ;
#2181 = DIRECTION ( 'NONE',  ( 0.000000000000000000, 0.000000000000000000, 1.000000000000000000 ) ) ;
#2182 = ORIENTED_EDGE ( 'NONE', *, *, #2033, .T. ) ;
#2183 = DIRECTION ( 'NONE',  ( 0.2079116908177522371, 0.9781476007338070211, -0.000000000000000000 ) ) ;
#2184 = VERTEX_POINT ( 'NONE', #2781 ) ;
#2185 = DIRECTION ( 'NONE',  ( 0.000000000000000000, 0.000000000000000000, 1.000000000000000000 ) ) ;
#2186 = ORIENTED_EDGE ( 'NONE', *, *, #7962, .F. ) ;
#2187 = DIRECTION ( 'NONE',  ( -0.9914448613738112703, 0.1305261922200451896, 0.000000000000000000 ) ) ;
#2188 = DIRECTION ( 'NONE',  ( 0.000000000000000000, -1.000000000000000000, 0.000000000000000000 ) ) ;
#2189 = EDGE_CURVE ( 'NONE', #6227, #1349, #7899, .T. ) ;
#2190 = CARTESIAN_POINT ( 'NONE',  ( 1.050000000000000266, 2.849999999999999645, 1.399999999999999689 ) ) ;
#2191 = ORIENTED_EDGE ( 'NONE', *, *, #3891, .T. ) ;
#2192 = DIRECTION ( 'NONE',  ( -0.000000000000000000, 0.000000000000000000, -1.000000000000000000 ) ) ;
#2193 = LINE ( 'NONE', #7305, #7590 ) ;
#2194 = ADVANCED_FACE ( 'NONE', ( #7550 ), #1199, .F. ) ;
#2195 = LINE ( 'NONE', #4256, #3803 ) ;
#2196 = VECTOR ( 'NONE', #5763, 1000.000000000000000 ) ;
#2197 =( BOUNDED_CURVE ( )  B_SPLINE_CURVE ( 3, ( #3918, #6458, #7615, #583 ),
 .UNSPECIFIED., .F., .F. ) 
 B_SPLINE_CURVE_WITH_KNOTS ( ( 4, 4 ),
 ( 2.359992588465584351, 3.923192718713921501 ),
 .UNSPECIFIED. ) 
 CURVE ( )  GEOMETRIC_REPRESENTATION_ITEM ( )  RATIONAL_B_SPLINE_CURVE ( ( 1.000000000000000000, 0.8065248903853472484, 0.8065248903853472484, 1.000000000000000000 ) ) 
 REPRESENTATION_ITEM ( '' )  );
#2198 = CARTESIAN_POINT ( 'NONE',  ( 1.749999999999999778, 0.2500000000000001665, -1.375000000000000000 ) ) ;
#2199 = VERTEX_POINT ( 'NONE', #5110 ) ;
#2200 = CARTESIAN_POINT ( 'NONE',  ( 1.350000000000000311, 2.829999999999999627, -1.050000000000000044 ) ) ;
#2201 = VECTOR ( 'NONE', #2959, 1000.000000000000000 ) ;
#2202 = EDGE_LOOP ( 'NONE', ( #3640, #2281, #2827, #4831 ) ) ;
#2203 = ADVANCED_FACE ( 'NONE', ( #7637 ), #1234, .F. ) ;
#2204 = CARTESIAN_POINT ( 'NONE',  ( -1.717086875603152984, 1.000000000000000000, 1.375000000000000444 ) ) ;
#2205 = ORIENTED_EDGE ( 'NONE', *, *, #7941, .F. ) ;
#2206 = CARTESIAN_POINT ( 'NONE',  ( -0.8999999999999999112, 0.2500000000000000000, -0.9164213562373095812 ) ) ;
#2207 = EDGE_CURVE ( 'NONE', #1249, #3160, #4485, .T. ) ;
#2208 = CARTESIAN_POINT ( 'NONE',  ( 1.050000000000000266, 2.829999999999999627, 1.100000000000000089 ) ) ;
#2209 = LINE ( 'NONE', #2162, #1700 ) ;
#2210 = CARTESIAN_POINT ( 'NONE',  ( -1.500000000000000222, 1.000000000000000000, 0.5750000000000001776 ) ) ;
#2211 = EDGE_LOOP ( 'NONE', ( #5049, #6332, #5845, #2465 ) ) ;
#2212 = UNCERTAINTY_MEASURE_WITH_UNIT (LENGTH_MEASURE( 1.000000000000000082E-05 ), #4059, 'distance_accuracy_value', 'NONE');
#2213 = DIRECTION ( 'NONE',  ( 0.9914448613738112703, -0.1305261922200450231, 0.000000000000000000 ) ) ;
#2214 = ORIENTED_EDGE ( 'NONE', *, *, #7837, .F. ) ;
#2215 = DIRECTION ( 'NONE',  ( -0.2079116908177522371, -0.9781476007338070211, -0.000000000000000000 ) ) ;
#2216 = DIRECTION ( 'NONE',  ( 0.000000000000000000, 0.000000000000000000, -1.000000000000000000 ) ) ;
#2217 = VERTEX_POINT ( 'NONE', #5741 ) ;
#2218 = EDGE_CURVE ( 'NONE', #8345, #7657, #5655, .T. ) ;
#2219 = CARTESIAN_POINT ( 'NONE',  ( -1.610018138358533246, 2.849999999999999645, -1.164981861641466665 ) ) ;
#2220 = AXIS2_PLACEMENT_3D ( 'NONE', #3265, #2637, #5178 ) ;
#2221 = DIRECTION ( 'NONE',  ( -1.000000000000000000, 0.000000000000000000, 0.000000000000000000 ) ) ;
#2222 = VECTOR ( 'NONE', #3341, 1000.000000000000000 ) ;
#2223 = SURFACE_STYLE_FILL_AREA ( #2769 ) ;
#2224 = DIRECTION ( 'NONE',  ( 0.000000000000000000, 0.000000000000000000, 1.000000000000000000 ) ) ;
#2225 = FACE_OUTER_BOUND ( 'NONE', #7093, .T. ) ;
#2226 = ORIENTED_EDGE ( 'NONE', *, *, #3796, .T. ) ;
#2227 = VERTEX_POINT ( 'NONE', #8188 ) ;
#2228 = CARTESIAN_POINT ( 'NONE',  ( -1.729989406634232729, 1.098004453143892833, 1.025000000000000355 ) ) ;
#2229 = ORIENTED_EDGE ( 'NONE', *, *, #7780, .F. ) ;
#2230 = CARTESIAN_POINT ( 'NONE',  ( 1.050000000000000488, 2.849999999999999645, -0.1500000000000000777 ) ) ;
#2231 = ORIENTED_EDGE ( 'NONE', *, *, #3411, .F. ) ;
#2232 = EDGE_CURVE ( 'NONE', #976, #3142, #6322, .T. ) ;
#2233 = EDGE_CURVE ( 'NONE', #7243, #6753, #6646, .T. ) ;
#2234 = COLOUR_RGB ( '',0.7529411764705882248, 0.7529411764705882248, 0.000000000000000000 ) ;
#2235 = CIRCLE ( 'NONE', #7315, 0.2999999999999999334 ) ;
#2236 = VECTOR ( 'NONE', #217, 1000.000000000000000 ) ;
#2237 = LINE ( 'NONE', #4795, #4988 ) ;
#2238 = CARTESIAN_POINT ( 'NONE',  ( -1.050000000000000488, 2.849999999999999645, -0.4500000000000000111 ) ) ;
#2239 = ORIENTED_EDGE ( 'NONE', *, *, #1063, .F. ) ;
#2240 = LINE ( 'NONE', #2870, #3852 ) ;
#2241 = DIRECTION ( 'NONE',  ( -3.170181790893303965E-17, 1.000000000000000000, 0.000000000000000000 ) ) ;
#2242 = CARTESIAN_POINT ( 'NONE',  ( -1.717086875603152984, 1.000000000000000000, -0.2249999999999998390 ) ) ;
#2243 = AXIS2_PLACEMENT_3D ( 'NONE', #2423, #1048, #6254 ) ;
#2244 = AXIS2_PLACEMENT_3D ( 'NONE', #8050, #4233, #8094 ) ;
#2245 = AXIS2_PLACEMENT_3D ( 'NONE', #7412, #6148, #1654 ) ;
#2246 = CARTESIAN_POINT ( 'NONE',  ( -1.749974346539598491, 1.249805142622648191, -1.661899502564970543 ) ) ;
#2247 = ORIENTED_EDGE ( 'NONE', *, *, #3635, .F. ) ;
#2248 = DIRECTION ( 'NONE',  ( 0.08682659386424053383, -0.9924325091389677445, 0.08682659386424790293 ) ) ;
#2249 = EDGE_CURVE ( 'NONE', #5840, #8162, #1885, .T. ) ;
#2250 = EDGE_CURVE ( 'NONE', #3994, #3617, #3820, .T. ) ;
#2251 = FACE_OUTER_BOUND ( 'NONE', #5067, .T. ) ;
#2252 = VECTOR ( 'NONE', #5004, 1000.000000000000114 ) ;
#2253 = AXIS2_PLACEMENT_3D ( 'NONE', #4843, #8078, #3637 ) ;
#2254 = VECTOR ( 'NONE', #6677, 1000.000000000000114 ) ;
#2255 = ORIENTED_EDGE ( 'NONE', *, *, #362, .F. ) ;
#2256 = DIRECTION ( 'NONE',  ( -1.000000000000000000, 0.000000000000000000, 0.000000000000000000 ) ) ;
#2257 = VERTEX_POINT ( 'NONE', #2447 ) ;
#2258 = CARTESIAN_POINT ( 'NONE',  ( 1.450000000000000400, 1.000000000000000000, 1.728127834118518891 ) ) ;
#2259 = FACE_OUTER_BOUND ( 'NONE', #2108, .T. ) ;
#2260 = CARTESIAN_POINT ( 'NONE',  ( -1.717086875603152984, 1.000000000000000000, 1.728127834118518891 ) ) ;
#2261 = CARTESIAN_POINT ( 'NONE',  ( -0.8574886876659970625, 0.05000000000000000971, 1.750000000000000000 ) ) ;
#2262 = CIRCLE ( 'NONE', #6948, 0.04999999999999991257 ) ;
#2263 = EDGE_CURVE ( 'NONE', #2374, #406, #6964, .T. ) ;
#2264 = ORIENTED_EDGE ( 'NONE', *, *, #7003, .T. ) ;
#2265 = LINE ( 'NONE', #4817, #128 ) ;
#2266 = VECTOR ( 'NONE', #7770, 1000.000000000000000 ) ;
#2267 = ORIENTED_EDGE ( 'NONE', *, *, #5932, .T. ) ;
#2268 = VECTOR ( 'NONE', #1757, 1000.000000000000000 ) ;
#2269 = CARTESIAN_POINT ( 'NONE',  ( 1.500000000000000000, 2.710505431213761085E-16, 0.5750000000000001776 ) ) ;
#2270 = CARTESIAN_POINT ( 'NONE',  ( -1.749999999999999778, 1.000000000000000000, -1.375000000000000000 ) ) ;
#2271 = ORIENTED_EDGE ( 'NONE', *, *, #2980, .F. ) ;
#2272 = ADVANCED_FACE ( 'NONE', ( #6915 ), #8229, .F. ) ;
#2273 = VERTEX_POINT ( 'NONE', #563 ) ;
#2274 = DIRECTION ( 'NONE',  ( 1.000000000000000000, 0.000000000000000000, -0.000000000000000000 ) ) ;
#2275 = DIRECTION ( 'NONE',  ( -0.000000000000000000, -0.9848077530122080203, -0.1736481776669307198 ) ) ;
#2276 = DIRECTION ( 'NONE',  ( 0.000000000000000000, 0.000000000000000000, 1.000000000000000000 ) ) ;
#2277 = VERTEX_POINT ( 'NONE', #5615 ) ;
#2278 = CARTESIAN_POINT ( 'NONE',  ( 1.350000000000000533, 2.829999999999999627, -0.1500000000000000500 ) ) ;
#2279 = ORIENTED_EDGE ( 'NONE', *, *, #7796, .F. ) ;
#2280 = DIRECTION ( 'NONE',  ( 0.000000000000000000, 0.000000000000000000, -1.000000000000000000 ) ) ;
#2281 = ORIENTED_EDGE ( 'NONE', *, *, #1688, .F. ) ;
#2282 = DIRECTION ( 'NONE',  ( 0.000000000000000000, 1.000000000000000000, 0.000000000000000000 ) ) ;
#2283 = ORIENTED_EDGE ( 'NONE', *, *, #929, .T. ) ;
#2284 = EDGE_CURVE ( 'NONE', #307, #4563, #647, .T. ) ;
#2285 = PLANE ( 'NONE',  #3184 ) ;
#2286 = EDGE_CURVE ( 'NONE', #3600, #2452, #5693, .T. ) ;
#2287 = DIRECTION ( 'NONE',  ( 1.000000000000000000, 1.204669080539447865E-16, -0.000000000000000000 ) ) ;
#2288 = CARTESIAN_POINT ( 'NONE',  ( -1.592086875603144325, 1.000000000000000000, 0.07499999999999998335 ) ) ;
#2289 = CARTESIAN_POINT ( 'NONE',  ( 1.050000000000000044, 0.2000000000000001776, -1.024999999999999911 ) ) ;
#2290 = ORIENTED_EDGE ( 'NONE', *, *, #4812, .T. ) ;
#2291 = PLANE ( 'NONE',  #6942 ) ;
#2292 = SURFACE_STYLE_FILL_AREA ( #321 ) ;
#2293 = ORIENTED_EDGE ( 'NONE', *, *, #796, .T. ) ;
#2294 = CARTESIAN_POINT ( 'NONE',  ( -1.749999999999999778, 1.000000000000000000, 0.2250000000000001443 ) ) ;
#2295 = ORIENTED_EDGE ( 'NONE', *, *, #6808, .T. ) ;
#2296 = VECTOR ( 'NONE', #7732, 1000.000000000000000 ) ;
#2297 = ADVANCED_FACE ( 'NONE', ( #6237 ), #483, .F. ) ;
#2298 = DIRECTION ( 'NONE',  ( 1.000000000000000000, 0.000000000000000000, 0.000000000000000000 ) ) ;
#2299 = EDGE_CURVE ( 'NONE', #360, #1649, #2027, .T. ) ;
#2300 = CARTESIAN_POINT ( 'NONE',  ( -1.550000000000000044, 0.2499999999999999445, -1.024999999999999911 ) ) ;
#2301 = LINE ( 'NONE', #7450, #7329 ) ;
#2302 = CARTESIAN_POINT ( 'NONE',  ( 6.123233995736766036E-17, 0.3499999999999999778, 0.5000000000000000000 ) ) ;
#2303 = ORIENTED_EDGE ( 'NONE', *, *, #869, .T. ) ;
#2304 = CARTESIAN_POINT ( 'NONE',  ( -1.749999999999999778, 0.2499999999999999445, 1.025000000000000355 ) ) ;
#2305 = ORIENTED_EDGE ( 'NONE', *, *, #4487, .F. ) ;
#2306 = EDGE_CURVE ( 'NONE', #6414, #6524, #8268, .T. ) ;
#2307 = DIRECTION ( 'NONE',  ( 0.000000000000000000, 0.000000000000000000, 1.000000000000000000 ) ) ;
#2308 = ORIENTED_EDGE ( 'NONE', *, *, #6369, .F. ) ;
#2309 = ORIENTED_EDGE ( 'NONE', *, *, #70, .F. ) ;
#2310 = EDGE_CURVE ( 'NONE', #3607, #4152, #1964, .T. ) ;
#2311 = DIRECTION ( 'NONE',  ( -1.000000000000000000, 0.000000000000000000, 0.000000000000000000 ) ) ;
#2312 = CARTESIAN_POINT ( 'NONE',  ( 1.500000000000000000, 0.2500000000000001665, -1.375000000000000000 ) ) ;
#2313 = AXIS2_PLACEMENT_3D ( 'NONE', #4223, #8087, #3017 ) ;
#2314 = LINE ( 'NONE', #2859, #6241 ) ;
#2315 = EDGE_CURVE ( 'NONE', #3887, #3147, #2401, .T. ) ;
#2316 = CARTESIAN_POINT ( 'NONE',  ( -1.500000000000000000, 0.2499999999999999445, 1.375000000000000444 ) ) ;
#2317 = ORIENTED_EDGE ( 'NONE', *, *, #5037, .T. ) ;
#2318 = ORIENTED_EDGE ( 'NONE', *, *, #6141, .T. ) ;
#2319 = DIRECTION ( 'NONE',  ( -1.000000000000000000, 0.000000000000000000, 0.000000000000000000 ) ) ;
#2320 = EDGE_LOOP ( 'NONE', ( #3581, #2455, #163, #5983, #5875 ) ) ;
#2321 = FACE_OUTER_BOUND ( 'NONE', #2579, .T. ) ;
#2322 = AXIS2_PLACEMENT_3D ( 'NONE', #5672, #1212, #2548 ) ;
#2323 = CARTESIAN_POINT ( 'NONE',  ( -0.8574886876659970625, 0.05000000000000000971, 0.1750000000000000167 ) ) ;
#2324 = VECTOR ( 'NONE', #2982, 1000.000000000000000 ) ;
#2325 = DIRECTION ( 'NONE',  ( -0.1287798954323275680, 0.9781804203664667963, -0.1630300700610807785 ) ) ;
#2326 = ORIENTED_EDGE ( 'NONE', *, *, #114, .T. ) ;
#2327 = CARTESIAN_POINT ( 'NONE',  ( -1.592086875603144325, 0.2500000000000158207, -0.07499999999999998335 ) ) ;
#2328 = CARTESIAN_POINT ( 'NONE',  ( 1.610018138358533246, 2.849999999999999645, -1.510398668549347123 ) ) ;
#2329 = ORIENTED_EDGE ( 'NONE', *, *, #777, .F. ) ;
#2330 = CYLINDRICAL_SURFACE ( 'NONE', #4520, 0.2999999999999998224 ) ;
#2331 = ORIENTED_EDGE ( 'NONE', *, *, #6272, .T. ) ;
#2332 = CARTESIAN_POINT ( 'NONE',  ( -1.500000000000000222, 1.000000000000000000, 0.2250000000000001443 ) ) ;
#2333 = EDGE_CURVE ( 'NONE', #4957, #4945, #1009, .T. ) ;
#2334 = DIRECTION ( 'NONE',  ( -0.9781476007338071321, 0.2079116908177522371, 0.000000000000000000 ) ) ;
#2335 = ORIENTED_EDGE ( 'NONE', *, *, #669, .F. ) ;
#2336 = DIRECTION ( 'NONE',  ( 1.445602896647340100E-15, 0.000000000000000000, -1.000000000000000000 ) ) ;
#2337 = ORIENTED_EDGE ( 'NONE', *, *, #3938, .T. ) ;
#2338 = LINE ( 'NONE', #3469, #1698 ) ;
#2339 = LINE ( 'NONE', #4889, #6572 ) ;
#2340 = CARTESIAN_POINT ( 'NONE',  ( -1.350000000000000311, 2.829999999999999627, -1.100000000000000533 ) ) ;
#2341 = LINE ( 'NONE', #3103, #5584 ) ;
#2342 = VECTOR ( 'NONE', #4166, 1000.000000000000000 ) ;
#2343 = ORIENTED_EDGE ( 'NONE', *, *, #1283, .T. ) ;
#2344 = EDGE_CURVE ( 'NONE', #3570, #8123, #459, .T. ) ;
#2345 = EDGE_CURVE ( 'NONE', #85, #5274, #5189, .T. ) ;
#2346 = ADVANCED_FACE ( 'NONE', ( #2925 ), #3593, .T. ) ;
#2347 = EDGE_LOOP ( 'NONE', ( #6544, #38, #3661, #2381, #1095, #7154, #1122, #2239 ) ) ;
#2348 = CARTESIAN_POINT ( 'NONE',  ( 1.500000000000000000, 0.2500000000000001665, -0.2249999999999998390 ) ) ;
#2349 = ORIENTED_EDGE ( 'NONE', *, *, #8238, .T. ) ;
#2350 = DIRECTION ( 'NONE',  ( 1.000000000000000000, 1.204669080539447865E-16, -0.000000000000000000 ) ) ;
#2351 = ORIENTED_EDGE ( 'NONE', *, *, #2894, .F. ) ;
#2352 = ORIENTED_EDGE ( 'NONE', *, *, #7245, .T. ) ;
#2353 = ORIENTED_EDGE ( 'NONE', *, *, #5073, .T. ) ;
#2354 = ADVANCED_FACE ( 'NONE', ( #7359 ), #4973, .T. ) ;
#2355 = DIRECTION ( 'NONE',  ( 1.000000000000000000, 0.000000000000000000, 0.000000000000000000 ) ) ;
#2356 = DIRECTION ( 'NONE',  ( -0.1622214211307581588, -0.9733285267845753763, -0.1622214211307659304 ) ) ;
#2357 = DIRECTION ( 'NONE',  ( -3.469446951953614189E-16, 0.000000000000000000, 1.000000000000000000 ) ) ;
#2358 = CARTESIAN_POINT ( 'NONE',  ( -1.711784578174517568, 0.9597250524995485366, -1.625364205245038107 ) ) ;
#2359 = DIRECTION ( 'NONE',  ( -6.023345402697249184E-17, -1.000000000000000000, 0.000000000000000000 ) ) ;
#2360 = ORIENTED_EDGE ( 'NONE', *, *, #5822, .F. ) ;
#2361 = EDGE_LOOP ( 'NONE', ( #4624, #8135, #2453, #2832 ) ) ;
#2362 = CARTESIAN_POINT ( 'NONE',  ( -1.550000000000000044, 0.2499999999999999445, 0.5750000000000001776 ) ) ;
#2363 = ORIENTED_EDGE ( 'NONE', *, *, #7026, .T. ) ;
#2364 = CARTESIAN_POINT ( 'NONE',  ( -1.355254552287707082, 0.2803368758773252534, 0.08005614597955165723 ) ) ;
#2365 = ORIENTED_EDGE ( 'NONE', *, *, #205, .F. ) ;
#2366 = ADVANCED_FACE ( 'NONE', ( #4932 ), #7987, .F. ) ;
#2367 = DIRECTION ( 'NONE',  ( 0.000000000000000000, 0.08715574274765831853, -0.9961946980917455452 ) ) ;
#2368 = VECTOR ( 'NONE', #4009, 1000.000000000000000 ) ;
#2369 = DIRECTION ( 'NONE',  ( 1.000000000000000000, 0.000000000000000000, -0.000000000000000000 ) ) ;
#2370 = ORIENTED_EDGE ( 'NONE', *, *, #1867, .T. ) ;
#2371 = CARTESIAN_POINT ( 'NONE',  ( -1.610018138358533246, 2.849999999999999645, 1.750000000000000000 ) ) ;
#2372 = DIRECTION ( 'NONE',  ( 0.000000000000000000, 1.000000000000000000, 0.000000000000000000 ) ) ;
#2373 = LINE ( 'NONE', #5588, #2997 ) ;
#2374 = VERTEX_POINT ( 'NONE', #6719 ) ;
#2375 = DIRECTION ( 'NONE',  ( -0.08715574274765110208, 0.9961946980917462113, 6.750477849310038571E-17 ) ) ;
#2376 = VERTEX_POINT ( 'NONE', #6142 ) ;
#2377 = CIRCLE ( 'NONE', #1404, 0.2499999999999995837 ) ;
#2378 = DIRECTION ( 'NONE',  ( 1.000000000000000000, 0.000000000000000000, 0.000000000000000000 ) ) ;
#2379 = AXIS2_PLACEMENT_3D ( 'NONE', #6242, #489, #7554 ) ;
#2380 = CARTESIAN_POINT ( 'NONE',  ( 1.500000000000000222, 1.000000000000000444, -1.024999999999999911 ) ) ;
#2381 = ORIENTED_EDGE ( 'NONE', *, *, #5878, .F. ) ;
#2382 = DIRECTION ( 'NONE',  ( 1.000000000000000000, 0.000000000000000000, 0.000000000000000000 ) ) ;
#2383 = MANIFOLD_SOLID_BREP ( 'LPattern1[1]', #7209 ) ;
#2384 = ORIENTED_EDGE ( 'NONE', *, *, #5603, .T. ) ;
#2385 = MECHANICAL_DESIGN_GEOMETRIC_PRESENTATION_REPRESENTATION (  '', ( #2774 ), #5714 ) ;
#2386 = AXIS2_PLACEMENT_3D ( 'NONE', #6000, #3497, #3582 ) ;
#2387 = AXIS2_PLACEMENT_3D ( 'NONE', #3559, #1616, #894 ) ;
#2388 = AXIS2_PLACEMENT_3D ( 'NONE', #2004, #7118, #3936 ) ;
#2389 = CARTESIAN_POINT ( 'NONE',  ( -1.500000000000000222, 1.000000000000000000, -1.024999999999999911 ) ) ;
#2390 = DIRECTION ( 'NONE',  ( -0.000000000000000000, -0.000000000000000000, -1.000000000000000000 ) ) ;
#2391 = EDGE_CURVE ( 'NONE', #461, #4188, #5328, .T. ) ;
#2392 = CARTESIAN_POINT ( 'NONE',  ( -1.610018138358533246, 2.849999999999999645, -0.3450000000000000289 ) ) ;
#2393 = AXIS2_PLACEMENT_3D ( 'NONE', #2389, #5384, #925 ) ;
#2394 = CIRCLE ( 'NONE', #6796, 0.2550000000000000044 ) ;
#2395 = VECTOR ( 'NONE', #5691, 1000.000000000000000 ) ;
#2396 = AXIS2_PLACEMENT_3D ( 'NONE', #3473, #6594, #2756 ) ;
#2397 = ORIENTED_EDGE ( 'NONE', *, *, #6922, .F. ) ;
#2398 = FACE_OUTER_BOUND ( 'NONE', #2973, .T. ) ;
#2399 = ORIENTED_EDGE ( 'NONE', *, *, #6152, .F. ) ;
#2400 = DIRECTION ( 'NONE',  ( -0.000000000000000000, -0.000000000000000000, -1.000000000000000000 ) ) ;
#2401 = CIRCLE ( 'NONE', #3455, 0.2499999999999997780 ) ;
#2402 = ADVANCED_FACE ( 'NONE', ( #4264 ), #6219, .F. ) ;
#2403 = LINE ( 'NONE', #4948, #3315 ) ;
#2404 = ORIENTED_EDGE ( 'NONE', *, *, #2606, .F. ) ;
#2405 = AXIS2_PLACEMENT_3D ( 'NONE', #5095, #3719, #7663 ) ;
#2406 = LINE ( 'NONE', #825, #1425 ) ;
#2407 = DIRECTION ( 'NONE',  ( 0.000000000000000000, -0.000000000000000000, -1.000000000000000000 ) ) ;
#2408 = CARTESIAN_POINT ( 'NONE',  ( 1.550000000000000044, 0.2500000000000001665, -0.2249999999999998390 ) ) ;
#2409 = ADVANCED_FACE ( 'NONE', ( #920 ), #2431, .F. ) ;
#2410 = DIRECTION ( 'NONE',  ( 0.000000000000000000, 0.000000000000000000, -1.000000000000000000 ) ) ;
#2411 = ADVANCED_FACE ( 'NONE', ( #2251 ), #1599, .F. ) ;
#2412 = VECTOR ( 'NONE', #1579, 1000.000000000000227 ) ;
#2413 = CARTESIAN_POINT ( 'NONE',  ( -1.180258028277714866, 1.087536923784018672, 0.07499999999999998335 ) ) ;
#2414 = ORIENTED_EDGE ( 'NONE', *, *, #347, .T. ) ;
#2415 = ORIENTED_EDGE ( 'NONE', *, *, #3464, .T. ) ;
#2416 = CARTESIAN_POINT ( 'NONE',  ( -1.592086875603144325, 1.000000000000000000, -0.07499999999999998335 ) ) ;
#2417 = ORIENTED_EDGE ( 'NONE', *, *, #6695, .T. ) ;
#2418 = CARTESIAN_POINT ( 'NONE',  ( -0.3250000000000000111, 0.05000000000000000971, -1.100000000000000089 ) ) ;
#2419 = ORIENTED_EDGE ( 'NONE', *, *, #2792, .F. ) ;
#2420 = CARTESIAN_POINT ( 'NONE',  ( 0.4471019057874605629, 0.3499999999999999778, -1.200000000000000178 ) ) ;
#2421 = DIRECTION ( 'NONE',  ( -0.000000000000000000, -0.000000000000000000, -1.000000000000000000 ) ) ;
#2422 = ORIENTED_EDGE ( 'NONE', *, *, #5291, .F. ) ;
#2423 = CARTESIAN_POINT ( 'NONE',  ( 0.000000000000000000, 0.3499999999999999778, 0.000000000000000000 ) ) ;
#2424 = EDGE_CURVE ( 'NONE', #846, #962, #207, .T. ) ;
#2425 = PLANE ( 'NONE',  #5704 ) ;
#2426 = CARTESIAN_POINT ( 'NONE',  ( 1.350000000000000533, 2.849999999999999645, -0.1500000000000000500 ) ) ;
#2427 = VERTEX_POINT ( 'NONE', #2508 ) ;
#2428 = CARTESIAN_POINT ( 'NONE',  ( -1.728071343489107070, 1.249632614000899977, -1.712907117815016589 ) ) ;
#2429 = VERTEX_POINT ( 'NONE', #8250 ) ;
#2430 = DIRECTION ( 'NONE',  ( 0.000000000000000000, -0.000000000000000000, -1.000000000000000000 ) ) ;
#2431 = PLANE ( 'NONE',  #890 ) ;
#2432 = ORIENTED_EDGE ( 'NONE', *, *, #6369, .T. ) ;
#2433 = DIRECTION ( 'NONE',  ( -0.000000000000000000, 0.000000000000000000, 1.000000000000000000 ) ) ;
#2434 = ORIENTED_EDGE ( 'NONE', *, *, #6610, .T. ) ;
#2435 = CARTESIAN_POINT ( 'NONE',  ( -1.550000000000000044, 1.000000000000000000, 1.025000000000000355 ) ) ;
#2436 = DIRECTION ( 'NONE',  ( 0.000000000000000000, 0.000000000000000000, 1.000000000000000000 ) ) ;
#2437 = DIRECTION ( 'NONE',  ( -0.000000000000000000, 1.000000000000000000, -0.000000000000000000 ) ) ;
#2438 = ORIENTED_EDGE ( 'NONE', *, *, #1420, .T. ) ;
#2439 = CARTESIAN_POINT ( 'NONE',  ( -0.5000000000000000000, 0.05000000000000000971, 1.100000000000000089 ) ) ;
#2440 = EDGE_LOOP ( 'NONE', ( #7160, #2279, #2492, #8171 ) ) ;
#2441 = CARTESIAN_POINT ( 'NONE',  ( 0.000000000000000000, 0.6000000000000000888, 0.000000000000000000 ) ) ;
#2442 = CARTESIAN_POINT ( 'NONE',  ( -1.050000000000000044, 0.2000000000000000111, -0.5749999999999998446 ) ) ;
#2443 = ORIENTED_EDGE ( 'NONE', *, *, #1894, .T. ) ;
#2444 = VECTOR ( 'NONE', #2669, 1000.000000000000000 ) ;
#2445 = EDGE_CURVE ( 'NONE', #392, #8242, #2888, .T. ) ;
#2446 = ADVANCED_FACE ( 'NONE', ( #4391 ), #25, .F. ) ;
#2447 = CARTESIAN_POINT ( 'NONE',  ( -1.592086875603135887, 0.05000000000000000971, -0.8750000000000000000 ) ) ;
#2448 = LINE ( 'NONE', #8149, #4006 ) ;
#2449 = CARTESIAN_POINT ( 'NONE',  ( -1.592086875603152540, 0.2500000000000149880, 0.7250000000000000888 ) ) ;
#2450 = CARTESIAN_POINT ( 'NONE',  ( -0.8574886876659970625, 0.05000000000000000971, 0.9749999999999999778 ) ) ;
#2451 = CARTESIAN_POINT ( 'NONE',  ( -1.351260626809458465, 0.2500000000000000000, 1.750000000000000000 ) ) ;
#2452 = VERTEX_POINT ( 'NONE', #6896 ) ;
#2453 = ORIENTED_EDGE ( 'NONE', *, *, #1284, .F. ) ;
#2454 = PLANE ( 'NONE',  #7857 ) ;
#2455 = ORIENTED_EDGE ( 'NONE', *, *, #5191, .T. ) ;
#2456 = CARTESIAN_POINT ( 'NONE',  ( -1.717086875603152984, 1.000000000000000000, 0.5750000000000001776 ) ) ;
#2457 = ADVANCED_FACE ( 'NONE', ( #6428 ), #587, .T. ) ;
#2458 = ADVANCED_FACE ( 'NONE', ( #7575 ), #6387, .F. ) ;
#2459 = LINE ( 'NONE', #5001, #8219 ) ;
#2460 = DIRECTION ( 'NONE',  ( -0.000000000000000000, 0.000000000000000000, -1.000000000000000000 ) ) ;
#2461 = EDGE_LOOP ( 'NONE', ( #289, #2836 ) ) ;
#2462 = FACE_OUTER_BOUND ( 'NONE', #21, .T. ) ;
#2463 = DIRECTION ( 'NONE',  ( 1.084202172485504040E-15, -0.000000000000000000, -1.000000000000000000 ) ) ;
#2464 = ORIENTED_EDGE ( 'NONE', *, *, #6534, .T. ) ;
#2465 = ORIENTED_EDGE ( 'NONE', *, *, #6221, .T. ) ;
#2466 = CARTESIAN_POINT ( 'NONE',  ( 1.050000000000000488, 2.829999999999999627, -0.4500000000000000111 ) ) ;
#2467 = ORIENTED_EDGE ( 'NONE', *, *, #6126, .T. ) ;
#2468 = CARTESIAN_POINT ( 'NONE',  ( 1.050000000000000488, 2.829999999999999627, -0.7500000000000000000 ) ) ;
#2469 = ORIENTED_EDGE ( 'NONE', *, *, #5581, .F. ) ;
#2470 = EDGE_CURVE ( 'NONE', #3673, #6577, #1135, .T. ) ;
#2471 = LINE ( 'NONE', #1907, #6266 ) ;
#2472 = LINE ( 'NONE', #1820, #1244 ) ;
#2473 = EDGE_CURVE ( 'NONE', #1808, #7806, #7203, .T. ) ;
#2474 = ORIENTED_EDGE ( 'NONE', *, *, #6303, .T. ) ;
#2475 = CARTESIAN_POINT ( 'NONE',  ( -1.729989406634232729, 1.098004453143892833, -0.5749999999999998446 ) ) ;
#2476 = VECTOR ( 'NONE', #3506, 1000.000000000000000 ) ;
#2477 = DIRECTION ( 'NONE',  ( 0.000000000000000000, -0.08715574274765841567, -0.9961946980917455452 ) ) ;
#2478 = FACE_OUTER_BOUND ( 'NONE', #244, .T. ) ;
#2479 = ADVANCED_FACE ( 'NONE', ( #6265 ), #4431, .F. ) ;
#2480 = FACE_OUTER_BOUND ( 'NONE', #7077, .T. ) ;
#2481 = EDGE_CURVE ( 'NONE', #6676, #1395, #2471, .T. ) ;
#2482 = ORIENTED_EDGE ( 'NONE', *, *, #2445, .F. ) ;
#2483 = CARTESIAN_POINT ( 'NONE',  ( 1.717086875603152984, 1.000000000000000444, 0.2250000000000001443 ) ) ;
#2484 = DIRECTION ( 'NONE',  ( 0.000000000000000000, 1.000000000000000000, 0.000000000000000000 ) ) ;
#2485 = VECTOR ( 'NONE', #1379, 1000.000000000000000 ) ;
#2486 = EDGE_LOOP ( 'NONE', ( #1298, #4329, #1892, #5282 ) ) ;
#2487 = CARTESIAN_POINT ( 'NONE',  ( -0.9978147600733806577, 0.2292088309182247763, 0.6250000000000001110 ) ) ;
#2488 = CARTESIAN_POINT ( 'NONE',  ( -1.406059148176839191, 2.549999999999999822, -1.406059148176839191 ) ) ;
#2489 = CARTESIAN_POINT ( 'NONE',  ( 1.500000000000000222, 1.000000000000000444, -0.2249999999999998390 ) ) ;
#2490 = CARTESIAN_POINT ( 'NONE',  ( -1.500000000000000222, 1.000000000000000000, -0.2249999999999998390 ) ) ;
#2491 = DIRECTION ( 'NONE',  ( -1.000000000000000000, 0.000000000000000000, 0.000000000000000000 ) ) ;
#2492 = ORIENTED_EDGE ( 'NONE', *, *, #323, .F. ) ;
#2493 = EDGE_CURVE ( 'NONE', #8329, #1986, #7079, .T. ) ;
#2494 = ORIENTED_EDGE ( 'NONE', *, *, #2743, .T. ) ;
#2495 = LINE ( 'NONE', #3829, #6997 ) ;
#2496 = LINE ( 'NONE', #3791, #2879 ) ;
#2497 = ORIENTED_EDGE ( 'NONE', *, *, #6510, .T. ) ;
#2498 = LINE ( 'NONE', #3128, #8279 ) ;
#2499 = CARTESIAN_POINT ( 'NONE',  ( 0.9597227471524997222, 0.05000000000000000971, -0.7250000000000000888 ) ) ;
#2500 = LINE ( 'NONE', #5708, #4593 ) ;
#2501 = ORIENTED_EDGE ( 'NONE', *, *, #6612, .T. ) ;
#2502 = ORIENTED_EDGE ( 'NONE', *, *, #252, .T. ) ;
#2503 = EDGE_CURVE ( 'NONE', #7872, #6233, #3098, .T. ) ;
#2504 = CARTESIAN_POINT ( 'NONE',  ( -1.610018138358533024, 2.849999999999999645, 1.568845831921052314 ) ) ;
#2505 = ADVANCED_FACE ( 'NONE', ( #4511 ), #1257, .F. ) ;
#2506 = EDGE_LOOP ( 'NONE', ( #7830, #1956, #4628, #3429 ) ) ;
#2507 = DIRECTION ( 'NONE',  ( 0.000000000000000000, 0.1736481776669307198, -0.9848077530122080203 ) ) ;
#2508 = CARTESIAN_POINT ( 'NONE',  ( 1.002234059486502682, 0.2500000000000000000, 0.7250000000000001998 ) ) ;
#2509 = LINE ( 'NONE', #6949, #6471 ) ;
#2510 = ORIENTED_EDGE ( 'NONE', *, *, #5713, .T. ) ;
#2511 = CARTESIAN_POINT ( 'NONE',  ( -1.355254552287706638, 0.2803368758773233660, -0.7199438540204485815 ) ) ;
#2512 = CARTESIAN_POINT ( 'NONE',  ( 1.050000000000000266, 2.829999999999999627, 1.399999999999999689 ) ) ;
#2513 = VECTOR ( 'NONE', #23, 1000.000000000000000 ) ;
#2514 = AXIS2_PLACEMENT_3D ( 'NONE', #3371, #143, #4559 ) ;
#2515 = EDGE_CURVE ( 'NONE', #7102, #4275, #5679, .T. ) ;
#2516 = ADVANCED_FACE ( 'NONE', ( #1307 ), #3885, .F. ) ;
#2517 = CARTESIAN_POINT ( 'NONE',  ( -0.9978147600733806577, 0.2292088309182247763, -0.1750000000000000167 ) ) ;
#2518 = AXIS2_PLACEMENT_3D ( 'NONE', #4080, #5244, #820 ) ;
#2519 = AXIS2_PLACEMENT_3D ( 'NONE', #723, #772, #5744 ) ;
#2520 = DIRECTION ( 'NONE',  ( -1.000000000000000000, 0.000000000000000000, 0.000000000000000000 ) ) ;
#2521 = ORIENTED_EDGE ( 'NONE', *, *, #6902, .F. ) ;
#2522 = DIRECTION ( 'NONE',  ( 0.000000000000000000, 0.000000000000000000, 1.000000000000000000 ) ) ;
#2523 = EDGE_CURVE ( 'NONE', #635, #6258, #497, .T. ) ;
#2524 = PLANE ( 'NONE',  #873 ) ;
#2525 = MANIFOLD_SOLID_BREP ( 'Cut-Extrude5', #640 ) ;
#2526 = AXIS2_PLACEMENT_3D ( 'NONE', #5656, #3783, #3076 ) ;
#2527 = AXIS2_PLACEMENT_3D ( 'NONE', #5042, #7570, #8331 ) ;
#2528 = VERTEX_POINT ( 'NONE', #5246 ) ;
#2529 = AXIS2_PLACEMENT_3D ( 'NONE', #3818, #766, #6512 ) ;
#2530 = VECTOR ( 'NONE', #6636, 1000.000000000000000 ) ;
#2531 = CARTESIAN_POINT ( 'NONE',  ( 1.500000000000000000, 0.2500000000000001665, -1.024999999999999911 ) ) ;
#2532 = VECTOR ( 'NONE', #4697, 1000.000000000000000 ) ;
#2533 = VECTOR ( 'NONE', #1558, 1000.000000000000000 ) ;
#2534 = DIRECTION ( 'NONE',  ( 1.000000000000000000, 0.000000000000000000, 3.469446951953614682E-16 ) ) ;
#2535 = CARTESIAN_POINT ( 'NONE',  ( 1.610018138358533024, 2.829999999999999627, -0.8550000000000008704 ) ) ;
#2536 = CARTESIAN_POINT ( 'NONE',  ( -1.450000000000000400, 1.000000000000000000, 1.750000000000000000 ) ) ;
#2537 = LINE ( 'NONE', #2451, #3899 ) ;
#2538 = ORIENTED_EDGE ( 'NONE', *, *, #105, .T. ) ;
#2539 = VERTEX_POINT ( 'NONE', #1460 ) ;
#2540 = ORIENTED_EDGE ( 'NONE', *, *, #2167, .F. ) ;
#2541 = AXIS2_PLACEMENT_3D ( 'NONE', #863, #4622, #5278 ) ;
#2542 = CARTESIAN_POINT ( 'NONE',  ( -0.9423467339757670702, 0.2500000000000000000, -0.7250000000000003109 ) ) ;
#2543 = CARTESIAN_POINT ( 'NONE',  ( -1.180258028277714422, 1.087536923784016896, -0.8750000000000000000 ) ) ;
#2544 = EDGE_LOOP ( 'NONE', ( #4970, #7387, #6262, #3247 ) ) ;
#2545 = AXIS2_PLACEMENT_3D ( 'NONE', #851, #301, #4782 ) ;
#2546 =( NAMED_UNIT ( * ) SI_UNIT ( $, .STERADIAN. ) SOLID_ANGLE_UNIT ( ) );
#2547 = PLANE ( 'NONE',  #7043 ) ;
#2548 = DIRECTION ( 'NONE',  ( 1.000000000000000000, 0.000000000000000000, 0.000000000000000000 ) ) ;
#2549 = ORIENTED_EDGE ( 'NONE', *, *, #1755, .T. ) ;
#2550 = DIRECTION ( 'NONE',  ( 1.000000000000000000, 1.204669080539447865E-16, -0.000000000000000000 ) ) ;
#2551 = ORIENTED_EDGE ( 'NONE', *, *, #5581, .T. ) ;
#2552 = CARTESIAN_POINT ( 'NONE',  ( 1.450000000000000400, 1.000000000000000000, 1.750000000000000000 ) ) ;
#2553 = CARTESIAN_POINT ( 'NONE',  ( -1.750000000000000222, 0.05000000000000000971, -1.645013603768891164 ) ) ;
#2554 = ADVANCED_FACE ( 'NONE', ( #3139 ), #5952, .F. ) ;
#2555 = CARTESIAN_POINT ( 'NONE',  ( -1.717086875603152984, 1.000000000000000000, 0.2250000000000001443 ) ) ;
#2556 = VERTEX_POINT ( 'NONE', #2064 ) ;
#2557 = CARTESIAN_POINT ( 'NONE',  ( -1.351260626809458465, 0.2500000000000000000, 0.07499999999999998335 ) ) ;
#2558 = CARTESIAN_POINT ( 'NONE',  ( -1.550000000000000044, 0.2499999999999999445, -1.375000000000000000 ) ) ;
#2559 = DIRECTION ( 'NONE',  ( 0.000000000000000000, 0.000000000000000000, 1.000000000000000000 ) ) ;
#2560 = ADVANCED_FACE ( 'NONE', ( #4040 ), #2738, .F. ) ;
#2561 = CARTESIAN_POINT ( 'NONE',  ( -0.9597227471524998332, 0.05000000000000000971, -0.07499999999999998335 ) ) ;
#2562 = ADVANCED_FACE ( 'NONE', ( #6537 ), #3336, .F. ) ;
#2563 = ORIENTED_EDGE ( 'NONE', *, *, #7572, .F. ) ;
#2564 = LINE ( 'NONE', #1792, #6398 ) ;
#2565 = DIRECTION ( 'NONE',  ( -0.1287798954323275680, -0.9781804203664666852, 0.1630300700610811671 ) ) ;
#2566 = ADVANCED_FACE ( 'NONE', ( #178 ), #3958, .F. ) ;
#2567 = DIRECTION ( 'NONE',  ( -1.000000000000000000, 6.023345402697249184E-17, -0.000000000000000000 ) ) ;
#2568 = CARTESIAN_POINT ( 'NONE',  ( 0.9978147600733806577, 0.2292088309182247763, -0.6250000000000003331 ) ) ;
#2569 = CARTESIAN_POINT ( 'NONE',  ( -0.8998354216417641105, 0.05000000000000000278, -0.8749999999999997780 ) ) ;
#2570 = DIRECTION ( 'NONE',  ( -0.000000000000000000, -1.000000000000000000, 0.000000000000000000 ) ) ;
#2571 = DIRECTION ( 'NONE',  ( -1.000000000000000000, 0.000000000000000000, 0.000000000000000000 ) ) ;
#2572 = AXIS2_PLACEMENT_3D ( 'NONE', #7965, #7842, #2221 ) ;
#2573 = ORIENTED_EDGE ( 'NONE', *, *, #4023, .T. ) ;
#2574 = VERTEX_POINT ( 'NONE', #7853 ) ;
#2575 = ORIENTED_EDGE ( 'NONE', *, *, #3228, .T. ) ;
#2576 = EDGE_CURVE ( 'NONE', #406, #2556, #6462, .T. ) ;
#2577 = CARTESIAN_POINT ( 'NONE',  ( 0.000000000000000000, 0.3499999999999999778, -0.5000000000000000000 ) ) ;
#2578 = DIRECTION ( 'NONE',  ( 1.000000000000000000, -0.000000000000000000, 0.000000000000000000 ) ) ;
#2579 = EDGE_LOOP ( 'NONE', ( #3703, #3937, #4730, #2494 ) ) ;
#2580 = DIRECTION ( 'NONE',  ( -1.000000000000000000, 0.000000000000000000, -0.000000000000000000 ) ) ;
#2581 = LINE ( 'NONE', #5123, #6120 ) ;
#2582 = DIRECTION ( 'NONE',  ( 0.000000000000000000, -0.9848077530122080203, 0.1736481776669307198 ) ) ;
#2583 = DIRECTION ( 'NONE',  ( 0.1305261922200450231, 0.9914448613738112703, 0.000000000000000000 ) ) ;
#2584 = ORIENTED_EDGE ( 'NONE', *, *, #4083, .F. ) ;
#2585 = VERTEX_POINT ( 'NONE', #6573 ) ;
#2586 = DIRECTION ( 'NONE',  ( 0.000000000000000000, 0.000000000000000000, 1.000000000000000000 ) ) ;
#2587 = VERTEX_POINT ( 'NONE', #3400 ) ;
#2588 = DIRECTION ( 'NONE',  ( 0.000000000000000000, 1.000000000000000000, -0.000000000000000000 ) ) ;
#2589 = DIRECTION ( 'NONE',  ( 1.000000000000000000, 3.170181790893303965E-17, 0.000000000000000000 ) ) ;
#2590 = CARTESIAN_POINT ( 'NONE',  ( -1.351260626809458465, 0.2500000000000000000, -0.8750000000000001110 ) ) ;
#2591 = MANIFOLD_SOLID_BREP ( 'LPattern1[4]', #4139 ) ;
#2592 = ORIENTED_EDGE ( 'NONE', *, *, #7247, .T. ) ;
#2593 = CARTESIAN_POINT ( 'NONE',  ( -1.050000000000000044, 0.2000000000000000111, -0.5749999999999998446 ) ) ;
#2594 = FACE_OUTER_BOUND ( 'NONE', #4360, .T. ) ;
#2595 = AXIS2_PLACEMENT_3D ( 'NONE', #6952, #2477, #6987 ) ;
#2596 = AXIS2_PLACEMENT_3D ( 'NONE', #2911, #4250, #5463 ) ;
#2597 = CARTESIAN_POINT ( 'NONE',  ( -1.749999999999999778, 0.2499999999999999445, 0.5750000000000001776 ) ) ;
#2598 = EDGE_CURVE ( 'NONE', #3110, #8237, #2262, .T. ) ;
#2599 = CARTESIAN_POINT ( 'NONE',  ( 6.123233995736766036E-17, 0.3499999999999999778, 0.5000000000000000000 ) ) ;
#2600 = VECTOR ( 'NONE', #922, 1000.000000000000000 ) ;
#2601 = ORIENTED_EDGE ( 'NONE', *, *, #6192, .T. ) ;
#2602 = LINE ( 'NONE', #7710, #1706 ) ;
#2603 = LINE ( 'NONE', #5145, #7869 ) ;
#2604 = CARTESIAN_POINT ( 'NONE',  ( -1.050000000000000488, 2.829999999999999627, -1.400000000000000133 ) ) ;
#2605 = EDGE_CURVE ( 'NONE', #857, #2574, #6037, .T. ) ;
#2606 = EDGE_CURVE ( 'NONE', #2986, #1380, #7936, .T. ) ;
#2607 = DIRECTION ( 'NONE',  ( -0.9781476007338070211, -0.2079116908177524314, 0.000000000000000000 ) ) ;
#2608 = CARTESIAN_POINT ( 'NONE',  ( -1.050000000000000488, 2.829999999999999627, -0.4500000000000000111 ) ) ;
#2609 = VECTOR ( 'NONE', #7664, 1000.000000000000000 ) ;
#2610 = FACE_OUTER_BOUND ( 'NONE', #5409, .T. ) ;
#2611 = CARTESIAN_POINT ( 'NONE',  ( 7.201024211653783625E-17, 0.3499999999999999778, 0.5268201407991910390 ) ) ;
#2612 = DIRECTION ( 'NONE',  ( 0.1287798954323275680, 0.9781804203664666852, 0.1630300700610811671 ) ) ;
#2613 = VERTEX_POINT ( 'NONE', #6127 ) ;
#2614 = EDGE_CURVE ( 'NONE', #3110, #5506, #3578, .T. ) ;
#2615 = EDGE_CURVE ( 'NONE', #5022, #1449, #6707, .T. ) ;
#2616 = ORIENTED_EDGE ( 'NONE', *, *, #7676, .T. ) ;
#2617 = ORIENTED_EDGE ( 'NONE', *, *, #8143, .T. ) ;
#2618 = AXIS2_PLACEMENT_3D ( 'NONE', #8113, #271, #5464 ) ;
#2619 = DIRECTION ( 'NONE',  ( -0.000000000000000000, -0.000000000000000000, -1.000000000000000000 ) ) ;
#2620 = PLANE ( 'NONE',  #1115 ) ;
#2621 = EDGE_LOOP ( 'NONE', ( #4631, #8074, #6827, #8259 ) ) ;
#2622 = DIRECTION ( 'NONE',  ( 0.000000000000000000, -1.000000000000000000, 0.000000000000000000 ) ) ;
#2623 = DIRECTION ( 'NONE',  ( -0.000000000000000000, -1.000000000000000000, -0.000000000000000000 ) ) ;
#2624 = CARTESIAN_POINT ( 'NONE',  ( -1.717086875603152984, 1.000000000000000000, 1.750000000000000000 ) ) ;
#2625 = LINE ( 'NONE', #6531, #6159 ) ;
#2626 = ORIENTED_EDGE ( 'NONE', *, *, #3699, .T. ) ;
#2627 = ORIENTED_EDGE ( 'NONE', *, *, #6016, .T. ) ;
#2628 = DIRECTION ( 'NONE',  ( 1.000000000000000000, 0.000000000000000000, 0.000000000000000000 ) ) ;
#2629 = ADVANCED_FACE ( 'NONE', ( #6754 ), #2998, .F. ) ;
#2630 = EDGE_LOOP ( 'NONE', ( #6473, #4788, #4493, #7129 ) ) ;
#2631 = LINE ( 'NONE', #3884, #5190 ) ;
#2632 = CARTESIAN_POINT ( 'NONE',  ( 0.9423467339757670702, 0.2500000000000000000, 0.07500000000000003886 ) ) ;
#2633 = CARTESIAN_POINT ( 'NONE',  ( -1.350000000000000533, 2.849999999999999645, -0.1500000000000000500 ) ) ;
#2634 = ORIENTED_EDGE ( 'NONE', *, *, #5728, .T. ) ;
#2635 = CARTESIAN_POINT ( 'NONE',  ( -0.3250000000000000111, 0.3499999999999999778, 1.322101905787460341 ) ) ;
#2636 = DIRECTION ( 'NONE',  ( 0.000000000000000000, 0.000000000000000000, 1.000000000000000000 ) ) ;
#2637 = DIRECTION ( 'NONE',  ( 0.000000000000000000, 1.000000000000000000, 0.000000000000000000 ) ) ;
#2638 = CARTESIAN_POINT ( 'NONE',  ( -1.500000000000000222, 1.000000000000000000, -1.024999999999999911 ) ) ;
#2639 = ORIENTED_EDGE ( 'NONE', *, *, #1147, .F. ) ;
#2640 = VECTOR ( 'NONE', #1678, 1000.000000000000000 ) ;
#2641 = EDGE_CURVE ( 'NONE', #6135, #5975, #1084, .T. ) ;
#2642 = CARTESIAN_POINT ( 'NONE',  ( -0.9000000000000000222, 0.2500000000000000000, 1.750000000000000000 ) ) ;
#2643 = DIRECTION ( 'NONE',  ( -0.000000000000000000, 1.000000000000000000, -0.000000000000000000 ) ) ;
#2644 = CARTESIAN_POINT ( 'NONE',  ( 1.717086875603152984, 1.000000000000000000, -0.2000000000000000944 ) ) ;
#2645 = VECTOR ( 'NONE', #875, 1000.000000000000000 ) ;
#2646 = AXIS2_PLACEMENT_3D ( 'NONE', #4284, #7596, #6876 ) ;
#2647 = ORIENTED_EDGE ( 'NONE', *, *, #5713, .F. ) ;
#2648 = EDGE_CURVE ( 'NONE', #7418, #7308, #4127, .T. ) ;
#2649 = ADVANCED_FACE ( 'NONE', ( #3493 ), #908, .F. ) ;
#2650 = CIRCLE ( 'NONE', #1837, 0.04999999999999991257 ) ;
#2651 = VECTOR ( 'NONE', #1525, 1000.000000000000000 ) ;
#2652 = CARTESIAN_POINT ( 'NONE',  ( 1.050000000000000488, 2.829999999999999627, -0.1500000000000000777 ) ) ;
#2653 = EDGE_LOOP ( 'NONE', ( #5220, #290, #4824, #5898 ) ) ;
#2654 = ORIENTED_EDGE ( 'NONE', *, *, #5290, .F. ) ;
#2655 = ORIENTED_EDGE ( 'NONE', *, *, #7921, .F. ) ;
#2656 = PRESENTATION_LAYER_ASSIGNMENT (  '', '', ( #3594 ) ) ;
#2657 = VECTOR ( 'NONE', #3170, 1000.000000000000000 ) ;
#2658 = DIRECTION ( 'NONE',  ( 0.000000000000000000, 1.000000000000000000, 0.000000000000000000 ) ) ;
#2659 = EDGE_CURVE ( 'NONE', #7657, #3687, #3207, .T. ) ;
#2660 = CARTESIAN_POINT ( 'NONE',  ( 1.002234059486502682, 0.2500000000000000000, 0.8750000000000000000 ) ) ;
#2661 = ADVANCED_FACE ( 'NONE', ( #1588 ), #7349, .F. ) ;
#2662 = EDGE_LOOP ( 'NONE', ( #7634, #2035, #1742, #774, #939, #79 ) ) ;
#2663 = CARTESIAN_POINT ( 'NONE',  ( -1.350000000000000089, 2.829999999999999627, 1.100000000000000089 ) ) ;
#2664 = DIRECTION ( 'NONE',  ( 0.000000000000000000, 0.000000000000000000, -1.000000000000000000 ) ) ;
#2665 = CYLINDRICAL_SURFACE ( 'NONE', #4249, 0.1000000000000001166 ) ;
#2666 = CARTESIAN_POINT ( 'NONE',  ( -0.4471019057874605629, 0.3499999999999999778, -1.200000000000000178 ) ) ;
#2667 = ORIENTED_EDGE ( 'NONE', *, *, #73, .F. ) ;
#2668 = AXIS2_PLACEMENT_3D ( 'NONE', #6308, #5799, #547 ) ;
#2669 = DIRECTION ( 'NONE',  ( -0.000000000000000000, -0.000000000000000000, -1.000000000000000000 ) ) ;
#2670 = ORIENTED_EDGE ( 'NONE', *, *, #1438, .T. ) ;
#2671 = PLANE ( 'NONE',  #8007 ) ;
#2672 = EDGE_CURVE ( 'NONE', #6204, #6202, #3664, .T. ) ;
#2673 = DIRECTION ( 'NONE',  ( 0.000000000000000000, 0.000000000000000000, 1.000000000000000000 ) ) ;
#2674 = ORIENTED_EDGE ( 'NONE', *, *, #4014, .F. ) ;
#2675 = LINE ( 'NONE', #4625, #2368 ) ;
#2676 = DIRECTION ( 'NONE',  ( 1.000000000000000000, -0.000000000000000000, -0.000000000000000000 ) ) ;
#2677 = ORIENTED_EDGE ( 'NONE', *, *, #3923, .T. ) ;
#2678 = CARTESIAN_POINT ( 'NONE',  ( 1.050000000000000488, 2.829999999999999627, -0.7500000000000001110 ) ) ;
#2679 = EDGE_LOOP ( 'NONE', ( #2890, #3331, #3916, #1496 ) ) ;
#2680 = CARTESIAN_POINT ( 'NONE',  ( -1.750000000000000222, 2.549999999999999822, -1.636264737416298409 ) ) ;
#2681 = ORIENTED_EDGE ( 'NONE', *, *, #5094, .T. ) ;
#2682 = CARTESIAN_POINT ( 'NONE',  ( -1.180258028277715310, 1.087536923784020448, 0.8750000000000000000 ) ) ;
#2683 = LINE ( 'NONE', #1357, #868 ) ;
#2684 = EDGE_LOOP ( 'NONE', ( #2727, #7499, #491, #7011 ) ) ;
#2685 = LINE ( 'NONE', #1969, #606 ) ;
#2686 = LINE ( 'NONE', #5229, #4111 ) ;
#2687 = VERTEX_POINT ( 'NONE', #3039 ) ;
#2688 = ORIENTED_EDGE ( 'NONE', *, *, #6065, .T. ) ;
#2689 = EDGE_CURVE ( 'NONE', #577, #5141, #268, .T. ) ;
#2690 = FACE_OUTER_BOUND ( 'NONE', #5015, .T. ) ;
#2691 = ORIENTED_EDGE ( 'NONE', *, *, #6571, .T. ) ;
#2692 = DIRECTION ( 'NONE',  ( -1.000000000000000000, -1.807003620809174878E-16, 0.000000000000000000 ) ) ;
#2693 = CARTESIAN_POINT ( 'NONE',  ( -1.050000000000000044, 0.2000000000000000111, 0.5750000000000001776 ) ) ;
#2694 = DIRECTION ( 'NONE',  ( -1.000000000000000000, 0.000000000000000000, 0.000000000000000000 ) ) ;
#2695 = ORIENTED_EDGE ( 'NONE', *, *, #1347, .F. ) ;
#2696 = CARTESIAN_POINT ( 'NONE',  ( 1.450000000000000400, 1.000000000000000000, 1.750000000000000000 ) ) ;
#2697 = VERTEX_POINT ( 'NONE', #2323 ) ;
#2698 = DIRECTION ( 'NONE',  ( -0.000000000000000000, -0.000000000000000000, -1.000000000000000000 ) ) ;
#2699 = EDGE_CURVE ( 'NONE', #6333, #5411, #7975, .T. ) ;
#2700 = EDGE_CURVE ( 'NONE', #4152, #3788, #2237, .T. ) ;
#2701 = ADVANCED_FACE ( 'NONE', ( #3536 ), #4326, .F. ) ;
#2702 = CIRCLE ( 'NONE', #2833, 0.2999999999999998224 ) ;
#2703 = DIRECTION ( 'NONE',  ( -1.000000000000000000, -1.204669080539447865E-16, 0.000000000000000000 ) ) ;
#2704 = ORIENTED_EDGE ( 'NONE', *, *, #7148, .T. ) ;
#2705 = CARTESIAN_POINT ( 'NONE',  ( 1.350000000000000311, 2.829999999999999627, -1.100000000000000533 ) ) ;
#2706 = CYLINDRICAL_SURFACE ( 'NONE', #2039, 0.2999999999999998224 ) ;
#2707 = CARTESIAN_POINT ( 'NONE',  ( -1.717086875603152984, 1.000000000000000000, -0.2249999999999998390 ) ) ;
#2708 = VERTEX_POINT ( 'NONE', #8024 ) ;
#2709 = CARTESIAN_POINT ( 'NONE',  ( -1.717086875603152984, 1.000000000000000000, 0.2250000000000001443 ) ) ;
#2710 = ADVANCED_FACE ( 'NONE', ( #4833 ), #7390, .F. ) ;
#2711 = VERTEX_POINT ( 'NONE', #6370 ) ;
#2712 = LINE ( 'NONE', #3969, #7141 ) ;
#2713 = ORIENTED_EDGE ( 'NONE', *, *, #1393, .F. ) ;
#2714 = CARTESIAN_POINT ( 'NONE',  ( 0.000000000000000000, 0.000000000000000000, 0.000000000000000000 ) ) ;
#2715 = FACE_OUTER_BOUND ( 'NONE', #3436, .T. ) ;
#2716 = CARTESIAN_POINT ( 'NONE',  ( 1.592086875603152984, 1.000000000000000000, 0.7250000000000000888 ) ) ;
#2717 = EDGE_CURVE ( 'NONE', #1585, #702, #3705, .T. ) ;
#2718 = VECTOR ( 'NONE', #5339, 1000.000000000000000 ) ;
#2719 = ADVANCED_FACE ( 'NONE', ( #4421 ), #1935, .T. ) ;
#2720 = ORIENTED_EDGE ( 'NONE', *, *, #6730, .T. ) ;
#2721 = CARTESIAN_POINT ( 'NONE',  ( 0.9000000000000000222, 0.2500000000000000000, -0.6250000000000003331 ) ) ;
#2722 = DIRECTION ( 'NONE',  ( 0.000000000000000000, 0.000000000000000000, 1.000000000000000000 ) ) ;
#2723 = ORIENTED_EDGE ( 'NONE', *, *, #1093, .F. ) ;
#2724 = ORIENTED_EDGE ( 'NONE', *, *, #2470, .T. ) ;
#2725 = VERTEX_POINT ( 'NONE', #6973 ) ;
#2726 = EDGE_LOOP ( 'NONE', ( #2510, #7786, #2918, #3012 ) ) ;
#2727 = ORIENTED_EDGE ( 'NONE', *, *, #2081, .T. ) ;
#2728 = CARTESIAN_POINT ( 'NONE',  ( 1.717086875603152984, 1.000000000000000444, -0.2249999999999998390 ) ) ;
#2729 = CARTESIAN_POINT ( 'NONE',  ( 1.550000000000000044, 0.2500000000000001665, 1.375000000000000444 ) ) ;
#2730 = EDGE_CURVE ( 'NONE', #261, #795, #5093, .T. ) ;
#2731 = CARTESIAN_POINT ( 'NONE',  ( -1.740631567675905655, 1.249596811527736495, 1.694208954620516572 ) ) ;
#2732 = CARTESIAN_POINT ( 'NONE',  ( -0.4471019057874604519, 0.3499999999999999778, -1.100000000000000089 ) ) ;
#2733 = ORIENTED_EDGE ( 'NONE', *, *, #5957, .F. ) ;
#2734 = LINE ( 'NONE', #783, #7115 ) ;
#2735 = ORIENTED_EDGE ( 'NONE', *, *, #8343, .T. ) ;
#2736 = VECTOR ( 'NONE', #6388, 1000.000000000000000 ) ;
#2737 = DIRECTION ( 'NONE',  ( 0.000000000000000000, 0.000000000000000000, -1.000000000000000000 ) ) ;
#2738 = PLANE ( 'NONE',  #2541 ) ;
#2739 = LINE ( 'NONE', #5529, #3595 ) ;
#2740 = DIRECTION ( 'NONE',  ( -1.000000000000000000, 0.000000000000000000, 0.000000000000000000 ) ) ;
#2741 = ORIENTED_EDGE ( 'NONE', *, *, #676, .F. ) ;
#2742 = EDGE_CURVE ( 'NONE', #4306, #3732, #3161, .T. ) ;
#2743 = EDGE_CURVE ( 'NONE', #5880, #3354, #8282, .T. ) ;
#2744 = CARTESIAN_POINT ( 'NONE',  ( -0.9597227471524998332, 0.05000000000000000971, 0.7250000000000000888 ) ) ;
#2745 = DIRECTION ( 'NONE',  ( 0.000000000000000000, 1.000000000000000000, -0.000000000000000000 ) ) ;
#2746 = DIRECTION ( 'NONE',  ( 0.000000000000000000, 1.000000000000000000, -0.000000000000000000 ) ) ;
#2747 = ORIENTED_EDGE ( 'NONE', *, *, #7922, .T. ) ;
#2748 = DIRECTION ( 'NONE',  ( -1.000000000000000000, -1.204669080539447865E-16, 0.000000000000000000 ) ) ;
#2749 = ORIENTED_EDGE ( 'NONE', *, *, #4727, .T. ) ;
#2750 = LINE ( 'NONE', #7149, #2600 ) ;
#2751 = ORIENTED_EDGE ( 'NONE', *, *, #5631, .T. ) ;
#2752 = EDGE_CURVE ( 'NONE', #5735, #3570, #3793, .T. ) ;
#2753 = DIRECTION ( 'NONE',  ( 1.000000000000000000, 0.000000000000000000, 0.000000000000000000 ) ) ;
#2754 = DIRECTION ( 'NONE',  ( -0.000000000000000000, -0.000000000000000000, -1.000000000000000000 ) ) ;
#2755 = CARTESIAN_POINT ( 'NONE',  ( 0.8574886876659970625, 0.05000000000000000971, 1.645013603768891164 ) ) ;
#2756 = DIRECTION ( 'NONE',  ( 1.000000000000000000, 0.000000000000000000, 0.000000000000000000 ) ) ;
#2757 = ORIENTED_EDGE ( 'NONE', *, *, #6124, .F. ) ;
#2758 = ORIENTED_EDGE ( 'NONE', *, *, #6788, .T. ) ;
#2759 = EDGE_CURVE ( 'NONE', #5835, #3038, #7648, .T. ) ;
#2760 = DIRECTION ( 'NONE',  ( 1.000000000000000000, 0.000000000000000000, 0.000000000000000000 ) ) ;
#2761 = VECTOR ( 'NONE', #2996, 1000.000000000000000 ) ;
#2762 = EDGE_LOOP ( 'NONE', ( #3544, #7483, #4887, #3081 ) ) ;
#2763 = VECTOR ( 'NONE', #7942, 1000.000000000000000 ) ;
#2764 = CIRCLE ( 'NONE', #3851, 0.2499999999999997780 ) ;
#2765 = AXIS2_PLACEMENT_3D ( 'NONE', #1338, #5128, #7057 ) ;
#2766 = VECTOR ( 'NONE', #2275, 1000.000000000000000 ) ;
#2767 = DIRECTION ( 'NONE',  ( 0.000000000000000000, 0.000000000000000000, 1.000000000000000000 ) ) ;
#2768 = CARTESIAN_POINT ( 'NONE',  ( -1.350000000000000533, 2.849999999999999645, 4.683753385137381127E-16 ) ) ;
#2769 = FILL_AREA_STYLE ('',( #169 ) ) ;
#2770 = DIRECTION ( 'NONE',  ( 1.000000000000000000, -0.000000000000000000, -0.000000000000000000 ) ) ;
#2771 = FILL_AREA_STYLE_COLOUR ( '', #1886 ) ;
#2772 = ORIENTED_EDGE ( 'NONE', *, *, #6853, .F. ) ;
#2773 = LINE ( 'NONE', #136, #6313 ) ;
#2775 = EDGE_LOOP ( 'NONE', ( #6464, #7357, #6925, #3554 ) ) ;
#2774 = STYLED_ITEM ( 'NONE', ( #1036 ), #5288 ) ;
#2776 = AXIS2_PLACEMENT_3D ( 'NONE', #2568, #5779, #197 ) ;
#2777 = CIRCLE ( 'NONE', #6513, 0.2550000000000000044 ) ;
#2778 = LINE ( 'NONE', #6493, #4638 ) ;
#2779 = AXIS2_PLACEMENT_3D ( 'NONE', #7278, #1518, #4636 ) ;
#2780 = AXIS2_PLACEMENT_3D ( 'NONE', #3685, #2437, #1785 ) ;
#2781 = CARTESIAN_POINT ( 'NONE',  ( 1.050000000000000266, 2.849999999999999645, 1.399999999999999689 ) ) ;
#2782 = CARTESIAN_POINT ( 'NONE',  ( -1.050000000000000044, 0.2000000000000000111, -0.2249999999999998390 ) ) ;
#2783 = ORIENTED_EDGE ( 'NONE', *, *, #6888, .F. ) ;
#2784 = AXIS2_PLACEMENT_3D ( 'NONE', #2642, #6549, #5185 ) ;
#2785 = VECTOR ( 'NONE', #2188, 1000.000000000000000 ) ;
#2786 = LINE ( 'NONE', #5956, #6638 ) ;
#2787 = DIRECTION ( 'NONE',  ( 0.000000000000000000, -0.000000000000000000, 1.000000000000000000 ) ) ;
#2788 = FACE_OUTER_BOUND ( 'NONE', #5356, .T. ) ;
#2789 = CARTESIAN_POINT ( 'NONE',  ( -1.749999999999999778, 0.2499999999999999445, -1.375000000000000000 ) ) ;
#2790 = EDGE_LOOP ( 'NONE', ( #2140, #8168, #5614, #8276, #2305, #2783, #426, #2975, #5699, #2797 ) ) ;
#2791 = LINE ( 'NONE', #2073, #3063 ) ;
#2792 = EDGE_CURVE ( 'NONE', #1401, #7665, #6048, .T. ) ;
#2793 = VECTOR ( 'NONE', #3624, 1000.000000000000000 ) ;
#2794 = EDGE_CURVE ( 'NONE', #2953, #680, #125, .T. ) ;
#2795 = EDGE_LOOP ( 'NONE', ( #4300, #4773, #1832, #1730 ) ) ;
#2796 = PLANE ( 'NONE',  #7551 ) ;
#2797 = ORIENTED_EDGE ( 'NONE', *, *, #1727, .F. ) ;
#2798 = PLANE ( 'NONE',  #5722 ) ;
#2799 = AXIS2_PLACEMENT_3D ( 'NONE', #7730, #2622, #5789 ) ;
#2800 = LINE ( 'NONE', #3, #1798 ) ;
#2801 = AXIS2_PLACEMENT_3D ( 'NONE', #4366, #2311, #6965 ) ;
#2802 = DIRECTION ( 'NONE',  ( -1.000000000000000000, 0.000000000000000000, 0.000000000000000000 ) ) ;
#2803 = DIRECTION ( 'NONE',  ( -1.000000000000000000, 0.000000000000000000, 0.000000000000000000 ) ) ;
#2804 = EDGE_CURVE ( 'NONE', #8162, #4063, #8240, .T. ) ;
#2805 = EDGE_CURVE ( 'NONE', #8329, #4086, #8160, .T. ) ;
#2806 = ORIENTED_EDGE ( 'NONE', *, *, #2299, .T. ) ;
#2807 = ORIENTED_EDGE ( 'NONE', *, *, #1705, .T. ) ;
#2808 = LINE ( 'NONE', #4772, #4521 ) ;
#2809 = PRESENTATION_STYLE_ASSIGNMENT (( #1575 ) ) ;
#2810 = ORIENTED_EDGE ( 'NONE', *, *, #6368, .F. ) ;
#2811 = VERTEX_POINT ( 'NONE', #2420 ) ;
#2812 = EDGE_CURVE ( 'NONE', #1515, #4744, #2495, .T. ) ;
#2813 = ORIENTED_EDGE ( 'NONE', *, *, #208, .T. ) ;
#2814 = DIRECTION ( 'NONE',  ( -0.000000000000000000, -0.000000000000000000, -1.000000000000000000 ) ) ;
#2815 = DIRECTION ( 'NONE',  ( 0.000000000000000000, 1.000000000000000000, -0.000000000000000000 ) ) ;
#2816 = CARTESIAN_POINT ( 'NONE',  ( 1.350000000000000533, 2.849999999999999645, 4.683753385137381127E-16 ) ) ;
#2817 = VERTEX_POINT ( 'NONE', #6415 ) ;
#2818 = ORIENTED_EDGE ( 'NONE', *, *, #4405, .T. ) ;
#2819 = ORIENTED_EDGE ( 'NONE', *, *, #3730, .F. ) ;
#2820 = LINE ( 'NONE', #2696, #2444 ) ;
#2821 = VERTEX_POINT ( 'NONE', #5118 ) ;
#2822 = CARTESIAN_POINT ( 'NONE',  ( -1.610018138358533246, 2.849999999999999645, 1.750000000000000000 ) ) ;
#2823 = EDGE_LOOP ( 'NONE', ( #2474, #1893, #4219, #2370 ) ) ;
#2824 = ADVANCED_FACE ( 'NONE', ( #6931, #3208, #5033 ), #7687, .F. ) ;
#2825 = DIRECTION ( 'NONE',  ( 1.000000000000000000, 0.000000000000000000, -0.000000000000000000 ) ) ;
#2826 = LINE ( 'NONE', #7938, #4070 ) ;
#2827 = ORIENTED_EDGE ( 'NONE', *, *, #4640, .F. ) ;
#2828 = DIRECTION ( 'NONE',  ( -1.000000000000000000, 0.000000000000000000, 0.000000000000000000 ) ) ;
#2829 = PLANE ( 'NONE',  #4634 ) ;
#2830 = CARTESIAN_POINT ( 'NONE',  ( 1.717086875603152984, 1.000000000000000444, 0.5750000000000001776 ) ) ;
#2831 = CARTESIAN_POINT ( 'NONE',  ( -1.450245784487046663, 1.001866918528325545, 1.728291168325474025 ) ) ;
#2832 = ORIENTED_EDGE ( 'NONE', *, *, #4641, .T. ) ;
#2833 = AXIS2_PLACEMENT_3D ( 'NONE', #5365, #7170, #4121 ) ;
#2834 = DIRECTION ( 'NONE',  ( -1.000000000000000000, 0.000000000000000000, 0.000000000000000000 ) ) ;
#2835 = DIRECTION ( 'NONE',  ( 0.000000000000000000, -1.000000000000000000, 0.000000000000000000 ) ) ;
#2836 = ORIENTED_EDGE ( 'NONE', *, *, #6624, .T. ) ;
#2837 = CARTESIAN_POINT ( 'NONE',  ( -1.002234059486502682, 0.2500000000000000000, -0.8750000000000001110 ) ) ;
#2838 = FACE_OUTER_BOUND ( 'NONE', #2762, .T. ) ;
#2839 = EDGE_CURVE ( 'NONE', #4444, #5428, #3872, .T. ) ;
#2840 = CARTESIAN_POINT ( 'NONE',  ( -1.717086875603152984, 1.000000000000000000, 0.5750000000000001776 ) ) ;
#2841 = CARTESIAN_POINT ( 'NONE',  ( 1.592086875603152762, 0.2500000000000152101, 0.8750000000000000000 ) ) ;
#2842 = VERTEX_POINT ( 'NONE', #6883 ) ;
#2843 = DIRECTION ( 'NONE',  ( 1.000000000000000000, 0.000000000000000000, -1.032573497605241854E-16 ) ) ;
#2844 = ORIENTED_EDGE ( 'NONE', *, *, #3319, .F. ) ;
#2845 = EDGE_CURVE ( 'NONE', #707, #6135, #2459, .T. ) ;
#2846 = EDGE_CURVE ( 'NONE', #3883, #4115, #1806, .T. ) ;
#2847 = CARTESIAN_POINT ( 'NONE',  ( 1.042614886054233025, 0.4399768525161776855, 0.07499999999999998335 ) ) ;
#2848 = EDGE_CURVE ( 'NONE', #412, #1316, #6293, .T. ) ;
#2849 = PLANE ( 'NONE',  #733 ) ;
#2850 = ORIENTED_EDGE ( 'NONE', *, *, #294, .T. ) ;
#2851 = AXIS2_PLACEMENT_3D ( 'NONE', #2958, #5499, #1674 ) ;
#2852 = ORIENTED_EDGE ( 'NONE', *, *, #6561, .F. ) ;
#2853 = CIRCLE ( 'NONE', #5660, 0.2499999999999995837 ) ;
#2854 = DIRECTION ( 'NONE',  ( -1.000000000000000000, 0.000000000000000000, 0.000000000000000000 ) ) ;
#2855 = DIRECTION ( 'NONE',  ( -0.000000000000000000, -0.000000000000000000, -1.000000000000000000 ) ) ;
#2856 = DIRECTION ( 'NONE',  ( -0.1300379154054214503, -0.9877360307509844839, -0.08641570524680476650 ) ) ;
#2857 = EDGE_CURVE ( 'NONE', #3478, #6135, #3515, .T. ) ;
#2858 = ADVANCED_FACE ( 'NONE', ( #7804 ), #5785, .T. ) ;
#2859 = CARTESIAN_POINT ( 'NONE',  ( 1.729989406634232729, 1.098004453143893278, 1.025000000000000355 ) ) ;
#2860 = CARTESIAN_POINT ( 'NONE',  ( 1.050000000000000044, 0.2000000000000001776, 1.375000000000000444 ) ) ;
#2861 = ORIENTED_EDGE ( 'NONE', *, *, #6682, .T. ) ;
#2862 = ORIENTED_EDGE ( 'NONE', *, *, #3395, .T. ) ;
#2863 = LINE ( 'NONE', #2228, #6972 ) ;
#2864 = VERTEX_POINT ( 'NONE', #3947 ) ;
#2865 = DIRECTION ( 'NONE',  ( 1.000000000000000000, 0.000000000000000000, 0.000000000000000000 ) ) ;
#2866 = DIRECTION ( 'NONE',  ( 0.000000000000000000, 0.000000000000000000, -1.000000000000000000 ) ) ;
#2867 = DIRECTION ( 'NONE',  ( 0.000000000000000000, -1.000000000000000000, 0.000000000000000000 ) ) ;
#2868 = CARTESIAN_POINT ( 'NONE',  ( -1.500000000000000000, -5.421010862427512309E-17, -1.375000000000000000 ) ) ;
#2869 = EDGE_LOOP ( 'NONE', ( #4692, #3738, #3313, #5159 ) ) ;
#2870 = CARTESIAN_POINT ( 'NONE',  ( -1.592086875603152540, 0.2500000000000149880, 0.8750000000000000000 ) ) ;
#2871 = ADVANCED_FACE ( 'NONE', ( #6484 ), #3909, .F. ) ;
#2872 = FACE_OUTER_BOUND ( 'NONE', #1641, .T. ) ;
#2873 = CARTESIAN_POINT ( 'NONE',  ( 1.717086875603152984, 1.000000000000000000, 1.750000000000000000 ) ) ;
#2874 = VECTOR ( 'NONE', #6618, 1000.000000000000000 ) ;
#2875 = LINE ( 'NONE', #4592, #5044 ) ;
#2876 = ORIENTED_EDGE ( 'NONE', *, *, #1284, .T. ) ;
#2877 = DIRECTION ( 'NONE',  ( -0.000000000000000000, 1.000000000000000000, -0.000000000000000000 ) ) ;
#2878 = CARTESIAN_POINT ( 'NONE',  ( -1.050000000000000044, 0.2000000000000000111, 1.375000000000000444 ) ) ;
#2879 = VECTOR ( 'NONE', #6336, 1000.000000000000000 ) ;
#2880 = ORIENTED_EDGE ( 'NONE', *, *, #7974, .T. ) ;
#2881 = LINE ( 'NONE', #5427, #4599 ) ;
#2882 = EDGE_LOOP ( 'NONE', ( #1024, #4885, #3397, #5999, #6144 ) ) ;
#2883 = CARTESIAN_POINT ( 'NONE',  ( -1.550000000000000044, 0.2499999999999999445, 1.375000000000000444 ) ) ;
#2884 = PLANE ( 'NONE',  #2313 ) ;
#2885 = CARTESIAN_POINT ( 'NONE',  ( 1.302447382239556806, -0.1207734031973093231, -0.7867955671995553457 ) ) ;
#2886 = CARTESIAN_POINT ( 'NONE',  ( 1.749999999999999778, 0.2500000000000001665, 1.375000000000000444 ) ) ;
#2887 = ORIENTED_EDGE ( 'NONE', *, *, #5419, .F. ) ;
#2888 =( BOUNDED_CURVE ( )  B_SPLINE_CURVE ( 3, ( #3805, #6947, #2632, #7618 ),
 .UNSPECIFIED., .F., .F. ) 
 B_SPLINE_CURVE_WITH_KNOTS ( ( 4, 4 ),
 ( 3.141592653589793116, 4.712388980384689674 ),
 .UNSPECIFIED. ) 
 CURVE ( )  GEOMETRIC_REPRESENTATION_ITEM ( )  RATIONAL_B_SPLINE_CURVE ( ( 1.000000000000000000, 0.8047378541243649375, 0.8047378541243649375, 1.000000000000000000 ) ) 
 REPRESENTATION_ITEM ( '' )  );
#2889 = DIRECTION ( 'NONE',  ( -1.000000000000000000, 0.000000000000000000, 0.000000000000000000 ) ) ;
#2890 = ORIENTED_EDGE ( 'NONE', *, *, #3464, .F. ) ;
#2891 = DIRECTION ( 'NONE',  ( -0.000000000000000000, -0.000000000000000000, -1.000000000000000000 ) ) ;
#2892 = CARTESIAN_POINT ( 'NONE',  ( 1.592086875603161200, 0.2500000000000152101, 0.07499999999999998335 ) ) ;
#2893 = ORIENTED_EDGE ( 'NONE', *, *, #5924, .T. ) ;
#2894 = EDGE_CURVE ( 'NONE', #1725, #3883, #3250, .T. ) ;
#2895 = ADVANCED_FACE ( 'NONE', ( #732 ), #3477, .T. ) ;
#2896 = DIRECTION ( 'NONE',  ( -1.000000000000000000, 0.000000000000000000, 0.000000000000000000 ) ) ;
#2897 = VECTOR ( 'NONE', #7229, 1000.000000000000114 ) ;
#2898 = DIRECTION ( 'NONE',  ( 0.000000000000000000, -0.9848077530122080203, 0.1736481776669307198 ) ) ;
#2899 = VECTOR ( 'NONE', #4713, 1000.000000000000227 ) ;
#2900 = PRESENTATION_STYLE_ASSIGNMENT (( #5451 ) ) ;
#2901 = DIRECTION ( 'NONE',  ( 1.000000000000000000, -0.000000000000000000, 0.000000000000000000 ) ) ;
#2902 = EDGE_LOOP ( 'NONE', ( #253, #855, #798, #2861 ) ) ;
#2903 = LINE ( 'NONE', #2994, #4992 ) ;
#2904 = ORIENTED_EDGE ( 'NONE', *, *, #919, .T. ) ;
#2905 = DIRECTION ( 'NONE',  ( -1.000000000000000000, 0.000000000000000000, 0.000000000000000000 ) ) ;
#2906 = STYLED_ITEM ( 'NONE', ( #2809 ), #5395 ) ;
#2907 = VECTOR ( 'NONE', #6581, 1000.000000000000227 ) ;
#2908 = VECTOR ( 'NONE', #5493, 1000.000000000000000 ) ;
#2909 = ADVANCED_FACE ( 'NONE', ( #2690 ), #5436, .T. ) ;
#2910 = EDGE_CURVE ( 'NONE', #1401, #846, #4541, .T. ) ;
#2911 = CARTESIAN_POINT ( 'NONE',  ( 0.000000000000000000, 0.3499999999999999778, 0.000000000000000000 ) ) ;
#2912 = CYLINDRICAL_SURFACE ( 'NONE', #5682, 0.2499999999999995837 ) ;
#2913 = ORIENTED_EDGE ( 'NONE', *, *, #1218, .F. ) ;
#2914 = FACE_OUTER_BOUND ( 'NONE', #8152, .T. ) ;
#2915 = CARTESIAN_POINT ( 'NONE',  ( -1.550000000000000044, 1.000000000000000000, -0.2249999999999998390 ) ) ;
#2916 = CARTESIAN_POINT ( 'NONE',  ( -1.500000000000000000, -5.421010862427512309E-17, -0.2249999999999998390 ) ) ;
#2917 = VECTOR ( 'NONE', #2828, 1000.000000000000000 ) ;
#2918 = ORIENTED_EDGE ( 'NONE', *, *, #4974, .F. ) ;
#2919 = VECTOR ( 'NONE', #5186, 1000.000000000000000 ) ;
#2920 = CIRCLE ( 'NONE', #3589, 0.1499999999999999944 ) ;
#2921 = PLANE ( 'NONE',  #604 ) ;
#2922 = ORIENTED_EDGE ( 'NONE', *, *, #2672, .T. ) ;
#2923 = CARTESIAN_POINT ( 'NONE',  ( 1.351260626809458465, 0.2500000000000000000, -0.07499999999999998335 ) ) ;
#2924 = ADVANCED_FACE ( 'NONE', ( #3326 ), #7722, .F. ) ;
#2925 = FACE_OUTER_BOUND ( 'NONE', #6344, .T. ) ;
#2926 = MECHANICAL_DESIGN_GEOMETRIC_PRESENTATION_REPRESENTATION (  '', ( #5589 ), #1162 ) ;
#2927 = VECTOR ( 'NONE', #4532, 1000.000000000000000 ) ;
#2928 = ORIENTED_EDGE ( 'NONE', *, *, #6084, .T. ) ;
#2929 = FACE_BOUND ( 'NONE', #8236, .T. ) ;
#2930 = ORIENTED_EDGE ( 'NONE', *, *, #2503, .T. ) ;
#2931 = LINE ( 'NONE', #1564, #878 ) ;
#2932 = CARTESIAN_POINT ( 'NONE',  ( 1.550000000000000044, 1.000000000000000444, -0.2249999999999998390 ) ) ;
#2933 = PLANE ( 'NONE',  #4793 ) ;
#2934 = DIRECTION ( 'NONE',  ( 1.000000000000000000, 0.000000000000000000, 0.000000000000000000 ) ) ;
#2935 = VECTOR ( 'NONE', #404, 1000.000000000000000 ) ;
#2936 = ORIENTED_EDGE ( 'NONE', *, *, #362, .T. ) ;
#2937 = EDGE_CURVE ( 'NONE', #7254, #8153, #7956, .T. ) ;
#2938 = ORIENTED_EDGE ( 'NONE', *, *, #2968, .F. ) ;
#2939 = LINE ( 'NONE', #2304, #2045 ) ;
#2940 = EDGE_CURVE ( 'NONE', #4370, #1995, #3284, .T. ) ;
#2941 = ORIENTED_EDGE ( 'NONE', *, *, #1796, .F. ) ;
#2942 = CLOSED_SHELL ( 'NONE', ( #2168, #7581, #6738, #2554 ) ) ;
#2943 = FACE_OUTER_BOUND ( 'NONE', #211, .T. ) ;
#2944 = FILL_AREA_STYLE ('',( #5439 ) ) ;
#2945 = EDGE_LOOP ( 'NONE', ( #1352, #1667, #6609, #4091, #2806 ) ) ;
#2946 = ORIENTED_EDGE ( 'NONE', *, *, #3395, .F. ) ;
#2947 = LINE ( 'NONE', #4414, #3585 ) ;
#2948 = DIRECTION ( 'NONE',  ( -0.1305261922200451896, 0.9914448613738112703, 0.000000000000000000 ) ) ;
#2949 = DIRECTION ( 'NONE',  ( -3.469446951953614189E-16, 0.000000000000000000, 1.000000000000000000 ) ) ;
#2950 = LINE ( 'NONE', #2413, #3238 ) ;
#2951 = EDGE_LOOP ( 'NONE', ( #7797, #4693, #7421, #4703 ) ) ;
#2952 = EDGE_CURVE ( 'NONE', #8138, #2687, #1571, .T. ) ;
#2953 = VERTEX_POINT ( 'NONE', #4147 ) ;
#2954 = EDGE_CURVE ( 'NONE', #6781, #3118, #933, .T. ) ;
#2955 = LINE ( 'NONE', #4830, #1880 ) ;
#2956 = ORIENTED_EDGE ( 'NONE', *, *, #7809, .F. ) ;
#2957 = DIRECTION ( 'NONE',  ( 0.1305261922200450231, 0.9914448613738112703, 0.000000000000000000 ) ) ;
#2958 = CARTESIAN_POINT ( 'NONE',  ( 1.717086875603152984, 1.000000000000000444, 1.375000000000000444 ) ) ;
#2959 = DIRECTION ( 'NONE',  ( 0.000000000000000000, 0.000000000000000000, 1.000000000000000000 ) ) ;
#2960 = ORIENTED_EDGE ( 'NONE', *, *, #3306, .T. ) ;
#2961 = FACE_OUTER_BOUND ( 'NONE', #6457, .T. ) ;
#2962 = AXIS2_PLACEMENT_3D ( 'NONE', #8021, #262, #904 ) ;
#2963 = CARTESIAN_POINT ( 'NONE',  ( -1.050000000000000488, 2.829999999999999627, -1.400000000000000133 ) ) ;
#2964 = FACE_OUTER_BOUND ( 'NONE', #3048, .T. ) ;
#2965 = ORIENTED_EDGE ( 'NONE', *, *, #5700, .F. ) ;
#2966 = ORIENTED_EDGE ( 'NONE', *, *, #6176, .F. ) ;
#2967 = DIRECTION ( 'NONE',  ( -0.000000000000000000, -0.000000000000000000, -1.000000000000000000 ) ) ;
#2968 = EDGE_CURVE ( 'NONE', #5352, #6775, #2265, .T. ) ;
#2969 = ADVANCED_FACE ( 'NONE', ( #7371 ), #4861, .F. ) ;
#2970 = ORIENTED_EDGE ( 'NONE', *, *, #3522, .F. ) ;
#2971 = DIRECTION ( 'NONE',  ( -0.000000000000000000, -0.000000000000000000, -1.000000000000000000 ) ) ;
#2972 =( NAMED_UNIT ( * ) SI_UNIT ( $, .STERADIAN. ) SOLID_ANGLE_UNIT ( ) );
#2973 = EDGE_LOOP ( 'NONE', ( #921, #2337, #1281, #7007, #1637 ) ) ;
#2974 = FACE_OUTER_BOUND ( 'NONE', #6950, .T. ) ;
#2975 = ORIENTED_EDGE ( 'NONE', *, *, #6808, .F. ) ;
#2976 = DIRECTION ( 'NONE',  ( -1.000000000000000000, 0.000000000000000000, 0.000000000000000000 ) ) ;
#2977 = FACE_OUTER_BOUND ( 'NONE', #1065, .T. ) ;
#2978 = VECTOR ( 'NONE', #2357, 1000.000000000000000 ) ;
#2979 = LINE ( 'NONE', #270, #342 ) ;
#2980 = EDGE_CURVE ( 'NONE', #6304, #6569, #93, .T. ) ;
#2981 = EDGE_LOOP ( 'NONE', ( #4021, #1127, #1494, #6367 ) ) ;
#2982 = DIRECTION ( 'NONE',  ( 0.000000000000000000, 1.000000000000000000, 0.000000000000000000 ) ) ;
#2983 = VERTEX_POINT ( 'NONE', #4104 ) ;
#2984 = ADVANCED_FACE ( 'NONE', ( #6642 ), #6019, .F. ) ;
#2985 = CARTESIAN_POINT ( 'NONE',  ( -1.500000000000000000, 0.2499999999999999445, 0.2250000000000001443 ) ) ;
#2986 = VERTEX_POINT ( 'NONE', #7455 ) ;
#2987 = DIRECTION ( 'NONE',  ( -0.08682659386424053383, 0.9924325091389677445, 0.08682659386424788905 ) ) ;
#2988 = LINE ( 'NONE', #8192, #2026 ) ;
#2989 = CIRCLE ( 'NONE', #7801, 0.2999999999999997113 ) ;
#2990 = CARTESIAN_POINT ( 'NONE',  ( -0.9423467339757670702, 0.2500000000000000000, 0.7250000000000003109 ) ) ;
#2991 = VECTOR ( 'NONE', #4334, 1000.000000000000000 ) ;
#2992 = DIRECTION ( 'NONE',  ( -0.000000000000000000, 0.000000000000000000, 1.000000000000000000 ) ) ;
#2993 = ORIENTED_EDGE ( 'NONE', *, *, #919, .F. ) ;
#2994 = CARTESIAN_POINT ( 'NONE',  ( -1.585438457722452510, 3.130947035255595701, -1.485818987913264388 ) ) ;
#2995 = EDGE_LOOP ( 'NONE', ( #5905, #3648, #7812, #6625, #6777, #4312, #7506, #1937 ) ) ;
#2996 = DIRECTION ( 'NONE',  ( -0.000000000000000000, -0.000000000000000000, -1.000000000000000000 ) ) ;
#2997 = VECTOR ( 'NONE', #8207, 1000.000000000000000 ) ;
#2998 = PLANE ( 'NONE',  #5065 ) ;
#2999 = EDGE_CURVE ( 'NONE', #7806, #2184, #3065, .T. ) ;
#3000 = CARTESIAN_POINT ( 'NONE',  ( 1.550000000000000044, 0.2500000000000001665, -1.024999999999999911 ) ) ;
#3001 = EDGE_LOOP ( 'NONE', ( #4498, #2205, #2397, #6691 ) ) ;
#3002 = CARTESIAN_POINT ( 'NONE',  ( 1.500000000000000000, 0.2000000000000001499, 0.5750000000000001776 ) ) ;
#3003 = CARTESIAN_POINT ( 'NONE',  ( -0.9000000000000000222, 0.2500000000000000000, -1.662511336474076007 ) ) ;
#3004 = CARTESIAN_POINT ( 'NONE',  ( -0.8574886876659970625, 0.05000000000000000971, -0.1750000000000000167 ) ) ;
#3005 = ORIENTED_EDGE ( 'NONE', *, *, #5351, .T. ) ;
#3006 = ORIENTED_EDGE ( 'NONE', *, *, #7778, .F. ) ;
#3007 = CARTESIAN_POINT ( 'NONE',  ( 1.610018138358533246, 2.849999999999999645, -0.3450000000000009170 ) ) ;
#3008 = VERTEX_POINT ( 'NONE', #8047 ) ;
#3009 = DIRECTION ( 'NONE',  ( -1.000000000000000000, 0.000000000000000000, 0.000000000000000000 ) ) ;
#3010 = CARTESIAN_POINT ( 'NONE',  ( -1.500000000000000000, 0.2499999999999999445, 0.2250000000000001443 ) ) ;
#3011 = ADVANCED_FACE ( 'NONE', ( #2398 ), #4855, .T. ) ;
#3012 = ORIENTED_EDGE ( 'NONE', *, *, #5524, .T. ) ;
#3013 = FACE_OUTER_BOUND ( 'NONE', #6652, .T. ) ;
#3014 = EDGE_LOOP ( 'NONE', ( #4137, #1457, #3943, #6824 ) ) ;
#3015 = CIRCLE ( 'NONE', #7698, 0.2999999999999997113 ) ;
#3016 = LINE ( 'NONE', #4143, #6783 ) ;
#3017 = DIRECTION ( 'NONE',  ( -0.2079116908177522371, 0.9781476007338070211, 0.000000000000000000 ) ) ;
#3018 = DIRECTION ( 'NONE',  ( 1.000000000000000000, 0.000000000000000000, -1.224646799147353207E-16 ) ) ;
#3019 = VECTOR ( 'NONE', #5298, 1000.000000000000000 ) ;
#3020 = ORIENTED_EDGE ( 'NONE', *, *, #1833, .T. ) ;
#3021 = EDGE_CURVE ( 'NONE', #1449, #4856, #1102, .T. ) ;
#3022 = LINE ( 'NONE', #1066, #3268 ) ;
#3023 = ADVANCED_FACE ( 'NONE', ( #2480 ), #517, .F. ) ;
#3024 = ORIENTED_EDGE ( 'NONE', *, *, #2503, .F. ) ;
#3025 = LINE ( 'NONE', #7458, #6929 ) ;
#3026 = VERTEX_POINT ( 'NONE', #339 ) ;
#3027 = EDGE_LOOP ( 'NONE', ( #2093, #4411, #5192, #4844 ) ) ;
#3028 = ADVANCED_FACE ( 'NONE', ( #6823 ), #7500, .F. ) ;
#3029 = FACE_OUTER_BOUND ( 'NONE', #5036, .T. ) ;
#3030 = LINE ( 'NONE', #3653, #2268 ) ;
#3031 = LINE ( 'NONE', #1758, #1610 ) ;
#3032 = CARTESIAN_POINT ( 'NONE',  ( 0.8999999999999999112, 0.2500000000000000000, -0.1164213562373095229 ) ) ;
#3033 = FACE_OUTER_BOUND ( 'NONE', #3587, .T. ) ;
#3034 = ORIENTED_EDGE ( 'NONE', *, *, #4052, .T. ) ;
#3035 = CARTESIAN_POINT ( 'NONE',  ( -1.729989406634232729, 1.098004453143892833, -0.2249999999999998390 ) ) ;
#3036 = ORIENTED_EDGE ( 'NONE', *, *, #7207, .T. ) ;
#3037 = FACE_OUTER_BOUND ( 'NONE', #3001, .T. ) ;
#3038 = VERTEX_POINT ( 'NONE', #4982 ) ;
#3039 = CARTESIAN_POINT ( 'NONE',  ( -1.592086875603144325, 0.05000000000000000971, 0.07499999999999998335 ) ) ;
#3040 = AXIS2_PLACEMENT_3D ( 'NONE', #6297, #7015, #8206 ) ;
#3041 = LINE ( 'NONE', #2543, #1512 ) ;
#3042 = ORIENTED_EDGE ( 'NONE', *, *, #1079, .F. ) ;
#3043 = DIRECTION ( 'NONE',  ( -1.445602896647340100E-15, 0.000000000000000000, 1.000000000000000000 ) ) ;
#3044 = DIRECTION ( 'NONE',  ( 2.126576849575776229E-17, -0.9848077530122080203, 0.1736481776669307198 ) ) ;
#3045 = DIRECTION ( 'NONE',  ( 0.000000000000000000, 0.000000000000000000, 1.000000000000000000 ) ) ;
#3046 = ORIENTED_EDGE ( 'NONE', *, *, #482, .F. ) ;
#3047 = DIRECTION ( 'NONE',  ( 0.000000000000000000, 0.000000000000000000, 1.000000000000000000 ) ) ;
#3048 = EDGE_LOOP ( 'NONE', ( #4739, #4643, #219, #655, #7635 ) ) ;
#3049 = AXIS2_PLACEMENT_3D ( 'NONE', #2144, #7172, #2185 ) ;
#3050 = CARTESIAN_POINT ( 'NONE',  ( -1.500000000000000000, -5.421010862427512309E-17, 1.375000000000000444 ) ) ;
#3051 = CIRCLE ( 'NONE', #471, 0.2999999999999999334 ) ;
#3052 = PRESENTATION_STYLE_ASSIGNMENT (( #417 ) ) ;
#3053 = CARTESIAN_POINT ( 'NONE',  ( -0.9978147600733806577, 0.2292088309182247763, 0.9749999999999999778 ) ) ;
#3054 = ORIENTED_EDGE ( 'NONE', *, *, #7155, .F. ) ;
#3055 = AXIS2_PLACEMENT_3D ( 'NONE', #506, #7440, #1773 ) ;
#3056 = VECTOR ( 'NONE', #7204, 1000.000000000000114 ) ;
#3057 = CIRCLE ( 'NONE', #3860, 0.3036042630400219156 ) ;
#3058 = PLANE ( 'NONE',  #852 ) ;
#3059 = CARTESIAN_POINT ( 'NONE',  ( 1.650380530190825645, 1.249999999999999778, 1.750000000000000000 ) ) ;
#3060 = EDGE_CURVE ( 'NONE', #6191, #2687, #3022, .T. ) ;
#3061 = CARTESIAN_POINT ( 'NONE',  ( -1.350000000000000311, 2.849999999999999645, -1.100000000000000533 ) ) ;
#3062 = VECTOR ( 'NONE', #4806, 1000.000000000000000 ) ;
#3063 = VECTOR ( 'NONE', #7309, 1000.000000000000000 ) ;
#3064 = EDGE_LOOP ( 'NONE', ( #5554, #6413, #896, #1436 ) ) ;
#3065 = LINE ( 'NONE', #5486, #1228 ) ;
#3066 = ORIENTED_EDGE ( 'NONE', *, *, #971, .T. ) ;
#3067 = DIRECTION ( 'NONE',  ( 0.000000000000000000, -1.000000000000000000, 0.000000000000000000 ) ) ;
#3068 = AXIS2_PLACEMENT_3D ( 'NONE', #2878, #6815, #1057 ) ;
#3069 = DIRECTION ( 'NONE',  ( 0.000000000000000000, 1.000000000000000000, -0.000000000000000000 ) ) ;
#3070 = ORIENTED_EDGE ( 'NONE', *, *, #2344, .T. ) ;
#3071 = VERTEX_POINT ( 'NONE', #5646 ) ;
#3072 = EDGE_CURVE ( 'NONE', #3807, #3600, #473, .T. ) ;
#3073 = EDGE_CURVE ( 'NONE', #7645, #1411, #5608, .T. ) ;
#3074 = EDGE_CURVE ( 'NONE', #610, #7454, #1148, .T. ) ;
#3075 = DIRECTION ( 'NONE',  ( 0.000000000000000000, 0.1643989873053604833, -0.9863939238321431935 ) ) ;
#3076 = DIRECTION ( 'NONE',  ( 1.000000000000000000, 0.000000000000000000, 0.000000000000000000 ) ) ;
#3077 = DIRECTION ( 'NONE',  ( 0.000000000000000000, 0.000000000000000000, 1.000000000000000000 ) ) ;
#3078 = CARTESIAN_POINT ( 'NONE',  ( -0.3250000000000000111, 0.3499999999999999778, 1.100000000000000089 ) ) ;
#3079 = VECTOR ( 'NONE', #7690, 1000.000000000000000 ) ;
#3080 = DIRECTION ( 'NONE',  ( 1.000000000000000000, 0.000000000000000000, 0.000000000000000000 ) ) ;
#3081 = ORIENTED_EDGE ( 'NONE', *, *, #7837, .T. ) ;
#3082 = PLANE ( 'NONE',  #5132 ) ;
#3083 = ORIENTED_EDGE ( 'NONE', *, *, #3172, .T. ) ;
#3084 = FACE_OUTER_BOUND ( 'NONE', #8320, .T. ) ;
#3085 = CARTESIAN_POINT ( 'NONE',  ( -1.050000000000000266, 2.829999999999999627, 1.100000000000000089 ) ) ;
#3086 = CARTESIAN_POINT ( 'NONE',  ( 1.050000000000000044, 0.2000000000000001776, -1.375000000000000000 ) ) ;
#3087 = ORIENTED_EDGE ( 'NONE', *, *, #4688, .F. ) ;
#3088 = LINE ( 'NONE', #4875, #3982 ) ;
#3089 = CARTESIAN_POINT ( 'NONE',  ( -1.592086875603144325, 0.05000000000000000971, -0.07499999999999998335 ) ) ;
#3090 = CARTESIAN_POINT ( 'NONE',  ( 1.350000000000000533, 2.849999999999999645, -0.1500000000000000500 ) ) ;
#3091 = ORIENTED_EDGE ( 'NONE', *, *, #2846, .T. ) ;
#3092 = EDGE_LOOP ( 'NONE', ( #2264, #4419, #806, #119, #2030 ) ) ;
#3093 = CARTESIAN_POINT ( 'NONE',  ( 1.550000000000000044, 0.2500000000000001665, -1.375000000000000000 ) ) ;
#3094 = ADVANCED_FACE ( 'NONE', ( #6188 ), #428, .F. ) ;
#3095 = EDGE_LOOP ( 'NONE', ( #3675, #159, #1081, #7263 ) ) ;
#3096 = DIRECTION ( 'NONE',  ( -0.000000000000000000, 0.000000000000000000, -1.000000000000000000 ) ) ;
#3097 = EDGE_CURVE ( 'NONE', #250, #4154, #2939, .T. ) ;
#3098 = LINE ( 'NONE', #6983, #3462 ) ;
#3099 = LINE ( 'NONE', #4886, #967 ) ;
#3100 = ORIENTED_EDGE ( 'NONE', *, *, #1939, .T. ) ;
#3101 = CARTESIAN_POINT ( 'NONE',  ( 1.592086875603152984, 0.05000000000000000971, 0.7250000000000000888 ) ) ;
#3102 = DIRECTION ( 'NONE',  ( -0.000000000000000000, 1.000000000000000000, -0.000000000000000000 ) ) ;
#3103 = CARTESIAN_POINT ( 'NONE',  ( 0.3250000000000000111, 0.3499999999999999778, 1.322101905787460563 ) ) ;
#3104 = CARTESIAN_POINT ( 'NONE',  ( 1.717086875603152984, 1.000000000000000000, 1.000000000000000000 ) ) ;
#3105 = ORIENTED_EDGE ( 'NONE', *, *, #1906, .F. ) ;
#3106 = EDGE_CURVE ( 'NONE', #7671, #7286, #3608, .T. ) ;
#3107 = CARTESIAN_POINT ( 'NONE',  ( 1.550000000000000044, 0.2500000000000001665, 0.5750000000000001776 ) ) ;
#3108 = DIRECTION ( 'NONE',  ( 0.000000000000000000, 0.000000000000000000, -1.000000000000000000 ) ) ;
#3109 = EDGE_LOOP ( 'NONE', ( #1182, #5771, #1881, #7529, #40 ) ) ;
#3110 = VERTEX_POINT ( 'NONE', #1748 ) ;
#3111 = CARTESIAN_POINT ( 'NONE',  ( -0.3250000000000000111, 0.05000000000000000971, -0.9250000000000000444 ) ) ;
#3112 = EDGE_CURVE ( 'NONE', #2817, #48, #6864, .T. ) ;
#3113 = DIRECTION ( 'NONE',  ( 0.000000000000000000, 0.000000000000000000, -1.000000000000000000 ) ) ;
#3114 = FACE_OUTER_BOUND ( 'NONE', #7658, .T. ) ;
#3115 =( BOUNDED_CURVE ( )  B_SPLINE_CURVE ( 3, ( #4608, #4535, #3940, #3903 ),
 .UNSPECIFIED., .F., .T. ) 
 B_SPLINE_CURVE_WITH_KNOTS ( ( 4, 4 ),
 ( 5.501585242055377023, 7.064785372303712840 ),
 .UNSPECIFIED. ) 
 CURVE ( )  GEOMETRIC_REPRESENTATION_ITEM ( )  RATIONAL_B_SPLINE_CURVE ( ( 1.000000000000000000, 0.8065248903853474705, 0.8065248903853474705, 1.000000000000000000 ) ) 
 REPRESENTATION_ITEM ( '' )  );
#3116 = CARTESIAN_POINT ( 'NONE',  ( 0.9000000000000000222, 0.2500000000000000000, 1.750000000000000000 ) ) ;
#3117 = DIRECTION ( 'NONE',  ( 0.000000000000000000, 0.08715574274766037244, -0.9961946980917453232 ) ) ;
#3118 = VERTEX_POINT ( 'NONE', #8092 ) ;
#3119 = EDGE_LOOP ( 'NONE', ( #2077, #7758, #1720, #7106, #5950 ) ) ;
#3120 = ORIENTED_EDGE ( 'NONE', *, *, #2999, .F. ) ;
#3121 = DIRECTION ( 'NONE',  ( -0.000000000000000000, -1.000000000000000000, -0.000000000000000000 ) ) ;
#3122 = DIRECTION ( 'NONE',  ( 0.1287798954323275680, -0.9781804203664667963, -0.1630300700610810560 ) ) ;
#3123 = EDGE_CURVE ( 'NONE', #7416, #2277, #7543, .T. ) ;
#3124 = CARTESIAN_POINT ( 'NONE',  ( -1.717086875603152984, 1.000000000000000000, 0.6000000000000000888 ) ) ;
#3125 = EDGE_CURVE ( 'NONE', #6365, #3887, #6907, .T. ) ;
#3126 = AXIS2_PLACEMENT_3D ( 'NONE', #2111, #144, #5251 ) ;
#3127 = ORIENTED_EDGE ( 'NONE', *, *, #1796, .T. ) ;
#3128 = CARTESIAN_POINT ( 'NONE',  ( 1.750000000000000222, 1.249999999999999778, 1.750000000000000000 ) ) ;
#3129 = CARTESIAN_POINT ( 'NONE',  ( 1.350000000000000311, 2.849999999999999645, -1.100000000000000533 ) ) ;
#3130 = ORIENTED_EDGE ( 'NONE', *, *, #6349, .F. ) ;
#3131 = CARTESIAN_POINT ( 'NONE',  ( 1.002234059486502682, 0.2500000000000000000, 0.8750000000000000000 ) ) ;
#3132 = ORIENTED_EDGE ( 'NONE', *, *, #1079, .T. ) ;
#3133 = ORIENTED_EDGE ( 'NONE', *, *, #1319, .T. ) ;
#3134 = CARTESIAN_POINT ( 'NONE',  ( 1.717086875603152984, 1.000000000000000000, 1.750000000000000000 ) ) ;
#3135 = EDGE_LOOP ( 'NONE', ( #3334, #7800, #1052, #4600, #4935, #1384, #4937, #212, #4781, #608, #5634, #62 ) ) ;
#3136 = LINE ( 'NONE', #6460, #3993 ) ;
#3137 = VECTOR ( 'NONE', #6002, 1000.000000000000000 ) ;
#3138 = VECTOR ( 'NONE', #5183, 1000.000000000000000 ) ;
#3139 = FACE_OUTER_BOUND ( 'NONE', #7545, .T. ) ;
#3140 = EDGE_CURVE ( 'NONE', #433, #2273, #8221, .T. ) ;
#3141 = DIRECTION ( 'NONE',  ( -0.000000000000000000, -0.000000000000000000, -1.000000000000000000 ) ) ;
#3142 = VERTEX_POINT ( 'NONE', #2561 ) ;
#3143 = CARTESIAN_POINT ( 'NONE',  ( 1.500000000000000000, 0.2000000000000001499, 1.025000000000000355 ) ) ;
#3144 = CARTESIAN_POINT ( 'NONE',  ( 1.748038237915541693, 1.249700129638348978, 1.673190866361856655 ) ) ;
#3145 = CARTESIAN_POINT ( 'NONE',  ( -1.180258028277715088, 1.087536923784020448, 0.7250000000000000888 ) ) ;
#3146 = FACE_OUTER_BOUND ( 'NONE', #803, .T. ) ;
#3147 = VERTEX_POINT ( 'NONE', #6472 ) ;
#3148 = DIRECTION ( 'NONE',  ( -0.000000000000000000, 1.000000000000000000, -0.000000000000000000 ) ) ;
#3149 = LINE ( 'NONE', #4897, #3192 ) ;
#3150 = VECTOR ( 'NONE', #2421, 1000.000000000000000 ) ;
#3151 = ORIENTED_EDGE ( 'NONE', *, *, #2345, .T. ) ;
#3152 = CARTESIAN_POINT ( 'NONE',  ( 1.050000000000000044, 0.2000000000000001776, -0.5749999999999998446 ) ) ;
#3153 = LINE ( 'NONE', #4488, #765 ) ;
#3154 = CARTESIAN_POINT ( 'NONE',  ( -1.592086875603152540, 0.2500000000000149880, 0.8750000000000000000 ) ) ;
#3155 = CARTESIAN_POINT ( 'NONE',  ( 1.749999999999999778, 0.2500000000000001665, -1.024999999999999911 ) ) ;
#3156 = VERTEX_POINT ( 'NONE', #2037 ) ;
#3157 = VERTEX_POINT ( 'NONE', #7076 ) ;
#3158 = ORIENTED_EDGE ( 'NONE', *, *, #2306, .F. ) ;
#3159 = EDGE_CURVE ( 'NONE', #7253, #6378, #715, .T. ) ;
#3160 = VERTEX_POINT ( 'NONE', #5103 ) ;
#3161 = LINE ( 'NONE', #1207, #7802 ) ;
#3162 = CARTESIAN_POINT ( 'NONE',  ( 1.592086875603152762, 0.05000000000000000971, 0.8750000000000000000 ) ) ;
#3163 = EDGE_LOOP ( 'NONE', ( #4492, #1012, #7303, #7909 ) ) ;
#3164 = DIRECTION ( 'NONE',  ( 0.000000000000000000, 0.000000000000000000, -1.000000000000000000 ) ) ;
#3165 = CARTESIAN_POINT ( 'NONE',  ( -1.350000000000000533, 2.849999999999999645, -0.1500000000000000500 ) ) ;
#3166 = CARTESIAN_POINT ( 'NONE',  ( 1.729989406634232729, 1.098004453143893278, -0.2249999999999998390 ) ) ;
#3167 = ORIENTED_EDGE ( 'NONE', *, *, #2066, .T. ) ;
#3168 = LINE ( 'NONE', #3093, #872 ) ;
#3169 = ORIENTED_EDGE ( 'NONE', *, *, #6221, .F. ) ;
#3170 = DIRECTION ( 'NONE',  ( -0.000000000000000000, -0.000000000000000000, -1.000000000000000000 ) ) ;
#3171 = EDGE_CURVE ( 'NONE', #4188, #6558, #678, .T. ) ;
#3172 = EDGE_CURVE ( 'NONE', #1660, #5425, #6356, .T. ) ;
#3173 = EDGE_CURVE ( 'NONE', #1411, #2528, #3932, .T. ) ;
#3174 = CARTESIAN_POINT ( 'NONE',  ( -1.050000000000000044, 0.2000000000000000111, -0.2249999999999998390 ) ) ;
#3175 = CARTESIAN_POINT ( 'NONE',  ( -1.050000000000000044, 0.2000000000000000111, 1.375000000000000444 ) ) ;
#3176 = ORIENTED_EDGE ( 'NONE', *, *, #6634, .T. ) ;
#3177 = CARTESIAN_POINT ( 'NONE',  ( 1.351260626809458465, 0.2500000000000000000, 0.07499999999999998335 ) ) ;
#3178 = LINE ( 'NONE', #1824, #4585 ) ;
#3179 = AXIS2_PLACEMENT_3D ( 'NONE', #6247, #6165, #6078 ) ;
#3180 = VECTOR ( 'NONE', #1129, 1000.000000000000000 ) ;
#3181 = CARTESIAN_POINT ( 'NONE',  ( -1.050000000000000488, 2.829999999999999627, -0.7500000000000000000 ) ) ;
#3182 = EDGE_CURVE ( 'NONE', #8037, #4444, #2853, .T. ) ;
#3183 =( GEOMETRIC_REPRESENTATION_CONTEXT ( 3 ) GLOBAL_UNCERTAINTY_ASSIGNED_CONTEXT ( ( #3814 ) ) GLOBAL_UNIT_ASSIGNED_CONTEXT ( ( #6557, #7839, #1447 ) ) REPRESENTATION_CONTEXT ( 'NONE', 'WORKASPACE' ) );
#3184 = AXIS2_PLACEMENT_3D ( 'NONE', #5467, #6578, #7304 ) ;
#3185 = VECTOR ( 'NONE', #6921, 1000.000000000000114 ) ;
#3186 = CARTESIAN_POINT ( 'NONE',  ( 1.717086875603152984, 1.000000000000000000, -1.628887806575429753 ) ) ;
#3187 = EDGE_LOOP ( 'NONE', ( #6077, #400, #600, #399, #7729, #3755, #354, #3370 ) ) ;
#3188 = CARTESIAN_POINT ( 'NONE',  ( 1.050000000000000044, 0.2000000000000001776, -1.024999999999999911 ) ) ;
#3189 = CARTESIAN_POINT ( 'NONE',  ( 1.672933881436712067, 1.250008486206659830, -1.748070889765666935 ) ) ;
#3190 = VECTOR ( 'NONE', #6769, 1000.000000000000000 ) ;
#3191 = AXIS2_PLACEMENT_3D ( 'NONE', #1293, #5161, #216 ) ;
#3192 = VECTOR ( 'NONE', #7419, 1000.000000000000000 ) ;
#3193 = AXIS2_PLACEMENT_3D ( 'NONE', #554, #382, #7498 ) ;
#3194 = EDGE_CURVE ( 'NONE', #3586, #8330, #3772, .T. ) ;
#3195 = EDGE_CURVE ( 'NONE', #2821, #5080, #7623, .T. ) ;
#3196 = CARTESIAN_POINT ( 'NONE',  ( -1.610018138358533246, 2.829999999999999627, -0.3450000000000000289 ) ) ;
#3197 =( GEOMETRIC_REPRESENTATION_CONTEXT ( 3 ) GLOBAL_UNCERTAINTY_ASSIGNED_CONTEXT ( ( #245 ) ) GLOBAL_UNIT_ASSIGNED_CONTEXT ( ( #7193, #5971, #5929 ) ) REPRESENTATION_CONTEXT ( 'NONE', 'WORKASPACE' ) );
#3198 = VECTOR ( 'NONE', #6408, 1000.000000000000000 ) ;
#3199 = CARTESIAN_POINT ( 'NONE',  ( -1.717086875603152984, 1.000000000000000000, 1.375000000000000444 ) ) ;
#3200 = CYLINDRICAL_SURFACE ( 'NONE', #6996, 0.04999999999999991257 ) ;
#3201 = FACE_OUTER_BOUND ( 'NONE', #2544, .T. ) ;
#3202 = FACE_OUTER_BOUND ( 'NONE', #2951, .T. ) ;
#3203 = EDGE_LOOP ( 'NONE', ( #3249, #365 ) ) ;
#3204 = ADVANCED_BREP_SHAPE_REPRESENTATION ( 'CLW6A-TKW-C90C070B0BB7C3CE53', ( #5288, #5179, #7998, #2383, #5456, #7904, #2591, #5395, #8100, #2525, #5308, #8055, #7993 ), #3197 ) ;
#3205 = VERTEX_POINT ( 'NONE', #7031 ) ;
#3206 = EDGE_LOOP ( 'NONE', ( #7399, #1719, #7384, #6970 ) ) ;
#3207 = CIRCLE ( 'NONE', #6190, 0.1750000000000000167 ) ;
#3208 = FACE_BOUND ( 'NONE', #4038, .T. ) ;
#3209 = DIRECTION ( 'NONE',  ( -1.000000000000000000, 0.000000000000000000, 0.000000000000000000 ) ) ;
#3210 = ORIENTED_EDGE ( 'NONE', *, *, #5945, .T. ) ;
#3211 = VECTOR ( 'NONE', #4740, 1000.000000000000000 ) ;
#3212 = FACE_OUTER_BOUND ( 'NONE', #2995, .T. ) ;
#3213 = AXIS2_PLACEMENT_3D ( 'NONE', #7275, #648, #2753 ) ;
#3214 =( NAMED_UNIT ( * ) SI_UNIT ( $, .STERADIAN. ) SOLID_ANGLE_UNIT ( ) );
#3215 = EDGE_CURVE ( 'NONE', #305, #5471, #7389, .T. ) ;
#3216 = CARTESIAN_POINT ( 'NONE',  ( -0.3250000000000000111, 0.05000000000000000971, -0.9250000000000000444 ) ) ;
#3217 = CARTESIAN_POINT ( 'NONE',  ( 1.050000000000000044, 1.597771622610217113E-16, -0.2249999999999998390 ) ) ;
#3218 = VERTEX_POINT ( 'NONE', #7751 ) ;
#3219 = ORIENTED_EDGE ( 'NONE', *, *, #7449, .T. ) ;
#3220 = LINE ( 'NONE', #5797, #4404 ) ;
#3221 = CIRCLE ( 'NONE', #8309, 0.04999999999999991257 ) ;
#3222 = DIRECTION ( 'NONE',  ( -1.000000000000000000, -3.170181790893303965E-17, 0.000000000000000000 ) ) ;
#3223 = CARTESIAN_POINT ( 'NONE',  ( -0.4471019057874604519, 0.3499999999999999778, 1.100000000000000089 ) ) ;
#3224 = VERTEX_POINT ( 'NONE', #8308 ) ;
#3225 = ADVANCED_FACE ( 'NONE', ( #2000 ), #6400, .T. ) ;
#3226 = EDGE_CURVE ( 'NONE', #1986, #6516, #6315, .T. ) ;
#3227 = CYLINDRICAL_SURFACE ( 'NONE', #5434, 0.2999999999999997113 ) ;
#3228 = EDGE_CURVE ( 'NONE', #8071, #1658, #4562, .T. ) ;
#3229 = CARTESIAN_POINT ( 'NONE',  ( 0.000000000000000000, 0.3499999999999999778, 0.000000000000000000 ) ) ;
#3230 = LINE ( 'NONE', #5805, #5182 ) ;
#3231 = CARTESIAN_POINT ( 'NONE',  ( 1.617371406666318956, 1.000000000000000000, -1.728127834118519113 ) ) ;
#3232 = ORIENTED_EDGE ( 'NONE', *, *, #5366, .F. ) ;
#3233 = EDGE_CURVE ( 'NONE', #680, #4479, #78, .T. ) ;
#3234 = EDGE_CURVE ( 'NONE', #5264, #7254, #7707, .T. ) ;
#3235 = CARTESIAN_POINT ( 'NONE',  ( 0.9000000000000000222, 0.2500000000000000000, 1.750000000000000000 ) ) ;
#3236 = PLANE ( 'NONE',  #8000 ) ;
#3237 = CARTESIAN_POINT ( 'NONE',  ( 0.5000000000000000000, 0.05000000000000000971, 1.100000000000000089 ) ) ;
#3238 = VECTOR ( 'NONE', #5620, 1000.000000000000114 ) ;
#3239 = CARTESIAN_POINT ( 'NONE',  ( -1.592086875603144325, 0.05000000000000000971, -0.07499999999999998335 ) ) ;
#3240 = ADVANCED_FACE ( 'NONE', ( #3146 ), #6437, .F. ) ;
#3241 = LINE ( 'NONE', #4447, #7886 ) ;
#3242 = DIRECTION ( 'NONE',  ( 1.000000000000000000, 1.807003620809174878E-16, 0.000000000000000000 ) ) ;
#3243 = CARTESIAN_POINT ( 'NONE',  ( -1.050000000000000044, 0.2000000000000000111, 1.375000000000000444 ) ) ;
#3244 = DIRECTION ( 'NONE',  ( -0.1300379154054214503, 0.9877360307509844839, 0.08641570524680476650 ) ) ;
#3245 = VECTOR ( 'NONE', #2814, 1000.000000000000000 ) ;
#3246 = ORIENTED_EDGE ( 'NONE', *, *, #2126, .F. ) ;
#3247 = ORIENTED_EDGE ( 'NONE', *, *, #5366, .T. ) ;
#3248 = EDGE_LOOP ( 'NONE', ( #776, #2231, #7406, #2749 ) ) ;
#3249 = ORIENTED_EDGE ( 'NONE', *, *, #5560, .T. ) ;
#3250 = LINE ( 'NONE', #6733, #6866 ) ;
#3251 = CARTESIAN_POINT ( 'NONE',  ( -1.350000000000000311, 2.829999999999999627, -1.050000000000000044 ) ) ;
#3252 = VERTEX_POINT ( 'NONE', #5062 ) ;
#3253 = DIRECTION ( 'NONE',  ( 0.000000000000000000, 0.000000000000000000, 1.000000000000000000 ) ) ;
#3254 = CARTESIAN_POINT ( 'NONE',  ( 0.9000000000000000222, 0.2500000000000000000, 1.750000000000000000 ) ) ;
#3255 = ORIENTED_EDGE ( 'NONE', *, *, #3306, .F. ) ;
#3256 = CARTESIAN_POINT ( 'NONE',  ( 1.729989406634232729, 1.098004453143893278, 1.375000000000000444 ) ) ;
#3257 = ORIENTED_EDGE ( 'NONE', *, *, #1765, .F. ) ;
#3258 = CARTESIAN_POINT ( 'NONE',  ( 1.729989406634232729, 1.098004453143893278, 0.5750000000000001776 ) ) ;
#3259 = ADVANCED_FACE ( 'NONE', ( #6989 ), #7630, .F. ) ;
#3260 = DIRECTION ( 'NONE',  ( 0.000000000000000000, 0.000000000000000000, 1.000000000000000000 ) ) ;
#3261 = CARTESIAN_POINT ( 'NONE',  ( 1.729989406634232729, 1.098004453143893278, -1.375000000000000000 ) ) ;
#3262 = ORIENTED_EDGE ( 'NONE', *, *, #4185, .F. ) ;
#3263 = CARTESIAN_POINT ( 'NONE',  ( 0.9978147600733806577, 0.2292088309182247763, -0.9749999999999999778 ) ) ;
#3264 = DIRECTION ( 'NONE',  ( 0.000000000000000000, -1.000000000000000000, 0.000000000000000000 ) ) ;
#3265 = CARTESIAN_POINT ( 'NONE',  ( 1.050000000000000266, 2.829999999999999627, 1.100000000000000089 ) ) ;
#3266 = ADVANCED_FACE ( 'NONE', ( #115 ), #152, .F. ) ;
#3267 = CARTESIAN_POINT ( 'NONE',  ( 0.8998354216417643325, 0.04999999999999999584, -0.8750000000000000000 ) ) ;
#3268 = VECTOR ( 'NONE', #5562, 1000.000000000000000 ) ;
#3269 = VERTEX_POINT ( 'NONE', #797 ) ;
#3270 = DIRECTION ( 'NONE',  ( -0.000000000000000000, -0.000000000000000000, -1.000000000000000000 ) ) ;
#3271 = CARTESIAN_POINT ( 'NONE',  ( -1.050000000000000044, 0.000000000000000000, -1.024999999999999911 ) ) ;
#3272 = ADVANCED_FACE ( 'NONE', ( #3377 ), #1435, .T. ) ;
#3273 = EDGE_CURVE ( 'NONE', #501, #8071, #4509, .T. ) ;
#3274 = ORIENTED_EDGE ( 'NONE', *, *, #1063, .T. ) ;
#3275 = VECTOR ( 'NONE', #2282, 1000.000000000000000 ) ;
#3276 = CARTESIAN_POINT ( 'NONE',  ( -1.050000000000000488, 2.829999999999999627, -0.4500000000000000111 ) ) ;
#3277 = DIRECTION ( 'NONE',  ( 0.000000000000000000, 0.000000000000000000, 1.000000000000000000 ) ) ;
#3278 = PLANE ( 'NONE',  #4386 ) ;
#3279 = VERTEX_POINT ( 'NONE', #3466 ) ;
#3280 = ORIENTED_EDGE ( 'NONE', *, *, #5266, .T. ) ;
#3281 = EDGE_CURVE ( 'NONE', #369, #6611, #2750, .T. ) ;
#3282 = VECTOR ( 'NONE', #8283, 1000.000000000000114 ) ;
#3283 =( BOUNDED_CURVE ( )  B_SPLINE_CURVE ( 3, ( #4473, #1908, #1186, #5014 ),
 .UNSPECIFIED., .F., .T. ) 
 B_SPLINE_CURVE_WITH_KNOTS ( ( 4, 4 ),
 ( 1.570796326794897668, 3.141592653589793116 ),
 .UNSPECIFIED. ) 
 CURVE ( )  GEOMETRIC_REPRESENTATION_ITEM ( )  RATIONAL_B_SPLINE_CURVE ( ( 1.000000000000000000, 0.8047378541243652705, 0.8047378541243652705, 1.000000000000000000 ) ) 
 REPRESENTATION_ITEM ( '' )  );
#3284 = LINE ( 'NONE', #4770, #688 ) ;
#3285 = CARTESIAN_POINT ( 'NONE',  ( -1.729989406634232729, 1.098004453143892833, -1.024999999999999911 ) ) ;
#3286 = ORIENTED_EDGE ( 'NONE', *, *, #1246, .T. ) ;
#3287 = DIRECTION ( 'NONE',  ( 0.000000000000000000, -0.9961946980917455452, -0.08715574274765841567 ) ) ;
#3288 = CARTESIAN_POINT ( 'NONE',  ( -1.665146866248222057, 1.250028627393152902, 1.749177380849443963 ) ) ;
#3289 = CARTESIAN_POINT ( 'NONE',  ( 1.050000000000000488, 2.849999999999999645, -1.400000000000000355 ) ) ;
#3290 = EDGE_LOOP ( 'NONE', ( #6734, #1604, #2309, #5089 ) ) ;
#3291 = DIRECTION ( 'NONE',  ( 1.000000000000000000, 1.807003620809174878E-16, 0.000000000000000000 ) ) ;
#3292 = EDGE_LOOP ( 'NONE', ( #6517, #727, #3672, #3474 ) ) ;
#3293 = FACE_OUTER_BOUND ( 'NONE', #2823, .T. ) ;
#3294 =( LENGTH_UNIT ( ) NAMED_UNIT ( * ) SI_UNIT ( .MILLI., .METRE. ) );
#3295 = CARTESIAN_POINT ( 'NONE',  ( -0.3250000000000000111, 0.05000000000000000971, 1.100000000000000089 ) ) ;
#3296 = ORIENTED_EDGE ( 'NONE', *, *, #1236, .T. ) ;
#3297 = DIRECTION ( 'NONE',  ( 0.000000000000000000, 0.000000000000000000, 1.000000000000000000 ) ) ;
#3298 = CARTESIAN_POINT ( 'NONE',  ( -1.610018138358533246, 2.849999999999999645, 1.750000000000000000 ) ) ;
#3299 = VERTEX_POINT ( 'NONE', #1388 ) ;
#3300 = DIRECTION ( 'NONE',  ( 0.000000000000000000, 1.000000000000000000, 0.000000000000000000 ) ) ;
#3301 = DIRECTION ( 'NONE',  ( -1.000000000000000000, 0.000000000000000000, 0.000000000000000000 ) ) ;
#3302 = ORIENTED_EDGE ( 'NONE', *, *, #6303, .F. ) ;
#3303 = VECTOR ( 'NONE', #319, 1000.000000000000000 ) ;
#3304 = VECTOR ( 'NONE', #4590, 1000.000000000000227 ) ;
#3305 = APPLICATION_PROTOCOL_DEFINITION ( 'draft international standard', 'automotive_design', 1998, #3406 ) ;
#3306 = EDGE_CURVE ( 'NONE', #983, #3781, #4062, .T. ) ;
#3307 = EDGE_CURVE ( 'NONE', #897, #7835, #1643, .T. ) ;
#3308 = CARTESIAN_POINT ( 'NONE',  ( 1.740896711263830943, 1.249601322274580761, -1.693645088591514858 ) ) ;
#3309 = CARTESIAN_POINT ( 'NONE',  ( -0.9597227471524998332, 0.05000000000000000971, 0.07499999999999998335 ) ) ;
#3310 = AXIS2_PLACEMENT_3D ( 'NONE', #1280, #773, #3866 ) ;
#3311 = VECTOR ( 'NONE', #2698, 1000.000000000000000 ) ;
#3312 = AXIS2_PLACEMENT_3D ( 'NONE', #3878, #662, #3253 ) ;
#3313 = ORIENTED_EDGE ( 'NONE', *, *, #3785, .T. ) ;
#3314 = VECTOR ( 'NONE', #2550, 1000.000000000000000 ) ;
#3315 = VECTOR ( 'NONE', #1707, 1000.000000000000000 ) ;
#3316 = VECTOR ( 'NONE', #3930, 1000.000000000000000 ) ;
#3317 = EDGE_CURVE ( 'NONE', #8345, #4957, #282, .T. ) ;
#3318 = DIRECTION ( 'NONE',  ( -0.000000000000000000, -0.000000000000000000, -1.000000000000000000 ) ) ;
#3319 = EDGE_CURVE ( 'NONE', #4063, #5539, #1472, .T. ) ;
#3320 = DIRECTION ( 'NONE',  ( 0.000000000000000000, 1.000000000000000000, -0.000000000000000000 ) ) ;
#3321 = ORIENTED_EDGE ( 'NONE', *, *, #7636, .F. ) ;
#3322 = VERTEX_POINT ( 'NONE', #6588 ) ;
#3323 = AXIS2_PLACEMENT_3D ( 'NONE', #7808, #2623, #5790 ) ;
#3324 = AXIS2_PLACEMENT_3D ( 'NONE', #7591, #1841, #1161 ) ;
#3325 = VECTOR ( 'NONE', #8035, 1000.000000000000000 ) ;
#3326 = FACE_OUTER_BOUND ( 'NONE', #1360, .T. ) ;
#3327 = ORIENTED_EDGE ( 'NONE', *, *, #3775, .T. ) ;
#3328 = CARTESIAN_POINT ( 'NONE',  ( 1.717086875603152984, 1.000000000000000000, 1.628887806575429975 ) ) ;
#3329 = CYLINDRICAL_SURFACE ( 'NONE', #177, 0.2999999999999997113 ) ;
#3330 = LINE ( 'NONE', #4580, #3633 ) ;
#3331 = ORIENTED_EDGE ( 'NONE', *, *, #2954, .T. ) ;
#3332 = VECTOR ( 'NONE', #7433, 1000.000000000000114 ) ;
#3333 = DIRECTION ( 'NONE',  ( -0.000000000000000000, -0.000000000000000000, -1.000000000000000000 ) ) ;
#3334 = ORIENTED_EDGE ( 'NONE', *, *, #7955, .F. ) ;
#3335 = LINE ( 'NONE', #3399, #3311 ) ;
#3336 = PLANE ( 'NONE',  #6656 ) ;
#3337 = VECTOR ( 'NONE', #487, 1000.000000000000000 ) ;
#3338 = FACE_OUTER_BOUND ( 'NONE', #1423, .T. ) ;
#3339 = EDGE_LOOP ( 'NONE', ( #6339, #8275, #6088, #3034 ) ) ;
#3340 = EDGE_CURVE ( 'NONE', #1395, #3617, #194, .T. ) ;
#3341 = DIRECTION ( 'NONE',  ( 1.000000000000000000, 0.000000000000000000, 0.000000000000000000 ) ) ;
#3342 = CYLINDRICAL_SURFACE ( 'NONE', #6047, 0.1000000000000000333 ) ;
#3343 = CYLINDRICAL_SURFACE ( 'NONE', #5843, 0.09999999999999993616 ) ;
#3344 = ORIENTED_EDGE ( 'NONE', *, *, #84, .F. ) ;
#3345 = DIRECTION ( 'NONE',  ( -1.204669080539447865E-16, 1.000000000000000000, 0.000000000000000000 ) ) ;
#3346 = DIRECTION ( 'NONE',  ( 0.000000000000000000, 0.000000000000000000, -1.000000000000000000 ) ) ;
#3347 = EDGE_LOOP ( 'NONE', ( #4537, #827, #2819, #3403 ) ) ;
#3348 = LINE ( 'NONE', #4183, #3862 ) ;
#3349 = CARTESIAN_POINT ( 'NONE',  ( 1.750000000000000222, 1.249999999999999778, -1.650759972456910640 ) ) ;
#3350 = EDGE_CURVE ( 'NONE', #5710, #7293, #2712, .T. ) ;
#3351 = ORIENTED_EDGE ( 'NONE', *, *, #7507, .F. ) ;
#3352 = ORIENTED_EDGE ( 'NONE', *, *, #165, .F. ) ;
#3353 = DIRECTION ( 'NONE',  ( 0.000000000000000000, 0.000000000000000000, 1.000000000000000000 ) ) ;
#3354 = VERTEX_POINT ( 'NONE', #6508 ) ;
#3355 = ORIENTED_EDGE ( 'NONE', *, *, #7753, .T. ) ;
#3356 = ADVANCED_FACE ( 'NONE', ( #5382 ), #2796, .F. ) ;
#3357 = AXIS2_PLACEMENT_3D ( 'NONE', #4785, #1666, #2276 ) ;
#3358 = VERTEX_POINT ( 'NONE', #4632 ) ;
#3359 = FACE_OUTER_BOUND ( 'NONE', #6944, .T. ) ;
#3360 = CARTESIAN_POINT ( 'NONE',  ( -1.592086875603135887, 0.2500000000000152101, -0.8750000000000000000 ) ) ;
#3361 = LINE ( 'NONE', #7810, #5844 ) ;
#3362 = LINE ( 'NONE', #17, #2296 ) ;
#3363 = ORIENTED_EDGE ( 'NONE', *, *, #1577, .T. ) ;
#3364 = DIRECTION ( 'NONE',  ( -1.445602896647340100E-15, 0.000000000000000000, 1.000000000000000000 ) ) ;
#3365 = ORIENTED_EDGE ( 'NONE', *, *, #7696, .F. ) ;
#3366 = DIRECTION ( 'NONE',  ( 0.000000000000000000, 0.000000000000000000, 1.000000000000000000 ) ) ;
#3367 = EDGE_CURVE ( 'NONE', #1380, #2613, #11, .T. ) ;
#3368 = ADVANCED_FACE ( 'NONE', ( #7190 ), #4863, .F. ) ;
#3369 = DIRECTION ( 'NONE',  ( -1.000000000000000000, 0.000000000000000000, 0.000000000000000000 ) ) ;
#3370 = ORIENTED_EDGE ( 'NONE', *, *, #7422, .F. ) ;
#3371 = CARTESIAN_POINT ( 'NONE',  ( 1.450000000000000400, 1.000000000000000000, 1.750000000000000000 ) ) ;
#3372 = DIRECTION ( 'NONE',  ( -0.000000000000000000, -1.000000000000000000, -0.000000000000000000 ) ) ;
#3373 = CARTESIAN_POINT ( 'NONE',  ( -1.650284531063166193, 1.249999999999999778, -1.750000000000000000 ) ) ;
#3374 = ORIENTED_EDGE ( 'NONE', *, *, #2493, .T. ) ;
#3375 = LINE ( 'NONE', #5287, #5433 ) ;
#3376 = EDGE_CURVE ( 'NONE', #6858, #1448, #4140, .T. ) ;
#3377 = FACE_OUTER_BOUND ( 'NONE', #3290, .T. ) ;
#3378 = ORIENTED_EDGE ( 'NONE', *, *, #481, .F. ) ;
#3379 = CYLINDRICAL_SURFACE ( 'NONE', #5740, 0.2999999999999999334 ) ;
#3380 = AXIS2_PLACEMENT_3D ( 'NONE', #533, #6334, #1124 ) ;
#3381 = DIRECTION ( 'NONE',  ( -0.000000000000000000, -0.000000000000000000, -1.000000000000000000 ) ) ;
#3382 = DIRECTION ( 'NONE',  ( -0.000000000000000000, 1.000000000000000000, -0.000000000000000000 ) ) ;
#3383 = LINE ( 'NONE', #6729, #337 ) ;
#3384 = ORIENTED_EDGE ( 'NONE', *, *, #6420, .T. ) ;
#3385 = LINE ( 'NONE', #161, #5724 ) ;
#3386 = DIRECTION ( 'NONE',  ( 0.000000000000000000, 0.000000000000000000, -1.000000000000000000 ) ) ;
#3387 = ORIENTED_EDGE ( 'NONE', *, *, #7217, .F. ) ;
#3388 = VERTEX_POINT ( 'NONE', #6629 ) ;
#3389 = DIRECTION ( 'NONE',  ( -0.000000000000000000, -0.000000000000000000, -1.000000000000000000 ) ) ;
#3390 = LINE ( 'NONE', #900, #1424 ) ;
#3391 = CARTESIAN_POINT ( 'NONE',  ( 0.3250000000000000111, 0.05000000000000000971, 0.9250000000000000444 ) ) ;
#3392 = DIRECTION ( 'NONE',  ( 0.000000000000000000, 0.000000000000000000, -1.000000000000000000 ) ) ;
#3393 = EDGE_CURVE ( 'NONE', #7528, #5764, #881, .T. ) ;
#3394 = VERTEX_POINT ( 'NONE', #281 ) ;
#3395 = EDGE_CURVE ( 'NONE', #3929, #5422, #2881, .T. ) ;
#3396 = LINE ( 'NONE', #5906, #8044 ) ;
#3397 = ORIENTED_EDGE ( 'NONE', *, *, #3140, .F. ) ;
#3398 = VECTOR ( 'NONE', #5825, 1000.000000000000000 ) ;
#3399 = CARTESIAN_POINT ( 'NONE',  ( -1.351260626809458465, 0.2500000000000000000, 1.750000000000000000 ) ) ;
#3400 = CARTESIAN_POINT ( 'NONE',  ( 1.749999999999999778, 1.000000000000000444, 0.5750000000000001776 ) ) ;
#3401 = PLANE ( 'NONE',  #7073 ) ;
#3402 = CARTESIAN_POINT ( 'NONE',  ( -1.500000000000000000, 0.1999999999999999833, -1.375000000000000000 ) ) ;
#3403 = ORIENTED_EDGE ( 'NONE', *, *, #7340, .T. ) ;
#3404 = CARTESIAN_POINT ( 'NONE',  ( 0.8574886876659972845, 0.04999999999999999584, 0.6835786437626907297 ) ) ;
#3405 = DIRECTION ( 'NONE',  ( -0.000000000000000000, -0.000000000000000000, -1.000000000000000000 ) ) ;
#3406 = APPLICATION_CONTEXT ( 'automotive_design' ) ;
#3407 = CARTESIAN_POINT ( 'NONE',  ( -1.592086875603144325, 0.05000000000000000971, -0.07499999999999998335 ) ) ;
#3408 = EDGE_CURVE ( 'NONE', #8010, #3591, #1603, .T. ) ;
#3409 = CARTESIAN_POINT ( 'NONE',  ( 0.8574886876659970625, 0.05000000000000000971, 1.750000000000000000 ) ) ;
#3410 = EDGE_CURVE ( 'NONE', #4086, #6516, #4732, .T. ) ;
#3411 = EDGE_CURVE ( 'NONE', #4152, #4762, #1058, .T. ) ;
#3412 = ORIENTED_EDGE ( 'NONE', *, *, #468, .F. ) ;
#3413 = LINE ( 'NONE', #1510, #5034 ) ;
#3414 = ORIENTED_EDGE ( 'NONE', *, *, #2794, .F. ) ;
#3415 = CARTESIAN_POINT ( 'NONE',  ( 0.3250000000000000111, 0.05000000000000000971, 1.100000000000000089 ) ) ;
#3416 = ORIENTED_EDGE ( 'NONE', *, *, #1402, .T. ) ;
#3417 = CARTESIAN_POINT ( 'NONE',  ( 1.749999999999999778, 0.2500000000000001665, -0.2249999999999998390 ) ) ;
#3418 = CARTESIAN_POINT ( 'NONE',  ( -1.050000000000000044, 0.2000000000000000111, 0.5750000000000001776 ) ) ;
#3419 = EDGE_CURVE ( 'NONE', #5927, #250, #3099, .T. ) ;
#3420 = DIRECTION ( 'NONE',  ( -1.000000000000000000, -0.000000000000000000, -0.000000000000000000 ) ) ;
#3421 = CARTESIAN_POINT ( 'NONE',  ( 1.500000000000000222, 1.000000000000000444, 1.025000000000000355 ) ) ;
#3422 = VECTOR ( 'NONE', #4307, 1000.000000000000000 ) ;
#3423 = ORIENTED_EDGE ( 'NONE', *, *, #6688, .F. ) ;
#3424 = ORIENTED_EDGE ( 'NONE', *, *, #7921, .T. ) ;
#3425 = ADVANCED_FACE ( 'NONE', ( #2929, #5599 ), #5477, .T. ) ;
#3426 = FACE_OUTER_BOUND ( 'NONE', #4879, .T. ) ;
#3427 = CARTESIAN_POINT ( 'NONE',  ( -1.050000000000000488, 2.829999999999999627, -1.050000000000000044 ) ) ;
#3428 = VECTOR ( 'NONE', #7934, 1000.000000000000000 ) ;
#3429 = ORIENTED_EDGE ( 'NONE', *, *, #3393, .T. ) ;
#3430 = VECTOR ( 'NONE', #650, 1000.000000000000000 ) ;
#3431 = EDGE_CURVE ( 'NONE', #7949, #307, #5139, .T. ) ;
#3432 = MECHANICAL_DESIGN_GEOMETRIC_PRESENTATION_REPRESENTATION (  '', ( #1153 ), #5302 ) ;
#3433 = AXIS2_PLACEMENT_3D ( 'NONE', #7981, #1132, #8073 ) ;
#3434 = VECTOR ( 'NONE', #2891, 1000.000000000000000 ) ;
#3435 = VECTOR ( 'NONE', #6013, 1000.000000000000227 ) ;
#3436 = EDGE_LOOP ( 'NONE', ( #1763, #8245, #3678, #5511, #391, #8183 ) ) ;
#3437 = LINE ( 'NONE', #215, #3245 ) ;
#3438 = LINE ( 'NONE', #812, #3991 ) ;
#3439 = CARTESIAN_POINT ( 'NONE',  ( 1.350000000000000533, 2.829999999999999627, -1.100000000000000533 ) ) ;
#3440 = CARTESIAN_POINT ( 'NONE',  ( -1.550000000000000044, 0.2499999999999999445, 1.025000000000000355 ) ) ;
#3441 = EDGE_LOOP ( 'NONE', ( #5269, #495, #3024, #4350, #7119, #1736, #3645, #7789, #7977, #6614, #4008, #2191 ) ) ;
#3442 = CARTESIAN_POINT ( 'NONE',  ( -1.351260626809458465, 0.2500000000000000000, -0.8750000000000001110 ) ) ;
#3443 = ORIENTED_EDGE ( 'NONE', *, *, #4900, .T. ) ;
#3444 = VECTOR ( 'NONE', #1822, 1000.000000000000000 ) ;
#3445 = AXIS2_PLACEMENT_3D ( 'NONE', #2441, #3067, #3735 ) ;
#3446 = FACE_OUTER_BOUND ( 'NONE', #355, .T. ) ;
#3447 = VECTOR ( 'NONE', #3382, 1000.000000000000000 ) ;
#3448 = VECTOR ( 'NONE', #3802, 1000.000000000000000 ) ;
#3449 = SURFACE_STYLE_FILL_AREA ( #7220 ) ;
#3450 = DIRECTION ( 'NONE',  ( 0.000000000000000000, 0.000000000000000000, 1.000000000000000000 ) ) ;
#3451 = ADVANCED_FACE ( 'NONE', ( #510 ), #5640, .T. ) ;
#3452 = DIRECTION ( 'NONE',  ( 0.000000000000000000, 0.000000000000000000, -1.000000000000000000 ) ) ;
#3453 = VERTEX_POINT ( 'NONE', #2294 ) ;
#3454 = VECTOR ( 'NONE', #6278, 1000.000000000000000 ) ;
#3455 = AXIS2_PLACEMENT_3D ( 'NONE', #1738, #8036, #5510 ) ;
#3456 = CARTESIAN_POINT ( 'NONE',  ( -1.050000000000000044, 2.849999999999999645, 1.399999999999999689 ) ) ;
#3457 = LINE ( 'NONE', #6001, #2763 ) ;
#3458 = CARTESIAN_POINT ( 'NONE',  ( -1.592086875603144325, 0.05000000000000000971, 0.07499999999999998335 ) ) ;
#3459 = PLANE ( 'NONE',  #6918 ) ;
#3460 = EDGE_LOOP ( 'NONE', ( #7289, #1488, #3987, #2171 ) ) ;
#3461 = PLANE ( 'NONE',  #7330 ) ;
#3462 = VECTOR ( 'NONE', #1219, 1000.000000000000000 ) ;
#3463 = ORIENTED_EDGE ( 'NONE', *, *, #2020, .T. ) ;
#3464 = EDGE_CURVE ( 'NONE', #6781, #6775, #6857, .T. ) ;
#3465 = EDGE_CURVE ( 'NONE', #4036, #3224, #6181, .T. ) ;
#3466 = CARTESIAN_POINT ( 'NONE',  ( 1.050000000000000044, 1.597771622610217113E-16, 0.5750000000000001776 ) ) ;
#3467 = ADVANCED_FACE ( 'NONE', ( #3013 ), #5555, .F. ) ;
#3468 = ORIENTED_EDGE ( 'NONE', *, *, #3194, .T. ) ;
#3469 = CARTESIAN_POINT ( 'NONE',  ( 1.050000000000000044, 0.2000000000000001776, 0.2250000000000001443 ) ) ;
#3470 = CIRCLE ( 'NONE', #5070, 0.2999999999999999334 ) ;
#3471 = LINE ( 'NONE', #4766, #5245 ) ;
#3472 = DIRECTION ( 'NONE',  ( -0.000000000000000000, -0.000000000000000000, -1.000000000000000000 ) ) ;
#3473 = CARTESIAN_POINT ( 'NONE',  ( 1.500000000000000000, 0.2500000000000001665, -0.5749999999999998446 ) ) ;
#3474 = ORIENTED_EDGE ( 'NONE', *, *, #4176, .T. ) ;
#3475 = ADVANCED_FACE ( 'NONE', ( #2974 ), #3599, .T. ) ;
#3476 = ADVANCED_FACE ( 'NONE', ( #1780 ), #4808, .F. ) ;
#3477 = CYLINDRICAL_SURFACE ( 'NONE', #7409, 0.2499999999999995837 ) ;
#3478 = VERTEX_POINT ( 'NONE', #4267 ) ;
#3479 = CARTESIAN_POINT ( 'NONE',  ( -1.500000000000000000, 0.2499999999999999445, 1.025000000000000355 ) ) ;
#3480 = DIRECTION ( 'NONE',  ( 0.000000000000000000, -1.000000000000000000, 0.000000000000000000 ) ) ;
#3481 = VERTEX_POINT ( 'NONE', #3679 ) ;
#3482 = ADVANCED_FACE ( 'NONE', ( #4305 ), #6222, .F. ) ;
#3483 = DIRECTION ( 'NONE',  ( 0.000000000000000000, -1.000000000000000000, 0.000000000000000000 ) ) ;
#3484 = CARTESIAN_POINT ( 'NONE',  ( 1.717086875603152984, 1.000000000000000000, 1.687157395599251597 ) ) ;
#3485 = CARTESIAN_POINT ( 'NONE',  ( -1.717086875603153207, 1.000000000000000000, -1.687157395599250709 ) ) ;
#3486 = CARTESIAN_POINT ( 'NONE',  ( -1.050000000000000488, 2.829999999999999627, -0.7500000000000000000 ) ) ;
#3487 = DIRECTION ( 'NONE',  ( 0.000000000000000000, 0.000000000000000000, 1.000000000000000000 ) ) ;
#3488 = EDGE_LOOP ( 'NONE', ( #4567, #6706, #4209, #4094 ) ) ;
#3489 = DIRECTION ( 'NONE',  ( -1.000000000000000000, 0.000000000000000000, 0.000000000000000000 ) ) ;
#3490 = ORIENTED_EDGE ( 'NONE', *, *, #6433, .T. ) ;
#3491 = CARTESIAN_POINT ( 'NONE',  ( -1.592086875603135887, 0.2500000000000149880, -0.8750000000000000000 ) ) ;
#3492 = VECTOR ( 'NONE', #663, 1000.000000000000000 ) ;
#3493 = FACE_OUTER_BOUND ( 'NONE', #3441, .T. ) ;
#3494 = DIRECTION ( 'NONE',  ( 0.000000000000000000, 0.000000000000000000, 1.000000000000000000 ) ) ;
#3495 = LINE ( 'NONE', #7523, #288 ) ;
#3496 = ORIENTED_EDGE ( 'NONE', *, *, #1465, .F. ) ;
#3497 = DIRECTION ( 'NONE',  ( 1.000000000000000000, 0.000000000000000000, -0.000000000000000000 ) ) ;
#3498 = LINE ( 'NONE', #7437, #2640 ) ;
#3499 = PLANE ( 'NONE',  #1632 ) ;
#3500 = LINE ( 'NONE', #187, #5441 ) ;
#3501 = ORIENTED_EDGE ( 'NONE', *, *, #2805, .F. ) ;
#3502 = VECTOR ( 'NONE', #4001, 1000.000000000000000 ) ;
#3503 = CARTESIAN_POINT ( 'NONE',  ( -1.550000000000000044, 1.000000000000000000, 1.375000000000000444 ) ) ;
#3504 = ADVANCED_FACE ( 'NONE', ( #460 ), #4847, .F. ) ;
#3505 = CARTESIAN_POINT ( 'NONE',  ( 1.351260626809458465, 0.2500000000000000000, 1.750000000000000000 ) ) ;
#3506 = DIRECTION ( 'NONE',  ( -0.000000000000000000, -0.000000000000000000, -1.000000000000000000 ) ) ;
#3507 = ORIENTED_EDGE ( 'NONE', *, *, #5968, .T. ) ;
#3508 = DIRECTION ( 'NONE',  ( 0.000000000000000000, 1.000000000000000000, 0.000000000000000000 ) ) ;
#3509 = DIRECTION ( 'NONE',  ( 0.000000000000000000, 1.000000000000000000, 0.000000000000000000 ) ) ;
#3510 = LINE ( 'NONE', #7236, #190 ) ;
#3511 = CARTESIAN_POINT ( 'NONE',  ( -1.351260626809458465, 0.2500000000000000000, 0.7250000000000001998 ) ) ;
#3512 = EDGE_CURVE ( 'NONE', #5673, #7228, #7405, .T. ) ;
#3513 = ORIENTED_EDGE ( 'NONE', *, *, #3021, .F. ) ;
#3514 = ORIENTED_EDGE ( 'NONE', *, *, #3967, .T. ) ;
#3515 = LINE ( 'NONE', #1366, #6574 ) ;
#3516 = VECTOR ( 'NONE', #5804, 999.9999999999998863 ) ;
#3517 = VECTOR ( 'NONE', #4961, 1000.000000000000000 ) ;
#3518 = ORIENTED_EDGE ( 'NONE', *, *, #1420, .F. ) ;
#3519 = DIRECTION ( 'NONE',  ( -0.000000000000000000, 0.000000000000000000, -1.000000000000000000 ) ) ;
#3520 = DIRECTION ( 'NONE',  ( -1.000000000000000000, 0.000000000000000000, 0.000000000000000000 ) ) ;
#3521 = VERTEX_POINT ( 'NONE', #6429 ) ;
#3522 = EDGE_CURVE ( 'NONE', #1411, #3110, #706, .T. ) ;
#3523 = VECTOR ( 'NONE', #7566, 1000.000000000000000 ) ;
#3524 = VECTOR ( 'NONE', #2843, 1000.000000000000000 ) ;
#3525 = DIRECTION ( 'NONE',  ( -0.08682659386424053383, 0.9924325091389677445, 0.08682659386424790293 ) ) ;
#3526 = CARTESIAN_POINT ( 'NONE',  ( 1.675920154969962717, 1.000000000000000000, 1.728127834118518891 ) ) ;
#3527 = SURFACE_SIDE_STYLE ('',( #2223 ) ) ;
#3528 = CARTESIAN_POINT ( 'NONE',  ( 0.000000000000000000, 0.05000000000000000971, -0.6500000000000000222 ) ) ;
#3529 = SURFACE_STYLE_USAGE ( .BOTH. , #4158 ) ;
#3530 = ORIENTED_EDGE ( 'NONE', *, *, #2523, .F. ) ;
#3531 = CARTESIAN_POINT ( 'NONE',  ( -1.749999999999999778, 0.2499999999999999445, 0.5750000000000001776 ) ) ;
#3532 = ADVANCED_FACE ( 'NONE', ( #7576 ), #4394, .F. ) ;
#3533 = ORIENTED_EDGE ( 'NONE', *, *, #685, .T. ) ;
#3534 = DIRECTION ( 'NONE',  ( 0.000000000000000000, 1.000000000000000000, -0.000000000000000000 ) ) ;
#3535 = ORIENTED_EDGE ( 'NONE', *, *, #3195, .F. ) ;
#3536 = FACE_OUTER_BOUND ( 'NONE', #2486, .T. ) ;
#3537 = LINE ( 'NONE', #6128, #3150 ) ;
#3538 = EDGE_LOOP ( 'NONE', ( #7362, #4896, #3789, #6201, #5392, #6844, #7139, #2119 ) ) ;
#3539 = FACE_OUTER_BOUND ( 'NONE', #4551, .T. ) ;
#3540 = LINE ( 'NONE', #870, #4376 ) ;
#3541 = DIRECTION ( 'NONE',  ( 0.000000000000000000, 0.000000000000000000, 1.000000000000000000 ) ) ;
#3542 = VECTOR ( 'NONE', #3625, 1000.000000000000114 ) ;
#3543 = CARTESIAN_POINT ( 'NONE',  ( -1.693717199035720489, 1.249877444467591525, -1.740827212348496245 ) ) ;
#3544 = ORIENTED_EDGE ( 'NONE', *, *, #1999, .T. ) ;
#3545 = LINE ( 'NONE', #6138, #3303 ) ;
#3546 = DIRECTION ( 'NONE',  ( -1.084202172485504040E-15, 0.000000000000000000, -1.000000000000000000 ) ) ;
#3547 = VERTEX_POINT ( 'NONE', #2633 ) ;
#3548 = DIRECTION ( 'NONE',  ( -0.000000000000000000, -0.000000000000000000, -1.000000000000000000 ) ) ;
#3549 = ORIENTED_EDGE ( 'NONE', *, *, #394, .T. ) ;
#3550 = DIRECTION ( 'NONE',  ( 0.000000000000000000, 0.000000000000000000, 1.000000000000000000 ) ) ;
#3551 = CARTESIAN_POINT ( 'NONE',  ( 0.3250000000000000111, 0.3499999999999999778, 0.9778980942125397036 ) ) ;
#3552 = DIRECTION ( 'NONE',  ( 0.1622214211307660414, -0.9733285267845741551, 0.1622214211307655696 ) ) ;
#3553 = DIRECTION ( 'NONE',  ( 1.000000000000000000, 0.000000000000000000, 1.445602896647340100E-15 ) ) ;
#3554 = ORIENTED_EDGE ( 'NONE', *, *, #2848, .T. ) ;
#3555 = DIRECTION ( 'NONE',  ( -0.000000000000000000, -0.000000000000000000, -1.000000000000000000 ) ) ;
#3556 = EDGE_LOOP ( 'NONE', ( #1098, #6164, #7495, #445 ) ) ;
#3557 = EDGE_CURVE ( 'NONE', #6676, #3994, #4513, .T. ) ;
#3558 = EDGE_CURVE ( 'NONE', #978, #4836, #3283, .T. ) ;
#3559 = CARTESIAN_POINT ( 'NONE',  ( 1.729989406634232729, 1.098004453143893278, -0.2249999999999998390 ) ) ;
#3560 = CARTESIAN_POINT ( 'NONE',  ( 1.610018138358533024, 2.829999999999999627, -0.6000000000000009770 ) ) ;
#3561 = EDGE_LOOP ( 'NONE', ( #3352, #7474, #7008, #6449, #5709 ) ) ;
#3562 = ORIENTED_EDGE ( 'NONE', *, *, #5068, .T. ) ;
#3563 = ADVANCED_FACE ( 'NONE', ( #7023 ), #1220, .F. ) ;
#3564 = CARTESIAN_POINT ( 'NONE',  ( 1.500000000000000000, 0.2000000000000001499, 1.375000000000000444 ) ) ;
#3565 = VECTOR ( 'NONE', #2971, 1000.000000000000000 ) ;
#3566 = CARTESIAN_POINT ( 'NONE',  ( 1.500000000000000000, 0.2500000000000001665, 0.2250000000000001443 ) ) ;
#3567 = AXIS2_PLACEMENT_3D ( 'NONE', #3670, #3797, #7487 ) ;
#3568 = DIRECTION ( 'NONE',  ( 0.000000000000000000, 1.000000000000000000, 0.000000000000000000 ) ) ;
#3569 = CARTESIAN_POINT ( 'NONE',  ( -1.050000000000000488, 2.829999999999999627, -0.7500000000000000000 ) ) ;
#3570 = VERTEX_POINT ( 'NONE', #3261 ) ;
#3571 = LINE ( 'NONE', #8061, #6725 ) ;
#3572 = ORIENTED_EDGE ( 'NONE', *, *, #3869, .F. ) ;
#3573 = VERTEX_POINT ( 'NONE', #7701 ) ;
#3574 = CARTESIAN_POINT ( 'NONE',  ( -1.717086875603152984, 1.000000000000000000, -0.9999999999999997780 ) ) ;
#3575 = VECTOR ( 'NONE', #982, 1000.000000000000000 ) ;
#3576 = AXIS2_PLACEMENT_3D ( 'NONE', #3491, #6536, #3957 ) ;
#3577 = CIRCLE ( 'NONE', #6631, 0.2499999999999995837 ) ;
#3578 = LINE ( 'NONE', #363, #2793 ) ;
#3579 = EDGE_CURVE ( 'NONE', #242, #7752, #1309, .T. ) ;
#3580 = CARTESIAN_POINT ( 'NONE',  ( 1.500000000000000222, 1.000000000000000444, 1.375000000000000444 ) ) ;
#3581 = ORIENTED_EDGE ( 'NONE', *, *, #3060, .F. ) ;
#3582 = DIRECTION ( 'NONE',  ( -0.000000000000000000, 0.000000000000000000, -1.000000000000000000 ) ) ;
#3583 = DIRECTION ( 'NONE',  ( -0.000000000000000000, 1.000000000000000000, -0.000000000000000000 ) ) ;
#3584 = DIRECTION ( 'NONE',  ( 0.000000000000000000, 1.000000000000000000, -0.000000000000000000 ) ) ;
#3585 = VECTOR ( 'NONE', #8191, 1000.000000000000000 ) ;
#3586 = VERTEX_POINT ( 'NONE', #634 ) ;
#3587 = EDGE_LOOP ( 'NONE', ( #3378, #2880, #7588, #7733, #7920 ) ) ;
#3588 = CIRCLE ( 'NONE', #2529, 0.04999999999999991257 ) ;
#3589 = AXIS2_PLACEMENT_3D ( 'NONE', #4401, #3018, #466 ) ;
#3590 = CARTESIAN_POINT ( 'NONE',  ( -1.683156523338336319, 1.249959048233961756, -1.745138556358963200 ) ) ;
#3591 = VERTEX_POINT ( 'NONE', #2590 ) ;
#3592 = DIRECTION ( 'NONE',  ( -0.1300379154054214781, -0.9877360307509844839, 0.08641570524680473875 ) ) ;
#3593 = PLANE ( 'NONE',  #6259 ) ;
#3594 = STYLED_ITEM ( 'NONE', ( #2900 ), #8100 ) ;
#3595 = VECTOR ( 'NONE', #8101, 1000.000000000000000 ) ;
#3596 = CIRCLE ( 'NONE', #8293, 0.2999999999999999334 ) ;
#3597 = VERTEX_POINT ( 'NONE', #2555 ) ;
#3598 = EDGE_CURVE ( 'NONE', #4468, #3831, #1343, .T. ) ;
#3599 = PLANE ( 'NONE',  #1238 ) ;
#3600 = VERTEX_POINT ( 'NONE', #3886 ) ;
#3601 = DIRECTION ( 'NONE',  ( 0.000000000000000000, 0.000000000000000000, -1.000000000000000000 ) ) ;
#3602 = EDGE_CURVE ( 'NONE', #6320, #923, #2509, .T. ) ;
#3603 = FACE_OUTER_BOUND ( 'NONE', #3917, .T. ) ;
#3604 = DIRECTION ( 'NONE',  ( 0.000000000000000000, 0.000000000000000000, -1.000000000000000000 ) ) ;
#3605 = PLANE ( 'NONE',  #3193 ) ;
#3606 = VECTOR ( 'NONE', #310, 1000.000000000000000 ) ;
#3607 = VERTEX_POINT ( 'NONE', #1994 ) ;
#3608 = LINE ( 'NONE', #6151, #2324 ) ;
#3609 = ORIENTED_EDGE ( 'NONE', *, *, #6324, .T. ) ;
#3610 = AXIS2_PLACEMENT_3D ( 'NONE', #6068, #4031, #4071 ) ;
#3611 = PLANE ( 'NONE',  #2244 ) ;
#3612 = ORIENTED_EDGE ( 'NONE', *, *, #3681, .T. ) ;
#3613 = EDGE_CURVE ( 'NONE', #7274, #4148, #7065, .T. ) ;
#3614 = LINE ( 'NONE', #2488, #6955 ) ;
#3615 = LINE ( 'NONE', #6832, #534 ) ;
#3616 = CARTESIAN_POINT ( 'NONE',  ( 1.592086875603169638, 0.05000000000000000971, -0.7250000000000000888 ) ) ;
#3617 = VERTEX_POINT ( 'NONE', #3806 ) ;
#3618 = ORIENTED_EDGE ( 'NONE', *, *, #7580, .F. ) ;
#3619 = LINE ( 'NONE', #306, #1635 ) ;
#3620 = VERTEX_POINT ( 'NONE', #3223 ) ;
#3621 = CARTESIAN_POINT ( 'NONE',  ( 1.729989406634232729, 1.098004453143893278, 1.375000000000000444 ) ) ;
#3622 = ORIENTED_EDGE ( 'NONE', *, *, #8189, .F. ) ;
#3623 = EDGE_CURVE ( 'NONE', #610, #8330, #6309, .T. ) ;
#3624 = DIRECTION ( 'NONE',  ( -0.000000000000000000, -0.000000000000000000, -1.000000000000000000 ) ) ;
#3625 = DIRECTION ( 'NONE',  ( -0.1622214211307765885, 0.9733285267845724897, -0.1622214211307653198 ) ) ;
#3626 = ORIENTED_EDGE ( 'NONE', *, *, #7272, .T. ) ;
#3627 = LINE ( 'NONE', #3002, #1013 ) ;
#3628 = CARTESIAN_POINT ( 'NONE',  ( -1.350000000000000533, 2.829999999999999627, -0.1500000000000000500 ) ) ;
#3629 = CARTESIAN_POINT ( 'NONE',  ( 1.717086875603152984, 1.000000000000000000, 1.750000000000000000 ) ) ;
#3630 = ORIENTED_EDGE ( 'NONE', *, *, #42, .F. ) ;
#3631 = LINE ( 'NONE', #3007, #745 ) ;
#3632 = ORIENTED_EDGE ( 'NONE', *, *, #5524, .F. ) ;
#3633 = VECTOR ( 'NONE', #7097, 1000.000000000000000 ) ;
#3634 = CARTESIAN_POINT ( 'NONE',  ( 1.500000000000000000, 0.2500000000000001665, 0.5750000000000001776 ) ) ;
#3635 = EDGE_CURVE ( 'NONE', #8010, #2257, #8337, .T. ) ;
#3636 = EDGE_CURVE ( 'NONE', #1216, #3252, #7280, .T. ) ;
#3637 = DIRECTION ( 'NONE',  ( -1.000000000000000000, 0.000000000000000000, 0.000000000000000000 ) ) ;
#3638 = ORIENTED_EDGE ( 'NONE', *, *, #1402, .F. ) ;
#3639 = DIRECTION ( 'NONE',  ( -0.000000000000000000, -0.000000000000000000, -1.000000000000000000 ) ) ;
#3640 = ORIENTED_EDGE ( 'NONE', *, *, #8342, .T. ) ;
#3641 = CARTESIAN_POINT ( 'NONE',  ( -1.592086875603135887, 1.000000000000000000, -0.8750000000000000000 ) ) ;
#3642 = CARTESIAN_POINT ( 'NONE',  ( 1.750000000000001110, 2.829999999999999627, -0.3450000000000008060 ) ) ;
#3643 = CARTESIAN_POINT ( 'NONE',  ( -1.750000000000001110, 2.829999999999999627, -0.3449999999999999178 ) ) ;
#3644 = EDGE_CURVE ( 'NONE', #672, #962, #2472, .T. ) ;
#3645 = ORIENTED_EDGE ( 'NONE', *, *, #7709, .T. ) ;
#3646 = UNCERTAINTY_MEASURE_WITH_UNIT (LENGTH_MEASURE( 1.000000000000000082E-05 ), #2095, 'distance_accuracy_value', 'NONE');
#3647 = CARTESIAN_POINT ( 'NONE',  ( -1.750000000000000222, 1.249999999999999778, -1.750000000000000000 ) ) ;
#3648 = ORIENTED_EDGE ( 'NONE', *, *, #6440, .T. ) ;
#3649 = DIRECTION ( 'NONE',  ( 0.000000000000000000, -1.000000000000000000, 0.000000000000000000 ) ) ;
#3650 = ORIENTED_EDGE ( 'NONE', *, *, #4052, .F. ) ;
#3651 =( BOUNDED_CURVE ( )  B_SPLINE_CURVE ( 3, ( #7787, #5730, #8306, #6468 ),
 .UNSPECIFIED., .F., .F. ) 
 B_SPLINE_CURVE_WITH_KNOTS ( ( 4, 4 ),
 ( 4.712388980384689674, 6.283185307179586232 ),
 .UNSPECIFIED. ) 
 CURVE ( )  GEOMETRIC_REPRESENTATION_ITEM ( )  RATIONAL_B_SPLINE_CURVE ( ( 1.000000000000000000, 0.8047378541243649375, 0.8047378541243649375, 1.000000000000000000 ) ) 
 REPRESENTATION_ITEM ( '' )  );
#3652 = CARTESIAN_POINT ( 'NONE',  ( 1.050000000000000044, 0.2000000000000001776, 0.5750000000000001776 ) ) ;
#3653 = CARTESIAN_POINT ( 'NONE',  ( 1.050000000000000044, 0.2000000000000001776, -1.024999999999999911 ) ) ;
#3654 = FACE_OUTER_BOUND ( 'NONE', #3064, .T. ) ;
#3655 = VECTOR ( 'NONE', #2676, 1000.000000000000000 ) ;
#3656 = CARTESIAN_POINT ( 'NONE',  ( 2.602374448188125350E-17, 0.6850000000000000533, -0.2124999999999999944 ) ) ;
#3657 = AXIS2_PLACEMENT_3D ( 'NONE', #1328, #2619, #7127 ) ;
#3658 = DIRECTION ( 'NONE',  ( 0.000000000000000000, -1.000000000000000000, 0.000000000000000000 ) ) ;
#3659 = ORIENTED_EDGE ( 'NONE', *, *, #298, .T. ) ;
#3660 = DIRECTION ( 'NONE',  ( -0.08682659386424053383, -0.9924325091389677445, -0.08682659386424788905 ) ) ;
#3661 = ORIENTED_EDGE ( 'NONE', *, *, #2167, .T. ) ;
#3662 = CYLINDRICAL_SURFACE ( 'NONE', #3179, 0.04999999999999991257 ) ;
#3663 = ORIENTED_EDGE ( 'NONE', *, *, #6669, .T. ) ;
#3664 = LINE ( 'NONE', #448, #5913 ) ;
#3665 = LINE ( 'NONE', #6756, #7828 ) ;
#3666 = ORIENTED_EDGE ( 'NONE', *, *, #3922, .F. ) ;
#3667 = ADVANCED_FACE ( 'NONE', ( #5048 ), #3765, .T. ) ;
#3668 = PRESENTATION_STYLE_ASSIGNMENT (( #1087 ) ) ;
#3669 = ADVANCED_FACE ( 'NONE', ( #7621 ), #4432, .F. ) ;
#3670 = CARTESIAN_POINT ( 'NONE',  ( -1.450000000000000400, 1.000000000000000000, 1.750000000000000000 ) ) ;
#3671 = DIRECTION ( 'NONE',  ( -1.000000000000000000, 0.000000000000000000, -0.000000000000000000 ) ) ;
#3672 = ORIENTED_EDGE ( 'NONE', *, *, #7766, .F. ) ;
#3673 = VERTEX_POINT ( 'NONE', #2782 ) ;
#3674 = CARTESIAN_POINT ( 'NONE',  ( -1.721114865929781690, 1.249666247164336719, -1.721553270611718256 ) ) ;
#3675 = ORIENTED_EDGE ( 'NONE', *, *, #8080, .F. ) ;
#3676 = CARTESIAN_POINT ( 'NONE',  ( 1.450245784487046663, 1.001866918528325545, 1.728291168325474025 ) ) ;
#3677 = DIRECTION ( 'NONE',  ( -1.000000000000000000, 0.000000000000000000, 0.000000000000000000 ) ) ;
#3678 = ORIENTED_EDGE ( 'NONE', *, *, #3159, .T. ) ;
#3679 = CARTESIAN_POINT ( 'NONE',  ( -1.717086875603152984, 1.000000000000000000, 0.5750000000000001776 ) ) ;
#3680 = ORIENTED_EDGE ( 'NONE', *, *, #3948, .T. ) ;
#3681 = EDGE_CURVE ( 'NONE', #3781, #4976, #4709, .T. ) ;
#3682 = LINE ( 'NONE', #8177, #5296 ) ;
#3683 = ADVANCED_FACE ( 'NONE', ( #7855 ), #5281, .F. ) ;
#3684 = LINE ( 'NONE', #3811, #416 ) ;
#3685 = CARTESIAN_POINT ( 'NONE',  ( 0.000000000000000000, 0.6260472266500400895, 0.000000000000000000 ) ) ;
#3686 = VECTOR ( 'NONE', #6843, 1000.000000000000114 ) ;
#3687 = VERTEX_POINT ( 'NONE', #910 ) ;
#3688 = CARTESIAN_POINT ( 'NONE',  ( -1.550000000000000044, 0.2499999999999999445, 0.5750000000000001776 ) ) ;
#3689 = ORIENTED_EDGE ( 'NONE', *, *, #2700, .T. ) ;
#3690 = CARTESIAN_POINT ( 'NONE',  ( -1.500000000000000222, 1.000000000000000000, -0.5749999999999998446 ) ) ;
#3691 = LINE ( 'NONE', #2442, #4113 ) ;
#3692 = ORIENTED_EDGE ( 'NONE', *, *, #3558, .F. ) ;
#3693 = DIRECTION ( 'NONE',  ( -1.000000000000000000, -0.000000000000000000, -0.000000000000000000 ) ) ;
#3694 = ADVANCED_FACE ( 'NONE', ( #6497 ), #750, .F. ) ;
#3695 = CARTESIAN_POINT ( 'NONE',  ( 0.4471019057874605629, 0.3499999999999999778, 1.200000000000000178 ) ) ;
#3696 = CARTESIAN_POINT ( 'NONE',  ( -1.750000000000000222, 1.249999999999999778, 1.750000000000000000 ) ) ;
#3697 =( BOUNDED_CURVE ( )  B_SPLINE_CURVE ( 3, ( #5148, #564, #2159, #7234 ),
 .UNSPECIFIED., .F., .T. ) 
 B_SPLINE_CURVE_WITH_KNOTS ( ( 4, 4 ),
 ( 5.304621248187475935, 6.864041222362419425 ),
 .UNSPECIFIED. ) 
 CURVE ( )  GEOMETRIC_REPRESENTATION_ITEM ( )  RATIONAL_B_SPLINE_CURVE ( ( 1.000000000000000000, 0.8074116454836836043, 0.8074116454836836043, 1.000000000000000000 ) ) 
 REPRESENTATION_ITEM ( '' )  );
#3698 = FACE_OUTER_BOUND ( 'NONE', #8046, .T. ) ;
#3699 = EDGE_CURVE ( 'NONE', #7537, #2986, #3015, .T. ) ;
#3700 = DIRECTION ( 'NONE',  ( 0.000000000000000000, 1.000000000000000000, 0.000000000000000000 ) ) ;
#3701 = ORIENTED_EDGE ( 'NONE', *, *, #7026, .F. ) ;
#3702 = DIRECTION ( 'NONE',  ( -1.000000000000000000, -0.000000000000000000, 1.032573497605241731E-16 ) ) ;
#3703 = ORIENTED_EDGE ( 'NONE', *, *, #6323, .T. ) ;
#3704 = CYLINDRICAL_SURFACE ( 'NONE', #4108, 0.2499999999999995837 ) ;
#3705 = LINE ( 'NONE', #1855, #6718 ) ;
#3706 = VECTOR ( 'NONE', #1261, 1000.000000000000000 ) ;
#3707 = CARTESIAN_POINT ( 'NONE',  ( 0.000000000000000000, 2.829999999999999627, 1.399999999999999689 ) ) ;
#3708 = ORIENTED_EDGE ( 'NONE', *, *, #6141, .F. ) ;
#3709 = CARTESIAN_POINT ( 'NONE',  ( 0.5000000000000000000, 0.05000000000000000971, 1.100000000000000089 ) ) ;
#3710 = DIRECTION ( 'NONE',  ( 1.084202172485504040E-15, 0.000000000000000000, -1.000000000000000000 ) ) ;
#3711 = DIRECTION ( 'NONE',  ( -0.000000000000000000, -0.000000000000000000, -1.000000000000000000 ) ) ;
#3712 = EDGE_LOOP ( 'NONE', ( #7840, #7090, #5476, #2247, #7957 ) ) ;
#3713 = DIRECTION ( 'NONE',  ( 1.000000000000000000, 0.000000000000000000, 0.000000000000000000 ) ) ;
#3714 = VERTEX_POINT ( 'NONE', #6576 ) ;
#3715 = VECTOR ( 'NONE', #146, 1000.000000000000000 ) ;
#3716 = DIRECTION ( 'NONE',  ( 1.000000000000000000, 0.000000000000000000, 0.000000000000000000 ) ) ;
#3717 = VECTOR ( 'NONE', #5981, 1000.000000000000000 ) ;
#3718 = ADVANCED_FACE ( 'NONE', ( #3338 ), #5839, .F. ) ;
#3719 = DIRECTION ( 'NONE',  ( 0.000000000000000000, 1.000000000000000000, 0.000000000000000000 ) ) ;
#3720 = CARTESIAN_POINT ( 'NONE',  ( -0.3250000000000000111, 0.3499999999999999778, -1.322101905787460563 ) ) ;
#3721 = ORIENTED_EDGE ( 'NONE', *, *, #2076, .T. ) ;
#3722 = COLOUR_RGB ( '',0.7921568627450980005, 0.8196078431372548767, 0.9333333333333333481 ) ;
#3723 = TOROIDAL_SURFACE ( 'NONE', #6784, 0.3036042630400219156, 0.1499999999999999944 ) ;
#3724 = DIRECTION ( 'NONE',  ( -0.1305261922200450231, 0.9914448613738112703, -0.000000000000000000 ) ) ;
#3725 = CARTESIAN_POINT ( 'NONE',  ( -1.717086875603152984, 1.000000000000000000, -1.024999999999999911 ) ) ;
#3726 = CARTESIAN_POINT ( 'NONE',  ( -0.9000000000000000222, 0.2500000000000000000, -0.1750000000000000167 ) ) ;
#3727 = AXIS2_PLACEMENT_3D ( 'NONE', #7250, #7502, #130 ) ;
#3728 = VECTOR ( 'NONE', #3546, 1000.000000000000000 ) ;
#3729 = CIRCLE ( 'NONE', #6515, 0.04999999999999991257 ) ;
#3730 = EDGE_CURVE ( 'NONE', #2082, #3279, #5879, .T. ) ;
#3731 = ADVANCED_FACE ( 'NONE', ( #5248 ), #5914, .T. ) ;
#3732 = VERTEX_POINT ( 'NONE', #2190 ) ;
#3733 = CARTESIAN_POINT ( 'NONE',  ( -1.749999999999999778, 0.2499999999999999445, -0.5749999999999998446 ) ) ;
#3734 = ORIENTED_EDGE ( 'NONE', *, *, #2263, .T. ) ;
#3735 = DIRECTION ( 'NONE',  ( 0.000000000000000000, 0.000000000000000000, -1.000000000000000000 ) ) ;
#3736 = AXIS2_PLACEMENT_3D ( 'NONE', #7817, #4707, #6616 ) ;
#3737 = CARTESIAN_POINT ( 'NONE',  ( -1.050000000000000044, 0.000000000000000000, 1.375000000000000444 ) ) ;
#3738 = ORIENTED_EDGE ( 'NONE', *, *, #7897, .T. ) ;
#3739 = ADVANCED_FACE ( 'NONE', ( #225 ), #4753, .F. ) ;
#3740 = EDGE_CURVE ( 'NONE', #6630, #6732, #3819, .T. ) ;
#3741 = AXIS2_PLACEMENT_3D ( 'NONE', #1407, #3832, #1332 ) ;
#3742 = VECTOR ( 'NONE', #6113, 1000.000000000000000 ) ;
#3743 = CARTESIAN_POINT ( 'NONE',  ( 1.050000000000000044, 1.597771622610217113E-16, 1.025000000000000355 ) ) ;
#3744 = LINE ( 'NONE', #6789, #8278 ) ;
#3745 = DIRECTION ( 'NONE',  ( 0.9914448613738112703, 0.1305261922200451896, -0.000000000000000000 ) ) ;
#3746 = CARTESIAN_POINT ( 'NONE',  ( 1.450000000000000400, 1.000000000000000000, 1.750000000000000000 ) ) ;
#3747 = DIRECTION ( 'NONE',  ( 0.000000000000000000, 0.000000000000000000, 1.000000000000000000 ) ) ;
#3748 = ORIENTED_EDGE ( 'NONE', *, *, #8184, .F. ) ;
#3749 = EDGE_LOOP ( 'NONE', ( #5863, #4588, #505, #905, #5318, #7006, #4981, #7769, #5465, #2271 ) ) ;
#3750 = ORIENTED_EDGE ( 'NONE', *, *, #7915, .F. ) ;
#3751 = FACE_OUTER_BOUND ( 'NONE', #3027, .T. ) ;
#3752 = ADVANCED_FACE ( 'NONE', ( #1462 ), #4043, .F. ) ;
#3753 = DIRECTION ( 'NONE',  ( 1.000000000000000000, -0.000000000000000000, 0.000000000000000000 ) ) ;
#3754 = CARTESIAN_POINT ( 'NONE',  ( -1.050000000000000044, 0.2000000000000000111, 1.025000000000000355 ) ) ;
#3755 = ORIENTED_EDGE ( 'NONE', *, *, #8302, .F. ) ;
#3756 = CARTESIAN_POINT ( 'NONE',  ( -1.050000000000000044, 0.2000000000000000111, 1.025000000000000355 ) ) ;
#3757 = VERTEX_POINT ( 'NONE', #3402 ) ;
#3758 = FACE_OUTER_BOUND ( 'NONE', #2153, .T. ) ;
#3759 = LINE ( 'NONE', #5517, #5857 ) ;
#3760 = ORIENTED_EDGE ( 'NONE', *, *, #5202, .F. ) ;
#3761 = LINE ( 'NONE', #4087, #2917 ) ;
#3762 = EDGE_LOOP ( 'NONE', ( #6157, #8187, #7721, #5976 ) ) ;
#3763 = CARTESIAN_POINT ( 'NONE',  ( -1.717086875603152984, 1.000000000000000000, 0.1999999999999998723 ) ) ;
#3764 = DIRECTION ( 'NONE',  ( 0.000000000000000000, -0.000000000000000000, -1.000000000000000000 ) ) ;
#3765 = CYLINDRICAL_SURFACE ( 'NONE', #1925, 0.2499999999999995837 ) ;
#3766 = VECTOR ( 'NONE', #3333, 1000.000000000000000 ) ;
#3767 = VERTEX_POINT ( 'NONE', #181 ) ;
#3768 = LINE ( 'NONE', #2593, #5837 ) ;
#3769 = DIRECTION ( 'NONE',  ( 0.000000000000000000, 1.000000000000000000, 0.000000000000000000 ) ) ;
#3770 = CARTESIAN_POINT ( 'NONE',  ( -0.8999999999999999112, 0.2500000000000000000, -0.1164213562373095229 ) ) ;
#3771 = AXIS2_PLACEMENT_3D ( 'NONE', #4035, #1295, #57 ) ;
#3772 = LINE ( 'NONE', #2680, #3138 ) ;
#3773 = EDGE_LOOP ( 'NONE', ( #2862, #4076, #4460, #6969 ) ) ;
#3774 = DIRECTION ( 'NONE',  ( -0.2079116908177522371, -0.9781476007338070211, 0.000000000000000000 ) ) ;
#3775 = EDGE_CURVE ( 'NONE', #3481, #6628, #7900, .T. ) ;
#3776 = EDGE_CURVE ( 'NONE', #7228, #7177, #4623, .T. ) ;
#3777 = CARTESIAN_POINT ( 'NONE',  ( -1.717086875603152984, 1.000000000000000000, 0.6000000000000000888 ) ) ;
#3778 = ORIENTED_EDGE ( 'NONE', *, *, #7276, .F. ) ;
#3779 = ORIENTED_EDGE ( 'NONE', *, *, #1849, .F. ) ;
#3780 = VECTOR ( 'NONE', #4696, 1000.000000000000114 ) ;
#3781 = VERTEX_POINT ( 'NONE', #7176 ) ;
#3782 = CARTESIAN_POINT ( 'NONE',  ( 1.050000000000000044, 1.597771622610217113E-16, -1.024999999999999911 ) ) ;
#3783 = DIRECTION ( 'NONE',  ( -0.000000000000000000, 0.000000000000000000, 1.000000000000000000 ) ) ;
#3784 = DIRECTION ( 'NONE',  ( -0.000000000000000000, -0.000000000000000000, -1.000000000000000000 ) ) ;
#3785 = EDGE_CURVE ( 'NONE', #1995, #2429, #2826, .T. ) ;
#3786 = DIRECTION ( 'NONE',  ( -0.000000000000000000, -0.000000000000000000, -1.000000000000000000 ) ) ;
#3787 = CARTESIAN_POINT ( 'NONE',  ( 1.729989406634232729, 1.098004453143893278, -0.2249999999999998390 ) ) ;
#3788 = VERTEX_POINT ( 'NONE', #1546 ) ;
#3789 = ORIENTED_EDGE ( 'NONE', *, *, #3896, .F. ) ;
#3790 = CARTESIAN_POINT ( 'NONE',  ( 1.500000000000000222, 1.000000000000000444, -1.375000000000000000 ) ) ;
#3791 = CARTESIAN_POINT ( 'NONE',  ( 1.050000000000000044, 0.2000000000000001776, -0.2249999999999998390 ) ) ;
#3792 = AXIS2_PLACEMENT_3D ( 'NONE', #4098, #5385, #4144 ) ;
#3793 = CIRCLE ( 'NONE', #1355, 0.2499999999999995837 ) ;
#3794 = ORIENTED_EDGE ( 'NONE', *, *, #5000, .F. ) ;
#3795 = SURFACE_SIDE_STYLE ('',( #6845 ) ) ;
#3796 = EDGE_CURVE ( 'NONE', #630, #2376, #4129, .T. ) ;
#3797 = DIRECTION ( 'NONE',  ( 0.9914448613738112703, 0.1305261922200450508, -0.000000000000000000 ) ) ;
#3798 = CARTESIAN_POINT ( 'NONE',  ( -0.9597227471524998332, 0.05000000000000000971, -0.07499999999999998335 ) ) ;
#3799 = ORIENTED_EDGE ( 'NONE', *, *, #3340, .F. ) ;
#3800 = DIRECTION ( 'NONE',  ( -0.1305261922200450508, -0.9914448613738112703, 0.000000000000000000 ) ) ;
#3801 = ORIENTED_EDGE ( 'NONE', *, *, #7414, .T. ) ;
#3802 = DIRECTION ( 'NONE',  ( 1.000000000000000000, -0.000000000000000000, 0.000000000000000000 ) ) ;
#3803 = VECTOR ( 'NONE', #7306, 1000.000000000000000 ) ;
#3804 = VECTOR ( 'NONE', #1978, 1000.000000000000000 ) ;
#3805 = CARTESIAN_POINT ( 'NONE',  ( 0.9000000000000000222, 0.2500000000000000000, 0.1750000000000000167 ) ) ;
#3806 = CARTESIAN_POINT ( 'NONE',  ( 1.500000000000000000, 2.710505431213761085E-16, 1.025000000000000355 ) ) ;
#3807 = VERTEX_POINT ( 'NONE', #4835 ) ;
#3808 = EDGE_CURVE ( 'NONE', #793, #3732, #6884, .T. ) ;
#3809 = DIRECTION ( 'NONE',  ( 3.469446951953614189E-16, -0.000000000000000000, -1.000000000000000000 ) ) ;
#3810 = VECTOR ( 'NONE', #7829, 1000.000000000000000 ) ;
#3811 = CARTESIAN_POINT ( 'NONE',  ( -1.610018138358533468, 2.829999999999999627, -0.8549999999999999822 ) ) ;
#3812 = EDGE_CURVE ( 'NONE', #1479, #5543, #5585, .T. ) ;
#3813 = CARTESIAN_POINT ( 'NONE',  ( -0.9000000000000000222, 0.2500000000000000000, 0.1750000000000000167 ) ) ;
#3814 = UNCERTAINTY_MEASURE_WITH_UNIT (LENGTH_MEASURE( 1.000000000000000082E-05 ), #6557, 'distance_accuracy_value', 'NONE');
#3815 = DIRECTION ( 'NONE',  ( 1.000000000000000000, 1.204669080539447865E-16, -0.000000000000000000 ) ) ;
#3816 = EDGE_LOOP ( 'NONE', ( #371, #6665, #4221, #6748, #582, #4995, #2010, #775 ) ) ;
#3817 = DIRECTION ( 'NONE',  ( 0.000000000000000000, 0.000000000000000000, 1.000000000000000000 ) ) ;
#3818 = CARTESIAN_POINT ( 'NONE',  ( -1.500000000000000000, 0.2499999999999999445, -1.375000000000000000 ) ) ;
#3819 = CIRCLE ( 'NONE', #7020, 0.2999999999999998224 ) ;
#3820 = LINE ( 'NONE', #3743, #5985 ) ;
#3821 = CARTESIAN_POINT ( 'NONE',  ( -0.8574886876659970625, 0.05000000000000000971, 0.9749999999999999778 ) ) ;
#3822 = DIRECTION ( 'NONE',  ( 0.1736481776669307198, -0.9848077530122080203, -0.000000000000000000 ) ) ;
#3823 = CARTESIAN_POINT ( 'NONE',  ( -1.050000000000000488, 2.849999999999999645, -1.400000000000000133 ) ) ;
#3824 = PLANE ( 'NONE',  #3310 ) ;
#3825 = ORIENTED_EDGE ( 'NONE', *, *, #84, .T. ) ;
#3826 = VERTEX_POINT ( 'NONE', #6210 ) ;
#3827 = EDGE_CURVE ( 'NONE', #5264, #3831, #3495, .T. ) ;
#3828 = EDGE_CURVE ( 'NONE', #3591, #5264, #4872, .T. ) ;
#3829 = CARTESIAN_POINT ( 'NONE',  ( -1.750000000000000222, 2.850000000000000089, 1.610018138358521256 ) ) ;
#3830 = CARTESIAN_POINT ( 'NONE',  ( -1.749999999999999778, 0.2499999999999999445, -0.2249999999999998390 ) ) ;
#3831 = VERTEX_POINT ( 'NONE', #1636 ) ;
#3832 = DIRECTION ( 'NONE',  ( 0.000000000000000000, -1.000000000000000000, 0.000000000000000000 ) ) ;
#3833 = DIRECTION ( 'NONE',  ( -1.000000000000000000, -0.000000000000000000, -0.000000000000000000 ) ) ;
#3834 = LINE ( 'NONE', #8289, #6327 ) ;
#3835 = ORIENTED_EDGE ( 'NONE', *, *, #1928, .T. ) ;
#3836 = ORIENTED_EDGE ( 'NONE', *, *, #4242, .F. ) ;
#3837 = DIRECTION ( 'NONE',  ( -0.000000000000000000, -1.000000000000000000, -0.000000000000000000 ) ) ;
#3838 = VERTEX_POINT ( 'NONE', #4208 ) ;
#3839 = LINE ( 'NONE', #3763, #7614 ) ;
#3840 = EDGE_CURVE ( 'NONE', #153, #3118, #7976, .T. ) ;
#3841 = CARTESIAN_POINT ( 'NONE',  ( 1.717086875603152984, 1.000000000000000444, -1.024999999999999911 ) ) ;
#3842 = CARTESIAN_POINT ( 'NONE',  ( -1.717086875603152984, 1.000000000000000000, -1.728127834118519113 ) ) ;
#3843 = EDGE_CURVE ( 'NONE', #7665, #5031, #4962, .T. ) ;
#3844 = ORIENTED_EDGE ( 'NONE', *, *, #5909, .T. ) ;
#3845 = CARTESIAN_POINT ( 'NONE',  ( 1.351260626809458465, 0.2500000000000001110, 0.7250000000000001998 ) ) ;
#3846 = DIRECTION ( 'NONE',  ( 0.000000000000000000, 1.000000000000000000, 0.000000000000000000 ) ) ;
#3847 = VECTOR ( 'NONE', #8111, 1000.000000000000000 ) ;
#3848 = AXIS2_PLACEMENT_3D ( 'NONE', #6212, #1812, #1211 ) ;
#3849 = DIRECTION ( 'NONE',  ( 0.000000000000000000, -1.000000000000000000, 0.000000000000000000 ) ) ;
#3850 = ADVANCED_FACE ( 'NONE', ( #5415 ), #2912, .T. ) ;
#3851 = AXIS2_PLACEMENT_3D ( 'NONE', #5354, #7332, #3520 ) ;
#3852 = VECTOR ( 'NONE', #5374, 1000.000000000000000 ) ;
#3853 = CARTESIAN_POINT ( 'NONE',  ( 0.9597227471524997222, 0.05000000000000000971, -0.8750000000000000000 ) ) ;
#3854 = ORIENTED_EDGE ( 'NONE', *, *, #5611, .T. ) ;
#3855 = DIRECTION ( 'NONE',  ( -0.9781476007338071321, 0.2079116908177522649, 0.000000000000000000 ) ) ;
#3856 = CARTESIAN_POINT ( 'NONE',  ( 1.745199885759336933, 1.249632432350785249, -1.683086140956520538 ) ) ;
#3857 = AXIS2_PLACEMENT_3D ( 'NONE', #2883, #7950, #5429 ) ;
#3858 = AXIS2_PLACEMENT_3D ( 'NONE', #2693, #1899, #5236 ) ;
#3859 = DIRECTION ( 'NONE',  ( 0.000000000000000000, 0.000000000000000000, 1.000000000000000000 ) ) ;
#3860 = AXIS2_PLACEMENT_3D ( 'NONE', #4437, #3849, #7145 ) ;
#3861 = DIRECTION ( 'NONE',  ( -0.000000000000000000, 1.000000000000000000, -0.000000000000000000 ) ) ;
#3862 = VECTOR ( 'NONE', #5890, 1000.000000000000000 ) ;
#3863 = CARTESIAN_POINT ( 'NONE',  ( 1.749999999999999778, 0.2500000000000001665, -1.024999999999999911 ) ) ;
#3864 = CARTESIAN_POINT ( 'NONE',  ( -1.500000000000000000, -5.421010862427512309E-17, 0.2250000000000001443 ) ) ;
#3865 = CARTESIAN_POINT ( 'NONE',  ( 1.050000000000000266, 2.829999999999999627, 1.100000000000000089 ) ) ;
#3866 = DIRECTION ( 'NONE',  ( -0.2079116908177522371, -0.9781476007338070211, 0.000000000000000000 ) ) ;
#3867 = ORIENTED_EDGE ( 'NONE', *, *, #8335, .T. ) ;
#3868 = ORIENTED_EDGE ( 'NONE', *, *, #8203, .T. ) ;
#3869 = EDGE_CURVE ( 'NONE', #3118, #5352, #8161, .T. ) ;
#3870 = ORIENTED_EDGE ( 'NONE', *, *, #7063, .T. ) ;
#3871 = MECHANICAL_DESIGN_GEOMETRIC_PRESENTATION_REPRESENTATION (  '', ( #1569 ), #5193 ) ;
#3872 = LINE ( 'NONE', #7522, #2991 ) ;
#3873 = CARTESIAN_POINT ( 'NONE',  ( 0.8999999999999999112, 0.2500000000000000000, 0.6835786437626905077 ) ) ;
#3874 = ORIENTED_EDGE ( 'NONE', *, *, #1485, .F. ) ;
#3875 = CARTESIAN_POINT ( 'NONE',  ( -1.592086875603152540, 1.000000000000000000, 0.7250000000000000888 ) ) ;
#3876 = VECTOR ( 'NONE', #4235, 1000.000000000000000 ) ;
#3877 = DIRECTION ( 'NONE',  ( 0.000000000000000000, 1.000000000000000000, -0.000000000000000000 ) ) ;
#3878 = CARTESIAN_POINT ( 'NONE',  ( 0.000000000000000000, 0.05455767409634579984, 0.000000000000000000 ) ) ;
#3879 = FACE_OUTER_BOUND ( 'NONE', #260, .T. ) ;
#3880 = ORIENTED_EDGE ( 'NONE', *, *, #3021, .T. ) ;
#3881 = EDGE_CURVE ( 'NONE', #7243, #3218, #449, .T. ) ;
#3882 = CARTESIAN_POINT ( 'NONE',  ( 1.500000000000000000, 0.2500000000000001665, -0.2249999999999998390 ) ) ;
#3883 = VERTEX_POINT ( 'NONE', #5542 ) ;
#3884 = CARTESIAN_POINT ( 'NONE',  ( 1.717086875603152984, 1.000000000000000000, 1.750000000000000000 ) ) ;
#3885 = CYLINDRICAL_SURFACE ( 'NONE', #4000, 0.2999999999999999334 ) ;
#3886 = CARTESIAN_POINT ( 'NONE',  ( 1.717086875603152984, 1.000000000000000000, 1.000000000000000000 ) ) ;
#3887 = VERTEX_POINT ( 'NONE', #7482 ) ;
#3888 = CYLINDRICAL_SURFACE ( 'NONE', #168, 0.09999999999999993616 ) ;
#3889 = CYLINDRICAL_SURFACE ( 'NONE', #4721, 0.1000000000000001166 ) ;
#3890 = EDGE_CURVE ( 'NONE', #467, #3157, #3537, .T. ) ;
#3891 = EDGE_CURVE ( 'NONE', #2376, #6153, #3665, .T. ) ;
#3892 = DIRECTION ( 'NONE',  ( 0.000000000000000000, -1.000000000000000000, 0.000000000000000000 ) ) ;
#3893 = CARTESIAN_POINT ( 'NONE',  ( -1.592086875603135887, 0.05000000000000000971, -0.7250000000000000888 ) ) ;
#3894 = ORIENTED_EDGE ( 'NONE', *, *, #2250, .F. ) ;
#3895 = FACE_OUTER_BOUND ( 'NONE', #4571, .T. ) ;
#3896 = EDGE_CURVE ( 'NONE', #3687, #174, #7350, .T. ) ;
#3897 = FACE_OUTER_BOUND ( 'NONE', #540, .T. ) ;
#3898 = DIRECTION ( 'NONE',  ( 0.000000000000000000, -0.000000000000000000, 1.000000000000000000 ) ) ;
#3899 = VECTOR ( 'NONE', #7555, 1000.000000000000000 ) ;
#3900 = UNCERTAINTY_MEASURE_WITH_UNIT (LENGTH_MEASURE( 1.000000000000000082E-05 ), #7443, 'distance_accuracy_value', 'NONE');
#3901 = EDGE_LOOP ( 'NONE', ( #1051, #4919, #8174, #5858 ) ) ;
#3902 = LINE ( 'NONE', #3154, #3928 ) ;
#3903 = CARTESIAN_POINT ( 'NONE',  ( -1.536645267607133603, 2.549999999999999822, -1.636264737416298631 ) ) ;
#3904 = CARTESIAN_POINT ( 'NONE',  ( -1.500000000000000000, -5.421010862427512309E-17, 1.375000000000000444 ) ) ;
#3905 = VECTOR ( 'NONE', #1374, 1000.000000000000000 ) ;
#3906 = ORIENTED_EDGE ( 'NONE', *, *, #6124, .T. ) ;
#3907 = EDGE_LOOP ( 'NONE', ( #4642, #1527, #4266, #3801 ) ) ;
#3908 = ORIENTED_EDGE ( 'NONE', *, *, #1620, .F. ) ;
#3909 = PLANE ( 'NONE',  #4057 ) ;
#3910 = LINE ( 'NONE', #3285, #3398 ) ;
#3911 = ORIENTED_EDGE ( 'NONE', *, *, #105, .F. ) ;
#3912 = CARTESIAN_POINT ( 'NONE',  ( -1.050000000000000044, 0.2000000000000000111, 0.5750000000000001776 ) ) ;
#3913 = DIRECTION ( 'NONE',  ( 0.2079116908177522371, 0.9781476007338070211, 0.000000000000000000 ) ) ;
#3914 = CARTESIAN_POINT ( 'NONE',  ( -1.712567957151221121, 1.249732884339956662, 1.729115426028891234 ) ) ;
#3915 = CARTESIAN_POINT ( 'NONE',  ( -1.550000000000000044, 1.000000000000000000, 0.2250000000000001443 ) ) ;
#3916 = ORIENTED_EDGE ( 'NONE', *, *, #3869, .T. ) ;
#3917 = EDGE_LOOP ( 'NONE', ( #6040, #5624, #1233 ) ) ;
#3918 = CARTESIAN_POINT ( 'NONE',  ( 1.610018138358533246, 2.849999999999999645, -1.510398668549347123 ) ) ;
#3919 = EDGE_LOOP ( 'NONE', ( #7439, #4650, #7056, #7183 ) ) ;
#3920 = PLANE ( 'NONE',  #5461 ) ;
#3921 = CIRCLE ( 'NONE', #256, 0.2550000000000000044 ) ;
#3922 = EDGE_CURVE ( 'NONE', #1434, #2539, #5811, .T. ) ;
#3923 = EDGE_CURVE ( 'NONE', #5121, #1069, #4251, .T. ) ;
#3924 = CARTESIAN_POINT ( 'NONE',  ( -1.651131547168186220, 1.241415836668503747, -1.750751016977361019 ) ) ;
#3925 = ORIENTED_EDGE ( 'NONE', *, *, #2249, .T. ) ;
#3926 = DIRECTION ( 'NONE',  ( 0.000000000000000000, 0.000000000000000000, -1.000000000000000000 ) ) ;
#3927 = LINE ( 'NONE', #6542, #4987 ) ;
#3928 = VECTOR ( 'NONE', #5112, 1000.000000000000000 ) ;
#3929 = VERTEX_POINT ( 'NONE', #2868 ) ;
#3930 = DIRECTION ( 'NONE',  ( -0.000000000000000000, -0.000000000000000000, -1.000000000000000000 ) ) ;
#3931 = EDGE_CURVE ( 'NONE', #7803, #6619, #6708, .T. ) ;
#3932 = LINE ( 'NONE', #1193, #6461 ) ;
#3933 = ADVANCED_FACE ( 'NONE', ( #1046 ), #6081, .T. ) ;
#3934 = ORIENTED_EDGE ( 'NONE', *, *, #3636, .F. ) ;
#3935 = CARTESIAN_POINT ( 'NONE',  ( 0.8574886876659969515, 0.04999999999999999584, 0.9164213562373095812 ) ) ;
#3936 = DIRECTION ( 'NONE',  ( 0.000000000000000000, 0.000000000000000000, -1.000000000000000000 ) ) ;
#3937 = ORIENTED_EDGE ( 'NONE', *, *, #3419, .F. ) ;
#3938 = EDGE_CURVE ( 'NONE', #945, #3142, #1728, .T. ) ;
#3939 = VECTOR ( 'NONE', #5500, 1000.000000000000000 ) ;
#3940 = CARTESIAN_POINT ( 'NONE',  ( -1.595092430978839459, 2.549999999999999822, -1.636264737416298631 ) ) ;
#3941 =( LENGTH_UNIT ( ) NAMED_UNIT ( * ) SI_UNIT ( .MILLI., .METRE. ) );
#3942 = ORIENTED_EDGE ( 'NONE', *, *, #6152, .T. ) ;
#3943 = ORIENTED_EDGE ( 'NONE', *, *, #5688, .T. ) ;
#3944 = VERTEX_POINT ( 'NONE', #1085 ) ;
#3945 = CIRCLE ( 'NONE', #295, 0.5000000000000000000 ) ;
#3946 = EDGE_CURVE ( 'NONE', #4956, #3358, #3041, .T. ) ;
#3947 = CARTESIAN_POINT ( 'NONE',  ( -0.9000000000000000222, 0.2500000000000000000, -0.9749999999999999778 ) ) ;
#3948 = EDGE_CURVE ( 'NONE', #8034, #5121, #6599, .T. ) ;
#3949 = VERTEX_POINT ( 'NONE', #3162 ) ;
#3950 = PLANE ( 'NONE',  #7208 ) ;
#3951 = FACE_BOUND ( 'NONE', #2156, .T. ) ;
#3952 = DIRECTION ( 'NONE',  ( -0.000000000000000000, -0.000000000000000000, -1.000000000000000000 ) ) ;
#3953 = ORIENTED_EDGE ( 'NONE', *, *, #2115, .T. ) ;
#3954 = ORIENTED_EDGE ( 'NONE', *, *, #9, .F. ) ;
#3955 = FACE_OUTER_BOUND ( 'NONE', #4230, .T. ) ;
#3956 = ORIENTED_EDGE ( 'NONE', *, *, #1386, .F. ) ;
#3957 = DIRECTION ( 'NONE',  ( 1.000000000000000000, -0.000000000000000000, 0.000000000000000000 ) ) ;
#3958 = PLANE ( 'NONE',  #633 ) ;
#3959 = DIRECTION ( 'NONE',  ( -1.000000000000000000, -1.204669080539447865E-16, 0.000000000000000000 ) ) ;
#3960 = ORIENTED_EDGE ( 'NONE', *, *, #3319, .T. ) ;
#3961 = CARTESIAN_POINT ( 'NONE',  ( -1.750000000000000222, 2.829999999999999627, -0.5999999999999998668 ) ) ;
#3962 = DIRECTION ( 'NONE',  ( 0.000000000000000000, 0.000000000000000000, -1.000000000000000000 ) ) ;
#3963 =( BOUNDED_CURVE ( )  B_SPLINE_CURVE ( 3, ( #2721, #7798, #2048, #607 ),
 .UNSPECIFIED., .F., .T. ) 
 B_SPLINE_CURVE_WITH_KNOTS ( ( 4, 4 ),
 ( 3.141592653589793116, 4.712388980384689674 ),
 .UNSPECIFIED. ) 
 CURVE ( )  GEOMETRIC_REPRESENTATION_ITEM ( )  RATIONAL_B_SPLINE_CURVE ( ( 1.000000000000000000, 0.8047378541243649375, 0.8047378541243649375, 1.000000000000000000 ) ) 
 REPRESENTATION_ITEM ( '' )  );
#3964 = CARTESIAN_POINT ( 'NONE',  ( 0.5000000000000001110, 0.05000000000000000971, -1.200000000000000178 ) ) ;
#3965 = VERTEX_POINT ( 'NONE', #500 ) ;
#3966 = CARTESIAN_POINT ( 'NONE',  ( -1.050000000000000488, 2.829999999999999627, -1.050000000000000044 ) ) ;
#3967 = EDGE_CURVE ( 'NONE', #8034, #5031, #4542, .T. ) ;
#3968 = ORIENTED_EDGE ( 'NONE', *, *, #760, .F. ) ;
#3969 = CARTESIAN_POINT ( 'NONE',  ( 1.350000000000000311, 2.829999999999999627, -1.050000000000000044 ) ) ;
#3970 = ORIENTED_EDGE ( 'NONE', *, *, #2481, .T. ) ;
#3971 = VECTOR ( 'NONE', #1416, 1000.000000000000000 ) ;
#3972 = VECTOR ( 'NONE', #2372, 1000.000000000000000 ) ;
#3973 = APPLICATION_PROTOCOL_DEFINITION ( 'draft international standard', 'automotive_design', 1998, #7706 ) ;
#3974 = CARTESIAN_POINT ( 'NONE',  ( 1.712891724423614814, 1.249730837439655851, -1.728068216457385509 ) ) ;
#3975 = DIRECTION ( 'NONE',  ( -0.000000000000000000, -0.000000000000000000, -1.000000000000000000 ) ) ;
#3976 = EDGE_CURVE ( 'NONE', #2427, #7041, #7337, .T. ) ;
#3977 = EDGE_CURVE ( 'NONE', #5756, #6509, #4458, .T. ) ;
#3978 = AXIS2_PLACEMENT_3D ( 'NONE', #6666, #175, #4584 ) ;
#3979 = VECTOR ( 'NONE', #5818, 1000.000000000000000 ) ;
#3980 = ORIENTED_EDGE ( 'NONE', *, *, #4928, .T. ) ;
#3981 = ORIENTED_EDGE ( 'NONE', *, *, #7240, .F. ) ;
#3982 = VECTOR ( 'NONE', #7436, 1000.000000000000000 ) ;
#3983 = AXIS2_PLACEMENT_3D ( 'NONE', #3479, #3519, #6021 ) ;
#3984 = AXIS2_PLACEMENT_3D ( 'NONE', #6551, #2080, #928 ) ;
#3985 = CARTESIAN_POINT ( 'NONE',  ( 1.500000000000000000, 2.710505431213761085E-16, 1.375000000000000444 ) ) ;
#3986 = ORIENTED_EDGE ( 'NONE', *, *, #7795, .F. ) ;
#3987 = ORIENTED_EDGE ( 'NONE', *, *, #8203, .F. ) ;
#3988 = ADVANCED_FACE ( 'NONE', ( #7688 ), #8323, .F. ) ;
#3989 = ADVANCED_FACE ( 'NONE', ( #1290 ), #2620, .T. ) ;
#3990 = ORIENTED_EDGE ( 'NONE', *, *, #1713, .F. ) ;
#3991 = VECTOR ( 'NONE', #2400, 1000.000000000000000 ) ;
#3992 = AXIS2_PLACEMENT_3D ( 'NONE', #7833, #5930, #156 ) ;
#3993 = VECTOR ( 'NONE', #5717, 1000.000000000000000 ) ;
#3994 = VERTEX_POINT ( 'NONE', #4422 ) ;
#3995 = PLANE ( 'NONE',  #5864 ) ;
#3996 = CARTESIAN_POINT ( 'NONE',  ( -0.9597227471524998332, 0.05000000000000000971, -0.7250000000000000888 ) ) ;
#3997 = FACE_OUTER_BOUND ( 'NONE', #1291, .T. ) ;
#3998 = CARTESIAN_POINT ( 'NONE',  ( 0.5000000000000001110, 0.05000000000000000971, 1.200000000000000178 ) ) ;
#3999 = ORIENTED_EDGE ( 'NONE', *, *, #4445, .F. ) ;
#4000 = AXIS2_PLACEMENT_3D ( 'NONE', #1819, #668, #3260 ) ;
#4001 = DIRECTION ( 'NONE',  ( -1.445602896647340100E-15, 0.000000000000000000, 1.000000000000000000 ) ) ;
#4002 = ORIENTED_EDGE ( 'NONE', *, *, #5152, .T. ) ;
#4003 = DIRECTION ( 'NONE',  ( 0.000000000000000000, 0.000000000000000000, 1.000000000000000000 ) ) ;
#4004 = CARTESIAN_POINT ( 'NONE',  ( -1.500000000000000000, 0.2499999999999999445, 1.375000000000000444 ) ) ;
#4005 = CIRCLE ( 'NONE', #7082, 0.04999999999999991257 ) ;
#4006 = VECTOR ( 'NONE', #2356, 1000.000000000000227 ) ;
#4007 = DIRECTION ( 'NONE',  ( -0.000000000000000000, -0.000000000000000000, -1.000000000000000000 ) ) ;
#4008 = ORIENTED_EDGE ( 'NONE', *, *, #4737, .T. ) ;
#4009 = DIRECTION ( 'NONE',  ( 0.000000000000000000, -1.000000000000000000, 0.000000000000000000 ) ) ;
#4010 = CARTESIAN_POINT ( 'NONE',  ( 0.8998354216417642215, 0.04999999999999999584, 0.07499999999999995559 ) ) ;
#4011 = CARTESIAN_POINT ( 'NONE',  ( -1.050000000000000488, 2.829999999999999627, -0.4500000000000000111 ) ) ;
#4012 = ORIENTED_EDGE ( 'NONE', *, *, #3776, .F. ) ;
#4013 = DIRECTION ( 'NONE',  ( 0.000000000000000000, 0.000000000000000000, 1.000000000000000000 ) ) ;
#4014 = EDGE_CURVE ( 'NONE', #6320, #6781, #1896, .T. ) ;
#4015 = CARTESIAN_POINT ( 'NONE',  ( -0.8998354216417641105, 0.05000000000000000278, -0.7250000000000003109 ) ) ;
#4016 = VERTEX_POINT ( 'NONE', #5119 ) ;
#4017 = CARTESIAN_POINT ( 'NONE',  ( 1.592086875603169860, 0.05000000000000000971, -0.8750000000000000000 ) ) ;
#4018 = PRODUCT_CONTEXT ( 'NONE', #7706, 'mechanical' ) ;
#4019 = DIRECTION ( 'NONE',  ( 0.000000000000000000, 0.000000000000000000, -1.000000000000000000 ) ) ;
#4020 = DIRECTION ( 'NONE',  ( 0.000000000000000000, 0.000000000000000000, 1.000000000000000000 ) ) ;
#4021 = ORIENTED_EDGE ( 'NONE', *, *, #7675, .T. ) ;
#4022 = ORIENTED_EDGE ( 'NONE', *, *, #4640, .T. ) ;
#4023 = EDGE_CURVE ( 'NONE', #6288, #1660, #5705, .T. ) ;
#4024 = CIRCLE ( 'NONE', #565, 0.2999999999999999334 ) ;
#4025 = CARTESIAN_POINT ( 'NONE',  ( -1.164981861641479099, 2.849999999999999645, -1.610018138358521256 ) ) ;
#4026 = CARTESIAN_POINT ( 'NONE',  ( -1.351260626809458465, 0.2500000000000000000, 1.750000000000000000 ) ) ;
#4027 = ORIENTED_EDGE ( 'NONE', *, *, #627, .F. ) ;
#4028 = VECTOR ( 'NONE', #4659, 1000.000000000000000 ) ;
#4029 = EDGE_CURVE ( 'NONE', #4597, #7657, #535, .T. ) ;
#4030 = ADVANCED_FACE ( 'NONE', ( #576 ), #7562, .T. ) ;
#4031 = DIRECTION ( 'NONE',  ( 0.000000000000000000, 1.000000000000000000, -0.000000000000000000 ) ) ;
#4032 = CARTESIAN_POINT ( 'NONE',  ( -1.350000000000000311, 2.829999999999999627, -1.100000000000000533 ) ) ;
#4033 = CARTESIAN_POINT ( 'NONE',  ( 1.050000000000000044, 0.2000000000000001776, 0.5750000000000001776 ) ) ;
#4034 = PLANE ( 'NONE',  #4238 ) ;
#4035 = CARTESIAN_POINT ( 'NONE',  ( -1.500000000000000000, 0.2499999999999999445, 1.375000000000000444 ) ) ;
#4036 = VERTEX_POINT ( 'NONE', #1979 ) ;
#4037 = DIRECTION ( 'NONE',  ( -1.000000000000000000, 6.023345402697249184E-17, -0.000000000000000000 ) ) ;
#4038 = EDGE_LOOP ( 'NONE', ( #3120, #251, #7660, #4702, #1557, #5893, #6898, #1243 ) ) ;
#4039 = LINE ( 'NONE', #5277, #1006 ) ;
#4040 = FACE_OUTER_BOUND ( 'NONE', #1029, .T. ) ;
#4041 = DIRECTION ( 'NONE',  ( -0.000000000000000000, 1.000000000000000000, -0.000000000000000000 ) ) ;
#4042 = EDGE_CURVE ( 'NONE', #4162, #793, #1126, .T. ) ;
#4043 = PLANE ( 'NONE',  #6741 ) ;
#4044 = ORIENTED_EDGE ( 'NONE', *, *, #2839, .F. ) ;
#4045 = DIRECTION ( 'NONE',  ( 0.000000000000000000, -0.000000000000000000, 1.000000000000000000 ) ) ;
#4046 = DIRECTION ( 'NONE',  ( 0.000000000000000000, -1.000000000000000000, 0.000000000000000000 ) ) ;
#4047 = LINE ( 'NONE', #4675, #3655 ) ;
#4048 = CARTESIAN_POINT ( 'NONE',  ( -1.050000000000000044, 0.000000000000000000, 1.375000000000000444 ) ) ;
#4049 = VERTEX_POINT ( 'NONE', #6252 ) ;
#4050 = DIRECTION ( 'NONE',  ( 0.000000000000000000, 1.000000000000000000, -0.000000000000000000 ) ) ;
#4051 = ORIENTED_EDGE ( 'NONE', *, *, #987, .F. ) ;
#4052 = EDGE_CURVE ( 'NONE', #5022, #1503, #5002, .T. ) ;
#4053 = DIRECTION ( 'NONE',  ( 0.1300379154054213393, 0.9877360307509845949, -0.08641570524680476650 ) ) ;
#4054 = ORIENTED_EDGE ( 'NONE', *, *, #7422, .T. ) ;
#4055 = VECTOR ( 'NONE', #7038, 1000.000000000000000 ) ;
#4056 = LINE ( 'NONE', #7638, #1439 ) ;
#4057 = AXIS2_PLACEMENT_3D ( 'NONE', #5233, #2213, #6061 ) ;
#4058 = DIRECTION ( 'NONE',  ( -0.000000000000000000, -0.000000000000000000, -1.000000000000000000 ) ) ;
#4059 =( LENGTH_UNIT ( ) NAMED_UNIT ( * ) SI_UNIT ( .MILLI., .METRE. ) );
#4060 = LINE ( 'NONE', #2840, #6392 ) ;
#4061 = DIRECTION ( 'NONE',  ( -0.000000000000000000, -0.000000000000000000, -1.000000000000000000 ) ) ;
#4062 = CIRCLE ( 'NONE', #5803, 0.1750000000000000167 ) ;
#4063 = VERTEX_POINT ( 'NONE', #1807 ) ;
#4064 = ORIENTED_EDGE ( 'NONE', *, *, #1939, .F. ) ;
#4065 = CARTESIAN_POINT ( 'NONE',  ( -1.592086875603152540, 0.05000000000000000971, 0.8750000000000000000 ) ) ;
#4066 = SURFACE_SIDE_STYLE ('',( #4648 ) ) ;
#4067 = EDGE_LOOP ( 'NONE', ( #3854, #5155, #2810, #4203 ) ) ;
#4068 = EDGE_LOOP ( 'NONE', ( #1138, #3132, #6443, #5851 ) ) ;
#4069 = EDGE_CURVE ( 'NONE', #2528, #5506, #1208, .T. ) ;
#4070 = VECTOR ( 'NONE', #7302, 1000.000000000000000 ) ;
#4071 = DIRECTION ( 'NONE',  ( 0.000000000000000000, 0.000000000000000000, 1.000000000000000000 ) ) ;
#4072 = FACE_OUTER_BOUND ( 'NONE', #234, .T. ) ;
#4073 = CARTESIAN_POINT ( 'NONE',  ( 1.050000000000000488, 2.829999999999999627, -0.1500000000000000777 ) ) ;
#4074 = VERTEX_POINT ( 'NONE', #3124 ) ;
#4075 = PLANE ( 'NONE',  #5100 ) ;
#4076 = ORIENTED_EDGE ( 'NONE', *, *, #6272, .F. ) ;
#4077 = PLANE ( 'NONE',  #101 ) ;
#4078 = VERTEX_POINT ( 'NONE', #3830 ) ;
#4079 = AXIS2_PLACEMENT_3D ( 'NONE', #1321, #5347, #3242 ) ;
#4080 = CARTESIAN_POINT ( 'NONE',  ( -1.592086875603135887, 1.000000000000000000, -0.7250000000000000888 ) ) ;
#4081 = EDGE_CURVE ( 'NONE', #5487, #7397, #2496, .T. ) ;
#4082 = EDGE_CURVE ( 'NONE', #8123, #6351, #1247, .T. ) ;
#4083 = EDGE_CURVE ( 'NONE', #2131, #3478, #5547, .T. ) ;
#4084 = CARTESIAN_POINT ( 'NONE',  ( 1.500000000000000222, 1.000000000000000444, -0.5749999999999998446 ) ) ;
#4085 = DIRECTION ( 'NONE',  ( -0.000000000000000000, -0.000000000000000000, -1.000000000000000000 ) ) ;
#4086 = VERTEX_POINT ( 'NONE', #1330 ) ;
#4087 = CARTESIAN_POINT ( 'NONE',  ( 1.717086875603152984, 1.000000000000000444, 0.2250000000000001443 ) ) ;
#4088 = CARTESIAN_POINT ( 'NONE',  ( -1.550000000000000044, 0.2499999999999999445, 1.375000000000000444 ) ) ;
#4089 = CARTESIAN_POINT ( 'NONE',  ( -1.729989406634232729, 1.098004453143892833, -0.2249999999999998390 ) ) ;
#4090 = CARTESIAN_POINT ( 'NONE',  ( -1.717086875603152984, 1.000000000000000000, 1.375000000000000444 ) ) ;
#4091 = ORIENTED_EDGE ( 'NONE', *, *, #7029, .T. ) ;
#4092 = DIRECTION ( 'NONE',  ( 1.000000000000000000, 0.000000000000000000, 0.000000000000000000 ) ) ;
#4093 = EDGE_CURVE ( 'NONE', #4167, #4816, #5935, .T. ) ;
#4094 = ORIENTED_EDGE ( 'NONE', *, *, #60, .T. ) ;
#4095 = CARTESIAN_POINT ( 'NONE',  ( 1.050000000000000488, 2.829999999999999627, -0.7500000000000000000 ) ) ;
#4096 = ORIENTED_EDGE ( 'NONE', *, *, #4665, .T. ) ;
#4097 = DIRECTION ( 'NONE',  ( 0.000000000000000000, 1.000000000000000000, 0.000000000000000000 ) ) ;
#4098 = CARTESIAN_POINT ( 'NONE',  ( 0.9978147600733806577, 0.2292088309182247763, 0.6250000000000001110 ) ) ;
#4099 = LINE ( 'NONE', #117, #7466 ) ;
#4100 = CARTESIAN_POINT ( 'NONE',  ( -1.610018138358533246, 2.829999999999999627, -0.3450000000000000289 ) ) ;
#4101 = EDGE_CURVE ( 'NONE', #8037, #3224, #3910, .T. ) ;
#4102 = EDGE_LOOP ( 'NONE', ( #182, #4611, #3874, #7971 ) ) ;
#4103 = AXIS2_PLACEMENT_3D ( 'NONE', #463, #4352, #5054 ) ;
#4104 = CARTESIAN_POINT ( 'NONE',  ( -0.8574886876659970625, 0.05000000000000000971, 0.6250000000000001110 ) ) ;
#4105 = ORIENTED_EDGE ( 'NONE', *, *, #692, .F. ) ;
#4106 = CARTESIAN_POINT ( 'NONE',  ( -1.500000000000000000, 0.2499999999999999445, -1.024999999999999911 ) ) ;
#4107 = DIRECTION ( 'NONE',  ( 0.000000000000000000, -1.000000000000000000, 0.000000000000000000 ) ) ;
#4108 = AXIS2_PLACEMENT_3D ( 'NONE', #496, #7348, #7431 ) ;
#4109 = ORIENTED_EDGE ( 'NONE', *, *, #8080, .T. ) ;
#4110 = AXIS2_PLACEMENT_3D ( 'NONE', #2096, #2694, #4658 ) ;
#4111 = VECTOR ( 'NONE', #7799, 999.9999999999998863 ) ;
#4112 = VECTOR ( 'NONE', #4171, 1000.000000000000000 ) ;
#4113 = VECTOR ( 'NONE', #6869, 1000.000000000000000 ) ;
#4114 = AXIS2_PLACEMENT_3D ( 'NONE', #2517, #5221, #4596 ) ;
#4115 = VERTEX_POINT ( 'NONE', #2535 ) ;
#4116 = DIRECTION ( 'NONE',  ( 0.000000000000000000, -0.000000000000000000, 1.000000000000000000 ) ) ;
#4117 = EDGE_CURVE ( 'NONE', #6702, #4754, #2800, .T. ) ;
#4118 = DIRECTION ( 'NONE',  ( -0.000000000000000000, -0.000000000000000000, -1.000000000000000000 ) ) ;
#4119 = FACE_OUTER_BOUND ( 'NONE', #5164, .T. ) ;
#4120 = ORIENTED_EDGE ( 'NONE', *, *, #2730, .F. ) ;
#4121 = DIRECTION ( 'NONE',  ( 0.000000000000000000, 0.000000000000000000, 1.000000000000000000 ) ) ;
#4122 = ORIENTED_EDGE ( 'NONE', *, *, #4311, .F. ) ;
#4123 = COLOUR_RGB ( '',0.7529411764705882248, 0.7529411764705882248, 0.7529411764705882248 ) ;
#4124 = DIRECTION ( 'NONE',  ( -1.000000000000000000, 0.000000000000000000, 0.000000000000000000 ) ) ;
#4125 = VECTOR ( 'NONE', #4813, 1000.000000000000000 ) ;
#4126 = AXIS2_PLACEMENT_3D ( 'NONE', #2155, #2248, #5342 ) ;
#4127 = LINE ( 'NONE', #6208, #3606 ) ;
#4128 = CARTESIAN_POINT ( 'NONE',  ( -1.500000000000000000, 0.1999999999999999833, 0.5750000000000001776 ) ) ;
#4129 = LINE ( 'NONE', #6670, #6882 ) ;
#4130 = ORIENTED_EDGE ( 'NONE', *, *, #4603, .F. ) ;
#4131 = AXIS2_PLACEMENT_3D ( 'NONE', #6678, #6179, #2334 ) ;
#4132 = CARTESIAN_POINT ( 'NONE',  ( -1.636264737416308179, 2.549999999999999822, -1.536645267607124277 ) ) ;
#4133 = EDGE_CURVE ( 'NONE', #3358, #6180, #7075, .T. ) ;
#4134 = FACE_OUTER_BOUND ( 'NONE', #1870, .T. ) ;
#4135 = DIRECTION ( 'NONE',  ( 0.000000000000000000, 0.000000000000000000, 1.000000000000000000 ) ) ;
#4136 = DIRECTION ( 'NONE',  ( 0.000000000000000000, 1.000000000000000000, 0.000000000000000000 ) ) ;
#4137 = ORIENTED_EDGE ( 'NONE', *, *, #5239, .F. ) ;
#4138 = LINE ( 'NONE', #6545, #2254 ) ;
#4139 = CLOSED_SHELL ( 'NONE', ( #4206, #7199, #160, #91, #7062, #2354, #1919, #3272, #3739, #458, #430, #6469 ) ) ;
#4140 = LINE ( 'NONE', #4095, #1787 ) ;
#4141 = EDGE_LOOP ( 'NONE', ( #1030, #6346, #5788, #2691 ) ) ;
#4142 = ADVANCED_FACE ( 'NONE', ( #2610 ), #7874, .F. ) ;
#4143 = CARTESIAN_POINT ( 'NONE',  ( -1.750000000000000222, 1.249999999999999778, 1.750000000000000000 ) ) ;
#4144 = DIRECTION ( 'NONE',  ( 0.9781476007338070211, -0.2079116908177524314, 0.000000000000000000 ) ) ;
#4145 = CARTESIAN_POINT ( 'NONE',  ( -1.592086875603135887, 1.000000000000000000, -0.7250000000000000888 ) ) ;
#4146 = CARTESIAN_POINT ( 'NONE',  ( -1.050000000000000488, 2.849999999999999645, -0.4500000000000000111 ) ) ;
#4147 = CARTESIAN_POINT ( 'NONE',  ( -1.350000000000000089, 2.829999999999999627, 1.100000000000000089 ) ) ;
#4148 = VERTEX_POINT ( 'NONE', #1517 ) ;
#4149 = EDGE_CURVE ( 'NONE', #923, #5794, #4448, .T. ) ;
#4150 = LINE ( 'NONE', #6556, #4779 ) ;
#4151 = CARTESIAN_POINT ( 'NONE',  ( -1.050000000000000044, 0.000000000000000000, -1.375000000000000000 ) ) ;
#4152 = VERTEX_POINT ( 'NONE', #1276 ) ;
#4153 = VECTOR ( 'NONE', #7970, 1000.000000000000000 ) ;
#4154 = VERTEX_POINT ( 'NONE', #7716 ) ;
#4155 = PLANE ( 'NONE',  #2545 ) ;
#4156 = CARTESIAN_POINT ( 'NONE',  ( 1.550000000000000044, 0.2500000000000001665, -0.5749999999999998446 ) ) ;
#4157 = FACE_OUTER_BOUND ( 'NONE', #7531, .T. ) ;
#4158 = SURFACE_SIDE_STYLE ('',( #944 ) ) ;
#4159 = ORIENTED_EDGE ( 'NONE', *, *, #8304, .F. ) ;
#4160 = ORIENTED_EDGE ( 'NONE', *, *, #5037, .F. ) ;
#4161 = DIRECTION ( 'NONE',  ( 0.000000000000000000, 0.000000000000000000, 1.000000000000000000 ) ) ;
#4162 = VERTEX_POINT ( 'NONE', #7914 ) ;
#4163 = CARTESIAN_POINT ( 'NONE',  ( -1.592086875603135887, 0.2500000000000149880, -0.8750000000000000000 ) ) ;
#4164 = AXIS2_PLACEMENT_3D ( 'NONE', #989, #815, #3487 ) ;
#4165 = DIRECTION ( 'NONE',  ( -0.000000000000000000, -1.000000000000000000, -0.000000000000000000 ) ) ;
#4166 = DIRECTION ( 'NONE',  ( -1.084202172485504040E-15, 0.000000000000000000, -1.000000000000000000 ) ) ;
#4167 = VERTEX_POINT ( 'NONE', #2160 ) ;
#4168 = SURFACE_SIDE_STYLE ('',( #7978 ) ) ;
#4169 = DIRECTION ( 'NONE',  ( -1.000000000000000000, 0.000000000000000000, -0.000000000000000000 ) ) ;
#4170 = LINE ( 'NONE', #4877, #3137 ) ;
#4171 = DIRECTION ( 'NONE',  ( -1.000000000000000000, 6.023345402697249184E-17, -0.000000000000000000 ) ) ;
#4172 = ORIENTED_EDGE ( 'NONE', *, *, #4540, .F. ) ;
#4173 = AXIS2_PLACEMENT_3D ( 'NONE', #2489, #858, #1412 ) ;
#4174 = CARTESIAN_POINT ( 'NONE',  ( 0.8574886876659970625, 0.05000000000000000971, -0.1750000000000000167 ) ) ;
#4175 = EDGE_CURVE ( 'NONE', #6516, #4086, #3945, .T. ) ;
#4176 = EDGE_CURVE ( 'NONE', #5556, #5796, #1966, .T. ) ;
#4177 = CARTESIAN_POINT ( 'NONE',  ( 1.050000000000000044, 1.597771622610217113E-16, -1.024999999999999911 ) ) ;
#4178 = EDGE_LOOP ( 'NONE', ( #3246, #7435, #4051, #454, #2229 ) ) ;
#4179 = DIRECTION ( 'NONE',  ( 0.2079116908177522649, -0.9781476007338071321, 0.000000000000000000 ) ) ;
#4180 = VERTEX_POINT ( 'NONE', #8316 ) ;
#4181 = CARTESIAN_POINT ( 'NONE',  ( -1.050000000000000044, 0.2000000000000000111, -0.2249999999999998390 ) ) ;
#4182 = CARTESIAN_POINT ( 'NONE',  ( -1.050000000000000266, 2.849999999999999645, 1.399999999999999689 ) ) ;
#4183 = CARTESIAN_POINT ( 'NONE',  ( 0.3250000000000000111, 0.05000000000000000971, -0.9250000000000000444 ) ) ;
#4184 = DIRECTION ( 'NONE',  ( 0.03607758858215525527, 0.9955461672694009279, 0.08709900365275612122 ) ) ;
#4185 = EDGE_CURVE ( 'NONE', #7205, #8198, #4534, .T. ) ;
#4186 = DIRECTION ( 'NONE',  ( -0.000000000000000000, -1.000000000000000000, -0.000000000000000000 ) ) ;
#4187 = CIRCLE ( 'NONE', #5787, 0.2999999999999999334 ) ;
#4188 = VERTEX_POINT ( 'NONE', #3864 ) ;
#4189 = CARTESIAN_POINT ( 'NONE',  ( 1.351260626809458465, 0.2500000000000000000, 1.750000000000000000 ) ) ;
#4190 = DIRECTION ( 'NONE',  ( -0.000000000000000000, 1.000000000000000000, -0.000000000000000000 ) ) ;
#4191 = ORIENTED_EDGE ( 'NONE', *, *, #4891, .F. ) ;
#4192 = EDGE_LOOP ( 'NONE', ( #2051, #1337, #1818, #965 ) ) ;
#4193 = VECTOR ( 'NONE', #6809, 1000.000000000000000 ) ;
#4194 = VERTEX_POINT ( 'NONE', #5817 ) ;
#4195 = AXIS2_PLACEMENT_3D ( 'NONE', #641, #8344, #5808 ) ;
#4196 = CARTESIAN_POINT ( 'NONE',  ( 1.050000000000000044, 0.2000000000000001776, -0.2249999999999998390 ) ) ;
#4197 = PLANE ( 'NONE',  #6139 ) ;
#4198 = LINE ( 'NONE', #7892, #5967 ) ;
#4199 = EDGE_LOOP ( 'NONE', ( #6316, #5097, #1206, #6052 ) ) ;
#4200 = LINE ( 'NONE', #6749, #2177 ) ;
#4201 = ORIENTED_EDGE ( 'NONE', *, *, #2598, .T. ) ;
#4202 = CARTESIAN_POINT ( 'NONE',  ( -1.002234059486502682, 0.2500000000000000000, 0.7250000000000001998 ) ) ;
#4203 = ORIENTED_EDGE ( 'NONE', *, *, #1354, .T. ) ;
#4204 = ADVANCED_FACE ( 'NONE', ( #4723 ), #7084, .T. ) ;
#4205 = AXIS2_PLACEMENT_3D ( 'NONE', #6092, #5512, #8038 ) ;
#4206 = ADVANCED_FACE ( 'NONE', ( #649 ), #6362, .F. ) ;
#4207 = DIRECTION ( 'NONE',  ( -1.000000000000000000, 0.000000000000000000, 0.000000000000000000 ) ) ;
#4208 = CARTESIAN_POINT ( 'NONE',  ( 0.4471019057874604519, 0.3499999999999999778, -1.100000000000000089 ) ) ;
#4209 = ORIENTED_EDGE ( 'NONE', *, *, #1104, .F. ) ;
#4210 = DIRECTION ( 'NONE',  ( -0.000000000000000000, 0.000000000000000000, 1.000000000000000000 ) ) ;
#4211 = LINE ( 'NONE', #1639, #47 ) ;
#4212 = CARTESIAN_POINT ( 'NONE',  ( 1.550000000000000044, 1.000000000000000444, 0.2250000000000001443 ) ) ;
#4213 = EDGE_LOOP ( 'NONE', ( #3091, #3868, #1689, #5490 ) ) ;
#4214 = ORIENTED_EDGE ( 'NONE', *, *, #6282, .T. ) ;
#4215 = CARTESIAN_POINT ( 'NONE',  ( -1.703141996752156162, 1.249805168861886751, -1.734971680370202440 ) ) ;
#4216 = ORIENTED_EDGE ( 'NONE', *, *, #4525, .F. ) ;
#4217 = DIRECTION ( 'NONE',  ( -0.000000000000000000, -0.000000000000000000, -1.000000000000000000 ) ) ;
#4218 = DIRECTION ( 'NONE',  ( 0.000000000000000000, 0.000000000000000000, 1.000000000000000000 ) ) ;
#4219 = ORIENTED_EDGE ( 'NONE', *, *, #5910, .F. ) ;
#4220 = CARTESIAN_POINT ( 'NONE',  ( -0.9978147600733806577, 0.2292088309182247763, -0.6250000000000003331 ) ) ;
#4221 = ORIENTED_EDGE ( 'NONE', *, *, #5711, .T. ) ;
#4222 = FACE_OUTER_BOUND ( 'NONE', #8235, .T. ) ;
#4223 = CARTESIAN_POINT ( 'NONE',  ( -0.9000000000000000222, 0.2500000000000000000, 1.750000000000000000 ) ) ;
#4224 = EDGE_CURVE ( 'NONE', #3038, #6702, #3902, .T. ) ;
#4225 = FACE_OUTER_BOUND ( 'NONE', #3248, .T. ) ;
#4226 = PLANE ( 'NONE',  #1968 ) ;
#4227 = VERTEX_POINT ( 'NONE', #4489 ) ;
#4228 = ORIENTED_EDGE ( 'NONE', *, *, #8201, .T. ) ;
#4229 = DIRECTION ( 'NONE',  ( -0.000000000000000000, -1.000000000000000000, -0.000000000000000000 ) ) ;
#4230 = EDGE_LOOP ( 'NONE', ( #2422, #4543, #3911, #5369 ) ) ;
#4231 = EDGE_CURVE ( 'NONE', #3160, #4358, #1224, .T. ) ;
#4232 = EDGE_CURVE ( 'NONE', #6343, #707, #6445, .T. ) ;
#4233 = DIRECTION ( 'NONE',  ( 0.000000000000000000, -1.000000000000000000, 0.000000000000000000 ) ) ;
#4234 = ORIENTED_EDGE ( 'NONE', *, *, #7047, .T. ) ;
#4235 = DIRECTION ( 'NONE',  ( -0.000000000000000000, -0.000000000000000000, -1.000000000000000000 ) ) ;
#4236 = AXIS2_PLACEMENT_3D ( 'NONE', #786, #3366, #2865 ) ;
#4237 = DIRECTION ( 'NONE',  ( -3.469446951953614682E-16, 0.000000000000000000, 1.000000000000000000 ) ) ;
#4238 = AXIS2_PLACEMENT_3D ( 'NONE', #2624, #1335, #2017 ) ;
#4239 = EDGE_CURVE ( 'NONE', #2811, #7418, #686, .T. ) ;
#4240 = ADVANCED_FACE ( 'NONE', ( #2122 ), #3200, .F. ) ;
#4241 = FACE_OUTER_BOUND ( 'NONE', #292, .T. ) ;
#4242 = EDGE_CURVE ( 'NONE', #242, #6333, #1926, .T. ) ;
#4243 = CARTESIAN_POINT ( 'NONE',  ( 0.8574886876659970625, 0.05000000000000000971, -0.1750000000000000167 ) ) ;
#4244 = ORIENTED_EDGE ( 'NONE', *, *, #1345, .T. ) ;
#4245 = ORIENTED_EDGE ( 'NONE', *, *, #4946, .T. ) ;
#4246 = DIRECTION ( 'NONE',  ( -0.1305261922200450231, 0.9914448613738112703, -0.000000000000000000 ) ) ;
#4247 = ORIENTED_EDGE ( 'NONE', *, *, #4224, .F. ) ;
#4248 = DIRECTION ( 'NONE',  ( 0.000000000000000000, 0.000000000000000000, 1.000000000000000000 ) ) ;
#4249 = AXIS2_PLACEMENT_3D ( 'NONE', #7096, #7731, #4578 ) ;
#4250 = DIRECTION ( 'NONE',  ( -0.000000000000000000, -1.000000000000000000, -0.000000000000000000 ) ) ;
#4251 = LINE ( 'NONE', #6803, #7283 ) ;
#4252 = ORIENTED_EDGE ( 'NONE', *, *, #7414, .F. ) ;
#4253 = DIRECTION ( 'NONE',  ( 0.000000000000000000, -1.000000000000000000, 0.000000000000000000 ) ) ;
#4254 = ADVANCED_FACE ( 'NONE', ( #2838 ), #424, .F. ) ;
#4255 = CARTESIAN_POINT ( 'NONE',  ( 0.9000000000000000222, 0.2500000000000000000, 0.6250000000000001110 ) ) ;
#4256 = CARTESIAN_POINT ( 'NONE',  ( 1.717086875603152984, 1.000000000000000000, 1.750000000000000000 ) ) ;
#4257 = VECTOR ( 'NONE', #7891, 1000.000000000000227 ) ;
#4258 = VERTEX_POINT ( 'NONE', #8041 ) ;
#4259 = VECTOR ( 'NONE', #6779, 1000.000000000000000 ) ;
#4260 = VECTOR ( 'NONE', #6861, 1000.000000000000000 ) ;
#4261 = DIRECTION ( 'NONE',  ( 0.000000000000000000, 1.000000000000000000, 0.000000000000000000 ) ) ;
#4262 = ORIENTED_EDGE ( 'NONE', *, *, #1556, .F. ) ;
#4263 = DIRECTION ( 'NONE',  ( 1.000000000000000000, 0.000000000000000000, -0.000000000000000000 ) ) ;
#4264 = FACE_OUTER_BOUND ( 'NONE', #1535, .T. ) ;
#4265 = VECTOR ( 'NONE', #179, 1000.000000000000000 ) ;
#4266 = ORIENTED_EDGE ( 'NONE', *, *, #6730, .F. ) ;
#4267 = CARTESIAN_POINT ( 'NONE',  ( -1.550000000000000044, 0.2499999999999999445, -0.5749999999999998446 ) ) ;
#4268 = ORIENTED_EDGE ( 'NONE', *, *, #5293, .F. ) ;
#4269 = DIRECTION ( 'NONE',  ( 0.000000000000000000, -0.000000000000000000, 1.000000000000000000 ) ) ;
#4270 = DIRECTION ( 'NONE',  ( 0.000000000000000000, 1.000000000000000000, 0.000000000000000000 ) ) ;
#4271 = CARTESIAN_POINT ( 'NONE',  ( -1.500000000000000000, 0.1999999999999999833, -0.2249999999999998390 ) ) ;
#4272 = AXIS2_PLACEMENT_3D ( 'NONE', #7741, #7022, #509 ) ;
#4273 = ORIENTED_EDGE ( 'NONE', *, *, #3367, .F. ) ;
#4274 = DIRECTION ( 'NONE',  ( -1.000000000000000000, 0.000000000000000000, 0.000000000000000000 ) ) ;
#4275 = VERTEX_POINT ( 'NONE', #3551 ) ;
#4276 = VECTOR ( 'NONE', #7468, 1000.000000000000114 ) ;
#4277 = CARTESIAN_POINT ( 'NONE',  ( 0.000000000000000000, 0.6850000000000000533, 0.2124999999999999944 ) ) ;
#4278 = ORIENTED_EDGE ( 'NONE', *, *, #4845, .F. ) ;
#4279 = ADVANCED_FACE ( 'NONE', ( #6685 ), #4939, .F. ) ;
#4280 = EDGE_CURVE ( 'NONE', #1483, #817, #238, .T. ) ;
#4281 = LINE ( 'NONE', #8144, #1163 ) ;
#4282 = CARTESIAN_POINT ( 'NONE',  ( 1.717086875603152984, 1.000000000000000000, 1.750000000000000000 ) ) ;
#4283 = CARTESIAN_POINT ( 'NONE',  ( 1.500000000000000000, 0.2500000000000001665, -1.375000000000000000 ) ) ;
#4284 = CARTESIAN_POINT ( 'NONE',  ( -1.717086875603152984, 1.000000000000000000, -1.024999999999999911 ) ) ;
#4285 = CARTESIAN_POINT ( 'NONE',  ( 1.717086875603152984, 1.000000000000000444, -1.024999999999999911 ) ) ;
#4286 = ORIENTED_EDGE ( 'NONE', *, *, #2940, .F. ) ;
#4287 = DIRECTION ( 'NONE',  ( 0.000000000000000000, 0.9848077530122080203, 0.1736481776669307198 ) ) ;
#4288 = EDGE_LOOP ( 'NONE', ( #4423, #2655, #4244, #3042 ) ) ;
#4289 = CARTESIAN_POINT ( 'NONE',  ( 1.350000000000000089, 2.849999999999999645, 1.100000000000000089 ) ) ;
#4290 = ADVANCED_FACE ( 'NONE', ( #2259 ), #331, .T. ) ;
#4291 = ADVANCED_FACE ( 'NONE', ( #2977 ), #7951, .F. ) ;
#4292 = DIRECTION ( 'NONE',  ( 0.000000000000000000, -1.000000000000000000, 0.000000000000000000 ) ) ;
#4293 = CARTESIAN_POINT ( 'NONE',  ( -1.180258028277714866, 1.087536923784018672, -0.07499999999999998335 ) ) ;
#4294 = ORIENTED_EDGE ( 'NONE', *, *, #3828, .T. ) ;
#4295 = FILL_AREA_STYLE_COLOUR ( '', #8146 ) ;
#4296 = CARTESIAN_POINT ( 'NONE',  ( 6.451685991560871746E-17, 0.3499999999999999778, 0.5268201407991910390 ) ) ;
#4297 = FACE_OUTER_BOUND ( 'NONE', #309, .T. ) ;
#4298 = EDGE_LOOP ( 'NONE', ( #7744, #1949, #6694, #6589 ) ) ;
#4299 = LINE ( 'NONE', #316, #8137 ) ;
#4300 = ORIENTED_EDGE ( 'NONE', *, *, #4554, .F. ) ;
#4301 = AXIS2_PLACEMENT_3D ( 'NONE', #568, #4993, #3117 ) ;
#4302 = DIRECTION ( 'NONE',  ( -1.000000000000000000, -1.807003620809174878E-16, 0.000000000000000000 ) ) ;
#4303 = ADVANCED_FACE ( 'NONE', ( #3603 ), #1607, .F. ) ;
#4304 = ORIENTED_EDGE ( 'NONE', *, *, #3073, .F. ) ;
#4305 = FACE_OUTER_BOUND ( 'NONE', #6722, .T. ) ;
#4306 = VERTEX_POINT ( 'NONE', #4182 ) ;
#4307 = DIRECTION ( 'NONE',  ( -0.000000000000000000, -0.000000000000000000, -1.000000000000000000 ) ) ;
#4308 = LINE ( 'NONE', #6903, #7258 ) ;
#4309 = AXIS2_PLACEMENT_3D ( 'NONE', #8232, #7594, #6198 ) ;
#4310 = DIRECTION ( 'NONE',  ( 0.000000000000000000, -1.000000000000000000, 0.000000000000000000 ) ) ;
#4311 = EDGE_CURVE ( 'NONE', #4395, #4036, #3471, .T. ) ;
#4312 = ORIENTED_EDGE ( 'NONE', *, *, #1146, .F. ) ;
#4313 = CARTESIAN_POINT ( 'NONE',  ( -1.050000000000000044, 0.2000000000000000111, 1.375000000000000444 ) ) ;
#4314 = ADVANCED_FACE ( 'NONE', ( #970 ), #6184, .T. ) ;
#4315 = ORIENTED_EDGE ( 'NONE', *, *, #6433, .F. ) ;
#4316 = LINE ( 'NONE', #5362, #752 ) ;
#4317 = CARTESIAN_POINT ( 'NONE',  ( 1.050000000000000488, 2.849999999999999645, -1.050000000000000044 ) ) ;
#4318 = ORIENTED_EDGE ( 'NONE', *, *, #1094, .T. ) ;
#4319 = VERTEX_POINT ( 'NONE', #2932 ) ;
#4320 = VERTEX_POINT ( 'NONE', #1565 ) ;
#4321 = LINE ( 'NONE', #4128, #8147 ) ;
#4322 = LINE ( 'NONE', #4989, #1414 ) ;
#4323 = DIRECTION ( 'NONE',  ( -1.000000000000000000, 0.000000000000000000, 0.000000000000000000 ) ) ;
#4324 = VECTOR ( 'NONE', #5516, 1000.000000000000114 ) ;
#4325 = DIRECTION ( 'NONE',  ( 0.000000000000000000, 0.000000000000000000, 1.000000000000000000 ) ) ;
#4326 = CONICAL_SURFACE ( 'NONE', #2596, 0.5000000000000000000, 0.1745329251994333364 ) ;
#4327 = FACE_OUTER_BOUND ( 'NONE', #741, .T. ) ;
#4328 = ORIENTED_EDGE ( 'NONE', *, *, #7520, .T. ) ;
#4329 = ORIENTED_EDGE ( 'NONE', *, *, #6477, .T. ) ;
#4330 = ADVANCED_FACE ( 'NONE', ( #380 ), #2884, .F. ) ;
#4331 = LINE ( 'NONE', #1121, #4522 ) ;
#4332 = VERTEX_POINT ( 'NONE', #7497 ) ;
#4333 = CARTESIAN_POINT ( 'NONE',  ( 1.550000000000000044, 0.2500000000000001665, -0.2249999999999998390 ) ) ;
#4334 = DIRECTION ( 'NONE',  ( -0.000000000000000000, -0.000000000000000000, -1.000000000000000000 ) ) ;
#4335 = VECTOR ( 'NONE', #5769, 1000.000000000000000 ) ;
#4336 = CARTESIAN_POINT ( 'NONE',  ( -0.5000000000000000000, 0.05000000000000000971, -1.100000000000000089 ) ) ;
#4337 = VERTEX_POINT ( 'NONE', #926 ) ;
#4338 = PLANE ( 'NONE',  #6645 ) ;
#4339 = PLANE ( 'NONE',  #3567 ) ;
#4340 = DIRECTION ( 'NONE',  ( 0.000000000000000000, 0.08715574274766037244, 0.9961946980917453232 ) ) ;
#4341 = ORIENTED_EDGE ( 'NONE', *, *, #2894, .T. ) ;
#4342 = CARTESIAN_POINT ( 'NONE',  ( 1.550000000000000044, 0.2500000000000001665, -0.2249999999999998390 ) ) ;
#4343 = EDGE_CURVE ( 'NONE', #5823, #1282, #6770, .T. ) ;
#4344 = EDGE_CURVE ( 'NONE', #6378, #478, #1016, .T. ) ;
#4345 = AXIS2_PLACEMENT_3D ( 'NONE', #7273, #1514, #6051 ) ;
#4346 = EDGE_LOOP ( 'NONE', ( #6481, #6894, #5609, #6961 ) ) ;
#4347 = FACE_OUTER_BOUND ( 'NONE', #90, .T. ) ;
#4348 = DIRECTION ( 'NONE',  ( 0.000000000000000000, -0.9961946980917455452, 0.08715574274765831853 ) ) ;
#4349 = DIRECTION ( 'NONE',  ( 0.000000000000000000, -1.000000000000000000, 0.000000000000000000 ) ) ;
#4350 = ORIENTED_EDGE ( 'NONE', *, *, #7922, .F. ) ;
#4351 = AXIS2_PLACEMENT_3D ( 'NONE', #4671, #826, #2703 ) ;
#4352 = DIRECTION ( 'NONE',  ( -1.000000000000000000, 0.000000000000000000, 0.000000000000000000 ) ) ;
#4353 = CARTESIAN_POINT ( 'NONE',  ( 1.749999999999999778, 0.2500000000000001665, 0.2250000000000001443 ) ) ;
#4354 = EDGE_CURVE ( 'NONE', #7254, #8010, #285, .T. ) ;
#4355 = EDGE_CURVE ( 'NONE', #58, #1513, #2339, .T. ) ;
#4356 = DIRECTION ( 'NONE',  ( 0.2079116908177522371, -0.9781476007338070211, -0.000000000000000000 ) ) ;
#4357 = AXIS2_PLACEMENT_3D ( 'NONE', #1173, #5750, #658 ) ;
#4358 = VERTEX_POINT ( 'NONE', #1695 ) ;
#4359 = DIRECTION ( 'NONE',  ( -0.000000000000000000, -0.000000000000000000, -1.000000000000000000 ) ) ;
#4360 = EDGE_LOOP ( 'NONE', ( #3666, #8196, #6492, #7114 ) ) ;
#4361 = PLANE ( 'NONE',  #4533 ) ;
#4362 = EDGE_CURVE ( 'NONE', #789, #3929, #5558, .T. ) ;
#4363 = DIRECTION ( 'NONE',  ( 0.000000000000000000, 0.000000000000000000, -1.000000000000000000 ) ) ;
#4364 = EDGE_LOOP ( 'NONE', ( #5256, #2922, #1774, #6892, #848 ) ) ;
#4365 = DIRECTION ( 'NONE',  ( -0.000000000000000000, -0.000000000000000000, -1.000000000000000000 ) ) ;
#4366 = CARTESIAN_POINT ( 'NONE',  ( -1.550000000000000044, 0.2499999999999999445, -0.2249999999999998390 ) ) ;
#4367 = DIRECTION ( 'NONE',  ( 0.000000000000000000, 0.000000000000000000, -1.000000000000000000 ) ) ;
#4368 = CARTESIAN_POINT ( 'NONE',  ( 0.000000000000000000, 0.3499999999999999778, -0.5268201407991910390 ) ) ;
#4369 = CARTESIAN_POINT ( 'NONE',  ( -1.350000000000000311, 2.829999999999999627, -1.100000000000000533 ) ) ;
#4370 = VERTEX_POINT ( 'NONE', #464 ) ;
#4371 = ORIENTED_EDGE ( 'NONE', *, *, #1093, .T. ) ;
#4372 = EDGE_LOOP ( 'NONE', ( #7697, #4286, #8039, #2850, #340, #720, #5936, #8097, #5389, #6034, #990, #7774, #6295, #6031, #4109, #4427, #2575, #3127, #6430, #4507, #5453, #1702, #3387, #5364, #4228, #1083, #3533, #1723, #5964, #4983, #3100, #2893, #1816, #7763, #569, #1708, #6129, #492, #3363, #5820 ) ) ;
#4373 = CARTESIAN_POINT ( 'NONE',  ( 1.050000000000000266, 2.829999999999999627, 1.399999999999999689 ) ) ;
#4374 = CARTESIAN_POINT ( 'NONE',  ( 1.750000000000000666, 2.829999999999999627, -0.8550000000000008704 ) ) ;
#4375 = AXIS2_PLACEMENT_3D ( 'NONE', #8248, #4430, #704 ) ;
#4376 = VECTOR ( 'NONE', #7394, 1000.000000000000000 ) ;
#4377 = CARTESIAN_POINT ( 'NONE',  ( 0.9423467339757670702, 0.2500000000000000000, 0.7250000000000003109 ) ) ;
#4378 = ORIENTED_EDGE ( 'NONE', *, *, #2648, .T. ) ;
#4379 = PLANE ( 'NONE',  #5311 ) ;
#4380 = CARTESIAN_POINT ( 'NONE',  ( 1.610018138358533246, 2.849999999999999645, 1.510398668549346457 ) ) ;
#4381 = DIRECTION ( 'NONE',  ( -0.000000000000000000, -0.000000000000000000, -1.000000000000000000 ) ) ;
#4382 = ORIENTED_EDGE ( 'NONE', *, *, #2344, .F. ) ;
#4383 = DIRECTION ( 'NONE',  ( 0.1305261922200450231, -0.9914448613738112703, 0.000000000000000000 ) ) ;
#4384 = ORIENTED_EDGE ( 'NONE', *, *, #8189, .T. ) ;
#4385 = DIRECTION ( 'NONE',  ( 0.7044160264027586882, -0.08715574274765836016, 0.7044160264027586882 ) ) ;
#4387 = VERTEX_POINT ( 'NONE', #2558 ) ;
#4386 = AXIS2_PLACEMENT_3D ( 'NONE', #6412, #2571, #2722 ) ;
#4388 = VECTOR ( 'NONE', #2071, 1000.000000000000000 ) ;
#4389 = CARTESIAN_POINT ( 'NONE',  ( 1.550000000000000044, 0.2500000000000001665, 1.375000000000000444 ) ) ;
#4390 = VECTOR ( 'NONE', #7513, 1000.000000000000000 ) ;
#4391 = FACE_OUTER_BOUND ( 'NONE', #1680, .T. ) ;
#4392 = EDGE_CURVE ( 'NONE', #6975, #2574, #7028, .T. ) ;
#4393 = EDGE_CURVE ( 'NONE', #1043, #4306, #2989, .T. ) ;
#4394 = PLANE ( 'NONE',  #150 ) ;
#4395 = VERTEX_POINT ( 'NONE', #3725 ) ;
#4396 = VECTOR ( 'NONE', #6893, 1000.000000000000000 ) ;
#4397 = CIRCLE ( 'NONE', #1552, 0.2124999999999999944 ) ;
#4398 = AXIS2_PLACEMENT_3D ( 'NONE', #3966, #3300, #2559 ) ;
#4399 = FACE_OUTER_BOUND ( 'NONE', #2202, .T. ) ;
#4400 = CARTESIAN_POINT ( 'NONE',  ( 1.749974346539598491, 1.249805142622647303, 1.661899502564970987 ) ) ;
#4401 = CARTESIAN_POINT ( 'NONE',  ( 3.718079889394538957E-17, 0.6000000000000000888, 0.3036042630400219156 ) ) ;
#4402 = COLOUR_RGB ( '',0.7921568627450980005, 0.8196078431372548767, 0.9333333333333333481 ) ;
#4403 = VECTOR ( 'NONE', #1461, 1000.000000000000000 ) ;
#4404 = VECTOR ( 'NONE', #7738, 1000.000000000000000 ) ;
#4405 = EDGE_CURVE ( 'NONE', #7939, #1749, #3684, .T. ) ;
#4406 = DIRECTION ( 'NONE',  ( -0.000000000000000000, 1.000000000000000000, -0.000000000000000000 ) ) ;
#4407 = ORIENTED_EDGE ( 'NONE', *, *, #2598, .F. ) ;
#4408 = FACE_OUTER_BOUND ( 'NONE', #589, .T. ) ;
#4409 = AXIS2_PLACEMENT_3D ( 'NONE', #3841, #6348, #3764 ) ;
#4410 = DIRECTION ( 'NONE',  ( 0.000000000000000000, -1.000000000000000000, 0.000000000000000000 ) ) ;
#4411 = ORIENTED_EDGE ( 'NONE', *, *, #4239, .F. ) ;
#4412 = ADVANCED_FACE ( 'NONE', ( #2594 ), #1484, .F. ) ;
#4413 = DIRECTION ( 'NONE',  ( 1.000000000000000000, 0.000000000000000000, 0.000000000000000000 ) ) ;
#4414 = CARTESIAN_POINT ( 'NONE',  ( -1.050000000000000044, 0.2000000000000000111, -1.024999999999999911 ) ) ;
#4415 = DIRECTION ( 'NONE',  ( -0.000000000000000000, -0.000000000000000000, -1.000000000000000000 ) ) ;
#4416 = CARTESIAN_POINT ( 'NONE',  ( 0.9000000000000000222, 0.2500000000000000000, -0.1750000000000000167 ) ) ;
#4417 = FILL_AREA_STYLE ('',( #6200 ) ) ;
#4418 = ORIENTED_EDGE ( 'NONE', *, *, #1361, .F. ) ;
#4419 = ORIENTED_EDGE ( 'NONE', *, *, #3195, .T. ) ;
#4420 = EDGE_CURVE ( 'NONE', #1754, #112, #4308, .T. ) ;
#4421 = FACE_OUTER_BOUND ( 'NONE', #7168, .T. ) ;
#4422 = CARTESIAN_POINT ( 'NONE',  ( 1.050000000000000044, 1.597771622610217113E-16, 1.025000000000000355 ) ) ;
#4423 = ORIENTED_EDGE ( 'NONE', *, *, #853, .F. ) ;
#4424 = LINE ( 'NONE', #8116, #3972 ) ;
#4425 = PLANE ( 'NONE',  #1358 ) ;
#4426 = ORIENTED_EDGE ( 'NONE', *, *, #3598, .F. ) ;
#4427 = ORIENTED_EDGE ( 'NONE', *, *, #3273, .T. ) ;
#4428 = DIRECTION ( 'NONE',  ( 0.1622214211307660414, -0.9733285267845741551, -0.1622214211307655696 ) ) ;
#4429 = ORIENTED_EDGE ( 'NONE', *, *, #8349, .F. ) ;
#4430 = DIRECTION ( 'NONE',  ( 0.000000000000000000, 0.000000000000000000, 1.000000000000000000 ) ) ;
#4431 = PLANE ( 'NONE',  #4409 ) ;
#4432 = PLANE ( 'NONE',  #5933 ) ;
#4433 = ORIENTED_EDGE ( 'NONE', *, *, #1554, .T. ) ;
#4434 = CARTESIAN_POINT ( 'NONE',  ( -0.5000000000000000000, 0.05000000000000000971, 1.100000000000000089 ) ) ;
#4435 = CARTESIAN_POINT ( 'NONE',  ( 0.000000000000000000, 2.829999999999999627, 0.000000000000000000 ) ) ;
#4436 = EDGE_CURVE ( 'NONE', #2217, #129, #8217, .T. ) ;
#4437 = CARTESIAN_POINT ( 'NONE',  ( 0.000000000000000000, 0.7500000000000000000, 0.000000000000000000 ) ) ;
#4438 = VECTOR ( 'NONE', #171, 1000.000000000000000 ) ;
#4439 = DIRECTION ( 'NONE',  ( 0.000000000000000000, 0.1643989873053604833, 0.9863939238321431935 ) ) ;
#4440 = ORIENTED_EDGE ( 'NONE', *, *, #7089, .F. ) ;
#4441 = DIRECTION ( 'NONE',  ( -0.1305261922200450508, -0.9914448613738112703, 0.000000000000000000 ) ) ;
#4443 = ORIENTED_EDGE ( 'NONE', *, *, #4354, .T. ) ;
#4442 = CARTESIAN_POINT ( 'NONE',  ( -1.750000000000000222, 1.249999999999999778, 1.650759972456911084 ) ) ;
#4444 = VERTEX_POINT ( 'NONE', #4476 ) ;
#4445 = EDGE_CURVE ( 'NONE', #2842, #6975, #6755, .T. ) ;
#4446 = DIRECTION ( 'NONE',  ( -1.000000000000000000, 0.000000000000000000, -0.000000000000000000 ) ) ;
#4447 = CARTESIAN_POINT ( 'NONE',  ( -0.8397245766128836886, -0.03357357172859931627, -1.637701863672267777 ) ) ;
#4448 = LINE ( 'NONE', #5149, #3019 ) ;
#4449 = CARTESIAN_POINT ( 'NONE',  ( -1.050000000000000488, 2.829999999999999627, -1.400000000000000133 ) ) ;
#4450 = CARTESIAN_POINT ( 'NONE',  ( -1.651131547168186220, 1.241415836668503747, 1.750751016977361019 ) ) ;
#4451 = ORIENTED_EDGE ( 'NONE', *, *, #5618, .F. ) ;
#4452 = VERTEX_POINT ( 'NONE', #4353 ) ;
#4453 = EDGE_CURVE ( 'NONE', #5471, #360, #3178, .T. ) ;
#4454 = EDGE_LOOP ( 'NONE', ( #1853, #142, #247, #7446 ) ) ;
#4455 = ADVANCED_FACE ( 'NONE', ( #6270 ), #513, .F. ) ;
#4456 =( BOUNDED_CURVE ( )  B_SPLINE_CURVE ( 3, ( #8246, #2504, #6302, #544 ),
 .UNSPECIFIED., .F., .F. ) 
 B_SPLINE_CURVE_WITH_KNOTS ( ( 4, 4 ),
 ( 2.359992588465582131, 3.923192718713919280 ),
 .UNSPECIFIED. ) 
 CURVE ( )  GEOMETRIC_REPRESENTATION_ITEM ( )  RATIONAL_B_SPLINE_CURVE ( ( 1.000000000000000000, 0.8065248903853472484, 0.8065248903853472484, 1.000000000000000000 ) ) 
 REPRESENTATION_ITEM ( '' )  );
#4457 = DIRECTION ( 'NONE',  ( -0.000000000000000000, -0.000000000000000000, -1.000000000000000000 ) ) ;
#4458 = LINE ( 'NONE', #3086, #28 ) ;
#4459 = AXIS2_PLACEMENT_3D ( 'NONE', #2208, #4811, #1651 ) ;
#4460 = ORIENTED_EDGE ( 'NONE', *, *, #5761, .F. ) ;
#4461 = CARTESIAN_POINT ( 'NONE',  ( -1.500000000000000000, 0.1999999999999999833, 1.025000000000000355 ) ) ;
#4462 = FACE_OUTER_BOUND ( 'NONE', #6548, .T. ) ;
#4463 = FACE_OUTER_BOUND ( 'NONE', #2440, .T. ) ;
#4464 = DIRECTION ( 'NONE',  ( -0.000000000000000000, -1.000000000000000000, -0.000000000000000000 ) ) ;
#4465 = VERTEX_POINT ( 'NONE', #1189 ) ;
#4466 = CARTESIAN_POINT ( 'NONE',  ( 1.450000000000000400, 1.000000000000000000, 1.750000000000000000 ) ) ;
#4467 = EDGE_CURVE ( 'NONE', #7489, #762, #4187, .T. ) ;
#4468 = VERTEX_POINT ( 'NONE', #8254 ) ;
#4469 = CARTESIAN_POINT ( 'NONE',  ( -1.050000000000000488, 2.849999999999999645, -0.1500000000000000777 ) ) ;
#4470 = AXIS2_PLACEMENT_3D ( 'NONE', #1813, #5546, #5633 ) ;
#4471 = VECTOR ( 'NONE', #4523, 1000.000000000000000 ) ;
#4472 = DIRECTION ( 'NONE',  ( -1.000000000000000000, 0.000000000000000000, -0.000000000000000000 ) ) ;
#4473 = CARTESIAN_POINT ( 'NONE',  ( 0.9597227471524997222, 0.05000000000000000971, -0.7250000000000000888 ) ) ;
#4474 = EDGE_LOOP ( 'NONE', ( #2443, #5899, #4451, #4720 ) ) ;
#4475 = LINE ( 'NONE', #2475, #4528 ) ;
#4476 = CARTESIAN_POINT ( 'NONE',  ( -1.749999999999999778, 1.000000000000000000, -1.024999999999999911 ) ) ;
#4477 = CARTESIAN_POINT ( 'NONE',  ( 1.050000000000000488, 2.829999999999999627, -0.4500000000000000111 ) ) ;
#4478 = DIRECTION ( 'NONE',  ( 0.000000000000000000, 0.000000000000000000, 1.000000000000000000 ) ) ;
#4479 = VERTEX_POINT ( 'NONE', #2512 ) ;
#4480 = ADVANCED_FACE ( 'NONE', ( #7625 ), #1872, .F. ) ;
#4481 = CARTESIAN_POINT ( 'NONE',  ( -1.749999999999999778, 0.2499999999999999445, -1.375000000000000000 ) ) ;
#4482 = CARTESIAN_POINT ( 'NONE',  ( -0.5000000000000000000, 0.05000000000000000278, 1.200000000000000178 ) ) ;
#4483 = VECTOR ( 'NONE', #6294, 1000.000000000000000 ) ;
#4484 = PLANE ( 'NONE',  #8001 ) ;
#4485 = LINE ( 'NONE', #3782, #3198 ) ;
#4486 = EDGE_CURVE ( 'NONE', #6414, #7939, #3921, .T. ) ;
#4487 = EDGE_CURVE ( 'NONE', #3453, #461, #637, .T. ) ;
#4488 = CARTESIAN_POINT ( 'NONE',  ( 1.550000000000000044, 0.2500000000000001665, 1.375000000000000444 ) ) ;
#4489 = CARTESIAN_POINT ( 'NONE',  ( 0.000000000000000000, 0.05000000000000000971, -0.6500000000000000222 ) ) ;
#4490 = DIRECTION ( 'NONE',  ( -0.000000000000000000, 0.000000000000000000, -1.000000000000000000 ) ) ;
#4491 = CARTESIAN_POINT ( 'NONE',  ( 0.3250000000000000111, 0.3499999999999999778, -0.9778980942125397036 ) ) ;
#4492 = ORIENTED_EDGE ( 'NONE', *, *, #638, .F. ) ;
#4493 = ORIENTED_EDGE ( 'NONE', *, *, #1755, .F. ) ;
#4494 = DIRECTION ( 'NONE',  ( 0.000000000000000000, 0.000000000000000000, 1.000000000000000000 ) ) ;
#4495 = EDGE_CURVE ( 'NONE', #4074, #5294, #5842, .T. ) ;
#4496 = DIRECTION ( 'NONE',  ( -1.000000000000000000, 0.000000000000000000, 0.000000000000000000 ) ) ;
#4497 = EDGE_CURVE ( 'NONE', #7598, #6524, #109, .T. ) ;
#4498 = ORIENTED_EDGE ( 'NONE', *, *, #5700, .T. ) ;
#4499 = PLANE ( 'NONE',  #2121 ) ;
#4500 = DIRECTION ( 'NONE',  ( -0.08709900365274875211, -0.9955461672694012609, -0.03607758858216263825 ) ) ;
#4501 = DIRECTION ( 'NONE',  ( 0.000000000000000000, 1.000000000000000000, -0.000000000000000000 ) ) ;
#4502 = ORIENTED_EDGE ( 'NONE', *, *, #7272, .F. ) ;
#4503 = DIRECTION ( 'NONE',  ( 1.000000000000000000, -6.023345402697249184E-17, 0.000000000000000000 ) ) ;
#4504 = EDGE_LOOP ( 'NONE', ( #1520, #6704, #2540, #8338 ) ) ;
#4505 = EDGE_LOOP ( 'NONE', ( #27, #1389, #1255, #1619 ) ) ;
#4506 = LINE ( 'NONE', #3134, #7999 ) ;
#4507 = ORIENTED_EDGE ( 'NONE', *, *, #4133, .T. ) ;
#4508 = CARTESIAN_POINT ( 'NONE',  ( 1.550000000000000044, 0.2500000000000001665, 0.5750000000000001776 ) ) ;
#4509 =( BOUNDED_CURVE ( )  B_SPLINE_CURVE ( 3, ( #5926, #4598, #4015, #1562 ),
 .UNSPECIFIED., .F., .F. ) 
 B_SPLINE_CURVE_WITH_KNOTS ( ( 4, 4 ),
 ( 0.000000000000000000, 1.570796326794896558 ),
 .UNSPECIFIED. ) 
 CURVE ( )  GEOMETRIC_REPRESENTATION_ITEM ( )  RATIONAL_B_SPLINE_CURVE ( ( 1.000000000000000000, 0.8047378541243649375, 0.8047378541243649375, 1.000000000000000000 ) ) 
 REPRESENTATION_ITEM ( '' )  );
#4510 = VECTOR ( 'NONE', #1346, 1000.000000000000000 ) ;
#4511 = FACE_OUTER_BOUND ( 'NONE', #4538, .T. ) ;
#4512 = EDGE_CURVE ( 'NONE', #2983, #369, #3927, .T. ) ;
#4513 = LINE ( 'NONE', #5800, #6352 ) ;
#4514 = EDGE_LOOP ( 'NONE', ( #4898, #4661, #4869, #7988 ) ) ;
#4515 = CARTESIAN_POINT ( 'NONE',  ( -0.8998354216417641105, 0.05000000000000000278, 0.7250000000000003109 ) ) ;
#4516 = CARTESIAN_POINT ( 'NONE',  ( 1.550000000000000044, 0.2500000000000001665, 0.2250000000000001443 ) ) ;
#4517 = AXIS2_PLACEMENT_3D ( 'NONE', #6570, #906, #2737 ) ;
#4518 = AXIS2_PLACEMENT_3D ( 'NONE', #3216, #6565, #2582 ) ;
#4519 = LINE ( 'NONE', #7627, #5980 ) ;
#4520 = AXIS2_PLACEMENT_3D ( 'NONE', #1682, #4261, #3047 ) ;
#4521 = VECTOR ( 'NONE', #6692, 1000.000000000000000 ) ;
#4522 = VECTOR ( 'NONE', #3702, 1000.000000000000000 ) ;
#4523 = DIRECTION ( 'NONE',  ( -1.000000000000000000, 0.000000000000000000, 0.000000000000000000 ) ) ;
#4524 = EDGE_LOOP ( 'NONE', ( #1904, #1375, #1804, #6162 ) ) ;
#4525 = EDGE_CURVE ( 'NONE', #6009, #5840, #4047, .T. ) ;
#4526 = LINE ( 'NONE', #643, #484 ) ;
#4527 = FACE_OUTER_BOUND ( 'NONE', #1339, .T. ) ;
#4528 = VECTOR ( 'NONE', #3724, 1000.000000000000000 ) ;
#4529 = DIRECTION ( 'NONE',  ( -0.000000000000000000, -1.000000000000000000, -0.000000000000000000 ) ) ;
#4530 = VECTOR ( 'NONE', #1, 1000.000000000000000 ) ;
#4531 = AXIS2_PLACEMENT_3D ( 'NONE', #5212, #2588, #5045 ) ;
#4532 = DIRECTION ( 'NONE',  ( -1.000000000000000000, 0.000000000000000000, 0.000000000000000000 ) ) ;
#4533 = AXIS2_PLACEMENT_3D ( 'NONE', #8346, #559, #475 ) ;
#4534 = LINE ( 'NONE', #4682, #1934 ) ;
#4535 = CARTESIAN_POINT ( 'NONE',  ( -1.636264737416308401, 2.549999999999999822, -1.595092430978829912 ) ) ;
#4536 = LINE ( 'NONE', #3904, #6248 ) ;
#4537 = ORIENTED_EDGE ( 'NONE', *, *, #383, .T. ) ;
#4538 = EDGE_LOOP ( 'NONE', ( #4874, #5243, #1213, #6849, #2758, #3302 ) ) ;
#4539 = ORIENTED_EDGE ( 'NONE', *, *, #5762, .F. ) ;
#4540 = EDGE_CURVE ( 'NONE', #8114, #3322, #8350, .T. ) ;
#4541 = LINE ( 'NONE', #6450, #3524 ) ;
#4542 = LINE ( 'NONE', #3251, #6214 ) ;
#4543 = ORIENTED_EDGE ( 'NONE', *, *, #6335, .F. ) ;
#4544 = STYLED_ITEM ( 'NONE', ( #8051 ), #5456 ) ;
#4545 = LINE ( 'NONE', #779, #2266 ) ;
#4546 = DIRECTION ( 'NONE',  ( -1.000000000000000000, 0.000000000000000000, 0.000000000000000000 ) ) ;
#4547 = CARTESIAN_POINT ( 'NONE',  ( 0.3250000000000000111, 0.05000000000000000971, 0.9250000000000000444 ) ) ;
#4548 = CARTESIAN_POINT ( 'NONE',  ( -1.050000000000000488, 2.829999999999999627, -1.050000000000000044 ) ) ;
#4549 = ORIENTED_EDGE ( 'NONE', *, *, #361, .F. ) ;
#4550 = PLANE ( 'NONE',  #6506 ) ;
#4551 = EDGE_LOOP ( 'NONE', ( #5706, #1862, #7652, #892 ) ) ;
#4552 = DIRECTION ( 'NONE',  ( -0.1305261922200450508, -0.9914448613738112703, 0.000000000000000000 ) ) ;
#4553 = ADVANCED_FACE ( 'NONE', ( #5219 ), #3889, .T. ) ;
#4554 = EDGE_CURVE ( 'NONE', #6702, #3008, #6434, .T. ) ;
#4555 = EDGE_CURVE ( 'NONE', #3732, #7286, #1777, .T. ) ;
#4556 = SURFACE_STYLE_FILL_AREA ( #5838 ) ;
#4557 = DIRECTION ( 'NONE',  ( -0.000000000000000000, -0.000000000000000000, -1.000000000000000000 ) ) ;
#4558 = ORIENTED_EDGE ( 'NONE', *, *, #7116, .F. ) ;
#4559 = DIRECTION ( 'NONE',  ( -0.1305261922200450508, -0.9914448613738112703, 0.000000000000000000 ) ) ;
#4560 = ORIENTED_EDGE ( 'NONE', *, *, #760, .T. ) ;
#4561 = ADVANCED_FACE ( 'NONE', ( #7784 ), #3342, .F. ) ;
#4562 = LINE ( 'NONE', #3893, #557 ) ;
#4563 = VERTEX_POINT ( 'NONE', #5882 ) ;
#4564 = CARTESIAN_POINT ( 'NONE',  ( 1.747611024662043988, 1.249725295397789093, -1.672263048581529965 ) ) ;
#4565 = DIRECTION ( 'NONE',  ( 0.9848077530122080203, 0.1736481776669307198, -1.067730705296403607E-15 ) ) ;
#4566 = ADVANCED_FACE ( 'NONE', ( #2788 ), #2706, .F. ) ;
#4567 = ORIENTED_EDGE ( 'NONE', *, *, #1419, .T. ) ;
#4568 = CARTESIAN_POINT ( 'NONE',  ( 1.500000000000000000, 2.710505431213761085E-16, -0.2249999999999998390 ) ) ;
#4569 = PRESENTATION_STYLE_ASSIGNMENT (( #1363 ) ) ;
#4570 = CIRCLE ( 'NONE', #6168, 0.2499999999999997780 ) ;
#4571 = EDGE_LOOP ( 'NONE', ( #3130, #7491, #6223, #7430 ) ) ;
#4572 = VERTEX_POINT ( 'NONE', #4516 ) ;
#4573 = DIRECTION ( 'NONE',  ( 0.000000000000000000, 0.000000000000000000, -1.000000000000000000 ) ) ;
#4574 = ORIENTED_EDGE ( 'NONE', *, *, #8184, .T. ) ;
#4575 = CARTESIAN_POINT ( 'NONE',  ( 1.500000000000000000, 0.2500000000000001665, 1.025000000000000355 ) ) ;
#4576 = PRESENTATION_STYLE_ASSIGNMENT (( #5828 ) ) ;
#4577 = EDGE_CURVE ( 'NONE', #6524, #5228, #1382, .T. ) ;
#4578 = DIRECTION ( 'NONE',  ( -0.9914448613738111593, -0.1305261922200454394, 0.000000000000000000 ) ) ;
#4579 = ORIENTED_EDGE ( 'NONE', *, *, #4149, .T. ) ;
#4580 = CARTESIAN_POINT ( 'NONE',  ( -1.050000000000000488, 2.829999999999999627, -1.400000000000000133 ) ) ;
#4581 = EDGE_LOOP ( 'NONE', ( #518, #6280, #5443, #2133 ) ) ;
#4582 = CARTESIAN_POINT ( 'NONE',  ( -0.8574886876659970625, 0.05000000000000000971, -1.645013603768891164 ) ) ;
#4583 = ORIENTED_EDGE ( 'NONE', *, *, #6962, .F. ) ;
#4584 = DIRECTION ( 'NONE',  ( -1.000000000000000000, 0.000000000000000000, 0.000000000000000000 ) ) ;
#4585 = VECTOR ( 'NONE', #1911, 1000.000000000000114 ) ;
#4586 = FILL_AREA_STYLE_COLOUR ( '', #761 ) ;
#4587 = CARTESIAN_POINT ( 'NONE',  ( -1.729989406634232729, 1.098004453143892833, 1.375000000000000444 ) ) ;
#4588 = ORIENTED_EDGE ( 'NONE', *, *, #869, .F. ) ;
#4589 = ADVANCED_FACE ( 'NONE', ( #1428 ), #7748, .F. ) ;
#4590 = DIRECTION ( 'NONE',  ( -0.2079116908177522371, -0.9781476007338070211, 0.000000000000000000 ) ) ;
#4591 = DIRECTION ( 'NONE',  ( -0.000000000000000000, 1.000000000000000000, -0.000000000000000000 ) ) ;
#4592 = CARTESIAN_POINT ( 'NONE',  ( 1.050000000000000488, 2.829999999999999627, -1.400000000000000355 ) ) ;
#4593 = VECTOR ( 'NONE', #7656, 1000.000000000000000 ) ;
#4594 = VECTOR ( 'NONE', #6957, 1000.000000000000000 ) ;
#4595 = ORIENTED_EDGE ( 'NONE', *, *, #1573, .F. ) ;
#4596 = DIRECTION ( 'NONE',  ( -0.9781476007338070211, -0.2079116908177524314, 0.000000000000000000 ) ) ;
#4597 = VERTEX_POINT ( 'NONE', #6501 ) ;
#4598 = CARTESIAN_POINT ( 'NONE',  ( -0.8574886876659969515, 0.05000000000000000278, -0.6835786437626908407 ) ) ;
#4599 = VECTOR ( 'NONE', #7494, 1000.000000000000000 ) ;
#4600 = ORIENTED_EDGE ( 'NONE', *, *, #7780, .T. ) ;
#4602 = ADVANCED_FACE ( 'NONE', ( #756 ), #791, .T. ) ;
#4601 =( BOUNDED_CURVE ( )  B_SPLINE_CURVE ( 3, ( #2744, #4515, #709, #7070 ),
 .UNSPECIFIED., .F., .T. ) 
 B_SPLINE_CURVE_WITH_KNOTS ( ( 4, 4 ),
 ( 1.570796326794896558, 3.141592653589793116 ),
 .UNSPECIFIED. ) 
 CURVE ( )  GEOMETRIC_REPRESENTATION_ITEM ( )  RATIONAL_B_SPLINE_CURVE ( ( 1.000000000000000000, 0.8047378541243649375, 0.8047378541243649375, 1.000000000000000000 ) ) 
 REPRESENTATION_ITEM ( '' )  );
#4603 = EDGE_CURVE ( 'NONE', #4822, #2585, #462, .T. ) ;
#4604 = CARTESIAN_POINT ( 'NONE',  ( 1.683503648752396220, 1.249944329356035944, -1.744368986352370809 ) ) ;
#4605 = DIRECTION ( 'NONE',  ( 0.000000000000000000, -1.000000000000000000, 0.000000000000000000 ) ) ;
#4606 = VERTEX_POINT ( 'NONE', #5284 ) ;
#4607 = EDGE_CURVE ( 'NONE', #2687, #976, #7860, .T. ) ;
#4608 = CARTESIAN_POINT ( 'NONE',  ( -1.636264737416308179, 2.549999999999999822, -1.536645267607124277 ) ) ;
#4609 = ORIENTED_EDGE ( 'NONE', *, *, #1688, .T. ) ;
#4610 = ORIENTED_EDGE ( 'NONE', *, *, #3465, .F. ) ;
#4611 = ORIENTED_EDGE ( 'NONE', *, *, #7924, .F. ) ;
#4612 = EDGE_LOOP ( 'NONE', ( #2960, #3750, #3054, #4318 ) ) ;
#4613 =( NAMED_UNIT ( * ) SI_UNIT ( $, .STERADIAN. ) SOLID_ANGLE_UNIT ( ) );
#4614 = FACE_OUTER_BOUND ( 'NONE', #6958, .T. ) ;
#4615 = CARTESIAN_POINT ( 'NONE',  ( -1.728071343489106848, 1.249632614000897535, 1.712907117815016811 ) ) ;
#4616 = ORIENTED_EDGE ( 'NONE', *, *, #208, .F. ) ;
#4617 = DIRECTION ( 'NONE',  ( -0.000000000000000000, -0.000000000000000000, -1.000000000000000000 ) ) ;
#4618 = ORIENTED_EDGE ( 'NONE', *, *, #7557, .F. ) ;
#4619 = LINE ( 'NONE', #4745, #3905 ) ;
#4620 = ORIENTED_EDGE ( 'NONE', *, *, #7636, .T. ) ;
#4621 = CARTESIAN_POINT ( 'NONE',  ( -1.749999999999999778, 0.2499999999999999445, -0.2249999999999998390 ) ) ;
#4622 = DIRECTION ( 'NONE',  ( 0.9863939238321396408, 0.1643989873053822715, 0.000000000000000000 ) ) ;
#4623 = LINE ( 'NONE', #7138, #2874 ) ;
#4624 = ORIENTED_EDGE ( 'NONE', *, *, #8304, .T. ) ;
#4625 = CARTESIAN_POINT ( 'NONE',  ( 1.050000000000000044, 0.2000000000000001776, -0.5749999999999998446 ) ) ;
#4626 = CARTESIAN_POINT ( 'NONE',  ( 0.9597227471524999443, 0.05000000000000000971, 0.07499999999999998335 ) ) ;
#4627 = CARTESIAN_POINT ( 'NONE',  ( 2.602374448188125350E-17, 0.6850000000000000533, -0.2124999999999999944 ) ) ;
#4628 = ORIENTED_EDGE ( 'NONE', *, *, #929, .F. ) ;
#4629 = DIRECTION ( 'NONE',  ( -0.000000000000000000, -0.9848077530122080203, 0.1736481776669307198 ) ) ;
#4630 = EDGE_CURVE ( 'NONE', #7760, #8329, #6053, .T. ) ;
#4631 = ORIENTED_EDGE ( 'NONE', *, *, #6431, .T. ) ;
#4632 = CARTESIAN_POINT ( 'NONE',  ( -0.9597227471524998332, 0.05000000000000000971, -0.8750000000000000000 ) ) ;
#4633 = EDGE_LOOP ( 'NONE', ( #7295, #8118, #226, #4764, #689, #8210, #2965, #2038, #7156, #4191 ) ) ;
#4634 = AXIS2_PLACEMENT_3D ( 'NONE', #2327, #958, #6759 ) ;
#4635 = DIRECTION ( 'NONE',  ( -1.000000000000000000, -0.000000000000000000, -0.000000000000000000 ) ) ;
#4636 = DIRECTION ( 'NONE',  ( 0.000000000000000000, 0.000000000000000000, -1.000000000000000000 ) ) ;
#4637 = DIRECTION ( 'NONE',  ( 1.445602896647340100E-15, 0.000000000000000000, -1.000000000000000000 ) ) ;
#4638 = VECTOR ( 'NONE', #6615, 1000.000000000000000 ) ;
#4639 = AXIS2_PLACEMENT_3D ( 'NONE', #7291, #1531, #1624 ) ;
#4640 = EDGE_CURVE ( 'NONE', #4444, #1443, #7905, .T. ) ;
#4641 = EDGE_CURVE ( 'NONE', #472, #3767, #6674, .T. ) ;
#4642 = ORIENTED_EDGE ( 'NONE', *, *, #5552, .T. ) ;
#4643 = ORIENTED_EDGE ( 'NONE', *, *, #1613, .T. ) ;
#4644 = CIRCLE ( 'NONE', #5723, 0.1750000000000000167 ) ;
#4645 = VECTOR ( 'NONE', #5396, 1000.000000000000000 ) ;
#4646 = VECTOR ( 'NONE', #8220, 1000.000000000000000 ) ;
#4647 = CARTESIAN_POINT ( 'NONE',  ( -1.749999999999999778, 0.2499999999999999445, 0.5750000000000001776 ) ) ;
#4648 = SURFACE_STYLE_FILL_AREA ( #2944 ) ;
#4649 = EDGE_LOOP ( 'NONE', ( #278, #4574, #7864, #1668, #8098 ) ) ;
#4650 = ORIENTED_EDGE ( 'NONE', *, *, #808, .F. ) ;
#4651 = EDGE_CURVE ( 'NONE', #358, #903, #959, .T. ) ;
#4652 = VECTOR ( 'NONE', #140, 1000.000000000000000 ) ;
#4653 = AXIS2_PLACEMENT_3D ( 'NONE', #31, #3892, #675 ) ;
#4654 = PRODUCT_RELATED_PRODUCT_CATEGORY ( 'part', '', ( #2105 ) ) ;
#4655 = EDGE_LOOP ( 'NONE', ( #1933, #6062, #1059, #2941 ) ) ;
#4656 = LINE ( 'NONE', #4032, #6842 ) ;
#4657 = CARTESIAN_POINT ( 'NONE',  ( -1.717086875603152984, 1.000000000000000000, -1.628887806575429309 ) ) ;
#4658 = DIRECTION ( 'NONE',  ( 0.000000000000000000, 0.000000000000000000, 1.000000000000000000 ) ) ;
#4659 = DIRECTION ( 'NONE',  ( 1.000000000000000000, 0.000000000000000000, 0.000000000000000000 ) ) ;
#4660 = CIRCLE ( 'NONE', #5440, 0.2124999999999999944 ) ;
#4661 = ORIENTED_EDGE ( 'NONE', *, *, #3923, .F. ) ;
#4662 = LINE ( 'NONE', #7932, #4979 ) ;
#4663 = ORIENTED_EDGE ( 'NONE', *, *, #883, .T. ) ;
#4664 = CARTESIAN_POINT ( 'NONE',  ( -1.500000000000000000, 0.2499999999999999445, -1.024999999999999911 ) ) ;
#4665 = EDGE_CURVE ( 'NONE', #4319, #8030, #7267, .T. ) ;
#4666 = EDGE_CURVE ( 'NONE', #4686, #4822, #7355, .T. ) ;
#4667 = FILL_AREA_STYLE_COLOUR ( '', #4798 ) ;
#4668 = PRESENTATION_LAYER_ASSIGNMENT (  '', '', ( #4544 ) ) ;
#4669 = LINE ( 'NONE', #7221, #4403 ) ;
#4670 = CLOSED_SHELL ( 'NONE', ( #3532, #3694, #1056, #1305, #5530, #437, #514, #1612, #6740, #4815, #867, #7831 ) ) ;
#4671 = CARTESIAN_POINT ( 'NONE',  ( -1.050000000000000044, 0.000000000000000000, -0.2249999999999998390 ) ) ;
#4672 = ORIENTED_EDGE ( 'NONE', *, *, #2980, .T. ) ;
#4673 = FACE_OUTER_BOUND ( 'NONE', #531, .T. ) ;
#4674 = CARTESIAN_POINT ( 'NONE',  ( -0.3250000000000000111, 0.3499999999999999778, 1.200000000000000178 ) ) ;
#4675 = CARTESIAN_POINT ( 'NONE',  ( -1.750000000000000222, 0.05000000000000000971, -1.645013603768891164 ) ) ;
#4676 = CARTESIAN_POINT ( 'NONE',  ( 1.729989406634232729, 1.098004453143893278, -0.2249999999999998390 ) ) ;
#4677 = VERTEX_POINT ( 'NONE', #2328 ) ;
#4678 = FACE_OUTER_BOUND ( 'NONE', #3339, .T. ) ;
#4679 = DIRECTION ( 'NONE',  ( 1.000000000000000000, 0.000000000000000000, 0.000000000000000000 ) ) ;
#4680 = ORIENTED_EDGE ( 'NONE', *, *, #5503, .T. ) ;
#4681 = LINE ( 'NONE', #3417, #1039 ) ;
#4682 = CARTESIAN_POINT ( 'NONE',  ( -1.717086875603152984, 1.000000000000000000, 1.750000000000000000 ) ) ;
#4683 =( NAMED_UNIT ( * ) SI_UNIT ( $, .STERADIAN. ) SOLID_ANGLE_UNIT ( ) );
#4684 = CARTESIAN_POINT ( 'NONE',  ( 5.825188189442074850E-17, 0.6260472266500400895, 0.4513254259918530464 ) ) ;
#4685 = DIRECTION ( 'NONE',  ( 3.469446951953614189E-16, 0.000000000000000000, 1.000000000000000000 ) ) ;
#4686 = VERTEX_POINT ( 'NONE', #6622 ) ;
#4687 = EDGE_LOOP ( 'NONE', ( #3612, #7256, #4829, #5577 ) ) ;
#4688 = EDGE_CURVE ( 'NONE', #3224, #5428, #1227, .T. ) ;
#4689 = CARTESIAN_POINT ( 'NONE',  ( 0.9000000000000000222, 0.2500000000000000000, 0.1750000000000000167 ) ) ;
#4690 = EDGE_CURVE ( 'NONE', #7600, #5975, #6172, .T. ) ;
#4691 = CARTESIAN_POINT ( 'NONE',  ( -1.050000000000000488, 2.829999999999999627, -0.4500000000000000111 ) ) ;
#4692 = ORIENTED_EDGE ( 'NONE', *, *, #5860, .F. ) ;
#4693 = ORIENTED_EDGE ( 'NONE', *, *, #7728, .F. ) ;
#4694 = ORIENTED_EDGE ( 'NONE', *, *, #1874, .F. ) ;
#4695 = AXIS2_PLACEMENT_3D ( 'NONE', #6966, #4953, #4237 ) ;
#4696 = DIRECTION ( 'NONE',  ( -0.1622214211307493326, -0.9733285267845768196, 0.1622214211307657916 ) ) ;
#4697 = DIRECTION ( 'NONE',  ( 1.000000000000000000, 0.000000000000000000, 0.000000000000000000 ) ) ;
#4698 = EDGE_CURVE ( 'NONE', #6611, #2697, #7943, .T. ) ;
#4699 = EDGE_CURVE ( 'NONE', #2864, #817, #4170, .T. ) ;
#4700 = CARTESIAN_POINT ( 'NONE',  ( -1.050000000000000044, 0.2000000000000000111, -1.024999999999999911 ) ) ;
#4701 = CARTESIAN_POINT ( 'NONE',  ( -1.450000000000000400, 1.000000000000000000, 0.1999999999999998723 ) ) ;
#4702 = ORIENTED_EDGE ( 'NONE', *, *, #6097, .F. ) ;
#4703 = ORIENTED_EDGE ( 'NONE', *, *, #5822, .T. ) ;
#4704 = CARTESIAN_POINT ( 'NONE',  ( 1.550000000000000044, 0.2500000000000001665, 0.2250000000000001443 ) ) ;
#4705 = ORIENTED_EDGE ( 'NONE', *, *, #4081, .F. ) ;
#4706 = LINE ( 'NONE', #103, #8270 ) ;
#4707 = DIRECTION ( 'NONE',  ( 0.000000000000000000, -1.000000000000000000, 0.000000000000000000 ) ) ;
#4708 = CARTESIAN_POINT ( 'NONE',  ( 1.750000000000001110, 2.829999999999999627, -0.3450000000000008060 ) ) ;
#4709 = LINE ( 'NONE', #1422, #2485 ) ;
#4710 = ORIENTED_EDGE ( 'NONE', *, *, #3226, .T. ) ;
#4711 = CYLINDRICAL_SURFACE ( 'NONE', #4915, 0.2999999999999998224 ) ;
#4712 = EDGE_CURVE ( 'NONE', #6558, #4148, #229, .T. ) ;
#4713 = DIRECTION ( 'NONE',  ( -0.2079116908177522371, -0.9781476007338070211, 0.000000000000000000 ) ) ;
#4714 = CARTESIAN_POINT ( 'NONE',  ( -1.350000000000000533, 2.829999999999999627, -0.1500000000000000500 ) ) ;
#4715 = CARTESIAN_POINT ( 'NONE',  ( 1.050000000000000044, 0.2000000000000001776, -1.024999999999999911 ) ) ;
#4716 = VERTEX_POINT ( 'NONE', #1679 ) ;
#4717 = DIRECTION ( 'NONE',  ( 0.000000000000000000, 0.000000000000000000, 1.000000000000000000 ) ) ;
#4718 = ORIENTED_EDGE ( 'NONE', *, *, #8190, .F. ) ;
#4719 = DIRECTION ( 'NONE',  ( 0.000000000000000000, 1.000000000000000000, 0.000000000000000000 ) ) ;
#4720 = ORIENTED_EDGE ( 'NONE', *, *, #7261, .F. ) ;
#4721 = AXIS2_PLACEMENT_3D ( 'NONE', #6466, #185, #1952 ) ;
#4722 = FACE_OUTER_BOUND ( 'NONE', #2902, .T. ) ;
#4723 = FACE_OUTER_BOUND ( 'NONE', #2684, .T. ) ;
#4724 = PLANE ( 'NONE',  #2779 ) ;
#4725 = DIRECTION ( 'NONE',  ( 0.000000000000000000, 0.1643989873053602058, 0.9863939238321433045 ) ) ;
#4726 = AXIS2_PLACEMENT_3D ( 'NONE', #2053, #4186, #7767 ) ;
#4727 = EDGE_CURVE ( 'NONE', #3607, #8247, #6086, .T. ) ;
#4728 = EDGE_LOOP ( 'NONE', ( #3609, #67, #3513, #3443 ) ) ;
#4729 = CARTESIAN_POINT ( 'NONE',  ( -1.717086875603152984, 1.000000000000000000, -0.1999999999999998723 ) ) ;
#4730 = ORIENTED_EDGE ( 'NONE', *, *, #7402, .F. ) ;
#4731 = LINE ( 'NONE', #5438, #4645 ) ;
#4732 = CIRCLE ( 'NONE', #8230, 0.5000000000000000000 ) ;
#4733 = FILL_AREA_STYLE_COLOUR ( '', #80 ) ;
#4734 = ORIENTED_EDGE ( 'NONE', *, *, #1192, .F. ) ;
#4735 = ORIENTED_EDGE ( 'NONE', *, *, #73, .T. ) ;
#4736 = EDGE_CURVE ( 'NONE', #2452, #6856, #5376, .T. ) ;
#4737 = EDGE_CURVE ( 'NONE', #6288, #2376, #2195, .T. ) ;
#4738 = AXIS2_PLACEMENT_3D ( 'NONE', #7262, #4007, #865 ) ;
#4739 = ORIENTED_EDGE ( 'NONE', *, *, #469, .F. ) ;
#4740 = DIRECTION ( 'NONE',  ( 1.000000000000000000, 3.170181790893303965E-17, 0.000000000000000000 ) ) ;
#4741 = FACE_OUTER_BOUND ( 'NONE', #3907, .T. ) ;
#4742 = DIRECTION ( 'NONE',  ( -0.000000000000000000, -0.000000000000000000, -1.000000000000000000 ) ) ;
#4743 = DIRECTION ( 'NONE',  ( -0.000000000000000000, -0.000000000000000000, -1.000000000000000000 ) ) ;
#4744 = VERTEX_POINT ( 'NONE', #1050 ) ;
#4745 = CARTESIAN_POINT ( 'NONE',  ( 1.350000000000000089, 2.829999999999999627, 1.100000000000000089 ) ) ;
#4746 = ORIENTED_EDGE ( 'NONE', *, *, #2092, .T. ) ;
#4747 = ORIENTED_EDGE ( 'NONE', *, *, #7148, .F. ) ;
#4748 = AXIS2_PLACEMENT_3D ( 'NONE', #8202, #5668, #4496 ) ;
#4749 = CARTESIAN_POINT ( 'NONE',  ( -1.592086875603152540, 0.2500000000000149880, 0.7250000000000000888 ) ) ;
#4750 = ADVANCED_FACE ( 'NONE', ( #1550 ), #3499, .F. ) ;
#4751 = CARTESIAN_POINT ( 'NONE',  ( 1.750000000000000222, 1.249999999999999778, 1.750000000000000000 ) ) ;
#4752 = LINE ( 'NONE', #1710, #2785 ) ;
#4753 = PLANE ( 'NONE',  #4351 ) ;
#4754 = VERTEX_POINT ( 'NONE', #5420 ) ;
#4755 = CARTESIAN_POINT ( 'NONE',  ( 1.729989406634232729, 1.098004453143893278, 0.2250000000000001443 ) ) ;
#4756 = CARTESIAN_POINT ( 'NONE',  ( -1.592086875603144325, 1.000000000000000000, -0.07499999999999998335 ) ) ;
#4757 = DIRECTION ( 'NONE',  ( 0.2079116908177522371, -0.9781476007338070211, 0.000000000000000000 ) ) ;
#4758 = LINE ( 'NONE', #2034, #1143 ) ;
#4759 = ORIENTED_EDGE ( 'NONE', *, *, #4232, .F. ) ;
#4760 = LINE ( 'NONE', #2709, #2533 ) ;
#4761 = EDGE_CURVE ( 'NONE', #1970, #3147, #315, .T. ) ;
#4762 = VERTEX_POINT ( 'NONE', #4212 ) ;
#4763 = DIRECTION ( 'NONE',  ( 0.000000000000000000, 0.000000000000000000, 1.000000000000000000 ) ) ;
#4764 = ORIENTED_EDGE ( 'NONE', *, *, #5611, .F. ) ;
#4765 = LINE ( 'NONE', #884, #3190 ) ;
#4766 = CARTESIAN_POINT ( 'NONE',  ( -1.717086875603152984, 1.000000000000000000, -1.024999999999999911 ) ) ;
#4767 = DIRECTION ( 'NONE',  ( -0.000000000000000000, -0.000000000000000000, -1.000000000000000000 ) ) ;
#4768 = DIRECTION ( 'NONE',  ( -0.1305261922200450231, 0.9914448613738112703, -0.000000000000000000 ) ) ;
#4769 = VERTEX_POINT ( 'NONE', #7395 ) ;
#4770 = CARTESIAN_POINT ( 'NONE',  ( -1.750000000000000222, 0.05000000000000000971, 1.645013603768891164 ) ) ;
#4771 = ORIENTED_EDGE ( 'NONE', *, *, #1670, .T. ) ;
#4772 = CARTESIAN_POINT ( 'NONE',  ( -1.351260626809458465, 0.2500000000000000000, -0.07499999999999998335 ) ) ;
#4773 = ORIENTED_EDGE ( 'NONE', *, *, #4117, .T. ) ;
#4774 = EDGE_LOOP ( 'NONE', ( #3867, #7719, #6546, #1194, #3734, #7931 ) ) ;
#4775 = CIRCLE ( 'NONE', #1271, 0.2999999999999997113 ) ;
#4776 = ORIENTED_EDGE ( 'NONE', *, *, #7714, .T. ) ;
#4777 = VECTOR ( 'NONE', #3244, 1000.000000000000114 ) ;
#4778 =( GEOMETRIC_REPRESENTATION_CONTEXT ( 3 ) GLOBAL_UNCERTAINTY_ASSIGNED_CONTEXT ( ( #4894 ) ) GLOBAL_UNIT_ASSIGNED_CONTEXT ( ( #6806, #6340, #7485 ) ) REPRESENTATION_CONTEXT ( 'NONE', 'WORKASPACE' ) );
#4779 = VECTOR ( 'NONE', #1445, 1000.000000000000000 ) ;
#4780 = VECTOR ( 'NONE', #1263, 1000.000000000000000 ) ;
#4781 = ORIENTED_EDGE ( 'NONE', *, *, #8033, .T. ) ;
#4782 = DIRECTION ( 'NONE',  ( 1.000000000000000000, 0.000000000000000000, 0.000000000000000000 ) ) ;
#4783 = LINE ( 'NONE', #4033, #7610 ) ;
#4784 = LINE ( 'NONE', #813, #1144 ) ;
#4785 = CARTESIAN_POINT ( 'NONE',  ( 0.3250000000000000111, 0.05000000000000000971, -1.100000000000000089 ) ) ;
#4786 = ORIENTED_EDGE ( 'NONE', *, *, #7619, .T. ) ;
#4787 = ADVANCED_FACE ( 'NONE', ( #2964 ), #8029, .T. ) ;
#4788 = ORIENTED_EDGE ( 'NONE', *, *, #6778, .F. ) ;
#4789 = FACE_OUTER_BOUND ( 'NONE', #1739, .T. ) ;
#4790 = VERTEX_POINT ( 'NONE', #1001 ) ;
#4791 = PRESENTATION_LAYER_ASSIGNMENT (  '', '', ( #5187 ) ) ;
#4792 = DIRECTION ( 'NONE',  ( 1.000000000000000000, 0.000000000000000000, 0.000000000000000000 ) ) ;
#4793 = AXIS2_PLACEMENT_3D ( 'NONE', #4890, #542, #972 ) ;
#4794 = VECTOR ( 'NONE', #4629, 1000.000000000000000 ) ;
#4795 = CARTESIAN_POINT ( 'NONE',  ( 1.550000000000000044, 0.2500000000000001665, 0.5750000000000001776 ) ) ;
#4796 = DIRECTION ( 'NONE',  ( -0.000000000000000000, -0.000000000000000000, -1.000000000000000000 ) ) ;
#4797 = ORIENTED_EDGE ( 'NONE', *, *, #6971, .T. ) ;
#4798 = COLOUR_RGB ( '',0.7921568627450980005, 0.8196078431372548767, 0.9333333333333333481 ) ;
#4799 = LINE ( 'NONE', #183, #1020 ) ;
#4800 = CARTESIAN_POINT ( 'NONE',  ( -1.050000000000000044, 0.000000000000000000, 1.025000000000000355 ) ) ;
#4801 = CARTESIAN_POINT ( 'NONE',  ( -1.749999999999999778, 0.2499999999999999445, -1.024999999999999911 ) ) ;
#4802 = DIRECTION ( 'NONE',  ( -0.000000000000000000, 0.000000000000000000, -1.000000000000000000 ) ) ;
#4803 = ADVANCED_FACE ( 'NONE', ( #6133 ), #5505, .T. ) ;
#4804 = EDGE_LOOP ( 'NONE', ( #5454, #5748, #2549, #7132, #7473, #2904, #3296, #6150 ) ) ;
#4805 = PLANE ( 'NONE',  #318 ) ;
#4806 = DIRECTION ( 'NONE',  ( -0.1305261922200450231, -0.9914448613738112703, 0.000000000000000000 ) ) ;
#4807 = VERTEX_POINT ( 'NONE', #7488 ) ;
#4808 = CYLINDRICAL_SURFACE ( 'NONE', #1111, 0.1000000000000000333 ) ;
#4809 = ORIENTED_EDGE ( 'NONE', *, *, #3408, .F. ) ;
#4810 = LINE ( 'NONE', #7994, #6391 ) ;
#4811 = DIRECTION ( 'NONE',  ( 0.000000000000000000, 1.000000000000000000, 0.000000000000000000 ) ) ;
#4812 = EDGE_CURVE ( 'NONE', #5336, #1216, #3834, .T. ) ;
#4813 = DIRECTION ( 'NONE',  ( -1.000000000000000000, 0.000000000000000000, 0.000000000000000000 ) ) ;
#4814 = CARTESIAN_POINT ( 'NONE',  ( 1.717086875603152984, 1.000000000000000000, -0.9999999999999997780 ) ) ;
#4815 = ADVANCED_FACE ( 'NONE', ( #4297 ), #4425, .F. ) ;
#4816 = VERTEX_POINT ( 'NONE', #3131 ) ;
#4817 = CARTESIAN_POINT ( 'NONE',  ( -1.717086875603152984, 1.000000000000000000, -0.6000000000000000888 ) ) ;
#4818 = ORIENTED_EDGE ( 'NONE', *, *, #6682, .F. ) ;
#4819 = EDGE_CURVE ( 'NONE', #5063, #4188, #6213, .T. ) ;
#4820 = PLANE ( 'NONE',  #3983 ) ;
#4821 = FACE_OUTER_BOUND ( 'NONE', #3460, .T. ) ;
#4822 = VERTEX_POINT ( 'NONE', #6890 ) ;
#4823 =( BOUNDED_CURVE ( )  B_SPLINE_CURVE ( 3, ( #2003, #5854, #3935, #5107 ),
 .UNSPECIFIED., .F., .T. ) 
 B_SPLINE_CURVE_WITH_KNOTS ( ( 4, 4 ),
 ( 1.570796326794899889, 3.141592653589793116 ),
 .UNSPECIFIED. ) 
 CURVE ( )  GEOMETRIC_REPRESENTATION_ITEM ( )  RATIONAL_B_SPLINE_CURVE ( ( 1.000000000000000000, 0.8047378541243658256, 0.8047378541243658256, 1.000000000000000000 ) ) 
 REPRESENTATION_ITEM ( '' )  );
#4824 = ORIENTED_EDGE ( 'NONE', *, *, #6007, .T. ) ;
#4825 = LINE ( 'NONE', #7379, #5071 ) ;
#4826 = LINE ( 'NONE', #1451, #3211 ) ;
#4827 = DIRECTION ( 'NONE',  ( 0.000000000000000000, 0.000000000000000000, 1.000000000000000000 ) ) ;
#4828 = CARTESIAN_POINT ( 'NONE',  ( -1.050000000000000044, 0.000000000000000000, -0.2249999999999998390 ) ) ;
#4829 = ORIENTED_EDGE ( 'NONE', *, *, #4436, .F. ) ;
#4830 = CARTESIAN_POINT ( 'NONE',  ( -1.050000000000000488, 2.829999999999999627, -0.7500000000000000000 ) ) ;
#4831 = ORIENTED_EDGE ( 'NONE', *, *, #2839, .T. ) ;
#4832 = DIRECTION ( 'NONE',  ( -0.000000000000000000, -1.000000000000000000, -0.000000000000000000 ) ) ;
#4833 = FACE_OUTER_BOUND ( 'NONE', #5537, .T. ) ;
#4834 = ADVANCED_FACE ( 'NONE', ( #5040 ), #1771, .F. ) ;
#4835 = CARTESIAN_POINT ( 'NONE',  ( 1.450000000000000400, 1.000000000000000000, 1.000000000000000000 ) ) ;
#4836 = VERTEX_POINT ( 'NONE', #1733 ) ;
#4837 = DIRECTION ( 'NONE',  ( 1.000000000000000000, 0.000000000000000000, 0.000000000000000000 ) ) ;
#4838 = CARTESIAN_POINT ( 'NONE',  ( 1.350000000000000533, 2.849999999999999645, -1.100000000000000533 ) ) ;
#4839 = DIRECTION ( 'NONE',  ( 0.000000000000000000, 1.000000000000000000, 0.000000000000000000 ) ) ;
#4840 = DIRECTION ( 'NONE',  ( 0.000000000000000000, -1.000000000000000000, 0.000000000000000000 ) ) ;
#4841 = VERTEX_POINT ( 'NONE', #3090 ) ;
#4842 = DIRECTION ( 'NONE',  ( -0.000000000000000000, -1.000000000000000000, -0.000000000000000000 ) ) ;
#4843 = CARTESIAN_POINT ( 'NONE',  ( -1.500000000000000222, 1.000000000000000000, -0.2249999999999998390 ) ) ;
#4844 = ORIENTED_EDGE ( 'NONE', *, *, #3776, .T. ) ;
#4845 = EDGE_CURVE ( 'NONE', #3142, #577, #1322, .T. ) ;
#4846 = ADVANCED_FACE ( 'NONE', ( #1089 ), #5006, .T. ) ;
#4847 = PLANE ( 'NONE',  #831 ) ;
#4848 = EDGE_LOOP ( 'NONE', ( #5915, #8011, #839, #2414, #2267 ) ) ;
#4849 = PLANE ( 'NONE',  #3857 ) ;
#4850 = CARTESIAN_POINT ( 'NONE',  ( -1.351260626809458465, 0.2500000000000000000, 1.750000000000000000 ) ) ;
#4851 = DIRECTION ( 'NONE',  ( 0.000000000000000000, -1.000000000000000000, 0.000000000000000000 ) ) ;
#4852 = CARTESIAN_POINT ( 'NONE',  ( 1.729989406634232729, 1.098004453143893278, 0.5750000000000001776 ) ) ;
#4853 = ORIENTED_EDGE ( 'NONE', *, *, #8335, .F. ) ;
#4854 = EDGE_CURVE ( 'NONE', #7558, #6304, #452, .T. ) ;
#4855 = PLANE ( 'NONE',  #5798 ) ;
#4856 = VERTEX_POINT ( 'NONE', #5088 ) ;
#4857 = DIRECTION ( 'NONE',  ( -1.000000000000000000, 0.000000000000000000, 0.000000000000000000 ) ) ;
#4858 =( LENGTH_UNIT ( ) NAMED_UNIT ( * ) SI_UNIT ( .MILLI., .METRE. ) );
#4859 = ORIENTED_EDGE ( 'NONE', *, *, #4117, .F. ) ;
#4860 = VECTOR ( 'NONE', #4381, 1000.000000000000000 ) ;
#4861 = CONICAL_SURFACE ( 'NONE', #4726, 0.1750000000000000167, 0.1745329251994333364 ) ;
#4862 = EDGE_CURVE ( 'NONE', #6485, #7274, #2500, .T. ) ;
#4863 = CONICAL_SURFACE ( 'NONE', #4345, 0.1750000000000000167, 0.1745329251994333364 ) ;
#4864 = CARTESIAN_POINT ( 'NONE',  ( -0.5000000000000001110, 0.05000000000000000971, -1.200000000000000178 ) ) ;
#4865 = DIRECTION ( 'NONE',  ( -1.000000000000000000, -0.000000000000000000, -0.000000000000000000 ) ) ;
#4866 = CARTESIAN_POINT ( 'NONE',  ( -1.717086875603152984, 1.000000000000000000, 0.5750000000000001776 ) ) ;
#4867 = DIRECTION ( 'NONE',  ( 0.9863939238321431935, 0.1643989873053608997, 0.000000000000000000 ) ) ;
#4868 = ORIENTED_EDGE ( 'NONE', *, *, #7247, .F. ) ;
#4869 = ORIENTED_EDGE ( 'NONE', *, *, #1091, .T. ) ;
#4870 = FACE_OUTER_BOUND ( 'NONE', #3292, .T. ) ;
#4871 = DIRECTION ( 'NONE',  ( 0.000000000000000000, 0.9961946980917455452, 0.08715574274765831853 ) ) ;
#4872 = LINE ( 'NONE', #6169, #5016 ) ;
#4873 = ADVANCED_FACE ( 'NONE', ( #1178 ), #7128, .F. ) ;
#4874 = ORIENTED_EDGE ( 'NONE', *, *, #6900, .T. ) ;
#4875 = CARTESIAN_POINT ( 'NONE',  ( -1.050000000000000044, 0.000000000000000000, 0.5750000000000001776 ) ) ;
#4876 = DIRECTION ( 'NONE',  ( -0.000000000000000000, -0.000000000000000000, -1.000000000000000000 ) ) ;
#4877 = CARTESIAN_POINT ( 'NONE',  ( -0.9000000000000000222, 0.2500000000000000000, 1.750000000000000000 ) ) ;
#4878 = AXIS2_PLACEMENT_3D ( 'NONE', #8214, #5720, #8299 ) ;
#4879 = EDGE_LOOP ( 'NONE', ( #4672, #2214, #8, #7344 ) ) ;
#4880 = EDGE_LOOP ( 'NONE', ( #511, #1752, #4959, #2647, #2165, #7919, #1734, #6751, #1174, #4502 ) ) ;
#4881 = LINE ( 'NONE', #413, #6382 ) ;
#4882 = ORIENTED_EDGE ( 'NONE', *, *, #677, .F. ) ;
#4883 = DIRECTION ( 'NONE',  ( -1.000000000000000000, 0.000000000000000000, 0.000000000000000000 ) ) ;
#4884 = FILL_AREA_STYLE_COLOUR ( '', #1843 ) ;
#4885 = ORIENTED_EDGE ( 'NONE', *, *, #6483, .T. ) ;
#4886 = CARTESIAN_POINT ( 'NONE',  ( -1.749999999999999778, 1.000000000000000000, 1.375000000000000444 ) ) ;
#4887 = ORIENTED_EDGE ( 'NONE', *, *, #5631, .F. ) ;
#4888 = CARTESIAN_POINT ( 'NONE',  ( 0.9000000000000000222, 0.2500000000000000000, 0.1750000000000000167 ) ) ;
#4889 = CARTESIAN_POINT ( 'NONE',  ( -1.025000000000000355, 2.849999999999999645, -1.750000000000000000 ) ) ;
#4890 = CARTESIAN_POINT ( 'NONE',  ( 1.717086875603152984, 1.000000000000000444, 0.5750000000000001776 ) ) ;
#4891 = EDGE_CURVE ( 'NONE', #7835, #8247, #6256, .T. ) ;
#4892 = DIRECTION ( 'NONE',  ( 0.000000000000000000, 0.000000000000000000, 1.000000000000000000 ) ) ;
#4893 = ORIENTED_EDGE ( 'NONE', *, *, #713, .T. ) ;
#4894 = UNCERTAINTY_MEASURE_WITH_UNIT (LENGTH_MEASURE( 1.000000000000000082E-05 ), #6806, 'distance_accuracy_value', 'NONE');
#4895 = DIRECTION ( 'NONE',  ( -1.000000000000000000, 0.000000000000000000, -0.000000000000000000 ) ) ;
#4896 = ORIENTED_EDGE ( 'NONE', *, *, #7929, .F. ) ;
#4897 = CARTESIAN_POINT ( 'NONE',  ( -1.592086875603135887, 0.2500000000000149880, -0.8750000000000000000 ) ) ;
#4898 = ORIENTED_EDGE ( 'NONE', *, *, #5214, .F. ) ;
#4899 = ADVANCED_FACE ( 'NONE', ( #6342 ), #580, .F. ) ;
#4900 = EDGE_CURVE ( 'NONE', #1449, #3071, #8117, .T. ) ;
#4901 = AXIS2_PLACEMENT_3D ( 'NONE', #4756, #1000, #4169 ) ;
#4902 = DIRECTION ( 'NONE',  ( -0.9863939238321444147, 0.1643989873053531559, -1.425933913527083651E-15 ) ) ;
#4903 = LINE ( 'NONE', #6158, #1721 ) ;
#4904 = VECTOR ( 'NONE', #860, 1000.000000000000000 ) ;
#4905 = LINE ( 'NONE', #7553, #2978 ) ;
#4906 = CIRCLE ( 'NONE', #5170, 0.2999999999999998224 ) ;
#4907 = DIRECTION ( 'NONE',  ( 0.000000000000000000, -1.000000000000000000, 0.000000000000000000 ) ) ;
#4908 = CARTESIAN_POINT ( 'NONE',  ( 0.000000000000000000, 2.849999999999999645, -0.7500000000000000000 ) ) ;
#4909 = ORIENTED_EDGE ( 'NONE', *, *, #1146, .T. ) ;
#4910 = ORIENTED_EDGE ( 'NONE', *, *, #4737, .F. ) ;
#4911 = FACE_OUTER_BOUND ( 'NONE', #7169, .T. ) ;
#4912 = EDGE_CURVE ( 'NONE', #1513, #609, #2373, .T. ) ;
#4913 = ORIENTED_EDGE ( 'NONE', *, *, #498, .T. ) ;
#4914 = CARTESIAN_POINT ( 'NONE',  ( 1.749999999999999778, 0.2500000000000001665, 1.025000000000000355 ) ) ;
#4915 = AXIS2_PLACEMENT_3D ( 'NONE', #957, #998, #6131 ) ;
#4916 = VECTOR ( 'NONE', #7341, 1000.000000000000000 ) ;
#4917 = DIRECTION ( 'NONE',  ( -0.000000000000000000, -0.000000000000000000, -1.000000000000000000 ) ) ;
#4918 = CARTESIAN_POINT ( 'NONE',  ( -1.717086875603152984, 1.000000000000000000, 1.750000000000000000 ) ) ;
#4919 = ORIENTED_EDGE ( 'NONE', *, *, #5291, .T. ) ;
#4920 = DIRECTION ( 'NONE',  ( 0.000000000000000000, 0.000000000000000000, -1.000000000000000000 ) ) ;
#4921 = DIRECTION ( 'NONE',  ( 1.000000000000000000, 0.000000000000000000, 0.000000000000000000 ) ) ;
#4922 = CARTESIAN_POINT ( 'NONE',  ( -1.512204988820510243, 2.820638090550430466, 1.512204988820498475 ) ) ;
#4923 = AXIS2_PLACEMENT_3D ( 'NONE', #4181, #969, #3550 ) ;
#4924 = ORIENTED_EDGE ( 'NONE', *, *, #4175, .F. ) ;
#4925 = VECTOR ( 'NONE', #1921, 1000.000000000000000 ) ;
#4926 = AXIS2_PLACEMENT_3D ( 'NONE', #2210, #1442, #2164 ) ;
#4927 = PLANE ( 'NONE',  #3055 ) ;
#4928 = EDGE_CURVE ( 'NONE', #2100, #4790, #8166, .T. ) ;
#4929 = ORIENTED_EDGE ( 'NONE', *, *, #3097, .T. ) ;
#4930 = PLANE ( 'NONE',  #1164 ) ;
#4931 = ADVANCED_FACE ( 'NONE', ( #3758 ), #541, .F. ) ;
#4932 = FACE_OUTER_BOUND ( 'NONE', #1005, .T. ) ;
#4933 = STYLED_ITEM ( 'NONE', ( #6592 ), #3204 ) ;
#4934 = AXIS2_PLACEMENT_3D ( 'NONE', #1652, #4851, #3604 ) ;
#4935 = ORIENTED_EDGE ( 'NONE', *, *, #2812, .T. ) ;
#4936 = CARTESIAN_POINT ( 'NONE',  ( 1.717086875603152984, 1.000000000000000000, -0.2000000000000000944 ) ) ;
#4937 = ORIENTED_EDGE ( 'NONE', *, *, #482, .T. ) ;
#4938 = PLANE ( 'NONE',  #7464 ) ;
#4939 = PLANE ( 'NONE',  #5912 ) ;
#4940 = DIRECTION ( 'NONE',  ( -1.000000000000000000, 0.000000000000000000, 0.000000000000000000 ) ) ;
#4941 = PRESENTATION_LAYER_ASSIGNMENT (  '', '', ( #1569 ) ) ;
#4942 = VERTEX_POINT ( 'NONE', #3915 ) ;
#4943 = DIRECTION ( 'NONE',  ( 0.000000000000000000, 0.000000000000000000, 1.000000000000000000 ) ) ;
#4944 =( GEOMETRIC_REPRESENTATION_CONTEXT ( 3 ) GLOBAL_UNCERTAINTY_ASSIGNED_CONTEXT ( ( #5390 ) ) GLOBAL_UNIT_ASSIGNED_CONTEXT ( ( #4858, #7420, #4613 ) ) REPRESENTATION_CONTEXT ( 'NONE', 'WORKASPACE' ) );
#4945 = VERTEX_POINT ( 'NONE', #2666 ) ;
#4946 = EDGE_CURVE ( 'NONE', #6217, #1401, #3330, .T. ) ;
#4947 = PLANE ( 'NONE',  #3727 ) ;
#4948 = CARTESIAN_POINT ( 'NONE',  ( -1.749999999999999778, 0.2499999999999999445, 0.5750000000000001776 ) ) ;
#4949 = ORIENTED_EDGE ( 'NONE', *, *, #5402, .F. ) ;
#4950 = CARTESIAN_POINT ( 'NONE',  ( 1.350000000000000089, 2.849999999999999645, 1.100000000000000089 ) ) ;
#4951 = EDGE_CURVE ( 'NONE', #6990, #1838, #7811, .T. ) ;
#4952 = FACE_OUTER_BOUND ( 'NONE', #3206, .T. ) ;
#4953 = DIRECTION ( 'NONE',  ( -1.000000000000000000, 0.000000000000000000, -3.469446951953614682E-16 ) ) ;
#4954 = DIRECTION ( 'NONE',  ( -0.1300379154054214781, -0.9877360307509845949, -0.08641570524680476650 ) ) ;
#4955 = DIRECTION ( 'NONE',  ( 1.000000000000000000, -6.023345402697249184E-17, 0.000000000000000000 ) ) ;
#4956 = VERTEX_POINT ( 'NONE', #7131 ) ;
#4957 = VERTEX_POINT ( 'NONE', #2732 ) ;
#4958 = CARTESIAN_POINT ( 'NONE',  ( -0.8999999999999999112, 0.2500000000000000000, 0.1164213562373095229 ) ) ;
#4959 = ORIENTED_EDGE ( 'NONE', *, *, #821, .F. ) ;
#4960 = PLANE ( 'NONE',  #1685 ) ;
#4961 = DIRECTION ( 'NONE',  ( 0.000000000000000000, -0.9848077530122080203, -0.1736481776669307198 ) ) ;
#4962 = LINE ( 'NONE', #7434, #8239 ) ;
#4963 = ADVANCED_FACE ( 'NONE', ( #3879 ), #1453, .F. ) ;
#4964 = ORIENTED_EDGE ( 'NONE', *, *, #213, .T. ) ;
#4965 = DIRECTION ( 'NONE',  ( 0.000000000000000000, -1.000000000000000000, 0.000000000000000000 ) ) ;
#4966 = CARTESIAN_POINT ( 'NONE',  ( 1.050000000000000044, 0.2000000000000001776, 1.375000000000000444 ) ) ;
#4967 = CARTESIAN_POINT ( 'NONE',  ( -1.592086875603135887, 1.000000000000000000, -0.8750000000000000000 ) ) ;
#4968 = ORIENTED_EDGE ( 'NONE', *, *, #4224, .T. ) ;
#4969 = CARTESIAN_POINT ( 'NONE',  ( -1.750000000000000222, 1.249999999999999778, -1.650759972456910640 ) ) ;
#4970 = ORIENTED_EDGE ( 'NONE', *, *, #3307, .T. ) ;
#4971 = VECTOR ( 'NONE', #3700, 1000.000000000000000 ) ;
#4972 = FACE_OUTER_BOUND ( 'NONE', #7456, .T. ) ;
#4973 = CYLINDRICAL_SURFACE ( 'NONE', #2253, 0.2499999999999995837 ) ;
#4974 = EDGE_CURVE ( 'NONE', #6170, #6981, #8322, .T. ) ;
#4975 = CARTESIAN_POINT ( 'NONE',  ( 1.550000000000000044, 1.000000000000000444, 0.5750000000000001776 ) ) ;
#4976 = VERTEX_POINT ( 'NONE', #3998 ) ;
#4977 = DIRECTION ( 'NONE',  ( 1.000000000000000000, 0.000000000000000000, 0.000000000000000000 ) ) ;
#4978 = DIRECTION ( 'NONE',  ( 1.084202172485504040E-15, 0.000000000000000000, 1.000000000000000000 ) ) ;
#4979 = VECTOR ( 'NONE', #818, 1000.000000000000000 ) ;
#4980 = CARTESIAN_POINT ( 'NONE',  ( 1.050000000000000044, 0.2000000000000001776, -1.375000000000000000 ) ) ;
#4981 = ORIENTED_EDGE ( 'NONE', *, *, #3431, .F. ) ;
#4982 = CARTESIAN_POINT ( 'NONE',  ( -1.351260626809458465, 0.2500000000000000000, 0.8750000000000000000 ) ) ;
#4983 = ORIENTED_EDGE ( 'NONE', *, *, #6840, .T. ) ;
#4984 = LINE ( 'NONE', #1231, #3454 ) ;
#4985 = CARTESIAN_POINT ( 'NONE',  ( 1.351260626809458465, 0.2500000000000000000, 1.750000000000000000 ) ) ;
#4986 = ORIENTED_EDGE ( 'NONE', *, *, #3602, .T. ) ;
#4987 = VECTOR ( 'NONE', #7108, 1000.000000000000227 ) ;
#4988 = VECTOR ( 'NONE', #4165, 1000.000000000000000 ) ;
#4989 = CARTESIAN_POINT ( 'NONE',  ( 1.550000000000000044, 1.000000000000000444, -1.024999999999999911 ) ) ;
#4990 = DIRECTION ( 'NONE',  ( 1.000000000000000000, 0.000000000000000000, 0.000000000000000000 ) ) ;
#4991 = LINE ( 'NONE', #2358, #6502 ) ;
#4993 = DIRECTION ( 'NONE',  ( -0.08682659386424053383, -0.9924325091389677445, -0.08682659386424790293 ) ) ;
#4992 = VECTOR ( 'NONE', #3660, 1000.000000000000114 ) ;
#4994 = VERTEX_POINT ( 'NONE', #622 ) ;
#4995 = ORIENTED_EDGE ( 'NONE', *, *, #4555, .T. ) ;
#4996 = ORIENTED_EDGE ( 'NONE', *, *, #7809, .T. ) ;
#4997 = DIRECTION ( 'NONE',  ( -1.000000000000000000, 0.000000000000000000, 0.000000000000000000 ) ) ;
#4998 = EDGE_CURVE ( 'NONE', #7102, #3252, #2625, .T. ) ;
#4999 = EDGE_LOOP ( 'NONE', ( #434, #5873, #5535, #3870 ) ) ;
#5000 = EDGE_CURVE ( 'NONE', #6732, #7537, #7214, .T. ) ;
#5001 = CARTESIAN_POINT ( 'NONE',  ( -1.550000000000000044, 1.000000000000000000, -0.2249999999999998390 ) ) ;
#5002 = LINE ( 'NONE', #617, #5412 ) ;
#5003 = EDGE_LOOP ( 'NONE', ( #2365, #6693, #5198, #6166, #4268 ) ) ;
#5004 = DIRECTION ( 'NONE',  ( -0.2079116908177522371, -0.9781476007338070211, -0.000000000000000000 ) ) ;
#5005 = DIRECTION ( 'NONE',  ( 0.000000000000000000, 0.000000000000000000, 1.000000000000000000 ) ) ;
#5006 = PLANE ( 'NONE',  #809 ) ;
#5007 = ORIENTED_EDGE ( 'NONE', *, *, #4343, .T. ) ;
#5008 = LINE ( 'NONE', #3256, #7460 ) ;
#5009 = ORIENTED_EDGE ( 'NONE', *, *, #7974, .F. ) ;
#5010 = CARTESIAN_POINT ( 'NONE',  ( 1.351260626809458465, 0.2500000000000000000, 0.7250000000000001998 ) ) ;
#5011 = EDGE_CURVE ( 'NONE', #2697, #6191, #5886, .T. ) ;
#5012 = ADVANCED_FACE ( 'NONE', ( #5904 ), #8328, .T. ) ;
#5013 = DIRECTION ( 'NONE',  ( 1.000000000000000000, 0.000000000000000000, 0.000000000000000000 ) ) ;
#5014 = CARTESIAN_POINT ( 'NONE',  ( 0.8574886876659970625, 0.05000000000000000971, -0.6250000000000003331 ) ) ;
#5015 = EDGE_LOOP ( 'NONE', ( #1113, #3286, #8319, #46, #3535 ) ) ;
#5016 = VECTOR ( 'NONE', #2325, 1000.000000000000227 ) ;
#5017 = LINE ( 'NONE', #3177, #5978 ) ;
#5018 = CARTESIAN_POINT ( 'NONE',  ( 1.657741589945756600, 1.250040062673927643, 1.749996494970756933 ) ) ;
#5019 = FACE_OUTER_BOUND ( 'NONE', #1209, .T. ) ;
#5020 = EDGE_CURVE ( 'NONE', #6180, #6009, #781, .T. ) ;
#5021 = CARTESIAN_POINT ( 'NONE',  ( 1.500000000000000000, 0.2500000000000001665, -0.2249999999999998390 ) ) ;
#5022 = VERTEX_POINT ( 'NONE', #3217 ) ;
#5023 = FACE_OUTER_BOUND ( 'NONE', #7124, .T. ) ;
#5024 = CARTESIAN_POINT ( 'NONE',  ( 0.000000000000000000, 0.05000000000000000971, 0.000000000000000000 ) ) ;
#5025 = ORIENTED_EDGE ( 'NONE', *, *, #5977, .F. ) ;
#5026 = CARTESIAN_POINT ( 'NONE',  ( 0.8999999999999999112, 0.2500000000000000000, -0.9164213562373095812 ) ) ;
#5027 = FACE_OUTER_BOUND ( 'NONE', #2320, .T. ) ;
#5028 = CARTESIAN_POINT ( 'NONE',  ( 1.729989406634232729, 1.098004453143893278, 1.025000000000000355 ) ) ;
#5029 = CARTESIAN_POINT ( 'NONE',  ( -0.9000000000000000222, 0.2500000000000000000, 0.6250000000000001110 ) ) ;
#5030 = CYLINDRICAL_SURFACE ( 'NONE', #4301, 0.1000000000000001166 ) ;
#5031 = VERTEX_POINT ( 'NONE', #5238 ) ;
#5032 = ORIENTED_EDGE ( 'NONE', *, *, #36, .F. ) ;
#5033 = FACE_OUTER_BOUND ( 'NONE', #3135, .T. ) ;
#5034 = VECTOR ( 'NONE', #4092, 1000.000000000000000 ) ;
#5035 = VECTOR ( 'NONE', #1088, 1000.000000000000000 ) ;
#5036 = EDGE_LOOP ( 'NONE', ( #6426, #4818, #7476, #7360 ) ) ;
#5037 = EDGE_CURVE ( 'NONE', #8198, #4074, #7846, .T. ) ;
#5038 = ADVANCED_FACE ( 'NONE', ( #5163 ), #1941, .F. ) ;
#5039 = PLANE ( 'NONE',  #3848 ) ;
#5040 = FACE_OUTER_BOUND ( 'NONE', #1761, .T. ) ;
#5041 = EDGE_LOOP ( 'NONE', ( #3507, #4429, #137, #272 ) ) ;
#5042 = CARTESIAN_POINT ( 'NONE',  ( 0.9000000000000000222, 0.2500000000000000000, 1.750000000000000000 ) ) ;
#5043 = VERTEX_POINT ( 'NONE', #3289 ) ;
#5044 = VECTOR ( 'NONE', #4136, 1000.000000000000000 ) ;
#5045 = DIRECTION ( 'NONE',  ( 0.000000000000000000, 0.000000000000000000, 1.000000000000000000 ) ) ;
#5046 = VECTOR ( 'NONE', #43, 1000.000000000000000 ) ;
#5047 = VECTOR ( 'NONE', #1269, 1000.000000000000000 ) ;
#5048 = FACE_OUTER_BOUND ( 'NONE', #1540, .T. ) ;
#5049 = ORIENTED_EDGE ( 'NONE', *, *, #5533, .T. ) ;
#5050 = AXIS2_PLACEMENT_3D ( 'NONE', #7210, #3525, #7338 ) ;
#5051 = AXIS2_PLACEMENT_3D ( 'NONE', #1464, #1548, #5337 ) ;
#5052 = AXIS2_PLACEMENT_3D ( 'NONE', #4106, #248, #981 ) ;
#5053 = VECTOR ( 'NONE', #5973, 1000.000000000000000 ) ;
#5054 = DIRECTION ( 'NONE',  ( 0.000000000000000000, 0.000000000000000000, 1.000000000000000000 ) ) ;
#5055 = EDGE_CURVE ( 'NONE', #3299, #2725, #7055, .T. ) ;
#5056 = CARTESIAN_POINT ( 'NONE',  ( 1.721114865929781468, 1.249666247164334054, 1.721553270611718478 ) ) ;
#5057 = DIRECTION ( 'NONE',  ( 1.000000000000000000, 0.000000000000000000, 0.000000000000000000 ) ) ;
#5058 = AXIS2_PLACEMENT_3D ( 'NONE', #6606, #2137, #2179 ) ;
#5059 = AXIS2_PLACEMENT_3D ( 'NONE', #4084, #3450, #2355 ) ;
#5060 = AXIS2_PLACEMENT_3D ( 'NONE', #6765, #1007, #2430 ) ;
#5061 = PRODUCT_DEFINITION_CONTEXT ( 'detailed design', #3406, 'design' ) ;
#5062 = CARTESIAN_POINT ( 'NONE',  ( -0.3250000000000000111, 0.05000000000000000971, 0.9250000000000000444 ) ) ;
#5063 = VERTEX_POINT ( 'NONE', #7167 ) ;
#5064 = FACE_OUTER_BOUND ( 'NONE', #4298, .T. ) ;
#5065 = AXIS2_PLACEMENT_3D ( 'NONE', #8064, #2367, #4871 ) ;
#5067 = EDGE_LOOP ( 'NONE', ( #8263, #8156, #5084, #2501 ) ) ;
#5066 = CARTESIAN_POINT ( 'NONE',  ( 1.050000000000000488, 2.849999999999999645, -0.7500000000000001110 ) ) ;
#5068 = EDGE_CURVE ( 'NONE', #3269, #1621, #1410, .T. ) ;
#5069 = EDGE_LOOP ( 'NONE', ( #3006, #7573, #5204, #751, #5196, #7901, #1203, #6871, #6768, #6277, #946, #5501 ) ) ;
#5070 = AXIS2_PLACEMENT_3D ( 'NONE', #6698, #8014, #1489 ) ;
#5071 = VECTOR ( 'NONE', #2176, 1000.000000000000000 ) ;
#5072 = DIRECTION ( 'NONE',  ( -0.000000000000000000, -0.9848077530122080203, 0.1736481776669307198 ) ) ;
#5073 = EDGE_CURVE ( 'NONE', #1078, #4078, #3362, .T. ) ;
#5074 = DIRECTION ( 'NONE',  ( -0.000000000000000000, -0.000000000000000000, -1.000000000000000000 ) ) ;
#5075 = DIRECTION ( 'NONE',  ( -0.000000000000000000, -0.000000000000000000, -1.000000000000000000 ) ) ;
#5076 = DIRECTION ( 'NONE',  ( 0.9914448613738112703, 0.1305261922200450508, -0.000000000000000000 ) ) ;
#5077 = DIRECTION ( 'NONE',  ( 1.000000000000000000, 0.000000000000000000, -0.000000000000000000 ) ) ;
#5078 = ORIENTED_EDGE ( 'NONE', *, *, #5419, .T. ) ;
#5079 = ORIENTED_EDGE ( 'NONE', *, *, #1248, .F. ) ;
#5080 = VERTEX_POINT ( 'NONE', #1984 ) ;
#5081 = ORIENTED_EDGE ( 'NONE', *, *, #7206, .T. ) ;
#5082 = CARTESIAN_POINT ( 'NONE',  ( -1.729989406634232729, 1.098004453143892833, 1.375000000000000444 ) ) ;
#5083 = DIRECTION ( 'NONE',  ( 0.2079116908177522371, -0.9781476007338070211, -0.000000000000000000 ) ) ;
#5084 = ORIENTED_EDGE ( 'NONE', *, *, #2207, .F. ) ;
#5085 = DIRECTION ( 'NONE',  ( 0.000000000000000000, 0.000000000000000000, 1.000000000000000000 ) ) ;
#5086 = PLANE ( 'NONE',  #5855 ) ;
#5087 = DIRECTION ( 'NONE',  ( -1.000000000000000000, 0.000000000000000000, 0.000000000000000000 ) ) ;
#5088 = CARTESIAN_POINT ( 'NONE',  ( 1.749999999999999778, 0.2500000000000001665, -0.2249999999999998390 ) ) ;
#5089 = ORIENTED_EDGE ( 'NONE', *, *, #7136, .T. ) ;
#5090 = LINE ( 'NONE', #6345, #3314 ) ;
#5091 = VERTEX_POINT ( 'NONE', #4828 ) ;
#5092 = CARTESIAN_POINT ( 'NONE',  ( -0.3250000000000000111, 0.3499999999999999778, 0.9778980942125397036 ) ) ;
#5093 =( BOUNDED_CURVE ( )  B_SPLINE_CURVE ( 3, ( #8321, #2542, #5702, #575 ),
 .UNSPECIFIED., .F., .F. ) 
 B_SPLINE_CURVE_WITH_KNOTS ( ( 4, 4 ),
 ( 4.712388980384689674, 6.283185307179586232 ),
 .UNSPECIFIED. ) 
 CURVE ( )  GEOMETRIC_REPRESENTATION_ITEM ( )  RATIONAL_B_SPLINE_CURVE ( ( 1.000000000000000000, 0.8047378541243649375, 0.8047378541243649375, 1.000000000000000000 ) ) 
 REPRESENTATION_ITEM ( '' )  );
#5094 = EDGE_CURVE ( 'NONE', #6598, #479, #6608, .T. ) ;
#5095 = CARTESIAN_POINT ( 'NONE',  ( -1.050000000000000266, 2.849999999999999645, 1.100000000000000089 ) ) ;
#5096 = DIRECTION ( 'NONE',  ( -0.000000000000000000, -0.000000000000000000, -1.000000000000000000 ) ) ;
#5097 = ORIENTED_EDGE ( 'NONE', *, *, #3946, .F. ) ;
#5098 = CARTESIAN_POINT ( 'NONE',  ( 1.749999999999999778, 0.2500000000000001665, 1.375000000000000444 ) ) ;
#5099 = CARTESIAN_POINT ( 'NONE',  ( 1.728071343489106848, 1.249632614000897535, 1.712907117815016811 ) ) ;
#5100 = AXIS2_PLACEMENT_3D ( 'NONE', #1582, #4867, #3392 ) ;
#5101 = CYLINDRICAL_SURFACE ( 'NONE', #4114, 0.09999999999999993616 ) ;
#5102 = ADVANCED_FACE ( 'NONE', ( #2225 ), #110, .F. ) ;
#5103 = CARTESIAN_POINT ( 'NONE',  ( 1.500000000000000000, 2.710505431213761085E-16, -1.024999999999999911 ) ) ;
#5104 = ORIENTED_EDGE ( 'NONE', *, *, #573, .T. ) ;
#5105 = CIRCLE ( 'NONE', #7380, 0.2999999999999997113 ) ;
#5106 = DIRECTION ( 'NONE',  ( 1.000000000000000000, -0.000000000000000000, -0.000000000000000000 ) ) ;
#5107 = CARTESIAN_POINT ( 'NONE',  ( 0.8574886876659970625, 0.05000000000000000971, 0.9749999999999999778 ) ) ;
#5108 = CARTESIAN_POINT ( 'NONE',  ( 1.592086875603169638, 1.000000000000000000, -0.7250000000000000888 ) ) ;
#5109 = ADVANCED_FACE ( 'NONE', ( #218 ), #7427, .F. ) ;
#5110 = CARTESIAN_POINT ( 'NONE',  ( -1.500000000000000000, 0.1999999999999999833, 0.5750000000000001776 ) ) ;
#5111 = CARTESIAN_POINT ( 'NONE',  ( 1.500000000000000000, 0.2000000000000001499, -0.5749999999999998446 ) ) ;
#5112 = DIRECTION ( 'NONE',  ( -1.000000000000000000, 0.000000000000000000, 0.000000000000000000 ) ) ;
#5113 = FACE_OUTER_BOUND ( 'NONE', #7201, .T. ) ;
#5114 = VERTEX_POINT ( 'NONE', #6661 ) ;
#5115 = VERTEX_POINT ( 'NONE', #4701 ) ;
#5116 = VERTEX_POINT ( 'NONE', #6701 ) ;
#5117 = EDGE_CURVE ( 'NONE', #7041, #392, #259, .T. ) ;
#5118 = CARTESIAN_POINT ( 'NONE',  ( 1.617371406666318956, 1.000000000000000000, -1.728127834118519113 ) ) ;
#5119 = CARTESIAN_POINT ( 'NONE',  ( -1.050000000000000044, 0.2000000000000000111, -1.375000000000000000 ) ) ;
#5120 = VECTOR ( 'NONE', #1140, 1000.000000000000000 ) ;
#5121 = VERTEX_POINT ( 'NONE', #3569 ) ;
#5122 = CARTESIAN_POINT ( 'NONE',  ( 1.500000000000000000, 0.2000000000000001499, -0.2249999999999998390 ) ) ;
#5123 = CARTESIAN_POINT ( 'NONE',  ( -1.600858326667671028, 2.954697126710011279, -1.161187743410327267 ) ) ;
#5124 = CARTESIAN_POINT ( 'NONE',  ( -1.703141996752155718, 1.249805168861883420, 1.734971680370202662 ) ) ;
#5125 = DIRECTION ( 'NONE',  ( -0.000000000000000000, -0.9848077530122080203, -0.1736481776669307198 ) ) ;
#5126 = ORIENTED_EDGE ( 'NONE', *, *, #6886, .T. ) ;
#5127 = ORIENTED_EDGE ( 'NONE', *, *, #2952, .F. ) ;
#5128 = DIRECTION ( 'NONE',  ( 0.000000000000000000, 0.000000000000000000, 1.000000000000000000 ) ) ;
#5129 = ORIENTED_EDGE ( 'NONE', *, *, #893, .T. ) ;
#5130 = LINE ( 'NONE', #2552, #2513 ) ;
#5131 = VECTOR ( 'NONE', #7281, 1000.000000000000000 ) ;
#5132 = AXIS2_PLACEMENT_3D ( 'NONE', #3237, #4565, #83 ) ;
#5133 = DIRECTION ( 'NONE',  ( 0.000000000000000000, 0.000000000000000000, 1.000000000000000000 ) ) ;
#5134 = DIRECTION ( 'NONE',  ( 0.000000000000000000, -1.000000000000000000, 0.000000000000000000 ) ) ;
#5135 = VERTEX_POINT ( 'NONE', #8017 ) ;
#5136 = DIRECTION ( 'NONE',  ( 1.000000000000000000, 0.000000000000000000, 0.000000000000000000 ) ) ;
#5137 = CARTESIAN_POINT ( 'NONE',  ( 1.672329603199613324, 1.250000877347979822, 1.747566588719265956 ) ) ;
#5138 = DIRECTION ( 'NONE',  ( -1.000000000000000000, 6.023345402697249184E-17, -0.000000000000000000 ) ) ;
#5139 = CIRCLE ( 'NONE', #432, 0.04999999999999991257 ) ;
#5140 = DIRECTION ( 'NONE',  ( -1.000000000000000000, -0.000000000000000000, -0.000000000000000000 ) ) ;
#5141 = VERTEX_POINT ( 'NONE', #7292 ) ;
#5142 = DIRECTION ( 'NONE',  ( -1.000000000000000000, 0.000000000000000000, 0.000000000000000000 ) ) ;
#5143 = EDGE_CURVE ( 'NONE', #3038, #4332, #1532, .T. ) ;
#5144 = ADVANCED_FACE ( 'NONE', ( #6746 ), #7383, .T. ) ;
#5145 = CARTESIAN_POINT ( 'NONE',  ( -1.050000000000000044, 0.2000000000000000111, -0.2249999999999998390 ) ) ;
#5146 = DIRECTION ( 'NONE',  ( 0.000000000000000000, 1.000000000000000000, -0.000000000000000000 ) ) ;
#5147 = CARTESIAN_POINT ( 'NONE',  ( 0.9000000000000000222, 0.2500000000000000000, -0.9749999999999999778 ) ) ;
#5148 = CARTESIAN_POINT ( 'NONE',  ( -1.617371406666318956, 1.000000000000000000, 1.728127834118518891 ) ) ;
#5149 = CARTESIAN_POINT ( 'NONE',  ( -1.592086875603135887, 0.2500000000000149880, -0.7250000000000000888 ) ) ;
#5150 = ADVANCED_FACE ( 'NONE', ( #4119 ), #902, .F. ) ;
#5151 = DIRECTION ( 'NONE',  ( 0.000000000000000000, 0.000000000000000000, 1.000000000000000000 ) ) ;
#5152 = EDGE_CURVE ( 'NONE', #1112, #6676, #1492, .T. ) ;
#5153 = LINE ( 'NONE', #651, #4777 ) ;
#5154 = ORIENTED_EDGE ( 'NONE', *, *, #7036, .T. ) ;
#5155 = ORIENTED_EDGE ( 'NONE', *, *, #2717, .F. ) ;
#5156 = ORIENTED_EDGE ( 'NONE', *, *, #7709, .F. ) ;
#5157 = DIRECTION ( 'NONE',  ( -0.9914448613738111593, 0.1305261922200454394, 0.000000000000000000 ) ) ;
#5158 = DIRECTION ( 'NONE',  ( -1.000000000000000000, -0.000000000000000000, -0.000000000000000000 ) ) ;
#5159 = ORIENTED_EDGE ( 'NONE', *, *, #8031, .T. ) ;
#5160 = CARTESIAN_POINT ( 'NONE',  ( -1.729989406634232729, 1.098004453143892833, -1.024999999999999911 ) ) ;
#5161 = DIRECTION ( 'NONE',  ( -0.000000000000000000, 0.000000000000000000, 1.000000000000000000 ) ) ;
#5162 = CARTESIAN_POINT ( 'NONE',  ( -1.683156523338335875, 1.249959048233957315, 1.745138556358963200 ) ) ;
#5163 = FACE_OUTER_BOUND ( 'NONE', #322, .T. ) ;
#5164 = EDGE_LOOP ( 'NONE', ( #5674, #3169, #1371, #4964 ) ) ;
#5165 = ORIENTED_EDGE ( 'NONE', *, *, #4242, .T. ) ;
#5166 = LINE ( 'NONE', #1815, #1965 ) ;
#5167 = ADVANCED_FACE ( 'NONE', ( #5408 ), #4075, .F. ) ;
#5168 = ORIENTED_EDGE ( 'NONE', *, *, #3431, .T. ) ;
#5169 = DIRECTION ( 'NONE',  ( -1.000000000000000000, 0.000000000000000000, 0.000000000000000000 ) ) ;
#5170 = AXIS2_PLACEMENT_3D ( 'NONE', #5218, #1466, #3297 ) ;
#5171 = DIRECTION ( 'NONE',  ( 0.000000000000000000, 0.000000000000000000, -1.000000000000000000 ) ) ;
#5172 = ORIENTED_EDGE ( 'NONE', *, *, #1740, .F. ) ;
#5173 = EDGE_CURVE ( 'NONE', #5622, #4180, #5947, .T. ) ;
#5174 = LINE ( 'NONE', #5916, #1826 ) ;
#5175 = CARTESIAN_POINT ( 'NONE',  ( -1.610018138358533246, 2.849999999999999645, -0.3450000000000000289 ) ) ;
#5176 = AXIS2_PLACEMENT_3D ( 'NONE', #2456, #8199, #1805 ) ;
#5177 = AXIS2_PLACEMENT_3D ( 'NONE', #1929, #4490, #1279 ) ;
#5178 = DIRECTION ( 'NONE',  ( 0.000000000000000000, 0.000000000000000000, 1.000000000000000000 ) ) ;
#5179 = MANIFOLD_SOLID_BREP ( 'Boss-Extrude4[1]', #4670 ) ;
#5180 = AXIS2_PLACEMENT_3D ( 'NONE', #6216, #455, #5470 ) ;
#5181 = VECTOR ( 'NONE', #286, 1000.000000000000000 ) ;
#5182 = VECTOR ( 'NONE', #6355, 1000.000000000000000 ) ;
#5183 = DIRECTION ( 'NONE',  ( -1.000000000000000000, 0.000000000000000000, 0.000000000000000000 ) ) ;
#5184 = ORIENTED_EDGE ( 'NONE', *, *, #6561, .T. ) ;
#5185 = DIRECTION ( 'NONE',  ( -0.2079116908177522371, 0.9781476007338070211, 0.000000000000000000 ) ) ;
#5186 = DIRECTION ( 'NONE',  ( -0.000000000000000000, -0.000000000000000000, -1.000000000000000000 ) ) ;
#5187 = STYLED_ITEM ( 'NONE', ( #3668 ), #7998 ) ;
#5188 = CARTESIAN_POINT ( 'NONE',  ( 1.500000000000000000, 2.710505431213761085E-16, -1.375000000000000000 ) ) ;
#5189 = CIRCLE ( 'NONE', #1560, 0.2499999999999995837 ) ;
#5190 = VECTOR ( 'NONE', #1946, 1000.000000000000000 ) ;
#5191 = EDGE_CURVE ( 'NONE', #6191, #4465, #2950, .T. ) ;
#5192 = ORIENTED_EDGE ( 'NONE', *, *, #7100, .F. ) ;
#5193 =( GEOMETRIC_REPRESENTATION_CONTEXT ( 3 ) GLOBAL_UNCERTAINTY_ASSIGNED_CONTEXT ( ( #3900 ) ) GLOBAL_UNIT_ASSIGNED_CONTEXT ( ( #7443, #375, #2972 ) ) REPRESENTATION_CONTEXT ( 'NONE', 'WORKASPACE' ) );
#5194 = LINE ( 'NONE', #7761, #1543 ) ;
#5195 = DIRECTION ( 'NONE',  ( -0.1305261922200450231, -0.9914448613738112703, 0.000000000000000000 ) ) ;
#5196 = ORIENTED_EDGE ( 'NONE', *, *, #1977, .F. ) ;
#5197 = ORIENTED_EDGE ( 'NONE', *, *, #7880, .T. ) ;
#5198 = ORIENTED_EDGE ( 'NONE', *, *, #2263, .F. ) ;
#5199 = CIRCLE ( 'NONE', #7345, 0.1750000000000000167 ) ;
#5200 = ADVANCED_FACE ( 'NONE', ( #7641 ), #442, .F. ) ;
#5201 = ADVANCED_FACE ( 'NONE', ( #1760 ), #5030, .T. ) ;
#5202 = EDGE_CURVE ( 'NONE', #795, #501, #5661, .T. ) ;
#5203 = DIRECTION ( 'NONE',  ( 1.000000000000000000, 0.000000000000000000, 0.000000000000000000 ) ) ;
#5204 = ORIENTED_EDGE ( 'NONE', *, *, #409, .F. ) ;
#5205 = DIRECTION ( 'NONE',  ( 0.000000000000000000, 1.000000000000000000, 0.000000000000000000 ) ) ;
#5206 =( NAMED_UNIT ( * ) PLANE_ANGLE_UNIT ( ) SI_UNIT ( $, .RADIAN. ) );
#5207 = CARTESIAN_POINT ( 'NONE',  ( -1.672329603199613324, 1.250000877347979822, 1.747566588719265956 ) ) ;
#5208 = CARTESIAN_POINT ( 'NONE',  ( -0.8998354216417641105, 0.05000000000000000278, 0.07500000000000002498 ) ) ;
#5209 = ORIENTED_EDGE ( 'NONE', *, *, #3896, .T. ) ;
#5210 = DIRECTION ( 'NONE',  ( -1.000000000000000000, 0.000000000000000000, 0.000000000000000000 ) ) ;
#5211 = ORIENTED_EDGE ( 'NONE', *, *, #4540, .T. ) ;
#5212 = CARTESIAN_POINT ( 'NONE',  ( 1.050000000000000488, 2.849999999999999645, -1.050000000000000044 ) ) ;
#5213 = EDGE_CURVE ( 'NONE', #4807, #3994, #490, .T. ) ;
#5214 = EDGE_CURVE ( 'NONE', #1069, #1448, #8234, .T. ) ;
#5215 = SURFACE_STYLE_USAGE ( .BOTH. , #7898 ) ;
#5216 = DIRECTION ( 'NONE',  ( -0.9914448613738112703, -0.1305261922200450231, 0.000000000000000000 ) ) ;
#5217 = ORIENTED_EDGE ( 'NONE', *, *, #195, .F. ) ;
#5218 = CARTESIAN_POINT ( 'NONE',  ( -1.050000000000000488, 2.829999999999999627, -1.050000000000000044 ) ) ;
#5219 = FACE_OUTER_BOUND ( 'NONE', #768, .T. ) ;
#5220 = ORIENTED_EDGE ( 'NONE', *, *, #5117, .F. ) ;
#5221 = DIRECTION ( 'NONE',  ( -0.2079116908177522649, 0.9781476007338071321, 0.000000000000000000 ) ) ;
#5222 = ADVANCED_FACE ( 'NONE', ( #4327 ), #8194, .F. ) ;
#5223 = VERTEX_POINT ( 'NONE', #4243 ) ;
#5224 = FILL_AREA_STYLE ('',( #717 ) ) ;
#5225 = LINE ( 'NONE', #2682, #336 ) ;
#5226 = FACE_OUTER_BOUND ( 'NONE', #6182, .T. ) ;
#5227 = VECTOR ( 'NONE', #6566, 1000.000000000000000 ) ;
#5228 = VERTEX_POINT ( 'NONE', #6161 ) ;
#5229 = CARTESIAN_POINT ( 'NONE',  ( -1.610018138358533246, 2.849999999999999645, -0.8550000000000000933 ) ) ;
#5230 = AXIS2_PLACEMENT_3D ( 'NONE', #7894, #701, #3291 ) ;
#5231 = VERTEX_POINT ( 'NONE', #7472 ) ;
#5232 = ORIENTED_EDGE ( 'NONE', *, *, #2804, .F. ) ;
#5233 = CARTESIAN_POINT ( 'NONE',  ( 1.729989406634232729, 1.098004453143893278, -1.024999999999999911 ) ) ;
#5234 = ORIENTED_EDGE ( 'NONE', *, *, #2730, .T. ) ;
#5235 = DIRECTION ( 'NONE',  ( -0.2079116908177522371, 0.9781476007338070211, 0.000000000000000000 ) ) ;
#5236 = DIRECTION ( 'NONE',  ( 0.000000000000000000, 0.000000000000000000, 1.000000000000000000 ) ) ;
#5237 = CARTESIAN_POINT ( 'NONE',  ( -1.693717199035720045, 1.249877444467587750, 1.740827212348496467 ) ) ;
#5238 = CARTESIAN_POINT ( 'NONE',  ( -1.350000000000000311, 2.849999999999999645, -1.050000000000000044 ) ) ;
#5239 = EDGE_CURVE ( 'NONE', #474, #3038, #2537, .T. ) ;
#5240 = ORIENTED_EDGE ( 'NONE', *, *, #4819, .F. ) ;
#5241 = EDGE_CURVE ( 'NONE', #4716, #2086, #1802, .T. ) ;
#5242 = CARTESIAN_POINT ( 'NONE',  ( 1.050000000000000044, 0.2000000000000001776, 1.025000000000000355 ) ) ;
#5243 = ORIENTED_EDGE ( 'NONE', *, *, #1248, .T. ) ;
#5244 = DIRECTION ( 'NONE',  ( -0.000000000000000000, 0.000000000000000000, 1.000000000000000000 ) ) ;
#5245 = VECTOR ( 'NONE', #6726, 1000.000000000000000 ) ;
#5246 = CARTESIAN_POINT ( 'NONE',  ( -1.050000000000000044, 0.2000000000000000111, 1.025000000000000355 ) ) ;
#5247 = AXIS2_PLACEMENT_3D ( 'NONE', #5749, #5667, #7009 ) ;
#5248 = FACE_OUTER_BOUND ( 'NONE', #4728, .T. ) ;
#5249 = ORIENTED_EDGE ( 'NONE', *, *, #6612, .F. ) ;
#5250 = LINE ( 'NONE', #1996, #6914 ) ;
#5251 = DIRECTION ( 'NONE',  ( 0.000000000000000000, -0.000000000000000000, 1.000000000000000000 ) ) ;
#5252 = CARTESIAN_POINT ( 'NONE',  ( 0.9597227471524995002, 0.05000000000000000971, 0.8750000000000000000 ) ) ;
#5253 = VECTOR ( 'NONE', #4839, 1000.000000000000000 ) ;
#5254 = EDGE_CURVE ( 'NONE', #2046, #7665, #6877, .T. ) ;
#5255 = VECTOR ( 'NONE', #387, 1000.000000000000000 ) ;
#5256 = ORIENTED_EDGE ( 'NONE', *, *, #1602, .F. ) ;
#5257 = LINE ( 'NONE', #7827, #4794 ) ;
#5258 = DIRECTION ( 'NONE',  ( 0.000000000000000000, 1.000000000000000000, 0.000000000000000000 ) ) ;
#5259 = ORIENTED_EDGE ( 'NONE', *, *, #5254, .T. ) ;
#5260 = ADVANCED_FACE ( 'NONE', ( #3033 ), #6792, .T. ) ;
#5261 = PLANE ( 'NONE',  #3992 ) ;
#5262 = CARTESIAN_POINT ( 'NONE',  ( -0.8574886876659970625, 0.05000000000000000971, -0.9749999999999999778 ) ) ;
#5263 = VERTEX_POINT ( 'NONE', #5575 ) ;
#5264 = VERTEX_POINT ( 'NONE', #1119 ) ;
#5265 = VECTOR ( 'NONE', #6897, 1000.000000000000000 ) ;
#5266 = EDGE_CURVE ( 'NONE', #7558, #4337, #1718, .T. ) ;
#5267 = PLANE ( 'NONE',  #5177 ) ;
#5268 = EDGE_LOOP ( 'NONE', ( #1106, #3650, #3954, #4328 ) ) ;
#5269 = ORIENTED_EDGE ( 'NONE', *, *, #6993, .T. ) ;
#5270 = LINE ( 'NONE', #2768, #7889 ) ;
#5271 = CARTESIAN_POINT ( 'NONE',  ( 1.717086875603152984, 1.000000000000000444, -1.375000000000000000 ) ) ;
#5272 = FACE_OUTER_BOUND ( 'NONE', #5003, .T. ) ;
#5273 = CARTESIAN_POINT ( 'NONE',  ( -0.8574886876659970625, 0.05000000000000000971, 1.750000000000000000 ) ) ;
#5274 = VERTEX_POINT ( 'NONE', #1168 ) ;
#5275 = LINE ( 'NONE', #2099, #3502 ) ;
#5276 = ORIENTED_EDGE ( 'NONE', *, *, #4023, .F. ) ;
#5277 = CARTESIAN_POINT ( 'NONE',  ( 0.8574886876659970625, 0.05000000000000000971, 1.750000000000000000 ) ) ;
#5278 = DIRECTION ( 'NONE',  ( 0.000000000000000000, 0.000000000000000000, -1.000000000000000000 ) ) ;
#5279 = EDGE_CURVE ( 'NONE', #3388, #5823, #2163, .T. ) ;
#5280 = CARTESIAN_POINT ( 'NONE',  ( 1.351260626809458465, 0.2500000000000001110, -0.07500000000000019151 ) ) ;
#5281 = PLANE ( 'NONE',  #5807 ) ;
#5282 = ORIENTED_EDGE ( 'NONE', *, *, #3410, .T. ) ;
#5283 = CARTESIAN_POINT ( 'NONE',  ( 0.8574886876659970625, 0.05000000000000000971, 0.6250000000000001110 ) ) ;
#5284 = CARTESIAN_POINT ( 'NONE',  ( 0.000000000000000000, 0.7500000000000000000, 0.2124999999999999944 ) ) ;
#5285 = LINE ( 'NONE', #2831, #1542 ) ;
#5286 = ORIENTED_EDGE ( 'NONE', *, *, #8343, .F. ) ;
#5287 = CARTESIAN_POINT ( 'NONE',  ( -1.050000000000000266, 2.829999999999999627, 1.399999999999999689 ) ) ;
#5288 = MANIFOLD_SOLID_BREP ( 'Boss-Extrude3', #2942 ) ;
#5289 = VERTEX_POINT ( 'NONE', #5819 ) ;
#5290 = EDGE_CURVE ( 'NONE', #6490, #3607, #1850, .T. ) ;
#5291 = EDGE_CURVE ( 'NONE', #3157, #4258, #2050, .T. ) ;
#5292 = CARTESIAN_POINT ( 'NONE',  ( 1.500000000000000222, 1.000000000000000444, 0.2250000000000001443 ) ) ;
#5293 = EDGE_CURVE ( 'NONE', #7205, #1788, #5153, .T. ) ;
#5294 = VERTEX_POINT ( 'NONE', #1889 ) ;
#5295 = AXIS2_PLACEMENT_3D ( 'NONE', #2418, #4832, #5538 ) ;
#5296 = VECTOR ( 'NONE', #1782, 1000.000000000000000 ) ;
#5297 = LINE ( 'NONE', #3199, #8307 ) ;
#5298 = DIRECTION ( 'NONE',  ( -1.000000000000000000, 0.000000000000000000, 0.000000000000000000 ) ) ;
#5299 = SURFACE_SIDE_STYLE ('',( #7754 ) ) ;
#5300 = CARTESIAN_POINT ( 'NONE',  ( 0.9978147600733806577, 0.2292088309182247763, -0.1750000000000000167 ) ) ;
#5301 = CARTESIAN_POINT ( 'NONE',  ( -1.749999999999999778, 1.000000000000000000, -0.5749999999999998446 ) ) ;
#5302 =( GEOMETRIC_REPRESENTATION_CONTEXT ( 3 ) GLOBAL_UNCERTAINTY_ASSIGNED_CONTEXT ( ( #427 ) ) GLOBAL_UNIT_ASSIGNED_CONTEXT ( ( #3941, #6480, #6521 ) ) REPRESENTATION_CONTEXT ( 'NONE', 'WORKASPACE' ) );
#5303 = CIRCLE ( 'NONE', #5716, 0.6491963590875381440 ) ;
#5304 = VECTOR ( 'NONE', #7085, 1000.000000000000000 ) ;
#5305 = ORIENTED_EDGE ( 'NONE', *, *, #3512, .T. ) ;
#5306 = ORIENTED_EDGE ( 'NONE', *, *, #5852, .F. ) ;
#5307 = ADVANCED_FACE ( 'NONE', ( #3202 ), #3278, .F. ) ;
#5308 = MANIFOLD_SOLID_BREP ( 'Boss-Extrude5[1]', #1175 ) ;
#5309 = AXIS2_PLACEMENT_3D ( 'NONE', #529, #398, #2491 ) ;
#5310 = AXIS2_PLACEMENT_3D ( 'NONE', #420, #379, #2976 ) ;
#5311 = AXIS2_PLACEMENT_3D ( 'NONE', #6934, #6296, #8164 ) ;
#5312 = AXIS2_PLACEMENT_3D ( 'NONE', #5300, #2124, #1441 ) ;
#5313 = VECTOR ( 'NONE', #6821, 1000.000000000000000 ) ;
#5314 = DIRECTION ( 'NONE',  ( -1.000000000000000000, -0.000000000000000000, -0.000000000000000000 ) ) ;
#5315 = DIRECTION ( 'NONE',  ( 0.000000000000000000, 0.000000000000000000, 1.000000000000000000 ) ) ;
#5316 = ORIENTED_EDGE ( 'NONE', *, *, #2083, .T. ) ;
#5317 = PRODUCT_DEFINITION_SHAPE ( 'NONE', 'NONE',  #7266 ) ;
#5318 = ORIENTED_EDGE ( 'NONE', *, *, #611, .F. ) ;
#5319 = AXIS2_PLACEMENT_3D ( 'NONE', #6318, #597, #2522 ) ;
#5320 = VECTOR ( 'NONE', #1320, 1000.000000000000114 ) ;
#5321 = EDGE_CURVE ( 'NONE', #1515, #2374, #6364, .T. ) ;
#5322 = ORIENTED_EDGE ( 'NONE', *, *, #394, .F. ) ;
#5323 = DIRECTION ( 'NONE',  ( 0.000000000000000000, 0.000000000000000000, 1.000000000000000000 ) ) ;
#5324 =( NAMED_UNIT ( * ) SI_UNIT ( $, .STERADIAN. ) SOLID_ANGLE_UNIT ( ) );
#5325 = LINE ( 'NONE', #3528, #7181 ) ;
#5326 = FILL_AREA_STYLE ('',( #2771 ) ) ;
#5327 = ORIENTED_EDGE ( 'NONE', *, *, #2134, .F. ) ;
#5328 = CIRCLE ( 'NONE', #5466, 0.2499999999999997780 ) ;
#5329 = PLANE ( 'NONE',  #243 ) ;
#5330 = VERTEX_POINT ( 'NONE', #4491 ) ;
#5331 = LINE ( 'NONE', #4621, #3971 ) ;
#5332 = DIRECTION ( 'NONE',  ( -0.1305261922200450508, 0.9914448613738112703, 0.000000000000000000 ) ) ;
#5333 = FACE_OUTER_BOUND ( 'NONE', #1067, .T. ) ;
#5334 = VECTOR ( 'NONE', #300, 1000.000000000000000 ) ;
#5335 = CARTESIAN_POINT ( 'NONE',  ( 1.500000000000000000, 0.2500000000000001665, -0.2249999999999998390 ) ) ;
#5336 = VERTEX_POINT ( 'NONE', #724 ) ;
#5337 = DIRECTION ( 'NONE',  ( 1.000000000000000000, 0.000000000000000000, 0.000000000000000000 ) ) ;
#5338 = CARTESIAN_POINT ( 'NONE',  ( 1.510398668549358225, 2.850000000000000089, -1.610018138358521256 ) ) ;
#5339 = DIRECTION ( 'NONE',  ( -0.000000000000000000, -1.000000000000000000, -0.000000000000000000 ) ) ;
#5340 = DIRECTION ( 'NONE',  ( -0.000000000000000000, -0.000000000000000000, -1.000000000000000000 ) ) ;
#5341 = ORIENTED_EDGE ( 'NONE', *, *, #1319, .F. ) ;
#5342 = DIRECTION ( 'NONE',  ( 0.000000000000000000, -0.08715574274766037244, -0.9961946980917453232 ) ) ;
#5343 = EDGE_CURVE ( 'NONE', #6981, #5383, #4536, .T. ) ;
#5344 = CARTESIAN_POINT ( 'NONE',  ( -0.3250000000000000111, 0.3499999999999999778, -1.100000000000000089 ) ) ;
#5345 = ORIENTED_EDGE ( 'NONE', *, *, #7457, .F. ) ;
#5346 = CARTESIAN_POINT ( 'NONE',  ( -0.9597227471524998332, 0.05000000000000000971, 0.8750000000000000000 ) ) ;
#5347 = DIRECTION ( 'NONE',  ( 1.807003620809174878E-16, -1.000000000000000000, 0.000000000000000000 ) ) ;
#5348 = FACE_OUTER_BOUND ( 'NONE', #6234, .T. ) ;
#5349 = ADVANCED_FACE ( 'NONE', ( #45 ), #122, .F. ) ;
#5350 = CARTESIAN_POINT ( 'NONE',  ( -1.550000000000000044, 0.2499999999999999445, -0.2249999999999998390 ) ) ;
#5351 = EDGE_CURVE ( 'NONE', #1327, #1749, #2686, .T. ) ;
#5352 = VERTEX_POINT ( 'NONE', #7040 ) ;
#5353 = LINE ( 'NONE', #296, #3434 ) ;
#5354 = CARTESIAN_POINT ( 'NONE',  ( -1.500000000000000000, 0.2499999999999999445, -1.375000000000000000 ) ) ;
#5355 = VECTOR ( 'NONE', #7597, 1000.000000000000000 ) ;
#5356 = EDGE_LOOP ( 'NONE', ( #1373, #5032, #6793, #4893 ) ) ;
#5357 = ADVANCED_FACE ( 'NONE', ( #7005 ), #3824, .F. ) ;
#5358 = EDGE_CURVE ( 'NONE', #4945, #5673, #7322, .T. ) ;
#5359 = ORIENTED_EDGE ( 'NONE', *, *, #3730, .T. ) ;
#5360 = VECTOR ( 'NONE', #4990, 1000.000000000000000 ) ;
#5361 = DIRECTION ( 'NONE',  ( -1.000000000000000000, 0.000000000000000000, 0.000000000000000000 ) ) ;
#5362 = CARTESIAN_POINT ( 'NONE',  ( 0.9000000000000000222, 0.2500000000000000000, -0.1750000000000000167 ) ) ;
#5363 = PLANE ( 'NONE',  #4639 ) ;
#5364 = ORIENTED_EDGE ( 'NONE', *, *, #3215, .T. ) ;
#5365 = CARTESIAN_POINT ( 'NONE',  ( 1.050000000000000488, 2.829999999999999627, -1.050000000000000044 ) ) ;
#5366 = EDGE_CURVE ( 'NONE', #2587, #897, #2085, .T. ) ;
#5367 = ORIENTED_EDGE ( 'NONE', *, *, #4453, .F. ) ;
#5368 = LINE ( 'NONE', #2063, #3428 ) ;
#5369 = ORIENTED_EDGE ( 'NONE', *, *, #2083, .F. ) ;
#5370 =( LENGTH_UNIT ( ) NAMED_UNIT ( * ) SI_UNIT ( .MILLI., .METRE. ) );
#5371 = LINE ( 'NONE', #1756, #6122 ) ;
#5372 = CARTESIAN_POINT ( 'NONE',  ( 1.050000000000000488, 2.829999999999999627, -1.100000000000000533 ) ) ;
#5373 = ORIENTED_EDGE ( 'NONE', *, *, #1485, .T. ) ;
#5374 = DIRECTION ( 'NONE',  ( -1.000000000000000000, 0.000000000000000000, 0.000000000000000000 ) ) ;
#5375 = PLANE ( 'NONE',  #1141 ) ;
#5376 = LINE ( 'NONE', #3629, #556 ) ;
#5377 = DIRECTION ( 'NONE',  ( -0.000000000000000000, -0.000000000000000000, -1.000000000000000000 ) ) ;
#5378 = ORIENTED_EDGE ( 'NONE', *, *, #7727, .F. ) ;
#5379 = CARTESIAN_POINT ( 'NONE',  ( -1.450000000000000400, 1.000000000000000000, -0.6000000000000000888 ) ) ;
#5380 = ADVANCED_FACE ( 'NONE', ( #6650 ), #2849, .F. ) ;
#5381 = VERTEX_POINT ( 'NONE', #249 ) ;
#5382 = FACE_OUTER_BOUND ( 'NONE', #8053, .T. ) ;
#5383 = VERTEX_POINT ( 'NONE', #805 ) ;
#5384 = DIRECTION ( 'NONE',  ( -0.000000000000000000, -0.000000000000000000, -1.000000000000000000 ) ) ;
#5385 = DIRECTION ( 'NONE',  ( -0.2079116908177522649, -0.9781476007338071321, 0.000000000000000000 ) ) ;
#5386 = CARTESIAN_POINT ( 'NONE',  ( 1.749999999999999778, 0.2500000000000001665, -0.2249999999999998390 ) ) ;
#5387 = CARTESIAN_POINT ( 'NONE',  ( -1.729989406634232729, 1.098004453143892833, 0.2250000000000001443 ) ) ;
#5388 = AXIS2_PLACEMENT_3D ( 'NONE', #2348, #3555, #4274 ) ;
#5389 = ORIENTED_EDGE ( 'NONE', *, *, #6349, .T. ) ;
#5390 = UNCERTAINTY_MEASURE_WITH_UNIT (LENGTH_MEASURE( 1.000000000000000082E-05 ), #4858, 'distance_accuracy_value', 'NONE');
#5391 = DIRECTION ( 'NONE',  ( 0.2079116908177522371, -0.9781476007338070211, 0.000000000000000000 ) ) ;
#5392 = ORIENTED_EDGE ( 'NONE', *, *, #4029, .F. ) ;
#5393 = EDGE_CURVE ( 'NONE', #4606, #5135, #4660, .T. ) ;
#5394 = ADVANCED_FACE ( 'NONE', ( #1481 ), #5940, .T. ) ;
#5395 = MANIFOLD_SOLID_BREP ( 'LPattern1[5]', #6274 ) ;
#5396 = DIRECTION ( 'NONE',  ( 1.000000000000000000, 0.000000000000000000, 0.000000000000000000 ) ) ;
#5397 = AXIS2_PLACEMENT_3D ( 'NONE', #5292, #2118, #4679 ) ;
#5398 = ORIENTED_EDGE ( 'NONE', *, *, #5711, .F. ) ;
#5399 =( BOUNDED_CURVE ( )  B_SPLINE_CURVE ( 3, ( #6199, #567, #3032, #4416 ),
 .UNSPECIFIED., .F., .T. ) 
 B_SPLINE_CURVE_WITH_KNOTS ( ( 4, 4 ),
 ( 4.712388980384689674, 6.283185307179586232 ),
 .UNSPECIFIED. ) 
 CURVE ( )  GEOMETRIC_REPRESENTATION_ITEM ( )  RATIONAL_B_SPLINE_CURVE ( ( 1.000000000000000000, 0.8047378541243649375, 0.8047378541243649375, 1.000000000000000000 ) ) 
 REPRESENTATION_ITEM ( '' )  );
#5400 = ORIENTED_EDGE ( 'NONE', *, *, #3579, .F. ) ;
#5401 = ADVANCED_FACE ( 'NONE', ( #7375 ), #7960, .F. ) ;
#5402 = EDGE_CURVE ( 'NONE', #3831, #1483, #6736, .T. ) ;
#5403 = FACE_OUTER_BOUND ( 'NONE', #5407, .T. ) ;
#5404 = CARTESIAN_POINT ( 'NONE',  ( 1.350000000000000311, 2.829999999999999627, -1.050000000000000044 ) ) ;
#5405 = CARTESIAN_POINT ( 'NONE',  ( -1.617371406666318956, 1.000000000000000000, -1.728127834118519113 ) ) ;
#5406 = CARTESIAN_POINT ( 'NONE',  ( 1.592086875603152984, 0.05000000000000000971, 0.7250000000000000888 ) ) ;
#5407 = EDGE_LOOP ( 'NONE', ( #3020, #1364, #3365, #8048, #2930 ) ) ;
#5408 = FACE_OUTER_BOUND ( 'NONE', #684, .T. ) ;
#5409 = EDGE_LOOP ( 'NONE', ( #1851, #5327, #8180, #5591 ) ) ;
#5410 = CARTESIAN_POINT ( 'NONE',  ( -1.592086875603152540, 0.05000000000000000971, 0.8750000000000000000 ) ) ;
#5411 = VERTEX_POINT ( 'NONE', #895 ) ;
#5412 = VECTOR ( 'NONE', #6932, 1000.000000000000000 ) ;
#5413 = CARTESIAN_POINT ( 'NONE',  ( 0.3250000000000000666, 0.05000000000000000971, -1.375000000000000222 ) ) ;
#5414 = DIRECTION ( 'NONE',  ( -0.2079116908177522371, 0.9781476007338070211, 0.000000000000000000 ) ) ;
#5415 = FACE_OUTER_BOUND ( 'NONE', #5692, .T. ) ;
#5416 = ORIENTED_EDGE ( 'NONE', *, *, #7629, .T. ) ;
#5417 = FILL_AREA_STYLE ('',( #912 ) ) ;
#5418 = PLANE ( 'NONE',  #1008 ) ;
#5419 = EDGE_CURVE ( 'NONE', #7542, #3929, #2764, .T. ) ;
#5420 = CARTESIAN_POINT ( 'NONE',  ( -1.592086875603152540, 0.2500000000000152101, 0.7250000000000000888 ) ) ;
#5421 = CARTESIAN_POINT ( 'NONE',  ( -1.550000000000000044, 0.2499999999999999445, 1.375000000000000444 ) ) ;
#5422 = VERTEX_POINT ( 'NONE', #4151 ) ;
#5423 = CARTESIAN_POINT ( 'NONE',  ( 1.042614886054232581, 0.4399768525161760757, 0.7250000000000000888 ) ) ;
#5424 = DIRECTION ( 'NONE',  ( 0.000000000000000000, 0.000000000000000000, 1.000000000000000000 ) ) ;
#5425 = VERTEX_POINT ( 'NONE', #2892 ) ;
#5426 = EDGE_CURVE ( 'NONE', #6227, #5263, #2170, .T. ) ;
#5427 = CARTESIAN_POINT ( 'NONE',  ( -1.050000000000000044, 0.000000000000000000, -1.375000000000000000 ) ) ;
#5428 = VERTEX_POINT ( 'NONE', #2270 ) ;
#5429 = DIRECTION ( 'NONE',  ( 0.000000000000000000, 0.000000000000000000, 1.000000000000000000 ) ) ;
#5430 = DIRECTION ( 'NONE',  ( 7.745304711423583511E-16, 0.000000000000000000, 1.000000000000000000 ) ) ;
#5431 = DIRECTION ( 'NONE',  ( 0.1287798954323275680, 0.9781804203664667963, 0.1630300700610810560 ) ) ;
#5432 = FACE_OUTER_BOUND ( 'NONE', #1902, .T. ) ;
#5433 = VECTOR ( 'NONE', #2877, 1000.000000000000000 ) ;
#5434 = AXIS2_PLACEMENT_3D ( 'NONE', #6951, #1871, #1188 ) ;
#5435 = ORIENTED_EDGE ( 'NONE', *, *, #1136, .T. ) ;
#5436 = CYLINDRICAL_SURFACE ( 'NONE', #7269, 0.1000000000000001166 ) ;
#5437 = ORIENTED_EDGE ( 'NONE', *, *, #2523, .T. ) ;
#5438 = CARTESIAN_POINT ( 'NONE',  ( -1.592086875603135887, 0.05000000000000000971, -0.8750000000000000000 ) ) ;
#5439 = FILL_AREA_STYLE_COLOUR ( '', #6500 ) ;
#5440 = AXIS2_PLACEMENT_3D ( 'NONE', #1526, #3480, #2216 ) ;
#5442 = EDGE_LOOP ( 'NONE', ( #4734, #7441, #2601, #214 ) ) ;
#5441 = VECTOR ( 'NONE', #7182, 1000.000000000000000 ) ;
#5443 = ORIENTED_EDGE ( 'NONE', *, *, #135, .F. ) ;
#5444 = AXIS2_PLACEMENT_3D ( 'NONE', #4073, #3568, #2224 ) ;
#5445 = ADVANCED_FACE ( 'NONE', ( #4821 ), #1617, .F. ) ;
#5446 = VECTOR ( 'NONE', #5636, 1000.000000000000000 ) ;
#5447 = VECTOR ( 'NONE', #8136, 1000.000000000000000 ) ;
#5448 = AXIS2_PLACEMENT_3D ( 'NONE', #639, #6436, #1225 ) ;
#5449 = DIRECTION ( 'NONE',  ( 0.000000000000000000, 0.000000000000000000, 1.000000000000000000 ) ) ;
#5450 = LINE ( 'NONE', #7339, #3780 ) ;
#5451 = SURFACE_STYLE_USAGE ( .BOTH. , #3527 ) ;
#5452 = LINE ( 'NONE', #4700, #7724 ) ;
#5453 = ORIENTED_EDGE ( 'NONE', *, *, #5020, .T. ) ;
#5454 = ORIENTED_EDGE ( 'NONE', *, *, #7155, .T. ) ;
#5455 = DIRECTION ( 'NONE',  ( 1.000000000000000000, 0.000000000000000000, 0.000000000000000000 ) ) ;
#5456 = MANIFOLD_SOLID_BREP ( 'LPattern1[2]', #7493 ) ;
#5457 = ORIENTED_EDGE ( 'NONE', *, *, #3931, .T. ) ;
#5458 = AXIS2_PLACEMENT_3D ( 'NONE', #7632, #3148, #3817 ) ;
#5459 = CARTESIAN_POINT ( 'NONE',  ( -1.500000000000000000, 0.2499999999999999445, 1.025000000000000355 ) ) ;
#5460 = VECTOR ( 'NONE', #2567, 1000.000000000000000 ) ;
#5461 = AXIS2_PLACEMENT_3D ( 'NONE', #7661, #6945, #1905 ) ;
#5462 = ADVANCED_FACE ( 'NONE', ( #619 ), #7884, .F. ) ;
#5463 = DIRECTION ( 'NONE',  ( 0.000000000000000000, 0.000000000000000000, -1.000000000000000000 ) ) ;
#5464 = DIRECTION ( 'NONE',  ( 0.000000000000000000, 0.000000000000000000, -1.000000000000000000 ) ) ;
#5465 = ORIENTED_EDGE ( 'NONE', *, *, #1999, .F. ) ;
#5466 = AXIS2_PLACEMENT_3D ( 'NONE', #3010, #1097, #3677 ) ;
#5467 = CARTESIAN_POINT ( 'NONE',  ( -0.5000000000000000000, 0.05000000000000000971, -1.100000000000000089 ) ) ;
#5468 = CARTESIAN_POINT ( 'NONE',  ( -1.050000000000000044, 0.000000000000000000, 1.025000000000000355 ) ) ;
#5469 = DIRECTION ( 'NONE',  ( -0.000000000000000000, -0.000000000000000000, -1.000000000000000000 ) ) ;
#5470 = DIRECTION ( 'NONE',  ( 0.000000000000000000, 0.000000000000000000, -1.000000000000000000 ) ) ;
#5471 = VERTEX_POINT ( 'NONE', #6375 ) ;
#5472 = DIRECTION ( 'NONE',  ( 0.000000000000000000, 0.000000000000000000, 1.000000000000000000 ) ) ;
#5473 = ADVANCED_FACE ( 'NONE', ( #3359 ), #1898, .F. ) ;
#5474 = EDGE_CURVE ( 'NONE', #802, #4227, #7342, .T. ) ;
#5475 = CIRCLE ( 'NONE', #3610, 0.2999999999999998224 ) ;
#5476 = ORIENTED_EDGE ( 'NONE', *, *, #1570, .F. ) ;
#5477 = PLANE ( 'NONE',  #4205 ) ;
#5478 = ORIENTED_EDGE ( 'NONE', *, *, #323, .T. ) ;
#5479 = CARTESIAN_POINT ( 'NONE',  ( -1.717086875603152984, 1.000000000000000000, 1.750000000000000000 ) ) ;
#5480 = DIRECTION ( 'NONE',  ( 1.445602896647340100E-15, 0.000000000000000000, -1.000000000000000000 ) ) ;
#5481 = FACE_OUTER_BOUND ( 'NONE', #2621, .T. ) ;
#5482 = CARTESIAN_POINT ( 'NONE',  ( -0.3250000000000000111, 0.05000000000000000971, 1.200000000000000178 ) ) ;
#5483 = ADVANCED_FACE ( 'NONE', ( #3212 ), #3950, .F. ) ;
#5484 = ORIENTED_EDGE ( 'NONE', *, *, #4487, .T. ) ;
#5485 = ORIENTED_EDGE ( 'NONE', *, *, #3350, .T. ) ;
#5486 = CARTESIAN_POINT ( 'NONE',  ( -1.050000000000000266, 2.849999999999999645, 1.399999999999999689 ) ) ;
#5487 = VERTEX_POINT ( 'NONE', #5122 ) ;
#5488 = CARTESIAN_POINT ( 'NONE',  ( -0.9015453183053880881, 0.2572701510282576209, 1.663147392271169700 ) ) ;
#5489 = ORIENTED_EDGE ( 'NONE', *, *, #2759, .F. ) ;
#5490 = ORIENTED_EDGE ( 'NONE', *, *, #2175, .F. ) ;
#5491 = FACE_OUTER_BOUND ( 'NONE', #6137, .T. ) ;
#5492 = DIRECTION ( 'NONE',  ( 1.000000000000000000, 0.000000000000000000, 0.000000000000000000 ) ) ;
#5493 = DIRECTION ( 'NONE',  ( -0.000000000000000000, 0.000000000000000000, 1.000000000000000000 ) ) ;
#5494 = ORIENTED_EDGE ( 'NONE', *, *, #6065, .F. ) ;
#5495 = LINE ( 'NONE', #6703, #7646 ) ;
#5496 = ORIENTED_EDGE ( 'NONE', *, *, #885, .F. ) ;
#5497 = CARTESIAN_POINT ( 'NONE',  ( -1.550000000000000044, 1.000000000000000000, 0.5750000000000001776 ) ) ;
#5498 = VECTOR ( 'NONE', #3952, 1000.000000000000000 ) ;
#5499 = DIRECTION ( 'NONE',  ( 0.000000000000000000, -1.000000000000000000, 0.000000000000000000 ) ) ;
#5500 = DIRECTION ( 'NONE',  ( -1.000000000000000000, -0.000000000000000000, -0.000000000000000000 ) ) ;
#5501 = ORIENTED_EDGE ( 'NONE', *, *, #6971, .F. ) ;
#5502 = DIRECTION ( 'NONE',  ( 0.000000000000000000, 1.000000000000000000, 0.000000000000000000 ) ) ;
#5503 = EDGE_CURVE ( 'NONE', #1970, #5091, #737, .T. ) ;
#5504 = LINE ( 'NONE', #4088, #5566 ) ;
#5505 = CYLINDRICAL_SURFACE ( 'NONE', #127, 0.1000000000000001166 ) ;
#5506 = VERTEX_POINT ( 'NONE', #4461 ) ;
#5507 = DIRECTION ( 'NONE',  ( 0.000000000000000000, 0.000000000000000000, -1.000000000000000000 ) ) ;
#5508 = ORIENTED_EDGE ( 'NONE', *, *, #7457, .T. ) ;
#5509 = LINE ( 'NONE', #8121, #7589 ) ;
#5510 = DIRECTION ( 'NONE',  ( -1.000000000000000000, 0.000000000000000000, 0.000000000000000000 ) ) ;
#5511 = ORIENTED_EDGE ( 'NONE', *, *, #4344, .T. ) ;
#5512 = DIRECTION ( 'NONE',  ( 0.000000000000000000, -1.000000000000000000, 0.000000000000000000 ) ) ;
#5513 = VERTEX_POINT ( 'NONE', #3328 ) ;
#5514 = FACE_OUTER_BOUND ( 'NONE', #4655, .T. ) ;
#5515 = ADVANCED_FACE ( 'NONE', ( #8325 ), #3995, .T. ) ;
#5516 = DIRECTION ( 'NONE',  ( 0.1622214211307871357, -0.9733285267845707134, 0.1622214211307647092 ) ) ;
#5517 = CARTESIAN_POINT ( 'NONE',  ( -1.592086875603152540, 0.2500000000000149880, 0.7250000000000000888 ) ) ;
#5518 = CARTESIAN_POINT ( 'NONE',  ( -1.002234059486502682, 0.2500000000000000000, -0.07499999999999998335 ) ) ;
#5519 = EDGE_LOOP ( 'NONE', ( #4120, #5826, #530, #3760 ) ) ;
#5520 = DIRECTION ( 'NONE',  ( -1.000000000000000000, 0.000000000000000000, 0.000000000000000000 ) ) ;
#5521 = AXIS2_PLACEMENT_3D ( 'NONE', #7318, #1061, #5480 ) ;
#5522 = VECTOR ( 'NONE', #656, 1000.000000000000000 ) ;
#5523 = ORIENTED_EDGE ( 'NONE', *, *, #7765, .T. ) ;
#5524 = EDGE_CURVE ( 'NONE', #6170, #4154, #4545, .T. ) ;
#5525 = DIRECTION ( 'NONE',  ( -0.000000000000000000, -0.000000000000000000, -1.000000000000000000 ) ) ;
#5526 = ORIENTED_EDGE ( 'NONE', *, *, #930, .F. ) ;
#5527 = EDGE_LOOP ( 'NONE', ( #4130, #6230, #2482, #1387 ) ) ;
#5528 = AXIS2_PLACEMENT_3D ( 'NONE', #1901, #4464, #3045 ) ;
#5529 = CARTESIAN_POINT ( 'NONE',  ( -1.050000000000000044, 0.000000000000000000, 1.375000000000000444 ) ) ;
#5530 = ADVANCED_FACE ( 'NONE', ( #7012 ), #4499, .F. ) ;
#5531 = LINE ( 'NONE', #438, #334 ) ;
#5532 = DIRECTION ( 'NONE',  ( 1.000000000000000000, 0.000000000000000000, 0.000000000000000000 ) ) ;
#5533 = EDGE_CURVE ( 'NONE', #3547, #1808, #660, .T. ) ;
#5534 = SURFACE_STYLE_USAGE ( .BOTH. , #6834 ) ;
#5535 = ORIENTED_EDGE ( 'NONE', *, *, #4495, .T. ) ;
#5536 = LINE ( 'NONE', #6664, #7368 ) ;
#5537 = EDGE_LOOP ( 'NONE', ( #4214, #164, #2399, #1676 ) ) ;
#5538 = DIRECTION ( 'NONE',  ( 0.000000000000000000, 0.000000000000000000, -1.000000000000000000 ) ) ;
#5539 = VERTEX_POINT ( 'NONE', #55 ) ;
#5540 = AXIS2_PLACEMENT_3D ( 'NONE', #6767, #2256, #1648 ) ;
#5541 = DIRECTION ( 'NONE',  ( -1.000000000000000000, -0.000000000000000000, -0.000000000000000000 ) ) ;
#5542 = CARTESIAN_POINT ( 'NONE',  ( 1.611767911629051531, 2.829999999999999627, -0.8550000000000008704 ) ) ;
#5543 = VERTEX_POINT ( 'NONE', #1938 ) ;
#5544 = DIRECTION ( 'NONE',  ( -0.000000000000000000, -0.000000000000000000, -1.000000000000000000 ) ) ;
#5545 = CARTESIAN_POINT ( 'NONE',  ( -1.500000000000000000, 0.2499999999999999445, -1.024999999999999911 ) ) ;
#5546 = DIRECTION ( 'NONE',  ( -0.9961946980917462113, -0.08715574274765108820, 0.000000000000000000 ) ) ;
#5547 = CIRCLE ( 'NONE', #7025, 0.04999999999999991257 ) ;
#5548 = ORIENTED_EDGE ( 'NONE', *, *, #4445, .T. ) ;
#5549 = CARTESIAN_POINT ( 'NONE',  ( -1.712567957151221565, 1.249732884339959771, -1.729115426028891012 ) ) ;
#5550 = ORIENTED_EDGE ( 'NONE', *, *, #4467, .T. ) ;
#5551 = LINE ( 'NONE', #6178, #1426 ) ;
#5552 = EDGE_CURVE ( 'NONE', #2184, #2100, #6953, .T. ) ;
#5553 = DIRECTION ( 'NONE',  ( 1.000000000000000000, 0.000000000000000000, -0.000000000000000000 ) ) ;
#5554 = ORIENTED_EDGE ( 'NONE', *, *, #1204, .T. ) ;
#5555 = PLANE ( 'NONE',  #1376 ) ;
#5556 = VERTEX_POINT ( 'NONE', #1292 ) ;
#5557 = FACE_OUTER_BOUND ( 'NONE', #1241, .T. ) ;
#5558 = LINE ( 'NONE', #8127, #5120 ) ;
#5559 = DIRECTION ( 'NONE',  ( -1.000000000000000000, 0.000000000000000000, 0.000000000000000000 ) ) ;
#5560 = EDGE_CURVE ( 'NONE', #3573, #7535, #6814, .T. ) ;
#5561 = ORIENTED_EDGE ( 'NONE', *, *, #1160, .F. ) ;
#5562 = DIRECTION ( 'NONE',  ( -1.000000000000000000, -0.000000000000000000, -0.000000000000000000 ) ) ;
#5563 = ORIENTED_EDGE ( 'NONE', *, *, #5878, .T. ) ;
#5564 = LINE ( 'NONE', #1793, #5447 ) ;
#5565 = ORIENTED_EDGE ( 'NONE', *, *, #5813, .F. ) ;
#5566 = VECTOR ( 'NONE', #4876, 1000.000000000000000 ) ;
#5567 = EDGE_CURVE ( 'NONE', #5673, #123, #1981, .T. ) ;
#5568 = EDGE_CURVE ( 'NONE', #7274, #2199, #95, .T. ) ;
#5569 = PLANE ( 'NONE',  #8292 ) ;
#5570 = CARTESIAN_POINT ( 'NONE',  ( -1.717086875603152984, 1.000000000000000000, -0.2249999999999998390 ) ) ;
#5571 = VECTOR ( 'NONE', #4792, 1000.000000000000000 ) ;
#5572 = LINE ( 'NONE', #2408, #7918 ) ;
#5573 = CIRCLE ( 'NONE', #1962, 0.1221019057874603436 ) ;
#5574 = CARTESIAN_POINT ( 'NONE',  ( 1.510398668549358669, 2.850000000000000089, 1.610018138358521256 ) ) ;
#5575 = CARTESIAN_POINT ( 'NONE',  ( 1.610018138358533246, 2.849999999999999645, -0.3450000000000008615 ) ) ;
#5576 = ORIENTED_EDGE ( 'NONE', *, *, #2606, .T. ) ;
#5577 = ORIENTED_EDGE ( 'NONE', *, *, #7915, .T. ) ;
#5578 = CARTESIAN_POINT ( 'NONE',  ( 1.717086875603152984, 1.000000000000000000, -0.9999999999999997780 ) ) ;
#5579 = ORIENTED_EDGE ( 'NONE', *, *, #7962, .T. ) ;
#5580 = DIRECTION ( 'NONE',  ( 1.000000000000000000, 0.000000000000000000, -0.000000000000000000 ) ) ;
#5581 = EDGE_CURVE ( 'NONE', #2227, #1043, #697, .T. ) ;
#5582 = CIRCLE ( 'NONE', #5180, 0.2999999999999999334 ) ;
#5583 = VECTOR ( 'NONE', #6057, 1000.000000000000000 ) ;
#5584 = VECTOR ( 'NONE', #5559, 1000.000000000000000 ) ;
#5585 = LINE ( 'NONE', #2238, #3939 ) ;
#5586 = ORIENTED_EDGE ( 'NONE', *, *, #4239, .T. ) ;
#5587 = FACE_OUTER_BOUND ( 'NONE', #948, .T. ) ;
#5588 = CARTESIAN_POINT ( 'NONE',  ( -1.750000000000000222, 2.850000000000000089, -1.610018138358521256 ) ) ;
#5589 = STYLED_ITEM ( 'NONE', ( #4576 ), #8055 ) ;
#5590 = ORIENTED_EDGE ( 'NONE', *, *, #42, .T. ) ;
#5591 = ORIENTED_EDGE ( 'NONE', *, *, #3613, .T. ) ;
#5592 = VECTOR ( 'NONE', #8313, 1000.000000000000000 ) ;
#5593 = AXIS2_PLACEMENT_3D ( 'NONE', #7947, #5962, #7271 ) ;
#5594 = FACE_OUTER_BOUND ( 'NONE', #7907, .T. ) ;
#5595 = ORIENTED_EDGE ( 'NONE', *, *, #24, .F. ) ;
#5596 = CARTESIAN_POINT ( 'NONE',  ( -1.050000000000000044, 2.849999999999999645, -0.7500000000000000000 ) ) ;
#5597 = AXIS2_PLACEMENT_3D ( 'NONE', #4177, #964, #3222 ) ;
#5598 = EDGE_LOOP ( 'NONE', ( #2538, #1980, #5276, #6522 ) ) ;
#5599 = FACE_OUTER_BOUND ( 'NONE', #6905, .T. ) ;
#5600 = EDGE_LOOP ( 'NONE', ( #956, #8120, #5548, #7689, #2052 ) ) ;
#5601 = DIRECTION ( 'NONE',  ( -1.445602896647339706E-15, 0.000000000000000000, 1.000000000000000000 ) ) ;
#5602 = CARTESIAN_POINT ( 'NONE',  ( 1.665146866248222057, 1.250028627393152902, 1.749177380849443963 ) ) ;
#5603 = EDGE_CURVE ( 'NONE', #7501, #494, #4005, .T. ) ;
#5604 = PLANE ( 'NONE',  #6785 ) ;
#5605 = CLOSED_SHELL ( 'NONE', ( #8091, #1125, #5815, #4290, #5012, #3225, #3989, #204, #4480, #629 ) ) ;
#5606 = EDGE_LOOP ( 'NONE', ( #570, #2021, #5400, #5165 ) ) ;
#5607 = ORIENTED_EDGE ( 'NONE', *, *, #8031, .F. ) ;
#5608 = LINE ( 'NONE', #4313, #5920 ) ;
#5609 = ORIENTED_EDGE ( 'NONE', *, *, #2515, .F. ) ;
#5610 = PLANE ( 'NONE',  #1025 ) ;
#5611 = EDGE_CURVE ( 'NONE', #134, #702, #4826, .T. ) ;
#5612 = LINE ( 'NONE', #3737, #64 ) ;
#5613 = ORIENTED_EDGE ( 'NONE', *, *, #8129, .F. ) ;
#5614 = ORIENTED_EDGE ( 'NONE', *, *, #3171, .F. ) ;
#5615 = CARTESIAN_POINT ( 'NONE',  ( -1.550000000000000044, 0.2499999999999999445, 0.2250000000000001443 ) ) ;
#5616 = CARTESIAN_POINT ( 'NONE',  ( 1.050000000000000044, 1.597771622610217113E-16, -0.5749999999999998446 ) ) ;
#5617 = DIRECTION ( 'NONE',  ( -0.000000000000000000, 1.000000000000000000, -0.000000000000000000 ) ) ;
#5618 = EDGE_CURVE ( 'NONE', #5289, #467, #7211, .T. ) ;
#5619 = FACE_OUTER_BOUND ( 'NONE', #2059, .T. ) ;
#5620 = DIRECTION ( 'NONE',  ( -0.2079116908177522371, 0.9781476007338070211, -0.000000000000000000 ) ) ;
#5621 = ORIENTED_EDGE ( 'NONE', *, *, #6282, .F. ) ;
#5622 = VERTEX_POINT ( 'NONE', #899 ) ;
#5623 = LINE ( 'NONE', #1960, #5047 ) ;
#5624 = ORIENTED_EDGE ( 'NONE', *, *, #5426, .T. ) ;
#5625 = ORIENTED_EDGE ( 'NONE', *, *, #5152, .F. ) ;
#5626 = CARTESIAN_POINT ( 'NONE',  ( 1.050000000000000044, 0.2000000000000001776, 0.5750000000000001776 ) ) ;
#5627 = DIRECTION ( 'NONE',  ( 0.000000000000000000, -1.000000000000000000, 0.000000000000000000 ) ) ;
#5628 = DIRECTION ( 'NONE',  ( 3.469446951953614682E-16, 0.000000000000000000, 1.000000000000000000 ) ) ;
#5629 = VERTEX_POINT ( 'NONE', #5943 ) ;
#5630 = LINE ( 'NONE', #2371, #6257 ) ;
#5631 = EDGE_CURVE ( 'NONE', #4337, #4319, #1530, .T. ) ;
#5632 = DIRECTION ( 'NONE',  ( -0.000000000000000000, -0.000000000000000000, -1.000000000000000000 ) ) ;
#5633 = DIRECTION ( 'NONE',  ( 0.08715574274765107432, -0.9961946980917461003, 0.000000000000000000 ) ) ;
#5634 = ORIENTED_EDGE ( 'NONE', *, *, #4912, .F. ) ;
#5635 = ORIENTED_EDGE ( 'NONE', *, *, #950, .T. ) ;
#5636 = DIRECTION ( 'NONE',  ( -0.000000000000000000, 1.000000000000000000, -0.000000000000000000 ) ) ;
#5637 = ORIENTED_EDGE ( 'NONE', *, *, #1713, .T. ) ;
#5638 = LINE ( 'NONE', #8211, #3325 ) ;
#5639 = DIRECTION ( 'NONE',  ( 0.000000000000000000, 1.000000000000000000, -0.000000000000000000 ) ) ;
#5640 = PLANE ( 'NONE',  #5540 ) ;
#5641 = ORIENTED_EDGE ( 'NONE', *, *, #4607, .F. ) ;
#5642 = FACE_OUTER_BOUND ( 'NONE', #6107, .T. ) ;
#5643 = CARTESIAN_POINT ( 'NONE',  ( -1.050000000000000266, 2.849999999999999645, 1.100000000000000089 ) ) ;
#5644 = CIRCLE ( 'NONE', #7662, 0.04999999999999991257 ) ;
#5645 = LINE ( 'NONE', #3145, #7325 ) ;
#5646 = CARTESIAN_POINT ( 'NONE',  ( 1.500000000000000000, 2.710505431213761085E-16, -0.5749999999999998446 ) ) ;
#5647 = EDGE_LOOP ( 'NONE', ( #1179, #1768, #317, #4294 ) ) ;
#5648 = LINE ( 'NONE', #1834, #7195 ) ;
#5649 = CARTESIAN_POINT ( 'NONE',  ( 0.3250000000000000666, 0.3499999999999999778, 1.200000000000000178 ) ) ;
#5650 = ORIENTED_EDGE ( 'NONE', *, *, #6520, .F. ) ;
#5651 = VECTOR ( 'NONE', #1467, 1000.000000000000000 ) ;
#5652 = VECTOR ( 'NONE', #6080, 1000.000000000000000 ) ;
#5653 = EDGE_CURVE ( 'NONE', #5411, #4841, #3470, .T. ) ;
#5654 = ADVANCED_FACE ( 'NONE', ( #6069 ), #4197, .F. ) ;
#5655 = LINE ( 'NONE', #3111, #626 ) ;
#5656 = CARTESIAN_POINT ( 'NONE',  ( -1.592086875603144325, 1.000000000000000000, 0.07499999999999998335 ) ) ;
#5657 = PLANE ( 'NONE',  #4173 ) ;
#5658 = VECTOR ( 'NONE', #1861, 1000.000000000000000 ) ;
#5659 = CARTESIAN_POINT ( 'NONE',  ( -1.750000000000000222, 1.249999999999999778, -1.750000000000000000 ) ) ;
#5660 = AXIS2_PLACEMENT_3D ( 'NONE', #2638, #4478, #3301 ) ;
#5661 = LINE ( 'NONE', #5697, #7912 ) ;
#5662 = ORIENTED_EDGE ( 'NONE', *, *, #2614, .F. ) ;
#5663 = EDGE_LOOP ( 'NONE', ( #8155, #6683, #5746, #3530, #618, #7122, #1242, #3908 ) ) ;
#5664 = ORIENTED_EDGE ( 'NONE', *, *, #3840, .F. ) ;
#5665 = ADVANCED_FACE ( 'NONE', ( #7927 ), #4155, .T. ) ;
#5666 = ADVANCED_FACE ( 'NONE', ( #4072 ), #940, .F. ) ;
#5667 = DIRECTION ( 'NONE',  ( 0.000000000000000000, 1.000000000000000000, -0.000000000000000000 ) ) ;
#5668 = DIRECTION ( 'NONE',  ( -0.000000000000000000, -0.000000000000000000, -1.000000000000000000 ) ) ;
#5669 = EDGE_LOOP ( 'NONE', ( #6438, #1054, #2255, #2054 ) ) ;
#5670 =( LENGTH_UNIT ( ) NAMED_UNIT ( * ) SI_UNIT ( .MILLI., .METRE. ) );
#5671 = PLANE ( 'NONE',  #3040 ) ;
#5672 = CARTESIAN_POINT ( 'NONE',  ( -1.050000000000000266, 2.829999999999999627, 1.399999999999999689 ) ) ;
#5673 = VERTEX_POINT ( 'NONE', #1622 ) ;
#5674 = ORIENTED_EDGE ( 'NONE', *, *, #6097, .T. ) ;
#5675 = CARTESIAN_POINT ( 'NONE',  ( -0.3250000000000000111, 0.05000000000000000971, -1.375000000000000222 ) ) ;
#5676 = ORIENTED_EDGE ( 'NONE', *, *, #3074, .T. ) ;
#5677 = CARTESIAN_POINT ( 'NONE',  ( 1.351260626809458465, 0.2500000000000000000, -0.8750000000000001110 ) ) ;
#5678 = EDGE_CURVE ( 'NONE', #5513, #6747, #722, .T. ) ;
#5679 = LINE ( 'NONE', #1947, #76 ) ;
#5680 = DIRECTION ( 'NONE',  ( -1.000000000000000000, 0.000000000000000000, 0.000000000000000000 ) ) ;
#5681 = ORIENTED_EDGE ( 'NONE', *, *, #4651, .F. ) ;
#5682 = AXIS2_PLACEMENT_3D ( 'NONE', #3580, #4796, #1675 ) ;
#5683 = CARTESIAN_POINT ( 'NONE',  ( -1.749999999999999778, 0.2499999999999999445, -1.024999999999999911 ) ) ;
#5684 = DIRECTION ( 'NONE',  ( 0.000000000000000000, 0.000000000000000000, 1.000000000000000000 ) ) ;
#5685 = CARTESIAN_POINT ( 'NONE',  ( 1.749999999999999778, 1.000000000000000444, -1.024999999999999911 ) ) ;
#5686 = ADVANCED_FACE ( 'NONE', ( #7249 ), #2178, .F. ) ;
#5687 = CARTESIAN_POINT ( 'NONE',  ( 1.500000000000000000, 0.2500000000000001665, 1.375000000000000444 ) ) ;
#5688 = EDGE_CURVE ( 'NONE', #736, #5835, #2094, .T. ) ;
#5689 = ORIENTED_EDGE ( 'NONE', *, *, #3938, .F. ) ;
#5690 = DIRECTION ( 'NONE',  ( 1.000000000000000000, 0.000000000000000000, 0.000000000000000000 ) ) ;
#5691 = DIRECTION ( 'NONE',  ( -0.1736481776669307198, -0.9848077530122080203, -0.000000000000000000 ) ) ;
#5692 = EDGE_LOOP ( 'NONE', ( #2432, #1197, #7631, #3562 ) ) ;
#5693 = LINE ( 'NONE', #5778, #7745 ) ;
#5694 = DIRECTION ( 'NONE',  ( -0.000000000000000000, 1.000000000000000000, -0.000000000000000000 ) ) ;
#5695 = DIRECTION ( 'NONE',  ( -1.000000000000000000, 0.000000000000000000, 0.000000000000000000 ) ) ;
#5696 = DIRECTION ( 'NONE',  ( -1.000000000000000000, 0.000000000000000000, 0.000000000000000000 ) ) ;
#5697 = CARTESIAN_POINT ( 'NONE',  ( -0.9000000000000000222, 0.2500000000000000000, -0.6250000000000003331 ) ) ;
#5698 = ORIENTED_EDGE ( 'NONE', *, *, #1928, .F. ) ;
#5699 = ORIENTED_EDGE ( 'NONE', *, *, #44, .F. ) ;
#5700 = EDGE_CURVE ( 'NONE', #4572, #997, #3221, .T. ) ;
#5701 = ORIENTED_EDGE ( 'NONE', *, *, #205, .T. ) ;
#5702 = CARTESIAN_POINT ( 'NONE',  ( -0.8999999999999999112, 0.2500000000000000000, -0.6835786437626908407 ) ) ;
#5703 = VECTOR ( 'NONE', #308, 1000.000000000000114 ) ;
#5704 = AXIS2_PLACEMENT_3D ( 'NONE', #4966, #1860, #7655 ) ;
#5705 = LINE ( 'NONE', #6974, #3282 ) ;
#5706 = ORIENTED_EDGE ( 'NONE', *, *, #5768, .T. ) ;
#5707 = DIRECTION ( 'NONE',  ( -0.1305261922200450231, 0.9914448613738112703, -0.000000000000000000 ) ) ;
#5708 = CARTESIAN_POINT ( 'NONE',  ( -1.050000000000000044, 0.2000000000000000111, 0.5750000000000001776 ) ) ;
#5709 = ORIENTED_EDGE ( 'NONE', *, *, #6688, .T. ) ;
#5710 = VERTEX_POINT ( 'NONE', #5404 ) ;
#5711 = EDGE_CURVE ( 'NONE', #903, #1043, #5270, .T. ) ;
#5712 = LINE ( 'NONE', #6380, #335 ) ;
#5713 = EDGE_CURVE ( 'NONE', #4154, #5383, #1071, .T. ) ;
#5715 = ORIENTED_EDGE ( 'NONE', *, *, #1963, .F. ) ;
#5714 =( GEOMETRIC_REPRESENTATION_CONTEXT ( 3 ) GLOBAL_UNCERTAINTY_ASSIGNED_CONTEXT ( ( #6906 ) ) GLOBAL_UNIT_ASSIGNED_CONTEXT ( ( #6330, #8318, #7762 ) ) REPRESENTATION_CONTEXT ( 'NONE', 'WORKASPACE' ) );
#5716 = AXIS2_PLACEMENT_3D ( 'NONE', #1254, #6980, #2586 ) ;
#5717 = DIRECTION ( 'NONE',  ( 1.000000000000000000, -0.000000000000000000, 0.000000000000000000 ) ) ;
#5718 = AXIS2_PLACEMENT_3D ( 'NONE', #2536, #5076, #1716 ) ;
#5719 = CARTESIAN_POINT ( 'NONE',  ( 1.050000000000000488, 2.849999999999999645, -1.100000000000000533 ) ) ;
#5720 = DIRECTION ( 'NONE',  ( 0.000000000000000000, 0.000000000000000000, 1.000000000000000000 ) ) ;
#5721 = ORIENTED_EDGE ( 'NONE', *, *, #3977, .T. ) ;
#5722 = AXIS2_PLACEMENT_3D ( 'NONE', #3863, #1237, #1273 ) ;
#5723 = AXIS2_PLACEMENT_3D ( 'NONE', #408, #4253, #3164 ) ;
#5724 = VECTOR ( 'NONE', #2760, 1000.000000000000000 ) ;
#5725 = AXIS2_PLACEMENT_3D ( 'NONE', #2043, #4605, #1392 ) ;
#5726 = DIRECTION ( 'NONE',  ( 1.000000000000000000, 0.000000000000000000, 0.000000000000000000 ) ) ;
#5727 = CARTESIAN_POINT ( 'NONE',  ( 1.703141996752155718, 1.249805168861883420, 1.734971680370202662 ) ) ;
#5728 = EDGE_CURVE ( 'NONE', #2613, #4994, #4656, .T. ) ;
#5729 = EDGE_CURVE ( 'NONE', #6153, #2711, #5450, .T. ) ;
#5730 = CARTESIAN_POINT ( 'NONE',  ( -0.9423467339757670702, 0.2500000000000000000, 0.8749999999999997780 ) ) ;
#5731 = AXIS2_PLACEMENT_3D ( 'NONE', #6358, #8260, #4441 ) ;
#5732 = AXIS2_PLACEMENT_3D ( 'NONE', #6998, #1797, #4446 ) ;
#5733 = CIRCLE ( 'NONE', #725, 0.1750000000000000167 ) ;
#5734 = CARTESIAN_POINT ( 'NONE',  ( 0.8574886876659970625, 0.04999999999999999584, -0.9164213562373095812 ) ) ;
#5735 = VERTEX_POINT ( 'NONE', #6605 ) ;
#5736 = PLANE ( 'NONE',  #614 ) ;
#5737 = EDGE_CURVE ( 'NONE', #5294, #3118, #3437, .T. ) ;
#5738 = DIRECTION ( 'NONE',  ( 0.000000000000000000, 0.1643989873053604833, 0.9863939238321431935 ) ) ;
#5739 = VECTOR ( 'NONE', #5752, 1000.000000000000000 ) ;
#5740 = AXIS2_PLACEMENT_3D ( 'NONE', #6999, #4097, #1516 ) ;
#5741 = CARTESIAN_POINT ( 'NONE',  ( 0.4471019057874604519, 0.3499999999999999778, 1.100000000000000089 ) ) ;
#5742 = CARTESIAN_POINT ( 'NONE',  ( -0.8998354216417641105, 0.05000000000000000278, 0.8749999999999997780 ) ) ;
#5743 = DIRECTION ( 'NONE',  ( 0.000000000000000000, 0.000000000000000000, -1.000000000000000000 ) ) ;
#5744 = DIRECTION ( 'NONE',  ( -1.000000000000000000, 0.000000000000000000, 0.000000000000000000 ) ) ;
#5745 = DIRECTION ( 'NONE',  ( -0.08682659386424053383, -0.9924325091389677445, 0.08682659386424788905 ) ) ;
#5746 = ORIENTED_EDGE ( 'NONE', *, *, #6560, .F. ) ;
#5747 = ORIENTED_EDGE ( 'NONE', *, *, #6176, .T. ) ;
#5748 = ORIENTED_EDGE ( 'NONE', *, *, #4436, .T. ) ;
#5749 = CARTESIAN_POINT ( 'NONE',  ( -1.050000000000000488, 2.849999999999999645, -1.100000000000000533 ) ) ;
#5750 = DIRECTION ( 'NONE',  ( 0.000000000000000000, 1.000000000000000000, -0.000000000000000000 ) ) ;
#5751 = ORIENTED_EDGE ( 'NONE', *, *, #1882, .F. ) ;
#5752 = DIRECTION ( 'NONE',  ( 1.000000000000000000, 1.204669080539447865E-16, -0.000000000000000000 ) ) ;
#5753 = CARTESIAN_POINT ( 'NONE',  ( -0.8574886876659970625, 0.05000000000000000971, 1.750000000000000000 ) ) ;
#5754 = CARTESIAN_POINT ( 'NONE',  ( -1.750000000000000222, 1.249999999999999778, 1.650759972456911084 ) ) ;
#5755 = CARTESIAN_POINT ( 'NONE',  ( -0.8574886876659969515, 0.05000000000000000278, 0.1164213562373095229 ) ) ;
#5756 = VERTEX_POINT ( 'NONE', #1847 ) ;
#5757 = CARTESIAN_POINT ( 'NONE',  ( -1.350000000000000311, 2.829999999999999627, -1.050000000000000044 ) ) ;
#5758 = ORIENTED_EDGE ( 'NONE', *, *, #7363, .T. ) ;
#5759 = CARTESIAN_POINT ( 'NONE',  ( 0.3250000000000000666, 0.3499999999999999778, -1.200000000000000178 ) ) ;
#5760 = DIRECTION ( 'NONE',  ( -0.000000000000000000, -1.000000000000000000, 0.000000000000000000 ) ) ;
#5761 = EDGE_CURVE ( 'NONE', #789, #6498, #3031, .T. ) ;
#5762 = EDGE_CURVE ( 'NONE', #3394, #7949, #5572, .T. ) ;
#5763 = DIRECTION ( 'NONE',  ( 0.08682659386424053383, 0.9924325091389677445, 0.08682659386424788905 ) ) ;
#5764 = VERTEX_POINT ( 'NONE', #6790 ) ;
#5765 = DIRECTION ( 'NONE',  ( 0.1287798954323275680, -0.9781804203664667963, -0.1630300700610810560 ) ) ;
#5766 = CARTESIAN_POINT ( 'NONE',  ( 0.4471019057874604519, 0.3499999999999999778, 1.099999999999999867 ) ) ;
#5767 = CARTESIAN_POINT ( 'NONE',  ( 1.050000000000000044, 0.2000000000000001776, 0.2250000000000001443 ) ) ;
#5768 = EDGE_CURVE ( 'NONE', #833, #5043, #5105, .T. ) ;
#5769 = DIRECTION ( 'NONE',  ( -1.445602896647340100E-15, 0.000000000000000000, 1.000000000000000000 ) ) ;
#5770 = ADVANCED_FACE ( 'NONE', ( #6160 ), #350, .F. ) ;
#5771 = ORIENTED_EDGE ( 'NONE', *, *, #4453, .T. ) ;
#5772 = VECTOR ( 'NONE', #5617, 1000.000000000000000 ) ;
#5773 =( BOUNDED_CURVE ( )  B_SPLINE_CURVE ( 3, ( #5029, #1848, #2990, #8151 ),
 .UNSPECIFIED., .F., .T. ) 
 B_SPLINE_CURVE_WITH_KNOTS ( ( 4, 4 ),
 ( 3.141592653589793116, 4.712388980384689674 ),
 .UNSPECIFIED. ) 
 CURVE ( )  GEOMETRIC_REPRESENTATION_ITEM ( )  RATIONAL_B_SPLINE_CURVE ( ( 1.000000000000000000, 0.8047378541243649375, 0.8047378541243649375, 1.000000000000000000 ) ) 
 REPRESENTATION_ITEM ( '' )  );
#5774 = DIRECTION ( 'NONE',  ( -1.000000000000000000, 0.000000000000000000, 0.000000000000000000 ) ) ;
#5775 = DIRECTION ( 'NONE',  ( 0.000000000000000000, 0.000000000000000000, -1.000000000000000000 ) ) ;
#5776 = CARTESIAN_POINT ( 'NONE',  ( 1.351260626809458687, 0.2500000000000001110, 1.662511336474076007 ) ) ;
#5777 = EDGE_CURVE ( 'NONE', #6301, #7428, #4570, .T. ) ;
#5778 = CARTESIAN_POINT ( 'NONE',  ( 1.717086875603152984, 1.000000000000000000, 1.750000000000000000 ) ) ;
#5779 = DIRECTION ( 'NONE',  ( 0.2079116908177522649, 0.9781476007338071321, 0.000000000000000000 ) ) ;
#5780 = CARTESIAN_POINT ( 'NONE',  ( -1.351260626809458465, 0.2500000000000000555, -1.662511336474075341 ) ) ;
#5781 = ORIENTED_EDGE ( 'NONE', *, *, #2286, .F. ) ;
#5782 = VERTEX_POINT ( 'NONE', #8104 ) ;
#5783 = ORIENTED_EDGE ( 'NONE', *, *, #6337, .T. ) ;
#5784 = EDGE_CURVE ( 'NONE', #6050, #7671, #4905, .T. ) ;
#5785 = CYLINDRICAL_SURFACE ( 'NONE', #3657, 0.2499999999999997780 ) ;
#5786 = CARTESIAN_POINT ( 'NONE',  ( 1.002234059486502682, 0.2500000000000000000, 0.7250000000000001998 ) ) ;
#5787 = AXIS2_PLACEMENT_3D ( 'NONE', #6354, #3769, #5684 ) ;
#5788 = ORIENTED_EDGE ( 'NONE', *, *, #6386, .F. ) ;
#5789 = DIRECTION ( 'NONE',  ( 0.000000000000000000, 0.000000000000000000, -1.000000000000000000 ) ) ;
#5790 = DIRECTION ( 'NONE',  ( 0.000000000000000000, 0.000000000000000000, -1.000000000000000000 ) ) ;
#5791 = CARTESIAN_POINT ( 'NONE',  ( -1.050000000000000488, 2.849999999999999645, -0.7500000000000000000 ) ) ;
#5792 = CARTESIAN_POINT ( 'NONE',  ( 1.749999999999999778, 1.000000000000000444, 1.375000000000000444 ) ) ;
#5793 = ORIENTED_EDGE ( 'NONE', *, *, #7520, .F. ) ;
#5794 = VERTEX_POINT ( 'NONE', #1715 ) ;
#5795 = DIRECTION ( 'NONE',  ( -0.1305261922200450231, -0.9914448613738112703, 0.000000000000000000 ) ) ;
#5796 = VERTEX_POINT ( 'NONE', #5028 ) ;
#5797 = CARTESIAN_POINT ( 'NONE',  ( -1.050000000000000044, 0.2000000000000000111, -1.375000000000000000 ) ) ;
#5798 = AXIS2_PLACEMENT_3D ( 'NONE', #6776, #977, #4895 ) ;
#5799 = DIRECTION ( 'NONE',  ( 0.000000000000000000, 1.000000000000000000, 0.000000000000000000 ) ) ;
#5800 = CARTESIAN_POINT ( 'NONE',  ( 1.050000000000000044, 1.597771622610217113E-16, 1.375000000000000444 ) ) ;
#5801 = EDGE_LOOP ( 'NONE', ( #6539, #8054, #5494, #4371 ) ) ;
#5802 = LINE ( 'NONE', #71, #465 ) ;
#5803 = AXIS2_PLACEMENT_3D ( 'NONE', #3415, #6008, #3346 ) ;
#5804 = DIRECTION ( 'NONE',  ( -0.08715574274765110208, -0.9961946980917462113, 0.000000000000000000 ) ) ;
#5805 = CARTESIAN_POINT ( 'NONE',  ( 1.050000000000000044, 1.597771622610217113E-16, -1.024999999999999911 ) ) ;
#5806 = EDGE_CURVE ( 'NONE', #2199, #7416, #5644, .T. ) ;
#5807 = AXIS2_PLACEMENT_3D ( 'NONE', #5954, #106, #66 ) ;
#5808 = DIRECTION ( 'NONE',  ( 0.000000000000000000, 0.000000000000000000, 1.000000000000000000 ) ) ;
#5809 = ORIENTED_EDGE ( 'NONE', *, *, #823, .F. ) ;
#5810 = CARTESIAN_POINT ( 'NONE',  ( 1.454429438579556866, 1.033644926307732748, -0.2056074877179557003 ) ) ;
#5811 = CIRCLE ( 'NONE', #2618, 0.5268201407991910390 ) ;
#5812 = CARTESIAN_POINT ( 'NONE',  ( -1.351260626809458465, 0.2500000000000000000, 1.750000000000000000 ) ) ;
#5813 = EDGE_CURVE ( 'NONE', #3218, #5756, #8334, .T. ) ;
#5814 = EDGE_CURVE ( 'NONE', #479, #5764, #3615, .T. ) ;
#5815 = ADVANCED_FACE ( 'NONE', ( #3654 ), #8057, .F. ) ;
#5816 = ORIENTED_EDGE ( 'NONE', *, *, #3393, .F. ) ;
#5817 = CARTESIAN_POINT ( 'NONE',  ( 1.350000000000000311, 2.849999999999999645, -1.050000000000000044 ) ) ;
#5818 = DIRECTION ( 'NONE',  ( -0.000000000000000000, 1.000000000000000000, -0.000000000000000000 ) ) ;
#5819 = CARTESIAN_POINT ( 'NONE',  ( 1.450000000000000400, 1.000000000000000000, 0.6000000000000000888 ) ) ;
#5820 = ORIENTED_EDGE ( 'NONE', *, *, #1823, .T. ) ;
#5821 = EDGE_CURVE ( 'NONE', #3205, #672, #931, .T. ) ;
#5822 = EDGE_CURVE ( 'NONE', #2613, #6258, #7425, .T. ) ;
#5823 = VERTEX_POINT ( 'NONE', #6240 ) ;
#5824 = CARTESIAN_POINT ( 'NONE',  ( -1.592086875603144325, 1.000000000000000000, 0.07499999999999998335 ) ) ;
#5825 = DIRECTION ( 'NONE',  ( -0.000000000000000000, -0.000000000000000000, -1.000000000000000000 ) ) ;
#5826 = ORIENTED_EDGE ( 'NONE', *, *, #6610, .F. ) ;
#5827 = DIRECTION ( 'NONE',  ( 0.000000000000000000, 0.000000000000000000, -1.000000000000000000 ) ) ;
#5828 = SURFACE_STYLE_USAGE ( .BOTH. , #7691 ) ;
#5829 = CARTESIAN_POINT ( 'NONE',  ( -1.749974346539598491, 1.249805142622647303, 1.661899502564970987 ) ) ;
#5830 = DIRECTION ( 'NONE',  ( -0.000000000000000000, -0.000000000000000000, -1.000000000000000000 ) ) ;
#5831 = ORIENTED_EDGE ( 'NONE', *, *, #5474, .F. ) ;
#5832 = ORIENTED_EDGE ( 'NONE', *, *, #823, .T. ) ;
#5833 = DIRECTION ( 'NONE',  ( 0.000000000000000000, 0.1643989873053606499, -0.9863939238321431935 ) ) ;
#5834 = ADVANCED_FACE ( 'NONE', ( #1664 ), #2154, .F. ) ;
#5835 = VERTEX_POINT ( 'NONE', #6919 ) ;
#5836 = DIRECTION ( 'NONE',  ( 0.000000000000000000, -1.000000000000000000, 0.000000000000000000 ) ) ;
#5837 = VECTOR ( 'NONE', #6311, 1000.000000000000000 ) ;
#5838 = FILL_AREA_STYLE ('',( #4586 ) ) ;
#5839 = PLANE ( 'NONE',  #7146 ) ;
#5840 = VERTEX_POINT ( 'NONE', #396 ) ;
#5841 = FACE_OUTER_BOUND ( 'NONE', #7215, .T. ) ;
#5842 = LINE ( 'NONE', #710, #6321 ) ;
#5843 = AXIS2_PLACEMENT_3D ( 'NONE', #7785, #5883, #7825 ) ;
#5844 = VECTOR ( 'NONE', #131, 1000.000000000000000 ) ;
#5845 = ORIENTED_EDGE ( 'NONE', *, *, #6337, .F. ) ;
#5846 = PLANE ( 'NONE',  #7740 ) ;
#5847 = CIRCLE ( 'NONE', #2243, 0.5268201407991910390 ) ;
#5848 = AXIS2_PLACEMENT_3D ( 'NONE', #4317, #2484, #560 ) ;
#5849 = VECTOR ( 'NONE', #2803, 1000.000000000000000 ) ;
#5850 = ORIENTED_EDGE ( 'NONE', *, *, #5900, .F. ) ;
#5851 = ORIENTED_EDGE ( 'NONE', *, *, #1393, .T. ) ;
#5852 = EDGE_CURVE ( 'NONE', #4320, #6119, #2988, .T. ) ;
#5853 = SHAPE_DEFINITION_REPRESENTATION ( #5317, #3204 ) ;
#5854 = CARTESIAN_POINT ( 'NONE',  ( 0.8998354216417641105, 0.04999999999999999584, 0.8750000000000001110 ) ) ;
#5855 = AXIS2_PLACEMENT_3D ( 'NONE', #6487, #4546, #96 ) ;
#5856 = PLANE ( 'NONE',  #2388 ) ;
#5857 = VECTOR ( 'NONE', #3552, 1000.000000000000000 ) ;
#5858 = ORIENTED_EDGE ( 'NONE', *, *, #5618, .T. ) ;
#5859 = EDGE_CURVE ( 'NONE', #4754, #6378, #439, .T. ) ;
#5860 = EDGE_CURVE ( 'NONE', #6202, #4167, #1166, .T. ) ;
#5861 = LINE ( 'NONE', #4449, #5046 ) ;
#5862 = ORIENTED_EDGE ( 'NONE', *, *, #6511, .T. ) ;
#5863 = ORIENTED_EDGE ( 'NONE', *, *, #2081, .F. ) ;
#5864 = AXIS2_PLACEMENT_3D ( 'NONE', #3875, #5827, #2580 ) ;
#5865 = CIRCLE ( 'NONE', #1019, 0.1221019057874603436 ) ;
#5866 = CARTESIAN_POINT ( 'NONE',  ( 1.550000000000000044, 0.2500000000000001665, -1.024999999999999911 ) ) ;
#5867 = ADVANCED_FACE ( 'NONE', ( #3114 ), #5657, .T. ) ;
#5868 = EDGE_LOOP ( 'NONE', ( #4440, #4797, #236, #3210 ) ) ;
#5869 = CARTESIAN_POINT ( 'NONE',  ( -0.3250000000000000111, 0.05000000000000001665, -1.375000000000000222 ) ) ;
#5870 = FACE_OUTER_BOUND ( 'NONE', #1150, .T. ) ;
#5871 = FACE_OUTER_BOUND ( 'NONE', #4372, .T. ) ;
#5872 = CARTESIAN_POINT ( 'NONE',  ( 1.729989406634232729, 1.098004453143893278, 0.5750000000000001776 ) ) ;
#5873 = ORIENTED_EDGE ( 'NONE', *, *, #1765, .T. ) ;
#5874 = LINE ( 'NONE', #173, #6291 ) ;
#5875 = ORIENTED_EDGE ( 'NONE', *, *, #2952, .T. ) ;
#5876 = CYLINDRICAL_SURFACE ( 'NONE', #3978, 0.04999999999999991257 ) ;
#5877 = PRESENTATION_STYLE_ASSIGNMENT (( #1378 ) ) ;
#5878 = EDGE_CURVE ( 'NONE', #6858, #5710, #2702, .T. ) ;
#5879 = LINE ( 'NONE', #1502, #703 ) ;
#5880 = VERTEX_POINT ( 'NONE', #7814 ) ;
#5881 = DIRECTION ( 'NONE',  ( 1.000000000000000000, 3.170181790893303965E-17, 0.000000000000000000 ) ) ;
#5882 = CARTESIAN_POINT ( 'NONE',  ( 1.050000000000000044, 0.2000000000000001776, -0.5749999999999998446 ) ) ;
#5883 = DIRECTION ( 'NONE',  ( -0.2079116908177522649, 0.9781476007338071321, 0.000000000000000000 ) ) ;
#5884 = ORIENTED_EDGE ( 'NONE', *, *, #7288, .T. ) ;
#5885 = CARTESIAN_POINT ( 'NONE',  ( 1.617371406666318956, 1.000000000000000000, 1.728127834118518891 ) ) ;
#5886 =( BOUNDED_CURVE ( )  B_SPLINE_CURVE ( 3, ( #6456, #5755, #5208, #1336 ),
 .UNSPECIFIED., .F., .F. ) 
 B_SPLINE_CURVE_WITH_KNOTS ( ( 4, 4 ),
 ( 0.000000000000000000, 1.570796326794896558 ),
 .UNSPECIFIED. ) 
 CURVE ( )  GEOMETRIC_REPRESENTATION_ITEM ( )  RATIONAL_B_SPLINE_CURVE ( ( 1.000000000000000000, 0.8047378541243649375, 0.8047378541243649375, 1.000000000000000000 ) ) 
 REPRESENTATION_ITEM ( '' )  );
#5887 = ADVANCED_FACE ( 'NONE', ( #1537 ), #7133, .F. ) ;
#5888 = DIRECTION ( 'NONE',  ( -0.000000000000000000, -0.000000000000000000, -1.000000000000000000 ) ) ;
#5889 = ORIENTED_EDGE ( 'NONE', *, *, #298, .F. ) ;
#5890 = DIRECTION ( 'NONE',  ( -0.000000000000000000, -0.9848077530122080203, 0.1736481776669307198 ) ) ;
#5891 = DIRECTION ( 'NONE',  ( 0.000000000000000000, 1.000000000000000000, 0.000000000000000000 ) ) ;
#5892 = VECTOR ( 'NONE', #6116, 1000.000000000000000 ) ;
#5893 = ORIENTED_EDGE ( 'NONE', *, *, #7298, .F. ) ;
#5894 = ORIENTED_EDGE ( 'NONE', *, *, #685, .F. ) ;
#5895 = DIRECTION ( 'NONE',  ( 0.000000000000000000, 1.000000000000000000, -0.000000000000000000 ) ) ;
#5896 = CARTESIAN_POINT ( 'NONE',  ( -0.3250000000000000111, 0.3499999999999999778, -1.200000000000000178 ) ) ;
#5897 = ORIENTED_EDGE ( 'NONE', *, *, #644, .F. ) ;
#5898 = ORIENTED_EDGE ( 'NONE', *, *, #1601, .T. ) ;
#5899 = ORIENTED_EDGE ( 'NONE', *, *, #7162, .F. ) ;
#5900 = EDGE_CURVE ( 'NONE', #5782, #1070, #2773, .T. ) ;
#5901 = ORIENTED_EDGE ( 'NONE', *, *, #7217, .T. ) ;
#5902 = CARTESIAN_POINT ( 'NONE',  ( -1.350000000000000533, 2.849999999999999645, -0.1500000000000000500 ) ) ;
#5903 = DIRECTION ( 'NONE',  ( 0.000000000000000000, -0.000000000000000000, 1.000000000000000000 ) ) ;
#5904 = FACE_OUTER_BOUND ( 'NONE', #188, .T. ) ;
#5905 = ORIENTED_EDGE ( 'NONE', *, *, #3194, .F. ) ;
#5906 = CARTESIAN_POINT ( 'NONE',  ( 0.8574886876659970625, 0.05000000000000000971, 1.750000000000000000 ) ) ;
#5907 = EDGE_LOOP ( 'NONE', ( #7282, #5305, #7088, #898, #7819, #1493, #7111, #7024 ) ) ;
#5908 = LINE ( 'NONE', #7972, #4904 ) ;
#5909 = EDGE_CURVE ( 'NONE', #429, #2100, #4619, .T. ) ;
#5910 = EDGE_CURVE ( 'NONE', #1684, #630, #2820, .T. ) ;
#5911 = EDGE_CURVE ( 'NONE', #2811, #3838, #2734, .T. ) ;
#5912 = AXIS2_PLACEMENT_3D ( 'NONE', #6095, #7995, #6055 ) ;
#5913 = VECTOR ( 'NONE', #4207, 1000.000000000000000 ) ;
#5914 = CYLINDRICAL_SURFACE ( 'NONE', #7423, 0.2499999999999997780 ) ;
#5915 = ORIENTED_EDGE ( 'NONE', *, *, #7161, .T. ) ;
#5916 = CARTESIAN_POINT ( 'NONE',  ( 1.050000000000000044, 1.597771622610217113E-16, -1.375000000000000000 ) ) ;
#5917 = CARTESIAN_POINT ( 'NONE',  ( 1.050000000000000266, 2.849999999999999645, 1.100000000000000089 ) ) ;
#5918 = DIRECTION ( 'NONE',  ( -0.000000000000000000, 1.000000000000000000, -0.000000000000000000 ) ) ;
#5919 = VECTOR ( 'NONE', #275, 1000.000000000000000 ) ;
#5920 = VECTOR ( 'NONE', #4406, 1000.000000000000000 ) ;
#5921 = EDGE_LOOP ( 'NONE', ( #2713, #5831 ) ) ;
#5922 = CARTESIAN_POINT ( 'NONE',  ( -1.351260626809458465, 0.2500000000000000000, -0.7250000000000001998 ) ) ;
#5923 = ADVANCED_FACE ( 'NONE', ( #3955 ), #5329, .F. ) ;
#5924 = EDGE_CURVE ( 'NONE', #6527, #4686, #4662, .T. ) ;
#5925 = ORIENTED_EDGE ( 'NONE', *, *, #7820, .T. ) ;
#5926 = CARTESIAN_POINT ( 'NONE',  ( -0.8574886876659970625, 0.05000000000000000971, -0.6250000000000003331 ) ) ;
#5927 = VERTEX_POINT ( 'NONE', #7848 ) ;
#5928 = FACE_OUTER_BOUND ( 'NONE', #2653, .T. ) ;
#5929 =( NAMED_UNIT ( * ) SI_UNIT ( $, .STERADIAN. ) SOLID_ANGLE_UNIT ( ) );
#5930 = DIRECTION ( 'NONE',  ( 0.000000000000000000, 1.000000000000000000, 0.000000000000000000 ) ) ;
#5931 = LINE ( 'NONE', #201, #1553 ) ;
#5932 = EDGE_CURVE ( 'NONE', #4956, #3591, #220, .T. ) ;
#5933 = AXIS2_PLACEMENT_3D ( 'NONE', #6984, #788, #3959 ) ;
#5934 = ORIENTED_EDGE ( 'NONE', *, *, #7363, .F. ) ;
#5935 =( BOUNDED_CURVE ( )  B_SPLINE_CURVE ( 3, ( #7768, #6451, #694, #2660 ),
 .UNSPECIFIED., .F., .T. ) 
 B_SPLINE_CURVE_WITH_KNOTS ( ( 4, 4 ),
 ( 3.141592653589793116, 4.712388980384689674 ),
 .UNSPECIFIED. ) 
 CURVE ( )  GEOMETRIC_REPRESENTATION_ITEM ( )  RATIONAL_B_SPLINE_CURVE ( ( 1.000000000000000000, 0.8047378541243649375, 0.8047378541243649375, 1.000000000000000000 ) ) 
 REPRESENTATION_ITEM ( '' )  );
#5936 = ORIENTED_EDGE ( 'NONE', *, *, #3140, .T. ) ;
#5937 = ORIENTED_EDGE ( 'NONE', *, *, #3843, .F. ) ;
#5938 = AXIS2_PLACEMENT_3D ( 'NONE', #311, #8025, #2369 ) ;
#5939 = LINE ( 'NONE', #4647, #3717 ) ;
#5940 = PLANE ( 'NONE',  #1828 ) ;
#5941 = ORIENTED_EDGE ( 'NONE', *, *, #821, .T. ) ;
#5942 = CYLINDRICAL_SURFACE ( 'NONE', #5050, 0.1000000000000001166 ) ;
#5943 = CARTESIAN_POINT ( 'NONE',  ( 1.050000000000000044, 1.597771622610217113E-16, -1.375000000000000000 ) ) ;
#5944 = LINE ( 'NONE', #6699, #2532 ) ;
#5945 = EDGE_CURVE ( 'NONE', #5231, #3807, #5993, .T. ) ;
#5946 = DIRECTION ( 'NONE',  ( -0.000000000000000000, -0.000000000000000000, -1.000000000000000000 ) ) ;
#5947 = LINE ( 'NONE', #6074, #1064 ) ;
#5948 = ORIENTED_EDGE ( 'NONE', *, *, #2033, .F. ) ;
#5949 = LINE ( 'NONE', #742, #3766 ) ;
#5950 = ORIENTED_EDGE ( 'NONE', *, *, #1705, .F. ) ;
#5951 = DIRECTION ( 'NONE',  ( -0.000000000000000000, -0.000000000000000000, -1.000000000000000000 ) ) ;
#5952 = PLANE ( 'NONE',  #3736 ) ;
#5953 = DIRECTION ( 'NONE',  ( 0.08682659386424053383, 0.9924325091389677445, -0.08682659386424788905 ) ) ;
#5954 = CARTESIAN_POINT ( 'NONE',  ( 1.350000000000000311, 2.829999999999999627, 0.000000000000000000 ) ) ;
#5955 = EDGE_LOOP ( 'NONE', ( #2172, #5701, #7612, #6389, #1971 ) ) ;
#5956 = CARTESIAN_POINT ( 'NONE',  ( 1.717086875603152984, 1.000000000000000444, -0.2249999999999998390 ) ) ;
#5957 = EDGE_CURVE ( 'NONE', #7202, #6424, #5275, .T. ) ;
#5958 = DIRECTION ( 'NONE',  ( 0.000000000000000000, 1.000000000000000000, 0.000000000000000000 ) ) ;
#5959 = CARTESIAN_POINT ( 'NONE',  ( 0.000000000000000000, 0.6000000000000000888, -0.3036042630400219156 ) ) ;
#5960 = CARTESIAN_POINT ( 'NONE',  ( -1.550000000000000044, 0.2499999999999999445, 0.5750000000000001776 ) ) ;
#5961 = EDGE_LOOP ( 'NONE', ( #6757, #6848, #6761, #203 ) ) ;
#5962 = DIRECTION ( 'NONE',  ( 0.000000000000000000, -1.000000000000000000, 0.000000000000000000 ) ) ;
#5963 = VECTOR ( 'NONE', #621, 1000.000000000000114 ) ;
#5964 = ORIENTED_EDGE ( 'NONE', *, *, #7569, .F. ) ;
#5965 = EDGE_LOOP ( 'NONE', ( #5437, #2360, #4273, #1037 ) ) ;
#5966 = CIRCLE ( 'NONE', #3049, 0.2999999999999998224 ) ;
#5967 = VECTOR ( 'NONE', #2770, 1000.000000000000000 ) ;
#5968 = EDGE_CURVE ( 'NONE', #4762, #4572, #59, .T. ) ;
#5969 = CARTESIAN_POINT ( 'NONE',  ( 1.508292829518771638, -0.2527642765062573793, 0.7912059539156195420 ) ) ;
#5970 = CARTESIAN_POINT ( 'NONE',  ( -0.9597227471524998332, 0.05000000000000000971, -0.8750000000000000000 ) ) ;
#5971 =( NAMED_UNIT ( * ) PLANE_ANGLE_UNIT ( ) SI_UNIT ( $, .RADIAN. ) );
#5972 = LINE ( 'NONE', #199, #8006 ) ;
#5973 = DIRECTION ( 'NONE',  ( 1.000000000000000000, 3.170181790893303965E-17, 0.000000000000000000 ) ) ;
#5974 = VECTOR ( 'NONE', #4061, 1000.000000000000000 ) ;
#5975 = VERTEX_POINT ( 'NONE', #7775 ) ;
#5976 = ORIENTED_EDGE ( 'NONE', *, *, #2134, .T. ) ;
#5977 = EDGE_CURVE ( 'NONE', #494, #4807, #7255, .T. ) ;
#5978 = VECTOR ( 'NONE', #5726, 1000.000000000000000 ) ;
#5979 = VECTOR ( 'NONE', #3270, 1000.000000000000000 ) ;
#5980 = VECTOR ( 'NONE', #1385, 1000.000000000000000 ) ;
#5981 = DIRECTION ( 'NONE',  ( -0.000000000000000000, -0.000000000000000000, -1.000000000000000000 ) ) ;
#5982 = DIRECTION ( 'NONE',  ( -1.000000000000000000, 0.000000000000000000, -0.000000000000000000 ) ) ;
#5983 = ORIENTED_EDGE ( 'NONE', *, *, #770, .T. ) ;
#5984 = MECHANICAL_DESIGN_GEOMETRIC_PRESENTATION_REPRESENTATION (  '', ( #4933 ), #623 ) ;
#5985 = VECTOR ( 'NONE', #6360, 1000.000000000000000 ) ;
#5986 = DIRECTION ( 'NONE',  ( 0.000000000000000000, -1.000000000000000000, 0.000000000000000000 ) ) ;
#5987 = CARTESIAN_POINT ( 'NONE',  ( -1.717086875603152984, 1.000000000000000000, 1.750000000000000000 ) ) ;
#5988 = CARTESIAN_POINT ( 'NONE',  ( 1.610018138358533024, 2.829999999999999627, -0.6000000000000009770 ) ) ;
#5989 = LINE ( 'NONE', #2816, #1830 ) ;
#5990 =( NAMED_UNIT ( * ) PLANE_ANGLE_UNIT ( ) SI_UNIT ( $, .RADIAN. ) );
#5991 = ORIENTED_EDGE ( 'NONE', *, *, #6368, .T. ) ;
#5992 = VECTOR ( 'NONE', #7700, 1000.000000000000000 ) ;
#5993 = LINE ( 'NONE', #6491, #6027 ) ;
#5994 = ORIENTED_EDGE ( 'NONE', *, *, #6828, .F. ) ;
#5995 = LINE ( 'NONE', #4749, #8131 ) ;
#5996 = VECTOR ( 'NONE', #2692, 1000.000000000000000 ) ;
#5997 = DIRECTION ( 'NONE',  ( 1.000000000000000000, 0.000000000000000000, 0.000000000000000000 ) ) ;
#5998 = DIRECTION ( 'NONE',  ( 0.000000000000000000, 1.000000000000000000, 0.000000000000000000 ) ) ;
#5999 = ORIENTED_EDGE ( 'NONE', *, *, #2132, .F. ) ;
#6000 = CARTESIAN_POINT ( 'NONE',  ( 1.050000000000000044, 0.2000000000000001776, -0.2249999999999998390 ) ) ;
#6001 = CARTESIAN_POINT ( 'NONE',  ( 1.749999999999999778, 0.2500000000000001665, 0.5750000000000001776 ) ) ;
#6002 = DIRECTION ( 'NONE',  ( -0.000000000000000000, -0.000000000000000000, -1.000000000000000000 ) ) ;
#6003 = DIRECTION ( 'NONE',  ( -0.000000000000000000, -0.000000000000000000, -1.000000000000000000 ) ) ;
#6004 = ORIENTED_EDGE ( 'NONE', *, *, #4577, .F. ) ;
#6005 = FACE_OUTER_BOUND ( 'NONE', #3773, .T. ) ;
#6006 = EDGE_CURVE ( 'NONE', #2711, #2817, #6533, .T. ) ;
#6007 = EDGE_CURVE ( 'NONE', #612, #2585, #3396, .T. ) ;
#6008 = DIRECTION ( 'NONE',  ( 0.000000000000000000, -1.000000000000000000, 0.000000000000000000 ) ) ;
#6009 = VERTEX_POINT ( 'NONE', #4582 ) ;
#6010 = DIRECTION ( 'NONE',  ( 0.000000000000000000, -1.000000000000000000, 0.000000000000000000 ) ) ;
#6011 = CARTESIAN_POINT ( 'NONE',  ( -1.351260626809458465, 0.2500000000000000000, -1.662511336474076007 ) ) ;
#6012 = CARTESIAN_POINT ( 'NONE',  ( 1.050000000000000488, 2.829999999999999627, -1.400000000000000355 ) ) ;
#6013 = DIRECTION ( 'NONE',  ( -0.1287798954323275680, 0.9781804203664667963, -0.1630300700610810560 ) ) ;
#6014 = ORIENTED_EDGE ( 'NONE', *, *, #2175, .T. ) ;
#6015 = EDGE_CURVE ( 'NONE', #5289, #4258, #5949, .T. ) ;
#6016 = EDGE_CURVE ( 'NONE', #8138, #5294, #5874, .T. ) ;
#6017 = ADVANCED_FACE ( 'NONE', ( #100 ), #4077, .F. ) ;
#6018 = ORIENTED_EDGE ( 'NONE', *, *, #5957, .T. ) ;
#6019 = PLANE ( 'NONE',  #954 ) ;
#6020 = ORIENTED_EDGE ( 'NONE', *, *, #2315, .F. ) ;
#6021 = DIRECTION ( 'NONE',  ( -1.000000000000000000, 0.000000000000000000, 0.000000000000000000 ) ) ;
#6022 = CARTESIAN_POINT ( 'NONE',  ( 1.749999999999999778, 1.000000000000000444, 0.5750000000000001776 ) ) ;
#6023 = VECTOR ( 'NONE', #6243, 1000.000000000000000 ) ;
#6024 = ORIENTED_EDGE ( 'NONE', *, *, #7929, .T. ) ;
#6025 = EDGE_CURVE ( 'NONE', #4945, #174, #5536, .T. ) ;
#6026 = ORIENTED_EDGE ( 'NONE', *, *, #5900, .T. ) ;
#6027 = VECTOR ( 'NONE', #1455, 1000.000000000000227 ) ;
#6028 = DIRECTION ( 'NONE',  ( 0.000000000000000000, 0.1736481776669307198, 0.9848077530122080203 ) ) ;
#6029 = DIRECTION ( 'NONE',  ( 0.000000000000000000, -0.9848077530122080203, -0.1736481776669307198 ) ) ;
#6030 = DIRECTION ( 'NONE',  ( 0.000000000000000000, 1.000000000000000000, -0.000000000000000000 ) ) ;
#6031 = ORIENTED_EDGE ( 'NONE', *, *, #4845, .T. ) ;
#6032 = ORIENTED_EDGE ( 'NONE', *, *, #6862, .T. ) ;
#6033 = LINE ( 'NONE', #5410, #4153 ) ;
#6034 = ORIENTED_EDGE ( 'NONE', *, *, #5011, .T. ) ;
#6035 = FACE_OUTER_BOUND ( 'NONE', #8109, .T. ) ;
#6036 = EDGE_CURVE ( 'NONE', #5764, #3354, #2863, .T. ) ;
#6037 = LINE ( 'NONE', #6801, #3332 ) ;
#6038 = DIRECTION ( 'NONE',  ( 1.000000000000000000, -0.000000000000000000, -7.745304711423582524E-16 ) ) ;
#6039 = DIRECTION ( 'NONE',  ( -0.000000000000000000, -0.000000000000000000, -1.000000000000000000 ) ) ;
#6040 = ORIENTED_EDGE ( 'NONE', *, *, #2189, .F. ) ;
#6041 = FACE_OUTER_BOUND ( 'NONE', #5268, .T. ) ;
#6042 = CARTESIAN_POINT ( 'NONE',  ( 1.500000000000000000, 2.710505431213761085E-16, 0.2250000000000001443 ) ) ;
#6043 = DIRECTION ( 'NONE',  ( -0.000000000000000000, -0.000000000000000000, -1.000000000000000000 ) ) ;
#6044 = LINE ( 'NONE', #2707, #51 ) ;
#6045 = ORIENTED_EDGE ( 'NONE', *, *, #24, .T. ) ;
#6046 = CARTESIAN_POINT ( 'NONE',  ( -1.450000000000000400, 1.000000000000000000, -0.1999999999999998723 ) ) ;
#6047 = AXIS2_PLACEMENT_3D ( 'NONE', #7142, #7824, #1997 ) ;
#6048 = CIRCLE ( 'NONE', #5247, 0.2999999999999997113 ) ;
#6049 = DIRECTION ( 'NONE',  ( 0.000000000000000000, 1.000000000000000000, -0.000000000000000000 ) ) ;
#6050 = VERTEX_POINT ( 'NONE', #2278 ) ;
#6051 = DIRECTION ( 'NONE',  ( 0.000000000000000000, 0.000000000000000000, -1.000000000000000000 ) ) ;
#6052 = ORIENTED_EDGE ( 'NONE', *, *, #6862, .F. ) ;
#6053 = CIRCLE ( 'NONE', #6582, 0.1499999999999999944 ) ;
#6054 = FACE_OUTER_BOUND ( 'NONE', #6244, .T. ) ;
#6055 = DIRECTION ( 'NONE',  ( -0.1736481776669307198, 0.9848077530122080203, 0.000000000000000000 ) ) ;
#6056 = ADVANCED_FACE ( 'NONE', ( #7346 ), #6203, .T. ) ;
#6057 = DIRECTION ( 'NONE',  ( 0.000000000000000000, -1.000000000000000000, 0.000000000000000000 ) ) ;
#6058 = LINE ( 'NONE', #5387, #6640 ) ;
#6059 = VECTOR ( 'NONE', #1523, 1000.000000000000000 ) ;
#6060 = ORIENTED_EDGE ( 'NONE', *, *, #3557, .F. ) ;
#6061 = DIRECTION ( 'NONE',  ( 0.1305261922200450231, 0.9914448613738112703, 0.000000000000000000 ) ) ;
#6062 = ORIENTED_EDGE ( 'NONE', *, *, #1740, .T. ) ;
#6063 = ADVANCED_FACE ( 'NONE', ( #4911 ), #1584, .F. ) ;
#6064 = CARTESIAN_POINT ( 'NONE',  ( 1.550000000000000044, 0.2500000000000001665, -1.024999999999999911 ) ) ;
#6065 = EDGE_CURVE ( 'NONE', #6671, #6630, #2955, .T. ) ;
#6066 = DIRECTION ( 'NONE',  ( -0.000000000000000000, 1.000000000000000000, -0.000000000000000000 ) ) ;
#6067 = ORIENTED_EDGE ( 'NONE', *, *, #5020, .F. ) ;
#6068 = CARTESIAN_POINT ( 'NONE',  ( -1.050000000000000488, 2.849999999999999645, -1.050000000000000044 ) ) ;
#6069 = FACE_OUTER_BOUND ( 'NONE', #1253, .T. ) ;
#6070 = FACE_OUTER_BOUND ( 'NONE', #6504, .T. ) ;
#6071 = EDGE_CURVE ( 'NONE', #107, #3008, #6033, .T. ) ;
#6072 = ADVANCED_FACE ( 'NONE', ( #4789 ), #7475, .T. ) ;
#6073 = CARTESIAN_POINT ( 'NONE',  ( 1.717086875603152984, 1.000000000000000000, 1.750000000000000000 ) ) ;
#6074 = CARTESIAN_POINT ( 'NONE',  ( -0.3250000000000000111, 0.05000000000000000971, 1.375000000000000222 ) ) ;
#6075 = ORIENTED_EDGE ( 'NONE', *, *, #1823, .F. ) ;
#6076 = DIRECTION ( 'NONE',  ( 0.000000000000000000, 1.000000000000000000, 0.000000000000000000 ) ) ;
#6077 = ORIENTED_EDGE ( 'NONE', *, *, #3579, .T. ) ;
#6078 = DIRECTION ( 'NONE',  ( -1.000000000000000000, 0.000000000000000000, 0.000000000000000000 ) ) ;
#6079 = ORIENTED_EDGE ( 'NONE', *, *, #5678, .T. ) ;
#6080 = DIRECTION ( 'NONE',  ( 1.000000000000000000, -0.000000000000000000, 0.000000000000000000 ) ) ;
#6081 = PLANE ( 'NONE',  #5938 ) ;
#6082 = VERTEX_POINT ( 'NONE', #8154 ) ;
#6083 = CARTESIAN_POINT ( 'NONE',  ( 1.750000000000000222, 1.249999999999999778, -1.650380530190825867 ) ) ;
#6084 = EDGE_CURVE ( 'NONE', #6374, #3269, #5495, .T. ) ;
#6085 = CARTESIAN_POINT ( 'NONE',  ( 1.650284531063166193, 1.249999999999999778, -1.750000000000000000 ) ) ;
#6086 = LINE ( 'NONE', #2830, #4193 ) ;
#6087 = CARTESIAN_POINT ( 'NONE',  ( -1.744335268686304730, 1.249648475686973459, -1.683698872194586915 ) ) ;
#6088 = ORIENTED_EDGE ( 'NONE', *, *, #2615, .F. ) ;
#6089 = DIRECTION ( 'NONE',  ( 0.000000000000000000, 0.000000000000000000, -1.000000000000000000 ) ) ;
#6090 = DIRECTION ( 'NONE',  ( 0.000000000000000000, 0.000000000000000000, 1.000000000000000000 ) ) ;
#6091 = ORIENTED_EDGE ( 'NONE', *, *, #4630, .F. ) ;
#6092 = CARTESIAN_POINT ( 'NONE',  ( 0.000000000000000000, 0.3499999999999999778, 0.000000000000000000 ) ) ;
#6093 = ORIENTED_EDGE ( 'NONE', *, *, #8141, .T. ) ;
#6094 = CARTESIAN_POINT ( 'NONE',  ( -1.749999999999999778, 0.2499999999999999445, 0.2250000000000001443 ) ) ;
#6095 = CARTESIAN_POINT ( 'NONE',  ( 0.5000000000000000000, 0.05000000000000000971, -1.100000000000000089 ) ) ;
#6096 = CARTESIAN_POINT ( 'NONE',  ( -1.350000000000000533, 2.829999999999999627, -0.1500000000000000500 ) ) ;
#6097 = EDGE_CURVE ( 'NONE', #5543, #3547, #4024, .T. ) ;
#6098 = CARTESIAN_POINT ( 'NONE',  ( -1.729989406634232729, 1.098004453143892833, -1.024999999999999911 ) ) ;
#6099 = VECTOR ( 'NONE', #457, 1000.000000000000000 ) ;
#6100 = CIRCLE ( 'NONE', #6495, 0.1221019057874605518 ) ;
#6101 = ORIENTED_EDGE ( 'NONE', *, *, #5073, .F. ) ;
#6102 = DIRECTION ( 'NONE',  ( -0.1736481776669307198, -0.9848077530122080203, 0.000000000000000000 ) ) ;
#6103 = ORIENTED_EDGE ( 'NONE', *, *, #5474, .T. ) ;
#6104 = PLANE ( 'NONE',  #2387 ) ;
#6105 = FILL_AREA_STYLE ('',( #4733 ) ) ;
#6106 = CONICAL_SURFACE ( 'NONE', #470, 0.1750000000000000167, 0.1745329251994333364 ) ;
#6107 = EDGE_LOOP ( 'NONE', ( #2419, #7504, #3274, #5259 ) ) ;
#6108 = AXIS2_PLACEMENT_3D ( 'NONE', #3865, #5895, #3353 ) ;
#6109 = EDGE_CURVE ( 'NONE', #4465, #6611, #6800, .T. ) ;
#6110 = VECTOR ( 'NONE', #2854, 1000.000000000000000 ) ;
#6111 = AXIS2_PLACEMENT_3D ( 'NONE', #5649, #4410, #1659 ) ;
#6112 = AXIS2_PLACEMENT_3D ( 'NONE', #3421, #1568, #2934 ) ;
#6113 = DIRECTION ( 'NONE',  ( -0.000000000000000000, -0.000000000000000000, -1.000000000000000000 ) ) ;
#6114 = DIRECTION ( 'NONE',  ( 1.000000000000000000, 0.000000000000000000, 0.000000000000000000 ) ) ;
#6115 = LINE ( 'NONE', #3391, #2766 ) ;
#6116 = DIRECTION ( 'NONE',  ( 0.000000000000000000, 1.000000000000000000, 0.000000000000000000 ) ) ;
#6117 = VERTEX_POINT ( 'NONE', #3531 ) ;
#6118 = CARTESIAN_POINT ( 'NONE',  ( -0.9000000000000000222, 0.2500000000000000000, 0.1750000000000000167 ) ) ;
#6119 = VERTEX_POINT ( 'NONE', #6163 ) ;
#6120 = VECTOR ( 'NONE', #4500, 1000.000000000000114 ) ;
#6121 = CARTESIAN_POINT ( 'NONE',  ( 1.050000000000000488, 2.829999999999999627, -0.4500000000000000111 ) ) ;
#6122 = VECTOR ( 'NONE', #2867, 1000.000000000000000 ) ;
#6123 = CIRCLE ( 'NONE', #7198, 0.1221019057874605518 ) ;
#6124 = EDGE_CURVE ( 'NONE', #4387, #711, #3619, .T. ) ;
#6125 = EDGE_CURVE ( 'NONE', #7803, #5116, #2903, .T. ) ;
#6126 = EDGE_CURVE ( 'NONE', #4452, #897, #3571, .T. ) ;
#6127 = CARTESIAN_POINT ( 'NONE',  ( -1.350000000000000311, 2.829999999999999627, -1.100000000000000533 ) ) ;
#6128 = CARTESIAN_POINT ( 'NONE',  ( 1.351260626809458465, 0.2500000000000000000, 1.750000000000000000 ) ) ;
#6129 = ORIENTED_EDGE ( 'NONE', *, *, #8249, .T. ) ;
#6130 = AXIS2_PLACEMENT_3D ( 'NONE', #5719, #5760, #8297 ) ;
#6131 = DIRECTION ( 'NONE',  ( 0.000000000000000000, 0.000000000000000000, 1.000000000000000000 ) ) ;
#6132 = DIRECTION ( 'NONE',  ( -1.032573497605241978E-16, 0.000000000000000000, -1.000000000000000000 ) ) ;
#6133 = FACE_OUTER_BOUND ( 'NONE', #4178, .T. ) ;
#6134 = ORIENTED_EDGE ( 'NONE', *, *, #3233, .F. ) ;
#6135 = VERTEX_POINT ( 'NONE', #7429 ) ;
#6136 = CARTESIAN_POINT ( 'NONE',  ( -1.735056914610914269, 1.249598840175966785, -1.704224804851841135 ) ) ;
#6137 = EDGE_LOOP ( 'NONE', ( #7369, #7058, #4759, #2704 ) ) ;
#6138 = CARTESIAN_POINT ( 'NONE',  ( 1.749999999999999778, 1.000000000000000444, -0.2249999999999998390 ) ) ;
#6139 = AXIS2_PLACEMENT_3D ( 'NONE', #7381, #2274, #167 ) ;
#6140 = AXIS2_PLACEMENT_3D ( 'NONE', #6409, #2534, #603 ) ;
#6141 = EDGE_CURVE ( 'NONE', #3673, #1145, #4200, .T. ) ;
#6142 = CARTESIAN_POINT ( 'NONE',  ( 1.717086875603152984, 1.000000000000000000, -0.6000000000000000888 ) ) ;
#6143 = DIRECTION ( 'NONE',  ( -0.000000000000000000, -0.000000000000000000, -1.000000000000000000 ) ) ;
#6144 = ORIENTED_EDGE ( 'NONE', *, *, #5859, .T. ) ;
#6145 = PLANE ( 'NONE',  #5310 ) ;
#6146 = DIRECTION ( 'NONE',  ( 0.000000000000000000, -1.000000000000000000, 0.000000000000000000 ) ) ;
#6147 = DIRECTION ( 'NONE',  ( -0.08682659386424053383, 0.9924325091389677445, -0.08682659386424788905 ) ) ;
#6148 = DIRECTION ( 'NONE',  ( -0.000000000000000000, -0.000000000000000000, -1.000000000000000000 ) ) ;
#6149 = EDGE_CURVE ( 'NONE', #7600, #472, #444, .T. ) ;
#6150 = ORIENTED_EDGE ( 'NONE', *, *, #2515, .T. ) ;
#6151 = CARTESIAN_POINT ( 'NONE',  ( 1.350000000000000089, 2.829999999999999627, 1.100000000000000089 ) ) ;
#6152 = EDGE_CURVE ( 'NONE', #7683, #1754, #6794, .T. ) ;
#6153 = VERTEX_POINT ( 'NONE', #5578 ) ;
#6154 = FACE_OUTER_BOUND ( 'NONE', #6933, .T. ) ;
#6155 = SURFACE_STYLE_USAGE ( .BOTH. , #6780 ) ;
#6156 = ORIENTED_EDGE ( 'NONE', *, *, #586, .F. ) ;
#6157 = ORIENTED_EDGE ( 'NONE', *, *, #1727, .T. ) ;
#6158 = CARTESIAN_POINT ( 'NONE',  ( 1.585438457722452510, 3.130947035255595701, -1.485818987913264388 ) ) ;
#6159 = VECTOR ( 'NONE', #5125, 1000.000000000000000 ) ;
#6160 = FACE_OUTER_BOUND ( 'NONE', #312, .T. ) ;
#6161 = CARTESIAN_POINT ( 'NONE',  ( -1.611767911629051531, 2.829999999999999627, -0.3449999999999999178 ) ) ;
#6162 = ORIENTED_EDGE ( 'NONE', *, *, #930, .T. ) ;
#6163 = CARTESIAN_POINT ( 'NONE',  ( 1.351260626809458465, 0.2500000000000001110, -0.8750000000000001110 ) ) ;
#6164 = ORIENTED_EDGE ( 'NONE', *, *, #498, .F. ) ;
#6165 = DIRECTION ( 'NONE',  ( -0.000000000000000000, -0.000000000000000000, -1.000000000000000000 ) ) ;
#6166 = ORIENTED_EDGE ( 'NONE', *, *, #987, .T. ) ;
#6167 = CARTESIAN_POINT ( 'NONE',  ( 1.050000000000000044, 1.597771622610217113E-16, -0.2249999999999998390 ) ) ;
#6168 = AXIS2_PLACEMENT_3D ( 'NONE', #2312, #1074, #5532 ) ;
#6169 = CARTESIAN_POINT ( 'NONE',  ( -1.355254552287706638, 0.2803368758773233660, -0.8800561459795515074 ) ) ;
#6170 = VERTEX_POINT ( 'NONE', #6245 ) ;
#6171 = CARTESIAN_POINT ( 'NONE',  ( 1.050000000000000266, 2.829999999999999627, 1.399999999999999689 ) ) ;
#6172 = LINE ( 'NONE', #2242, #8084 ) ;
#6173 = ORIENTED_EDGE ( 'NONE', *, *, #3636, .T. ) ;
#6174 = CARTESIAN_POINT ( 'NONE',  ( -1.740631567675905877, 1.249596811527738049, -1.694208954620516350 ) ) ;
#6175 = ADVANCED_FACE ( 'NONE', ( #493 ), #3082, .F. ) ;
#6176 = EDGE_CURVE ( 'NONE', #4836, #2725, #2683, .T. ) ;
#6177 = ORIENTED_EDGE ( 'NONE', *, *, #1653, .T. ) ;
#6178 = CARTESIAN_POINT ( 'NONE',  ( 1.437474670747281191, -0.3664513717229281875, -1.608578829833314350 ) ) ;
#6179 = DIRECTION ( 'NONE',  ( 0.2079116908177522649, 0.9781476007338071321, 0.000000000000000000 ) ) ;
#6180 = VERTEX_POINT ( 'NONE', #5262 ) ;
#6181 = LINE ( 'NONE', #418, #7954 ) ;
#6182 = EDGE_LOOP ( 'NONE', ( #6448, #5816, #7335, #8295 ) ) ;
#6183 = CARTESIAN_POINT ( 'NONE',  ( 0.000000000000000000, 0.7500000000000000000, 0.000000000000000000 ) ) ;
#6184 = PLANE ( 'NONE',  #5521 ) ;
#6185 = ADVANCED_FACE ( 'NONE', ( #6405 ), #2454, .F. ) ;
#6186 = FACE_OUTER_BOUND ( 'NONE', #3762, .T. ) ;
#6187 = ORIENTED_EDGE ( 'NONE', *, *, #1950, .T. ) ;
#6188 = FACE_OUTER_BOUND ( 'NONE', #1852, .T. ) ;
#6189 = VECTOR ( 'NONE', #2390, 1000.000000000000000 ) ;
#6190 = AXIS2_PLACEMENT_3D ( 'NONE', #1726, #4292, #2866 ) ;
#6191 = VERTEX_POINT ( 'NONE', #3309 ) ;
#6192 = EDGE_CURVE ( 'NONE', #2817, #1297, #6442, .T. ) ;
#6193 = FACE_OUTER_BOUND ( 'NONE', #206, .T. ) ;
#6194 = ORIENTED_EDGE ( 'NONE', *, *, #4311, .T. ) ;
#6195 = AXIS2_PLACEMENT_3D ( 'NONE', #1875, #4439, #1226 ) ;
#6196 = LINE ( 'NONE', #1501, #6798 ) ;
#6197 = CARTESIAN_POINT ( 'NONE',  ( 1.050000000000000044, 1.597771622610217113E-16, 0.2250000000000001443 ) ) ;
#6198 = DIRECTION ( 'NONE',  ( 0.000000000000000000, 0.000000000000000000, -1.000000000000000000 ) ) ;
#6199 = CARTESIAN_POINT ( 'NONE',  ( 1.002234059486502682, 0.2500000000000000000, -0.07499999999999998335 ) ) ;
#6200 = FILL_AREA_STYLE_COLOUR ( '', #6390 ) ;
#6201 = ORIENTED_EDGE ( 'NONE', *, *, #2659, .F. ) ;
#6202 = VERTEX_POINT ( 'NONE', #8197 ) ;
#6203 = PLANE ( 'NONE',  #2962 ) ;
#6204 = VERTEX_POINT ( 'NONE', #5776 ) ;
#6205 = DIRECTION ( 'NONE',  ( -1.000000000000000000, 0.000000000000000000, 0.000000000000000000 ) ) ;
#6206 = EDGE_LOOP ( 'NONE', ( #5489, #4549, #8107, #4247 ) ) ;
#6207 = VECTOR ( 'NONE', #26, 1000.000000000000000 ) ;
#6208 = CARTESIAN_POINT ( 'NONE',  ( 0.5000000000000000000, 0.05000000000000000971, -1.100000000000000089 ) ) ;
#6209 = EDGE_CURVE ( 'NONE', #1754, #8114, #767, .T. ) ;
#6210 = CARTESIAN_POINT ( 'NONE',  ( 1.500000000000000000, 0.2000000000000001499, 0.5750000000000001776 ) ) ;
#6211 = ORIENTED_EDGE ( 'NONE', *, *, #3228, .F. ) ;
#6212 = CARTESIAN_POINT ( 'NONE',  ( 1.500000000000000222, 1.000000000000000444, -1.375000000000000000 ) ) ;
#6213 = LINE ( 'NONE', #6978, #4860 ) ;
#6214 = VECTOR ( 'NONE', #6416, 1000.000000000000000 ) ;
#6215 = EDGE_LOOP ( 'NONE', ( #7372, #3960, #2695, #7895 ) ) ;
#6216 = CARTESIAN_POINT ( 'NONE',  ( 1.050000000000000488, 2.829999999999999627, -0.1500000000000000777 ) ) ;
#6217 = VERTEX_POINT ( 'NONE', #2604 ) ;
#6218 = CARTESIAN_POINT ( 'NONE',  ( 1.750000000000000222, 1.249999999999999778, 1.650759972456911084 ) ) ;
#6219 = PLANE ( 'NONE',  #3068 ) ;
#6220 = ORIENTED_EDGE ( 'NONE', *, *, #5213, .F. ) ;
#6221 = EDGE_CURVE ( 'NONE', #762, #3547, #5623, .T. ) ;
#6222 = CYLINDRICAL_SURFACE ( 'NONE', #1794, 0.1000000000000000333 ) ;
#6223 = ORIENTED_EDGE ( 'NONE', *, *, #3281, .T. ) ;
#6224 = PLANE ( 'NONE',  #4103 ) ;
#6225 = CARTESIAN_POINT ( 'NONE',  ( 1.744335268686304508, 1.249648475686972349, 1.683698872194587137 ) ) ;
#6226 = CARTESIAN_POINT ( 'NONE',  ( -0.9423467339757670702, 0.2500000000000000000, -0.07500000000000003886 ) ) ;
#6227 = VERTEX_POINT ( 'NONE', #646 ) ;
#6228 = ADVANCED_FACE ( 'NONE', ( #7081 ), #5856, .F. ) ;
#6229 = CARTESIAN_POINT ( 'NONE',  ( -1.610018138358533246, 2.829999999999999627, -0.6000000000000000888 ) ) ;
#6230 = ORIENTED_EDGE ( 'NONE', *, *, #1613, .F. ) ;
#6231 = LINE ( 'NONE', #1877, #8290 ) ;
#6232 = FACE_OUTER_BOUND ( 'NONE', #4364, .T. ) ;
#6233 = VERTEX_POINT ( 'NONE', #3349 ) ;
#6234 = EDGE_LOOP ( 'NONE', ( #581, #1365, #6101, #4786 ) ) ;
#6235 = AXIS2_PLACEMENT_3D ( 'NONE', #829, #5958, #2787 ) ;
#6236 = ADVANCED_FACE ( 'NONE', ( #1318 ), #4484, .F. ) ;
#6237 = FACE_OUTER_BOUND ( 'NONE', #3163, .T. ) ;
#6238 = LINE ( 'NONE', #5616, #3337 ) ;
#6239 = VECTOR ( 'NONE', #5377, 1000.000000000000000 ) ;
#6240 = CARTESIAN_POINT ( 'NONE',  ( -1.550000000000000044, 0.2499999999999999445, -1.024999999999999911 ) ) ;
#6241 = VECTOR ( 'NONE', #6745, 1000.000000000000000 ) ;
#6242 = CARTESIAN_POINT ( 'NONE',  ( 1.050000000000000044, 1.597771622610217113E-16, 1.375000000000000444 ) ) ;
#6243 = DIRECTION ( 'NONE',  ( -0.1305261922200450231, -0.9914448613738112703, 0.000000000000000000 ) ) ;
#6244 = EDGE_LOOP ( 'NONE', ( #2681, #5715, #2563, #4560 ) ) ;
#6245 = CARTESIAN_POINT ( 'NONE',  ( -1.749999999999999778, 0.2499999999999999445, 1.375000000000000444 ) ) ;
#6246 = ORIENTED_EDGE ( 'NONE', *, *, #5737, .F. ) ;
#6247 = CARTESIAN_POINT ( 'NONE',  ( 1.500000000000000000, 0.2500000000000001665, 0.5750000000000001776 ) ) ;
#6248 = VECTOR ( 'NONE', #6447, 1000.000000000000000 ) ;
#6249 = VECTOR ( 'NONE', #7018, 1000.000000000000000 ) ;
#6250 = VECTOR ( 'NONE', #39, 1000.000000000000000 ) ;
#6251 = DIRECTION ( 'NONE',  ( 1.000000000000000000, -0.000000000000000000, -0.000000000000000000 ) ) ;
#6252 = CARTESIAN_POINT ( 'NONE',  ( -1.749999999999999778, 1.000000000000000000, 0.5750000000000001776 ) ) ;
#6253 = ORIENTED_EDGE ( 'NONE', *, *, #2481, .F. ) ;
#6254 = DIRECTION ( 'NONE',  ( 0.000000000000000000, 0.000000000000000000, -1.000000000000000000 ) ) ;
#6255 = CARTESIAN_POINT ( 'NONE',  ( 7.960204194457795477E-17, 0.05000000000000000971, 0.6500000000000000222 ) ) ;
#6256 = LINE ( 'NONE', #8244, #5658 ) ;
#6257 = VECTOR ( 'NONE', #1810, 1000.000000000000000 ) ;
#6258 = VERTEX_POINT ( 'NONE', #682 ) ;
#6259 = AXIS2_PLACEMENT_3D ( 'NONE', #1646, #6090, #5553 ) ;
#6260 = VECTOR ( 'NONE', #1990, 1000.000000000000000 ) ;
#6261 = CYLINDRICAL_SURFACE ( 'NONE', #3433, 0.2124999999999999944 ) ;
#6262 = ORIENTED_EDGE ( 'NONE', *, *, #7753, .F. ) ;
#6263 = CARTESIAN_POINT ( 'NONE',  ( 0.8574886876659972845, 0.04999999999999999584, -0.1164213562373094812 ) ) ;
#6264 =( BOUNDED_CURVE ( )  B_SPLINE_CURVE ( 3, ( #154, #2206, #6632, #2837 ),
 .UNSPECIFIED., .F., .T. ) 
 B_SPLINE_CURVE_WITH_KNOTS ( ( 4, 4 ),
 ( 3.141592653589793116, 4.712388980384689674 ),
 .UNSPECIFIED. ) 
 CURVE ( )  GEOMETRIC_REPRESENTATION_ITEM ( )  RATIONAL_B_SPLINE_CURVE ( ( 1.000000000000000000, 0.8047378541243649375, 0.8047378541243649375, 1.000000000000000000 ) ) 
 REPRESENTATION_ITEM ( '' )  );
#6265 = FACE_OUTER_BOUND ( 'NONE', #4524, .T. ) ;
#6266 = VECTOR ( 'NONE', #2589, 1000.000000000000000 ) ;
#6267 = DIRECTION ( 'NONE',  ( 1.000000000000000000, 0.000000000000000000, 0.000000000000000000 ) ) ;
#6268 = ORIENTED_EDGE ( 'NONE', *, *, #7569, .T. ) ;
#6269 = LINE ( 'NONE', #1222, #320 ) ;
#6270 = FACE_OUTER_BOUND ( 'NONE', #4774, .T. ) ;
#6271 = AXIS2_PLACEMENT_3D ( 'NONE', #3560, #4190, #5315 ) ;
#6272 = EDGE_CURVE ( 'NONE', #6498, #5422, #7834, .T. ) ;
#6273 = LINE ( 'NONE', #1191, #8281 ) ;
#6274 = CLOSED_SHELL ( 'NONE', ( #4142, #6587, #6063, #7413, #2022, #2895, #6680, #6519, #3669, #8049, #3718, #4030 ) ) ;
#6275 = ORIENTED_EDGE ( 'NONE', *, *, #5279, .F. ) ;
#6276 = DIRECTION ( 'NONE',  ( -0.000000000000000000, -1.000000000000000000, -0.000000000000000000 ) ) ;
#6277 = ORIENTED_EDGE ( 'NONE', *, *, #7897, .F. ) ;
#6278 = DIRECTION ( 'NONE',  ( 0.000000000000000000, 1.000000000000000000, 0.000000000000000000 ) ) ;
#6279 = CARTESIAN_POINT ( 'NONE',  ( -1.610018138358533468, 2.849999999999999645, -0.8549999999999999822 ) ) ;
#6280 = ORIENTED_EDGE ( 'NONE', *, *, #6440, .F. ) ;
#6281 = ORIENTED_EDGE ( 'NONE', *, *, #1867, .F. ) ;
#6282 = EDGE_CURVE ( 'NONE', #414, #112, #7674, .T. ) ;
#6283 = CARTESIAN_POINT ( 'NONE',  ( 1.002234059486502682, 0.2500000000000000000, -0.8750000000000001110 ) ) ;
#6284 = FACE_OUTER_BOUND ( 'NONE', #1325, .T. ) ;
#6285 = CARTESIAN_POINT ( 'NONE',  ( 0.9000000000000000222, 0.2500000000000000000, 1.750000000000000000 ) ) ;
#6286 = DIRECTION ( 'NONE',  ( -0.000000000000000000, -0.000000000000000000, -1.000000000000000000 ) ) ;
#6287 = CARTESIAN_POINT ( 'NONE',  ( -1.592086875603152540, 1.000000000000000000, 0.8750000000000000000 ) ) ;
#6288 = VERTEX_POINT ( 'NONE', #2644 ) ;
#6289 = EDGE_LOOP ( 'NONE', ( #4064, #6026, #1100, #6417, #932 ) ) ;
#6290 = DIRECTION ( 'NONE',  ( 0.000000000000000000, 0.000000000000000000, -1.000000000000000000 ) ) ;
#6291 = VECTOR ( 'NONE', #1495, 1000.000000000000114 ) ;
#6292 = EDGE_CURVE ( 'NONE', #5043, #635, #4331, .T. ) ;
#6293 = LINE ( 'NONE', #7604, #1913 ) ;
#6294 = DIRECTION ( 'NONE',  ( -1.000000000000000000, -1.807003620809174878E-16, 0.000000000000000000 ) ) ;
#6295 = ORIENTED_EDGE ( 'NONE', *, *, #2232, .T. ) ;
#6296 = DIRECTION ( 'NONE',  ( -0.9863939238321429714, 0.1643989873053622597, -1.425933913527081679E-15 ) ) ;
#6297 = CARTESIAN_POINT ( 'NONE',  ( -1.592086875603152540, 0.2500000000000149880, 0.8750000000000000000 ) ) ;
#6298 = DIRECTION ( 'NONE',  ( 0.08682659386424053383, 0.9924325091389677445, -0.08682659386424790293 ) ) ;
#6299 = ORIENTED_EDGE ( 'NONE', *, *, #6420, .F. ) ;
#6300 = FACE_OUTER_BOUND ( 'NONE', #2211, .T. ) ;
#6301 = VERTEX_POINT ( 'NONE', #5188 ) ;
#6302 = CARTESIAN_POINT ( 'NONE',  ( -1.568845831921064304, 2.849999999999999645, 1.610018138358521478 ) ) ;
#6303 = EDGE_CURVE ( 'NONE', #2148, #48, #1922, .T. ) ;
#6304 = VERTEX_POINT ( 'NONE', #718 ) ;
#6305 = PRESENTATION_LAYER_ASSIGNMENT (  '', '', ( #1459 ) ) ;
#6306 = FACE_OUTER_BOUND ( 'NONE', #4505, .T. ) ;
#6307 = ADVANCED_FACE ( 'NONE', ( #5226 ), #7794, .F. ) ;
#6308 = CARTESIAN_POINT ( 'NONE',  ( -1.050000000000000488, 2.849999999999999645, -1.100000000000000533 ) ) ;
#6309 = LINE ( 'NONE', #3924, #2196 ) ;
#6310 = ORIENTED_EDGE ( 'NONE', *, *, #213, .F. ) ;
#6311 = DIRECTION ( 'NONE',  ( -1.000000000000000000, -1.807003620809174878E-16, 0.000000000000000000 ) ) ;
#6312 = DIRECTION ( 'NONE',  ( -0.000000000000000000, -0.000000000000000000, -1.000000000000000000 ) ) ;
#6313 = VECTOR ( 'NONE', #2183, 1000.000000000000114 ) ;
#6314 = FACE_OUTER_BOUND ( 'NONE', #7, .T. ) ;
#6315 = LINE ( 'NONE', #2599, #7549 ) ;
#6316 = ORIENTED_EDGE ( 'NONE', *, *, #4133, .F. ) ;
#6317 = ADVANCED_FACE ( 'NONE', ( #6514 ), #118, .T. ) ;
#6318 = CARTESIAN_POINT ( 'NONE',  ( -1.050000000000000266, 2.829999999999999627, 1.100000000000000089 ) ) ;
#6319 = CARTESIAN_POINT ( 'NONE',  ( 0.9000000000000000222, 0.2500000000000000000, -0.9749999999999999778 ) ) ;
#6320 = VERTEX_POINT ( 'NONE', #2125 ) ;
#6321 = VECTOR ( 'NONE', #1348, 1000.000000000000000 ) ;
#6322 = LINE ( 'NONE', #3239, #4530 ) ;
#6323 = EDGE_CURVE ( 'NONE', #3354, #250, #6393, .T. ) ;
#6324 = EDGE_CURVE ( 'NONE', #3071, #8045, #1157, .T. ) ;
#6325 = LINE ( 'NONE', #7592, #356 ) ;
#6326 = CARTESIAN_POINT ( 'NONE',  ( -0.8574886876659970625, 0.05000000000000000971, -0.9749999999999999778 ) ) ;
#6327 = VECTOR ( 'NONE', #2463, 1000.000000000000000 ) ;
#6328 = DIRECTION ( 'NONE',  ( 0.9914448613738111593, -0.1305261922200454394, 0.000000000000000000 ) ) ;
#6329 = AXIS2_PLACEMENT_3D ( 'NONE', #5866, #8003, #4573 ) ;
#6330 =( LENGTH_UNIT ( ) NAMED_UNIT ( * ) SI_UNIT ( .MILLI., .METRE. ) );
#6331 = ORIENTED_EDGE ( 'NONE', *, *, #521, .F. ) ;
#6332 = ORIENTED_EDGE ( 'NONE', *, *, #1353, .F. ) ;
#6333 = VERTEX_POINT ( 'NONE', #4146 ) ;
#6334 = DIRECTION ( 'NONE',  ( -0.000000000000000000, -0.000000000000000000, -1.000000000000000000 ) ) ;
#6335 = EDGE_CURVE ( 'NONE', #5425, #3157, #801, .T. ) ;
#6336 = DIRECTION ( 'NONE',  ( -1.000000000000000000, 6.023345402697249184E-17, -0.000000000000000000 ) ) ;
#6337 = EDGE_CURVE ( 'NONE', #762, #2953, #3383, .T. ) ;
#6338 = EDGE_CURVE ( 'NONE', #6153, #4320, #5931, .T. ) ;
#6339 = ORIENTED_EDGE ( 'NONE', *, *, #147, .T. ) ;
#6340 =( NAMED_UNIT ( * ) PLANE_ANGLE_UNIT ( ) SI_UNIT ( $, .RADIAN. ) );
#6341 = CARTESIAN_POINT ( 'NONE',  ( 1.592086875603161200, 1.000000000000000000, -0.07499999999999998335 ) ) ;
#6342 = FACE_OUTER_BOUND ( 'NONE', #782, .T. ) ;
#6343 = VERTEX_POINT ( 'NONE', #5350 ) ;
#6344 = EDGE_LOOP ( 'NONE', ( #3355, #8227, #778, #3689, #721, #346, #5359, #5991, #5197, #7042 ) ) ;
#6345 = CARTESIAN_POINT ( 'NONE',  ( -1.050000000000000044, 0.000000000000000000, -0.5749999999999998446 ) ) ;
#6346 = ORIENTED_EDGE ( 'NONE', *, *, #1776, .F. ) ;
#6347 = DIRECTION ( 'NONE',  ( 0.000000000000000000, 0.000000000000000000, -1.000000000000000000 ) ) ;
#6348 = DIRECTION ( 'NONE',  ( 0.000000000000000000, -1.000000000000000000, 0.000000000000000000 ) ) ;
#6349 = EDGE_CURVE ( 'NONE', #2983, #2697, #1519, .T. ) ;
#6350 = DIRECTION ( 'NONE',  ( -1.000000000000000000, -1.807003620809174878E-16, 0.000000000000000000 ) ) ;
#6351 = VERTEX_POINT ( 'NONE', #7917 ) ;
#6352 = VECTOR ( 'NONE', #4557, 1000.000000000000000 ) ;
#6353 = FACE_OUTER_BOUND ( 'NONE', #1627, .T. ) ;
#6354 = CARTESIAN_POINT ( 'NONE',  ( -1.050000000000000488, 2.829999999999999627, -0.1500000000000000777 ) ) ;
#6355 = DIRECTION ( 'NONE',  ( -0.000000000000000000, -0.000000000000000000, -1.000000000000000000 ) ) ;
#6356 = LINE ( 'NONE', #594, #4335 ) ;
#6357 = ORIENTED_EDGE ( 'NONE', *, *, #4343, .F. ) ;
#6358 = CARTESIAN_POINT ( 'NONE',  ( 1.450000000000000400, 1.000000000000000000, 1.750000000000000000 ) ) ;
#6359 = DIRECTION ( 'NONE',  ( 0.000000000000000000, 0.000000000000000000, -1.000000000000000000 ) ) ;
#6360 = DIRECTION ( 'NONE',  ( 1.000000000000000000, 3.170181790893303965E-17, 0.000000000000000000 ) ) ;
#6361 = CARTESIAN_POINT ( 'NONE',  ( -0.8574886876659969515, 0.05000000000000000278, 0.9164213562373095812 ) ) ;
#6362 = PLANE ( 'NONE',  #4079 ) ;
#6363 = LINE ( 'NONE', #7120, #5304 ) ;
#6364 = LINE ( 'NONE', #4450, #1031 ) ;
#6365 = VERTEX_POINT ( 'NONE', #5301 ) ;
#6366 = ORIENTED_EDGE ( 'NONE', *, *, #6648, .T. ) ;
#6367 = ORIENTED_EDGE ( 'NONE', *, *, #4761, .T. ) ;
#6368 = EDGE_CURVE ( 'NONE', #3279, #1585, #7877, .T. ) ;
#6369 = EDGE_CURVE ( 'NONE', #1621, #5796, #1701, .T. ) ;
#6370 = CARTESIAN_POINT ( 'NONE',  ( 1.592086875603169860, 0.2500000000000152101, -0.8750000000000000000 ) ) ;
#6371 = CONICAL_SURFACE ( 'NONE', #5295, 0.1750000000000000167, 0.1745329251994333364 ) ;
#6372 = AXIS2_PLACEMENT_3D ( 'NONE', #228, #6711, #6807 ) ;
#6373 = CARTESIAN_POINT ( 'NONE',  ( 1.717086875603152984, 1.000000000000000444, -1.375000000000000000 ) ) ;
#6374 = VERTEX_POINT ( 'NONE', #2886 ) ;
#6375 = CARTESIAN_POINT ( 'NONE',  ( 0.9597227471524997222, 0.05000000000000000971, -0.8750000000000000000 ) ) ;
#6376 = FACE_OUTER_BOUND ( 'NONE', #5647, .T. ) ;
#6377 = CARTESIAN_POINT ( 'NONE',  ( -0.8998354216417641105, 0.05000000000000000278, -0.07500000000000002498 ) ) ;
#6378 = VERTEX_POINT ( 'NONE', #3511 ) ;
#6379 = ORIENTED_EDGE ( 'NONE', *, *, #586, .T. ) ;
#6380 = CARTESIAN_POINT ( 'NONE',  ( -1.588139507182099841, 0.2263157894736987641, 0.8710526315789471896 ) ) ;
#6381 = ORIENTED_EDGE ( 'NONE', *, *, #986, .T. ) ;
#6382 = VECTOR ( 'NONE', #1642, 1000.000000000000000 ) ;
#6383 = LINE ( 'NONE', #5677, #1561 ) ;
#6384 = AXIS2_PLACEMENT_3D ( 'NONE', #1409, #7844, #5903 ) ;
#6385 = EDGE_CURVE ( 'NONE', #1282, #4395, #7196, .T. ) ;
#6386 = EDGE_CURVE ( 'NONE', #6628, #4049, #7061, .T. ) ;
#6387 = PLANE ( 'NONE',  #7484 ) ;
#6388 = DIRECTION ( 'NONE',  ( -0.000000000000000000, -0.000000000000000000, -1.000000000000000000 ) ) ;
#6389 = ORIENTED_EDGE ( 'NONE', *, *, #361, .T. ) ;
#6390 = COLOUR_RGB ( '',0.2509803921568627416, 0.2509803921568627416, 0.2509803921568627416 ) ;
#6391 = VECTOR ( 'NONE', #284, 1000.000000000000114 ) ;
#6392 = VECTOR ( 'NONE', #3420, 1000.000000000000000 ) ;
#6393 = CIRCLE ( 'NONE', #3984, 0.2499999999999995837 ) ;
#6394 = CARTESIAN_POINT ( 'NONE',  ( 1.351260626809458465, 0.2500000000000000000, 0.8750000000000000000 ) ) ;
#6395 = CARTESIAN_POINT ( 'NONE',  ( 1.750000000000000222, 1.249999999999999778, 1.750000000000000000 ) ) ;
#6396 = CARTESIAN_POINT ( 'NONE',  ( 1.050000000000000044, 1.597771622610217113E-16, 1.375000000000000444 ) ) ;
#6397 = ADVANCED_FACE ( 'NONE', ( #7237 ), #1418, .F. ) ;
#6398 = VECTOR ( 'NONE', #5106, 1000.000000000000000 ) ;
#6399 = VECTOR ( 'NONE', #3861, 1000.000000000000000 ) ;
#6400 = CYLINDRICAL_SURFACE ( 'NONE', #4195, 0.2999999999999997113 ) ;
#6401 = ORIENTED_EDGE ( 'NONE', *, *, #7669, .T. ) ;
#6402 = DIRECTION ( 'NONE',  ( -0.000000000000000000, -0.9848077530122080203, 0.1736481776669307198 ) ) ;
#6403 =( GEOMETRIC_REPRESENTATION_CONTEXT ( 3 ) GLOBAL_UNCERTAINTY_ASSIGNED_CONTEXT ( ( #1789 ) ) GLOBAL_UNIT_ASSIGNED_CONTEXT ( ( #3294, #2028, #749 ) ) REPRESENTATION_CONTEXT ( 'NONE', 'WORKASPACE' ) );
#6404 = CARTESIAN_POINT ( 'NONE',  ( 1.729172698526113106, 1.249617534436276989, -1.712525524660018172 ) ) ;
#6405 = FACE_OUTER_BOUND ( 'NONE', #3092, .T. ) ;
#6406 = ADVANCED_FACE ( 'NONE', ( #5432 ), #1477, .F. ) ;
#6407 = VECTOR ( 'NONE', #7248, 1000.000000000000000 ) ;
#6408 = DIRECTION ( 'NONE',  ( 1.000000000000000000, 3.170181790893303965E-17, 0.000000000000000000 ) ) ;
#6409 = CARTESIAN_POINT ( 'NONE',  ( 1.350000000000000533, 2.829999999999999627, -0.1500000000000000500 ) ) ;
#6410 = DIRECTION ( 'NONE',  ( 1.000000000000000000, 1.807003620809174878E-16, 0.000000000000000000 ) ) ;
#6411 = CARTESIAN_POINT ( 'NONE',  ( 1.050000000000000044, 1.597771622610217113E-16, 0.5750000000000001776 ) ) ;
#6412 = CARTESIAN_POINT ( 'NONE',  ( -1.350000000000000311, 2.829999999999999627, -1.100000000000000533 ) ) ;
#6413 = ORIENTED_EDGE ( 'NONE', *, *, #3106, .F. ) ;
#6414 = VERTEX_POINT ( 'NONE', #4100 ) ;
#6415 = CARTESIAN_POINT ( 'NONE',  ( 1.592086875603169638, 0.2500000000000152101, -0.7250000000000000888 ) ) ;
#6416 = DIRECTION ( 'NONE',  ( 0.000000000000000000, 1.000000000000000000, 0.000000000000000000 ) ) ;
#6417 = ORIENTED_EDGE ( 'NONE', *, *, #1573, .T. ) ;
#6418 = DIRECTION ( 'NONE',  ( 0.000000000000000000, 0.000000000000000000, 1.000000000000000000 ) ) ;
#6419 = CARTESIAN_POINT ( 'NONE',  ( 1.610018138358533246, 2.849999999999999645, 1.750000000000000000 ) ) ;
#6420 = EDGE_CURVE ( 'NONE', #6378, #7556, #240, .T. ) ;
#6421 = CARTESIAN_POINT ( 'NONE',  ( -1.749999999999999778, 1.000000000000000000, -0.2249999999999998390 ) ) ;
#6422 = CARTESIAN_POINT ( 'NONE',  ( -1.717086875603152984, 1.000000000000000000, 1.750000000000000000 ) ) ;
#6423 = EDGE_LOOP ( 'NONE', ( #2303, #2772, #1086, #666 ) ) ;
#6424 = VERTEX_POINT ( 'NONE', #2841 ) ;
#6425 = DIRECTION ( 'NONE',  ( -0.000000000000000000, -0.000000000000000000, -1.000000000000000000 ) ) ;
#6426 = ORIENTED_EDGE ( 'NONE', *, *, #5777, .T. ) ;
#6427 = DIRECTION ( 'NONE',  ( 0.000000000000000000, 0.000000000000000000, -1.000000000000000000 ) ) ;
#6428 = FACE_OUTER_BOUND ( 'NONE', #3712, .T. ) ;
#6429 = CARTESIAN_POINT ( 'NONE',  ( 1.749999999999999778, 0.2500000000000001665, 0.5750000000000001776 ) ) ;
#6430 = ORIENTED_EDGE ( 'NONE', *, *, #1570, .T. ) ;
#6431 = EDGE_CURVE ( 'NONE', #3597, #1003, #6058, .T. ) ;
#6432 = LINE ( 'NONE', #6541, #2222 ) ;
#6433 = EDGE_CURVE ( 'NONE', #6117, #5063, #7870, .T. ) ;
#6434 = LINE ( 'NONE', #7704, #2173 ) ;
#6435 = VECTOR ( 'NONE', #1076, 1000.000000000000000 ) ;
#6436 = DIRECTION ( 'NONE',  ( -0.000000000000000000, -0.000000000000000000, -1.000000000000000000 ) ) ;
#6437 = CYLINDRICAL_SURFACE ( 'NONE', #6583, 0.04999999999999991257 ) ;
#6438 = ORIENTED_EDGE ( 'NONE', *, *, #1953, .F. ) ;
#6439 = VECTOR ( 'NONE', #527, 1000.000000000000000 ) ;
#6440 = EDGE_CURVE ( 'NONE', #3586, #1513, #7367, .T. ) ;
#6441 = DIRECTION ( 'NONE',  ( 0.000000000000000000, -1.000000000000000000, 0.000000000000000000 ) ) ;
#6442 = LINE ( 'NONE', #5108, #6637 ) ;
#6443 = ORIENTED_EDGE ( 'NONE', *, *, #1160, .T. ) ;
#6444 = EDGE_CURVE ( 'NONE', #4395, #8037, #973, .T. ) ;
#6445 = LINE ( 'NONE', #7639, #4055 ) ;
#6446 = LINE ( 'NONE', #7157, #3430 ) ;
#6447 = DIRECTION ( 'NONE',  ( -0.000000000000000000, -0.000000000000000000, -1.000000000000000000 ) ) ;
#6448 = ORIENTED_EDGE ( 'NONE', *, *, #5814, .T. ) ;
#6449 = ORIENTED_EDGE ( 'NONE', *, *, #5143, .T. ) ;
#6450 = CARTESIAN_POINT ( 'NONE',  ( -1.445602896647338917E-16, 2.849999999999999645, -1.400000000000000133 ) ) ;
#6451 = CARTESIAN_POINT ( 'NONE',  ( 0.8999999999999999112, 0.2500000000000000000, 0.9164213562373095812 ) ) ;
#6452 = ORIENTED_EDGE ( 'NONE', *, *, #1486, .T. ) ;
#6453 = DIRECTION ( 'NONE',  ( 0.1305261922200450231, -0.9914448613738112703, 0.000000000000000000 ) ) ;
#6454 = FILL_AREA_STYLE ('',( #7013 ) ) ;
#6455 = FACE_OUTER_BOUND ( 'NONE', #5955, .T. ) ;
#6456 = CARTESIAN_POINT ( 'NONE',  ( -0.8574886876659970625, 0.05000000000000000971, 0.1750000000000000167 ) ) ;
#6457 = EDGE_LOOP ( 'NONE', ( #3158, #2852, #6004 ) ) ;
#6458 = CARTESIAN_POINT ( 'NONE',  ( 1.610018138358533024, 2.849999999999999645, -1.568845831921052980 ) ) ;
#6459 = ORIENTED_EDGE ( 'NONE', *, *, #3112, .T. ) ;
#6460 = CARTESIAN_POINT ( 'NONE',  ( -1.351260626809458465, 0.2500000000000000000, 0.07499999999999998335 ) ) ;
#6461 = VECTOR ( 'NONE', #32, 1000.000000000000000 ) ;
#6462 = LINE ( 'NONE', #824, #7750 ) ;
#6463 = CARTESIAN_POINT ( 'NONE',  ( -1.592086875603135887, 1.000000000000000000, -0.8750000000000000000 ) ) ;
#6464 = ORIENTED_EDGE ( 'NONE', *, *, #528, .F. ) ;
#6465 = CARTESIAN_POINT ( 'NONE',  ( 1.450000000000000400, 1.000000000000000000, -0.6000000000000000888 ) ) ;
#6466 = CARTESIAN_POINT ( 'NONE',  ( -1.612640092037136430, 0.9727776717215531610, -1.625364205245038329 ) ) ;
#6467 = ORIENTED_EDGE ( 'NONE', *, *, #2792, .T. ) ;
#6468 = CARTESIAN_POINT ( 'NONE',  ( -0.9000000000000000222, 0.2500000000000000000, 0.9749999999999999778 ) ) ;
#6469 = ADVANCED_FACE ( 'NONE', ( #6314 ), #5604, .T. ) ;
#6470 = ADVANCED_FACE ( 'NONE', ( #5019 ), #3605, .F. ) ;
#6471 = VECTOR ( 'NONE', #5096, 1000.000000000000000 ) ;
#6472 = CARTESIAN_POINT ( 'NONE',  ( -1.500000000000000000, -5.421010862427512309E-17, -0.5749999999999998446 ) ) ;
#6473 = ORIENTED_EDGE ( 'NONE', *, *, #7116, .T. ) ;
#6474 = CARTESIAN_POINT ( 'NONE',  ( 1.661579815086257961, 1.250060816853750589, -1.749994679214745608 ) ) ;
#6475 = AXIS2_PLACEMENT_3D ( 'NONE', #3418, #6591, #6410 ) ;
#6476 = DIRECTION ( 'NONE',  ( -0.000000000000000000, -0.000000000000000000, -1.000000000000000000 ) ) ;
#6477 = EDGE_CURVE ( 'NONE', #1986, #8329, #748, .T. ) ;
#6478 = ORIENTED_EDGE ( 'NONE', *, *, #2233, .T. ) ;
#6479 = CARTESIAN_POINT ( 'NONE',  ( 1.500000000000000222, 1.000000000000000444, 1.375000000000000444 ) ) ;
#6480 =( NAMED_UNIT ( * ) PLANE_ANGLE_UNIT ( ) SI_UNIT ( $, .RADIAN. ) );
#6481 = ORIENTED_EDGE ( 'NONE', *, *, #6962, .T. ) ;
#6482 = ORIENTED_EDGE ( 'NONE', *, *, #1991, .F. ) ;
#6483 = EDGE_CURVE ( 'NONE', #7253, #2273, #5645, .T. ) ;
#6484 = FACE_OUTER_BOUND ( 'NONE', #6713, .T. ) ;
#6485 = VERTEX_POINT ( 'NONE', #6904 ) ;
#6486 = CARTESIAN_POINT ( 'NONE',  ( -1.750000000000000222, 1.249999999999999778, -1.750000000000000000 ) ) ;
#6487 = CARTESIAN_POINT ( 'NONE',  ( 1.749999999999999778, 0.2500000000000001665, 1.375000000000000444 ) ) ;
#6488 = FACE_BOUND ( 'NONE', #5921, .T. ) ;
#6489 = DIRECTION ( 'NONE',  ( -0.000000000000000000, 1.000000000000000000, -0.000000000000000000 ) ) ;
#6490 = VERTEX_POINT ( 'NONE', #4852 ) ;
#6491 = CARTESIAN_POINT ( 'NONE',  ( 1.302447382239556584, -0.1207734031973113908, 0.8132044328004444100 ) ) ;
#6492 = ORIENTED_EDGE ( 'NONE', *, *, #7676, .F. ) ;
#6493 = CARTESIAN_POINT ( 'NONE',  ( -1.550000000000000044, 0.2499999999999999445, -0.2249999999999998390 ) ) ;
#6494 = AXIS2_PLACEMENT_3D ( 'NONE', #113, #834, #7184 ) ;
#6495 = AXIS2_PLACEMENT_3D ( 'NONE', #4674, #4046, #3926 ) ;
#6496 = DIRECTION ( 'NONE',  ( 0.9914448613738112703, 0.1305261922200450508, -0.000000000000000000 ) ) ;
#6497 = FACE_OUTER_BOUND ( 'NONE', #2158, .T. ) ;
#6498 = VERTEX_POINT ( 'NONE', #8043 ) ;
#6499 = DIRECTION ( 'NONE',  ( 0.000000000000000000, 1.000000000000000000, 0.000000000000000000 ) ) ;
#6500 = COLOUR_RGB ( '',0.7921568627450980005, 0.8196078431372548767, 0.9333333333333333481 ) ;
#6501 = CARTESIAN_POINT ( 'NONE',  ( 0.3250000000000000111, 0.05000000000000000971, -0.9250000000000000444 ) ) ;
#6502 = VECTOR ( 'NONE', #6833, 1000.000000000000114 ) ;
#6503 = DIRECTION ( 'NONE',  ( 0.000000000000000000, 0.000000000000000000, 1.000000000000000000 ) ) ;
#6504 = EDGE_LOOP ( 'NONE', ( #1932, #7087, #1681, #4968, #8252 ) ) ;
#6505 = CARTESIAN_POINT ( 'NONE',  ( -1.636264737416308179, 2.549999999999999822, -1.175853558937369980 ) ) ;
#6506 = AXIS2_PLACEMENT_3D ( 'NONE', #7101, #4385, #6943 ) ;
#6507 = CONICAL_SURFACE ( 'NONE', #1156, 0.6500000000000000222, 0.1745329251994333364 ) ;
#6508 = CARTESIAN_POINT ( 'NONE',  ( -1.729989406634232729, 1.098004453143892833, 1.025000000000000355 ) ) ;
#6509 = VERTEX_POINT ( 'NONE', #4980 ) ;
#6510 = EDGE_CURVE ( 'NONE', #4194, #833, #1142, .T. ) ;
#6511 = EDGE_CURVE ( 'NONE', #3156, #1986, #2920, .T. ) ;
#6512 = DIRECTION ( 'NONE',  ( -1.000000000000000000, 0.000000000000000000, 0.000000000000000000 ) ) ;
#6513 = AXIS2_PLACEMENT_3D ( 'NONE', #7525, #3877, #2664 ) ;
#6514 = FACE_OUTER_BOUND ( 'NONE', #850, .T. ) ;
#6515 = AXIS2_PLACEMENT_3D ( 'NONE', #3634, #4217, #2378 ) ;
#6516 = VERTEX_POINT ( 'NONE', #2302 ) ;
#6517 = ORIENTED_EDGE ( 'NONE', *, *, #1147, .T. ) ;
#6518 = VECTOR ( 'NONE', #1045, 1000.000000000000000 ) ;
#6519 = ADVANCED_FACE ( 'NONE', ( #1745 ), #1062, .T. ) ;
#6520 = EDGE_CURVE ( 'NONE', #5141, #945, #1596, .T. ) ;
#6521 =( NAMED_UNIT ( * ) SI_UNIT ( $, .STERADIAN. ) SOLID_ANGLE_UNIT ( ) );
#6522 = ORIENTED_EDGE ( 'NONE', *, *, #193, .F. ) ;
#6523 = ORIENTED_EDGE ( 'NONE', *, *, #1198, .F. ) ;
#6524 = VERTEX_POINT ( 'NONE', #2392 ) ;
#6525 = VECTOR ( 'NONE', #5205, 1000.000000000000000 ) ;
#6526 = CLOSED_SHELL ( 'NONE', ( #3667, #2871, #2479, #2924, #4240, #5200, #7571, #2411, #2127, #233, #3933, #835 ) ) ;
#6527 = VERTEX_POINT ( 'NONE', #1697 ) ;
#6528 = DIRECTION ( 'NONE',  ( 0.000000000000000000, -0.08715574274765841567, 0.9961946980917455452 ) ) ;
#6529 = LINE ( 'NONE', #5753, #341 ) ;
#6530 = CARTESIAN_POINT ( 'NONE',  ( -1.050000000000000266, 2.829999999999999627, 1.100000000000000089 ) ) ;
#6531 = CARTESIAN_POINT ( 'NONE',  ( -0.3250000000000000111, 0.05000000000000000971, 0.9250000000000000444 ) ) ;
#6532 = ORIENTED_EDGE ( 'NONE', *, *, #1456, .F. ) ;
#6533 = LINE ( 'NONE', #2060, #384 ) ;
#6534 = EDGE_CURVE ( 'NONE', #6424, #3949, #6273, .T. ) ;
#6535 = ORIENTED_EDGE ( 'NONE', *, *, #6016, .F. ) ;
#6536 = DIRECTION ( 'NONE',  ( 0.000000000000000000, 0.1643989873053602058, 0.9863939238321433045 ) ) ;
#6537 = FACE_OUTER_BOUND ( 'NONE', #33, .T. ) ;
#6538 = DIRECTION ( 'NONE',  ( 0.000000000000000000, -1.000000000000000000, 0.000000000000000000 ) ) ;
#6539 = ORIENTED_EDGE ( 'NONE', *, *, #4951, .T. ) ;
#6540 = EDGE_CURVE ( 'NONE', #642, #654, #2341, .T. ) ;
#6541 = CARTESIAN_POINT ( 'NONE',  ( -1.592086875603144325, 0.2500000000000158207, -0.07499999999999998335 ) ) ;
#6542 = CARTESIAN_POINT ( 'NONE',  ( -0.9000000000000000222, 0.2500000000000000000, 0.6250000000000001110 ) ) ;
#6543 = CARTESIAN_POINT ( 'NONE',  ( -1.592086875603144325, 1.000000000000000000, -0.07499999999999998335 ) ) ;
#6544 = ORIENTED_EDGE ( 'NONE', *, *, #373, .T. ) ;
#6545 = CARTESIAN_POINT ( 'NONE',  ( 1.042614886054233247, 0.4399768525161794064, -0.7250000000000000888 ) ) ;
#6546 = ORIENTED_EDGE ( 'NONE', *, *, #2812, .F. ) ;
#6547 = CARTESIAN_POINT ( 'NONE',  ( 0.9978147600733806577, 0.2292088309182247763, 0.1750000000000000167 ) ) ;
#6548 = EDGE_LOOP ( 'NONE', ( #7444, #1943, #8226, #4913 ) ) ;
#6549 = DIRECTION ( 'NONE',  ( 0.9781476007338071321, 0.2079116908177522649, -0.000000000000000000 ) ) ;
#6550 = CARTESIAN_POINT ( 'NONE',  ( -1.550000000000000044, 1.000000000000000000, 1.375000000000000444 ) ) ;
#6551 = CARTESIAN_POINT ( 'NONE',  ( -1.500000000000000222, 1.000000000000000000, 1.025000000000000355 ) ) ;
#6552 = AXIS2_PLACEMENT_3D ( 'NONE', #7514, #2359, #4955 ) ;
#6553 = ADVANCED_FACE ( 'NONE', ( #2478 ), #4226, .F. ) ;
#6554 = ORIENTED_EDGE ( 'NONE', *, *, #7541, .F. ) ;
#6555 = ORIENTED_EDGE ( 'NONE', *, *, #2614, .T. ) ;
#6556 = CARTESIAN_POINT ( 'NONE',  ( -1.050000000000000488, 2.829999999999999627, -0.4500000000000000111 ) ) ;
#6557 =( LENGTH_UNIT ( ) NAMED_UNIT ( * ) SI_UNIT ( .MILLI., .METRE. ) );
#6558 = VERTEX_POINT ( 'NONE', #7582 ) ;
#6559 = ORIENTED_EDGE ( 'NONE', *, *, #6778, .T. ) ;
#6560 = EDGE_CURVE ( 'NONE', #6258, #7515, #1827, .T. ) ;
#6561 = EDGE_CURVE ( 'NONE', #5228, #6414, #1105, .T. ) ;
#6562 = ORIENTED_EDGE ( 'NONE', *, *, #2605, .T. ) ;
#6563 = CARTESIAN_POINT ( 'NONE',  ( 1.454429438579556866, 1.033644926307732748, 0.5943925122820444829 ) ) ;
#6564 = DIRECTION ( 'NONE',  ( -0.000000000000000000, -1.000000000000000000, -0.000000000000000000 ) ) ;
#6565 = DIRECTION ( 'NONE',  ( 0.000000000000000000, 0.1736481776669307198, 0.9848077530122080203 ) ) ;
#6566 = DIRECTION ( 'NONE',  ( 1.000000000000000000, -0.000000000000000000, 0.000000000000000000 ) ) ;
#6567 = EDGE_LOOP ( 'NONE', ( #4776, #4012, #769, #764 ) ) ;
#6568 = DIRECTION ( 'NONE',  ( -0.000000000000000000, -1.000000000000000000, -0.000000000000000000 ) ) ;
#6569 = VERTEX_POINT ( 'NONE', #8130 ) ;
#6570 = CARTESIAN_POINT ( 'NONE',  ( 0.3250000000000000111, 0.3499999999999999778, 1.100000000000000089 ) ) ;
#6571 = EDGE_CURVE ( 'NONE', #6628, #1003, #1018, .T. ) ;
#6572 = VECTOR ( 'NONE', #7448, 1000.000000000000114 ) ;
#6573 = CARTESIAN_POINT ( 'NONE',  ( 0.8574886876659970625, 0.05000000000000000971, 0.1750000000000000167 ) ) ;
#6574 = VECTOR ( 'NONE', #2658, 1000.000000000000000 ) ;
#6575 = CARTESIAN_POINT ( 'NONE',  ( -1.500000000000000000, 0.1999999999999999833, -0.5749999999999998446 ) ) ;
#6576 = CARTESIAN_POINT ( 'NONE',  ( 1.350000000000000533, 2.829999999999999627, -0.1500000000000000222 ) ) ;
#6577 = VERTEX_POINT ( 'NONE', #4271 ) ;
#6578 = DIRECTION ( 'NONE',  ( -0.9848077530122080203, 0.1736481776669307198, 1.067730705296403607E-15 ) ) ;
#6579 = PLANE ( 'NONE',  #6235 ) ;
#6580 = CARTESIAN_POINT ( 'NONE',  ( 0.8574886876659972845, 0.04999999999999999584, 0.1164213562373094812 ) ) ;
#6581 = DIRECTION ( 'NONE',  ( 0.1300379154054214781, 0.9877360307509844839, 0.08641570524680473875 ) ) ;
#6582 = AXIS2_PLACEMENT_3D ( 'NONE', #5959, #1506, #4135 ) ;
#6583 = AXIS2_PLACEMENT_3D ( 'NONE', #5687, #8258, #2520 ) ;
#6584 = VECTOR ( 'NONE', #4246, 1000.000000000000000 ) ;
#6585 = EDGE_LOOP ( 'NONE', ( #5937, #1108, #3463, #3514 ) ) ;
#6586 = PLANE ( 'NONE',  #6494 ) ;
#6587 = ADVANCED_FACE ( 'NONE', ( #6186 ), #2036, .F. ) ;
#6588 = CARTESIAN_POINT ( 'NONE',  ( 1.500000000000000000, 0.2000000000000001499, 1.375000000000000444 ) ) ;
#6589 = ORIENTED_EDGE ( 'NONE', *, *, #6477, .F. ) ;
#6590 = CARTESIAN_POINT ( 'NONE',  ( -1.749999999999999778, 1.000000000000000000, 1.025000000000000355 ) ) ;
#6591 = DIRECTION ( 'NONE',  ( 1.807003620809174878E-16, -1.000000000000000000, 0.000000000000000000 ) ) ;
#6592 = PRESENTATION_STYLE_ASSIGNMENT (( #2161 ) ) ;
#6593 = PLANE ( 'NONE',  #7069 ) ;
#6594 = DIRECTION ( 'NONE',  ( 0.000000000000000000, 0.000000000000000000, 1.000000000000000000 ) ) ;
#6595 = VECTOR ( 'NONE', #6267, 1000.000000000000000 ) ;
#6596 = EDGE_LOOP ( 'NONE', ( #4278, #5689, #5650, #7147 ) ) ;
#6597 = ORIENTED_EDGE ( 'NONE', *, *, #4344, .F. ) ;
#6598 = VERTEX_POINT ( 'NONE', #1350 ) ;
#6599 = CIRCLE ( 'NONE', #4357, 0.2999999999999998224 ) ;
#6600 = DIRECTION ( 'NONE',  ( -0.000000000000000000, -1.000000000000000000, -0.000000000000000000 ) ) ;
#6601 = DIRECTION ( 'NONE',  ( 0.000000000000000000, 1.000000000000000000, 0.000000000000000000 ) ) ;
#6602 = VERTEX_POINT ( 'NONE', #759 ) ;
#6603 = ORIENTED_EDGE ( 'NONE', *, *, #3106, .T. ) ;
#6604 = CARTESIAN_POINT ( 'NONE',  ( -0.3250000000000000111, 0.05000000000000000971, 1.200000000000000178 ) ) ;
#6605 = CARTESIAN_POINT ( 'NONE',  ( 1.749999999999999778, 1.000000000000000444, -1.375000000000000000 ) ) ;
#6606 = CARTESIAN_POINT ( 'NONE',  ( 0.3250000000000000111, 0.05000000000000000971, -1.100000000000000089 ) ) ;
#6607 = DIRECTION ( 'NONE',  ( -1.000000000000000000, 0.000000000000000000, 0.000000000000000000 ) ) ;
#6608 = LINE ( 'NONE', #3440, #5892 ) ;
#6609 = ORIENTED_EDGE ( 'NONE', *, *, #7045, .F. ) ;
#6610 = EDGE_CURVE ( 'NONE', #8071, #261, #7749, .T. ) ;
#6611 = VERTEX_POINT ( 'NONE', #3813 ) ;
#6612 = EDGE_CURVE ( 'NONE', #1249, #5629, #3230, .T. ) ;
#6613 = CARTESIAN_POINT ( 'NONE',  ( -0.3250000000000000111, 0.05000000000000000971, 0.9250000000000000444 ) ) ;
#6614 = ORIENTED_EDGE ( 'NONE', *, *, #193, .T. ) ;
#6615 = DIRECTION ( 'NONE',  ( -0.000000000000000000, -0.000000000000000000, -1.000000000000000000 ) ) ;
#6616 = DIRECTION ( 'NONE',  ( 0.000000000000000000, -0.000000000000000000, -1.000000000000000000 ) ) ;
#6617 = FACE_OUTER_BOUND ( 'NONE', #5598, .T. ) ;
#6618 = DIRECTION ( 'NONE',  ( -0.000000000000000000, -0.9848077530122080203, -0.1736481776669307198 ) ) ;
#6619 = VERTEX_POINT ( 'NONE', #6505 ) ;
#6620 = LINE ( 'NONE', #7940, #1415 ) ;
#6621 = CARTESIAN_POINT ( 'NONE',  ( 7.960204194457795477E-17, 0.05000000000000000971, 0.6500000000000000222 ) ) ;
#6622 = CARTESIAN_POINT ( 'NONE',  ( 1.592086875603161200, 0.05000000000000000971, 0.07499999999999998335 ) ) ;
#6623 = FACE_OUTER_BOUND ( 'NONE', #4199, .T. ) ;
#6624 = EDGE_CURVE ( 'NONE', #3156, #7760, #3057, .T. ) ;
#6625 = ORIENTED_EDGE ( 'NONE', *, *, #7533, .T. ) ;
#6626 = LINE ( 'NONE', #5423, #2897 ) ;
#6627 = VECTOR ( 'NONE', #3710, 1000.000000000000000 ) ;
#6628 = VERTEX_POINT ( 'NONE', #8341 ) ;
#6629 = CARTESIAN_POINT ( 'NONE',  ( -1.500000000000000000, 0.1999999999999999833, -1.024999999999999911 ) ) ;
#6630 = VERTEX_POINT ( 'NONE', #2678 ) ;
#6631 = AXIS2_PLACEMENT_3D ( 'NONE', #2490, #4325, #5696 ) ;
#6632 = CARTESIAN_POINT ( 'NONE',  ( -0.9423467339757670702, 0.2500000000000000000, -0.8749999999999997780 ) ) ;
#6633 = DIRECTION ( 'NONE',  ( 1.000000000000000000, 0.000000000000000000, 0.000000000000000000 ) ) ;
#6634 = EDGE_CURVE ( 'NONE', #85, #5735, #75, .T. ) ;
#6635 = CARTESIAN_POINT ( 'NONE',  ( -1.592086875603152540, 1.000000000000000000, 0.7250000000000000888 ) ) ;
#6636 = DIRECTION ( 'NONE',  ( -1.000000000000000000, -0.000000000000000000, -0.000000000000000000 ) ) ;
#6637 = VECTOR ( 'NONE', #7153, 1000.000000000000000 ) ;
#6638 = VECTOR ( 'NONE', #8027, 1000.000000000000000 ) ;
#6639 = VECTOR ( 'NONE', #2215, 1000.000000000000114 ) ;
#6640 = VECTOR ( 'NONE', #4768, 1000.000000000000000 ) ;
#6641 = UNCERTAINTY_MEASURE_WITH_UNIT (LENGTH_MEASURE( 1.000000000000000082E-05 ), #1408, 'distance_accuracy_value', 'NONE');
#6642 = FACE_OUTER_BOUND ( 'NONE', #3095, .T. ) ;
#6643 = EDGE_LOOP ( 'NONE', ( #7019, #8332, #2720, #1772, #5416, #8215, #5550, #5783 ) ) ;
#6644 = VECTOR ( 'NONE', #1015, 1000.000000000000000 ) ;
#6645 = AXIS2_PLACEMENT_3D ( 'NONE', #6887, #1769, #3043 ) ;
#6646 = CIRCLE ( 'NONE', #485, 0.04999999999999991257 ) ;
#6647 = CONICAL_SURFACE ( 'NONE', #880, 0.1750000000000000167, 0.1745329251994333364 ) ;
#6648 = EDGE_CURVE ( 'NONE', #7556, #5115, #7072, .T. ) ;
#6649 = PLANE ( 'NONE',  #1839 ) ;
#6650 = FACE_OUTER_BOUND ( 'NONE', #4848, .T. ) ;
#6651 = ORIENTED_EDGE ( 'NONE', *, *, #7089, .T. ) ;
#6652 = EDGE_LOOP ( 'NONE', ( #2573, #4595, #6281, #5595 ) ) ;
#6653 = ORIENTED_EDGE ( 'NONE', *, *, #6802, .F. ) ;
#6654 = ADVANCED_FACE ( 'NONE', ( #8255 ), #5101, .F. ) ;
#6655 = VECTOR ( 'NONE', #3381, 1000.000000000000000 ) ;
#6656 = AXIS2_PLACEMENT_3D ( 'NONE', #1342, #7175, #1421 ) ;
#6657 = ORIENTED_EDGE ( 'NONE', *, *, #4420, .T. ) ;
#6658 = CARTESIAN_POINT ( 'NONE',  ( -1.450000000000000400, 1.000000000000000000, 1.750000000000000000 ) ) ;
#6659 = DIRECTION ( 'NONE',  ( -0.2079116908177522371, -0.9781476007338070211, 0.000000000000000000 ) ) ;
#6660 = DIRECTION ( 'NONE',  ( -1.000000000000000000, -1.807003620809174878E-16, 0.000000000000000000 ) ) ;
#6661 = CARTESIAN_POINT ( 'NONE',  ( 1.650380530190825645, 1.249999999999999778, -1.750000000000000000 ) ) ;
#6662 = ORIENTED_EDGE ( 'NONE', *, *, #2717, .T. ) ;
#6663 = CLOSED_SHELL ( 'NONE', ( #3850, #7312, #2710, #6854, #3240, #918, #6899, #1334, #2858, #8020, #2088, #5222 ) ) ;
#6664 = CARTESIAN_POINT ( 'NONE',  ( -0.5000000000000001110, 0.05000000000000000971, -1.200000000000000178 ) ) ;
#6665 = ORIENTED_EDGE ( 'NONE', *, *, #7110, .T. ) ;
#6666 = CARTESIAN_POINT ( 'NONE',  ( -1.500000000000000000, 0.2499999999999999445, -0.2249999999999998390 ) ) ;
#6667 = DIRECTION ( 'NONE',  ( 0.000000000000000000, -0.000000000000000000, 1.000000000000000000 ) ) ;
#6668 = FACE_OUTER_BOUND ( 'NONE', #2014, .T. ) ;
#6669 = EDGE_CURVE ( 'NONE', #997, #6082, #7705, .T. ) ;
#6670 = CARTESIAN_POINT ( 'NONE',  ( 1.717086875603152984, 1.000000000000000000, -0.6000000000000000888 ) ) ;
#6671 = VERTEX_POINT ( 'NONE', #3181 ) ;
#6672 = FACE_OUTER_BOUND ( 'NONE', #7218, .T. ) ;
#6673 = DIRECTION ( 'NONE',  ( -1.000000000000000000, 0.000000000000000000, 1.032573497605241978E-16 ) ) ;
#6674 = LINE ( 'NONE', #4089, #2044 ) ;
#6675 = CARTESIAN_POINT ( 'NONE',  ( 1.350000000000000533, 2.829999999999999627, -1.100000000000000533 ) ) ;
#6676 = VERTEX_POINT ( 'NONE', #6396 ) ;
#6677 = DIRECTION ( 'NONE',  ( -0.2079116908177522371, -0.9781476007338070211, -0.000000000000000000 ) ) ;
#6678 = CARTESIAN_POINT ( 'NONE',  ( 0.9978147600733806577, 0.2292088309182247763, 0.9749999999999999778 ) ) ;
#6679 = ORIENTED_EDGE ( 'NONE', *, *, #3173, .T. ) ;
#6680 = ADVANCED_FACE ( 'NONE', ( #1998 ), #5846, .F. ) ;
#6681 = DIRECTION ( 'NONE',  ( 0.000000000000000000, 1.000000000000000000, 0.000000000000000000 ) ) ;
#6682 = EDGE_CURVE ( 'NONE', #4358, #7428, #4519, .T. ) ;
#6683 = ORIENTED_EDGE ( 'NONE', *, *, #7207, .F. ) ;
#6684 = DIRECTION ( 'NONE',  ( 1.000000000000000000, -0.000000000000000000, -0.000000000000000000 ) ) ;
#6685 = FACE_OUTER_BOUND ( 'NONE', #691, .T. ) ;
#6686 = DIRECTION ( 'NONE',  ( 0.000000000000000000, -1.000000000000000000, 0.000000000000000000 ) ) ;
#6687 = DIRECTION ( 'NONE',  ( -0.000000000000000000, -1.000000000000000000, -0.000000000000000000 ) ) ;
#6688 = EDGE_CURVE ( 'NONE', #4332, #412, #3651, .T. ) ;
#6689 = ADVANCED_FACE ( 'NONE', ( #712 ), #1313, .T. ) ;
#6690 = CARTESIAN_POINT ( 'NONE',  ( -1.717086875603152984, 1.000000000000000000, 1.750000000000000000 ) ) ;
#6691 = ORIENTED_EDGE ( 'NONE', *, *, #8349, .T. ) ;
#6692 = DIRECTION ( 'NONE',  ( -1.000000000000000000, 0.000000000000000000, 0.000000000000000000 ) ) ;
#6693 = ORIENTED_EDGE ( 'NONE', *, *, #2576, .F. ) ;
#6694 = ORIENTED_EDGE ( 'NONE', *, *, #4630, .T. ) ;
#6695 = EDGE_CURVE ( 'NONE', #7752, #5411, #7668, .T. ) ;
#6696 = CARTESIAN_POINT ( 'NONE',  ( -1.050000000000000044, 0.2000000000000000111, -1.024999999999999911 ) ) ;
#6697 = VECTOR ( 'NONE', #6568, 1000.000000000000000 ) ;
#6698 = CARTESIAN_POINT ( 'NONE',  ( 1.050000000000000488, 2.849999999999999645, -0.1500000000000000777 ) ) ;
#6699 = CARTESIAN_POINT ( 'NONE',  ( -1.592086875603135887, 0.05000000000000000971, -0.8750000000000000000 ) ) ;
#6700 = FACE_OUTER_BOUND ( 'NONE', #7099, .T. ) ;
#6701 = CARTESIAN_POINT ( 'NONE',  ( -1.750000000000000222, 1.249999999999999778, -1.650380530190825867 ) ) ;
#6702 = VERTEX_POINT ( 'NONE', #1914 ) ;
#6703 = CARTESIAN_POINT ( 'NONE',  ( 1.749999999999999778, 0.2500000000000001665, 1.375000000000000444 ) ) ;
#6704 = ORIENTED_EDGE ( 'NONE', *, *, #3350, .F. ) ;
#6705 = LINE ( 'NONE', #4163, #5571 ) ;
#6706 = ORIENTED_EDGE ( 'NONE', *, *, #796, .F. ) ;
#6707 = LINE ( 'NONE', #6167, #2935 ) ;
#6708 = LINE ( 'NONE', #405, #2201 ) ;
#6709 = ORIENTED_EDGE ( 'NONE', *, *, #6444, .T. ) ;
#6710 = CARTESIAN_POINT ( 'NONE',  ( -1.750000000000001110, 2.829999999999999627, -0.3449999999999999178 ) ) ;
#6711 = DIRECTION ( 'NONE',  ( 0.000000000000000000, 1.000000000000000000, 0.000000000000000000 ) ) ;
#6712 = DIRECTION ( 'NONE',  ( -0.000000000000000000, 1.000000000000000000, -0.000000000000000000 ) ) ;
#6713 = EDGE_LOOP ( 'NONE', ( #3070, #5526, #2135, #3219 ) ) ;
#6714 = CARTESIAN_POINT ( 'NONE',  ( -1.672329603199613768, 1.250000877347984707, -1.747566588719265956 ) ) ;
#6715 = ORIENTED_EDGE ( 'NONE', *, *, #1976, .T. ) ;
#6716 = PLANE ( 'NONE',  #7746 ) ;
#6717 = AXIS2_PLACEMENT_3D ( 'NONE', #7071, #3962, #2070 ) ;
#6718 = VECTOR ( 'NONE', #4457, 1000.000000000000000 ) ;
#6719 = CARTESIAN_POINT ( 'NONE',  ( -1.650380530190825645, 1.249999999999999778, 1.750000000000000000 ) ) ;
#6720 = ORIENTED_EDGE ( 'NONE', *, *, #4042, .T. ) ;
#6721 = CARTESIAN_POINT ( 'NONE',  ( -1.050000000000000488, 2.829999999999999627, -0.7500000000000000000 ) ) ;
#6722 = EDGE_LOOP ( 'NONE', ( #3423, #7815, #6880, #6878 ) ) ;
#6723 = VECTOR ( 'NONE', #8070, 1000.000000000000000 ) ;
#6724 = FACE_OUTER_BOUND ( 'NONE', #6799, .T. ) ;
#6725 = VECTOR ( 'NONE', #357, 1000.000000000000000 ) ;
#6726 = DIRECTION ( 'NONE',  ( -0.000000000000000000, -0.000000000000000000, -1.000000000000000000 ) ) ;
#6727 = CYLINDRICAL_SURFACE ( 'NONE', #5312, 0.09999999999999993616 ) ;
#6728 = ADVANCED_FACE ( 'NONE', ( #7030 ), #1825, .F. ) ;
#6729 = CARTESIAN_POINT ( 'NONE',  ( -1.350000000000000533, 2.829999999999999627, -0.1500000000000000500 ) ) ;
#6730 = EDGE_CURVE ( 'NONE', #4479, #429, #69, .T. ) ;
#6731 = AXIS2_PLACEMENT_3D ( 'NONE', #7948, #4719, #4763 ) ;
#6732 = VERTEX_POINT ( 'NONE', #2200 ) ;
#6733 = CARTESIAN_POINT ( 'NONE',  ( 1.610018138358533246, 2.849999999999999645, -0.8550000000000009814 ) ) ;
#6734 = ORIENTED_EDGE ( 'NONE', *, *, #2315, .T. ) ;
#6735 = DIRECTION ( 'NONE',  ( -0.000000000000000000, -0.000000000000000000, -1.000000000000000000 ) ) ;
#6736 = LINE ( 'NONE', #162, #7859 ) ;
#6737 = ORIENTED_EDGE ( 'NONE', *, *, #4862, .F. ) ;
#6738 = ADVANCED_FACE ( 'NONE', ( #279 ), #149, .T. ) ;
#6739 = EDGE_CURVE ( 'NONE', #4162, #4306, #2791, .T. ) ;
#6740 = ADVANCED_FACE ( 'NONE', ( #6005 ), #6716, .F. ) ;
#6741 = AXIS2_PLACEMENT_3D ( 'NONE', #4587, #5216, #7818 ) ;
#6742 =( BOUNDED_CURVE ( )  B_SPLINE_CURVE ( 3, ( #4174, #6263, #8075, #1737 ),
 .UNSPECIFIED., .F., .F. ) 
 B_SPLINE_CURVE_WITH_KNOTS ( ( 4, 4 ),
 ( 0.000000000000000000, 1.570796326794897668 ),
 .UNSPECIFIED. ) 
 CURVE ( )  GEOMETRIC_REPRESENTATION_ITEM ( )  RATIONAL_B_SPLINE_CURVE ( ( 1.000000000000000000, 0.8047378541243646044, 0.8047378541243646044, 1.000000000000000000 ) ) 
 REPRESENTATION_ITEM ( '' )  );
#6743 = CARTESIAN_POINT ( 'NONE',  ( 1.717086875603152984, 1.000000000000000000, -0.2000000000000000944 ) ) ;
#6744 = CARTESIAN_POINT ( 'NONE',  ( 1.717086875603152984, 1.000000000000000000, 1.628887806575429975 ) ) ;
#6745 = DIRECTION ( 'NONE',  ( -0.1305261922200450231, -0.9914448613738112703, 0.000000000000000000 ) ) ;
#6746 = FACE_OUTER_BOUND ( 'NONE', #2726, .T. ) ;
#6747 = VERTEX_POINT ( 'NONE', #5885 ) ;
#6748 = ORIENTED_EDGE ( 'NONE', *, *, #4393, .T. ) ;
#6749 = CARTESIAN_POINT ( 'NONE',  ( -1.050000000000000044, 0.2000000000000000111, -0.2249999999999998390 ) ) ;
#6750 = EDGE_CURVE ( 'NONE', #680, #7806, #3375, .T. ) ;
#6751 = ORIENTED_EDGE ( 'NONE', *, *, #5814, .F. ) ;
#6752 = LINE ( 'NONE', #1764, #2761 ) ;
#6753 = VERTEX_POINT ( 'NONE', #1471 ) ;
#6754 = FACE_OUTER_BOUND ( 'NONE', #5069, .T. ) ;
#6755 = B_SPLINE_CURVE_WITH_KNOTS ( 'NONE', 3,
 ( #3059, #5018, #5602, #5137, #8178, #7539, #5727, #1784, #5056, #5099, #6860, #1262, #6225, #3144, #4400, #7579 ),
 .UNSPECIFIED., .F., .F.,
 ( 4, 3, 3, 3, 3, 4 ),
 ( 0.000000000000000000, 2.208357269965172150E-05, 5.563844299161936461E-05, 8.920143942827217347E-05, 0.0001229089457200474903, 0.0001566057192891304368 ),
 .UNSPECIFIED. ) ;
#6756 = CARTESIAN_POINT ( 'NONE',  ( 1.717086875603152984, 1.000000000000000000, 1.750000000000000000 ) ) ;
#6757 = ORIENTED_EDGE ( 'NONE', *, *, #6109, .F. ) ;
#6758 = CARTESIAN_POINT ( 'NONE',  ( 0.8998354216417642215, 0.04999999999999999584, 0.7250000000000003109 ) ) ;
#6759 = DIRECTION ( 'NONE',  ( 1.000000000000000000, -0.000000000000000000, 0.000000000000000000 ) ) ;
#6760 = DIRECTION ( 'NONE',  ( 1.000000000000000000, 0.000000000000000000, 0.000000000000000000 ) ) ;
#6761 = ORIENTED_EDGE ( 'NONE', *, *, #5011, .F. ) ;
#6762 = FACE_OUTER_BOUND ( 'NONE', #7893, .T. ) ;
#6763 = ADVANCED_FACE ( 'NONE', ( #189 ), #2114, .T. ) ;
#6764 = ORIENTED_EDGE ( 'NONE', *, *, #676, .T. ) ;
#6765 = CARTESIAN_POINT ( 'NONE',  ( 0.000000000000000000, 0.7500000000000000000, 0.000000000000000000 ) ) ;
#6766 = ORIENTED_EDGE ( 'NONE', *, *, #1920, .T. ) ;
#6767 = CARTESIAN_POINT ( 'NONE',  ( -1.350000000000000311, 2.829999999999999627, 0.000000000000000000 ) ) ;
#6768 = ORIENTED_EDGE ( 'NONE', *, *, #2940, .T. ) ;
#6769 = DIRECTION ( 'NONE',  ( 1.000000000000000000, 0.000000000000000000, -1.032573497605241854E-16 ) ) ;
#6770 = LINE ( 'NONE', #2300, #1912 ) ;
#6771 = CARTESIAN_POINT ( 'NONE',  ( 1.624745546260956131, 1.543009207098878122, 1.724365016070128265 ) ) ;
#6772 = CARTESIAN_POINT ( 'NONE',  ( 1.749999999999999778, 0.2500000000000001665, 0.5750000000000001776 ) ) ;
#6773 = VECTOR ( 'NONE', #1082, 1000.000000000000000 ) ;
#6774 = VECTOR ( 'NONE', #5632, 1000.000000000000000 ) ;
#6775 = VERTEX_POINT ( 'NONE', #5379 ) ;
#6776 = CARTESIAN_POINT ( 'NONE',  ( -1.592086875603144325, 1.000000000000000000, -0.07499999999999998335 ) ) ;
#6777 = ORIENTED_EDGE ( 'NONE', *, *, #1246, .F. ) ;
#6778 = EDGE_CURVE ( 'NONE', #642, #5622, #5257, .T. ) ;
#6779 = DIRECTION ( 'NONE',  ( -0.000000000000000000, 1.000000000000000000, -0.000000000000000000 ) ) ;
#6780 = SURFACE_SIDE_STYLE ('',( #390 ) ) ;
#6781 = VERTEX_POINT ( 'NONE', #6046 ) ;
#6782 = AXIS2_PLACEMENT_3D ( 'NONE', #6073, #7251, #4827 ) ;
#6783 = VECTOR ( 'NONE', #6684, 1000.000000000000000 ) ;
#6784 = AXIS2_PLACEMENT_3D ( 'NONE', #7587, #3649, #3108 ) ;
#6785 = AXIS2_PLACEMENT_3D ( 'NONE', #8179, #7540, #515 ) ;
#6786 = ADVANCED_FACE ( 'NONE', ( #7984 ), #4805, .F. ) ;
#6787 = ADVANCED_FACE ( 'NONE', ( #4678 ), #6586, .F. ) ;
#6788 = EDGE_CURVE ( 'NONE', #7032, #48, #3413, .T. ) ;
#6789 = CARTESIAN_POINT ( 'NONE',  ( -1.550000000000000044, 0.2499999999999999445, 0.5750000000000001776 ) ) ;
#6790 = CARTESIAN_POINT ( 'NONE',  ( -1.717086875603152984, 1.000000000000000000, 1.025000000000000355 ) ) ;
#6791 = LINE ( 'NONE', #3656, #2091 ) ;
#6792 = PLANE ( 'NONE',  #1329 ) ;
#6793 = ORIENTED_EDGE ( 'NONE', *, *, #3740, .F. ) ;
#6794 = LINE ( 'NONE', #401, #423 ) ;
#6795 = ORIENTED_EDGE ( 'NONE', *, *, #2299, .F. ) ;
#6796 = AXIS2_PLACEMENT_3D ( 'NONE', #5988, #2815, #7928 ) ;
#6797 = DIRECTION ( 'NONE',  ( -0.000000000000000000, -1.000000000000000000, -0.000000000000000000 ) ) ;
#6798 = VECTOR ( 'NONE', #6873, 1000.000000000000000 ) ;
#6799 = EDGE_LOOP ( 'NONE', ( #659, #4044, #8072, #1229 ) ) ;
#6800 =( BOUNDED_CURVE ( )  B_SPLINE_CURVE ( 3, ( #992, #1629, #4958, #6118 ),
 .UNSPECIFIED., .F., .F. ) 
 B_SPLINE_CURVE_WITH_KNOTS ( ( 4, 4 ),
 ( 4.712388980384689674, 6.283185307179586232 ),
 .UNSPECIFIED. ) 
 CURVE ( )  GEOMETRIC_REPRESENTATION_ITEM ( )  RATIONAL_B_SPLINE_CURVE ( ( 1.000000000000000000, 0.8047378541243649375, 0.8047378541243649375, 1.000000000000000000 ) ) 
 REPRESENTATION_ITEM ( '' )  );
#6801 = CARTESIAN_POINT ( 'NONE',  ( 1.611824458629685042, 2.829353664825195569, 1.512204988820498475 ) ) ;
#6802 = EDGE_CURVE ( 'NONE', #4769, #2427, #6626, .T. ) ;
#6803 = CARTESIAN_POINT ( 'NONE',  ( -1.050000000000000488, 2.829999999999999627, -0.7500000000000000000 ) ) ;
#6804 = ORIENTED_EDGE ( 'NONE', *, *, #6739, .F. ) ;
#6805 = AXIS2_PLACEMENT_3D ( 'NONE', #4751, #2187, #7481 ) ;
#6806 =( LENGTH_UNIT ( ) NAMED_UNIT ( * ) SI_UNIT ( .MILLI., .METRE. ) );
#6807 = DIRECTION ( 'NONE',  ( 0.000000000000000000, 0.000000000000000000, 1.000000000000000000 ) ) ;
#6808 = EDGE_CURVE ( 'NONE', #4942, #3597, #4760, .T. ) ;
#6809 = DIRECTION ( 'NONE',  ( -0.000000000000000000, -0.000000000000000000, -1.000000000000000000 ) ) ;
#6810 = ORIENTED_EDGE ( 'NONE', *, *, #7230, .T. ) ;
#6811 = CARTESIAN_POINT ( 'NONE',  ( -0.3250000000000000111, 0.05000000000000000971, -0.9250000000000000444 ) ) ;
#6812 = VERTEX_POINT ( 'NONE', #1431 ) ;
#6813 = DIRECTION ( 'NONE',  ( -1.000000000000000000, 0.000000000000000000, 0.000000000000000000 ) ) ;
#6814 = CIRCLE ( 'NONE', #2799, 0.2124999999999999944 ) ;
#6815 = DIRECTION ( 'NONE',  ( -1.000000000000000000, 0.000000000000000000, 0.000000000000000000 ) ) ;
#6816 = ADVANCED_FACE ( 'NONE', ( #877 ), #3461, .T. ) ;
#6817 = CARTESIAN_POINT ( 'NONE',  ( -1.592086875603135887, 0.2500000000000149880, -0.8750000000000000000 ) ) ;
#6818 = ORIENTED_EDGE ( 'NONE', *, *, #2846, .F. ) ;
#6819 = CARTESIAN_POINT ( 'NONE',  ( -0.9000000000000000222, 0.2500000000000000000, 0.9749999999999999778 ) ) ;
#6820 = DIRECTION ( 'NONE',  ( 0.000000000000000000, -0.000000000000000000, -1.000000000000000000 ) ) ;
#6821 = DIRECTION ( 'NONE',  ( 1.000000000000000000, 0.000000000000000000, 0.000000000000000000 ) ) ;
#6822 = ORIENTED_EDGE ( 'NONE', *, *, #4280, .F. ) ;
#6823 = FACE_OUTER_BOUND ( 'NONE', #7377, .T. ) ;
#6824 = ORIENTED_EDGE ( 'NONE', *, *, #2759, .T. ) ;
#6825 = CARTESIAN_POINT ( 'NONE',  ( 1.749999999999999778, 1.000000000000000444, 1.025000000000000355 ) ) ;
#6826 = ORIENTED_EDGE ( 'NONE', *, *, #4393, .F. ) ;
#6827 = ORIENTED_EDGE ( 'NONE', *, *, #3775, .F. ) ;
#6828 = EDGE_CURVE ( 'NONE', #7032, #978, #4138, .T. ) ;
#6829 = CARTESIAN_POINT ( 'NONE',  ( 1.592086875603161200, 0.2500000000000149880, -0.07499999999999998335 ) ) ;
#6830 = DIRECTION ( 'NONE',  ( 3.469446951953614189E-16, 0.000000000000000000, 1.000000000000000000 ) ) ;
#6831 =( GEOMETRIC_REPRESENTATION_CONTEXT ( 3 ) GLOBAL_UNCERTAINTY_ASSIGNED_CONTEXT ( ( #8181 ) ) GLOBAL_UNIT_ASSIGNED_CONTEXT ( ( #856, #5990, #1625 ) ) REPRESENTATION_CONTEXT ( 'NONE', 'WORKASPACE' ) );
#6832 = CARTESIAN_POINT ( 'NONE',  ( -1.717086875603152984, 1.000000000000000000, 1.025000000000000355 ) ) ;
#6833 = DIRECTION ( 'NONE',  ( 0.1300379154054214503, -0.9877360307509844839, 0.08641570524680476650 ) ) ;
#6834 = SURFACE_SIDE_STYLE ('',( #6968 ) ) ;
#6835 = ORIENTED_EDGE ( 'NONE', *, *, #2470, .F. ) ;
#6836 = DIRECTION ( 'NONE',  ( -1.000000000000000000, 0.000000000000000000, 0.000000000000000000 ) ) ;
#6837 = VERTEX_POINT ( 'NONE', #917 ) ;
#6838 = CARTESIAN_POINT ( 'NONE',  ( 1.350000000000000311, 2.849999999999999645, -1.050000000000000044 ) ) ;
#6839 = EDGE_CURVE ( 'NONE', #923, #261, #794, .T. ) ;
#6840 = EDGE_CURVE ( 'NONE', #5223, #5782, #6742, .T. ) ;
#6841 = DIRECTION ( 'NONE',  ( 0.000000000000000000, 1.000000000000000000, 0.000000000000000000 ) ) ;
#6842 = VECTOR ( 'NONE', #5323, 1000.000000000000000 ) ;
#6843 = DIRECTION ( 'NONE',  ( 0.2079116908177522371, -0.9781476007338070211, -0.000000000000000000 ) ) ;
#6844 = ORIENTED_EDGE ( 'NONE', *, *, #8143, .F. ) ;
#6845 = SURFACE_STYLE_FILL_AREA ( #537 ) ;
#6846 = FACE_OUTER_BOUND ( 'NONE', #7969, .T. ) ;
#6847 = DIRECTION ( 'NONE',  ( 0.000000000000000000, 0.000000000000000000, 1.000000000000000000 ) ) ;
#6848 = ORIENTED_EDGE ( 'NONE', *, *, #5191, .F. ) ;
#6849 = ORIENTED_EDGE ( 'NONE', *, *, #1456, .T. ) ;
#6850 = CARTESIAN_POINT ( 'NONE',  ( -1.748038237915541693, 1.249700129638349644, -1.673190866361856433 ) ) ;
#6851 = VERTEX_POINT ( 'NONE', #3503 ) ;
#6852 = LINE ( 'NONE', #7492, #486 ) ;
#6853 = EDGE_CURVE ( 'NONE', #7773, #5381, #3545, .T. ) ;
#6854 = ADVANCED_FACE ( 'NONE', ( #1686 ), #4930, .F. ) ;
#6855 = DIRECTION ( 'NONE',  ( 1.000000000000000000, 0.000000000000000000, 0.000000000000000000 ) ) ;
#6856 = VERTEX_POINT ( 'NONE', #372 ) ;
#6857 = LINE ( 'NONE', #8175, #5265 ) ;
#6858 = VERTEX_POINT ( 'NONE', #2468 ) ;
#6859 = LINE ( 'NONE', #2511, #7310 ) ;
#6860 = CARTESIAN_POINT ( 'NONE',  ( 1.735056914610914269, 1.249598840175964787, 1.704224804851841357 ) ) ;
#6861 = DIRECTION ( 'NONE',  ( 0.000000000000000000, 0.000000000000000000, 1.000000000000000000 ) ) ;
#6862 = EDGE_CURVE ( 'NONE', #6180, #2864, #6852, .T. ) ;
#6863 = ORIENTED_EDGE ( 'NONE', *, *, #2615, .T. ) ;
#6864 = LINE ( 'NONE', #1790, #8223 ) ;
#6865 = AXIS2_PLACEMENT_3D ( 'NONE', #4435, #591, #8305 ) ;
#6866 = VECTOR ( 'NONE', #10, 999.9999999999998863 ) ;
#6867 = EDGE_LOOP ( 'NONE', ( #6597, #3384, #6366, #5758 ) ) ;
#6868 = CARTESIAN_POINT ( 'NONE',  ( 0.9000000000000000222, 0.2500000000000000000, -1.662511336474076007 ) ) ;
#6869 = DIRECTION ( 'NONE',  ( -0.000000000000000000, 1.000000000000000000, -0.000000000000000000 ) ) ;
#6870 = ORIENTED_EDGE ( 'NONE', *, *, #5924, .F. ) ;
#6871 = ORIENTED_EDGE ( 'NONE', *, *, #1499, .F. ) ;
#6872 = AXIS2_PLACEMENT_3D ( 'NONE', #6229, #1657, #8182 ) ;
#6873 = DIRECTION ( 'NONE',  ( -0.000000000000000000, -0.000000000000000000, -1.000000000000000000 ) ) ;
#6874 = DIRECTION ( 'NONE',  ( 0.000000000000000000, -1.000000000000000000, 0.000000000000000000 ) ) ;
#6875 = DIRECTION ( 'NONE',  ( -0.000000000000000000, -1.000000000000000000, 0.000000000000000000 ) ) ;
#6876 = DIRECTION ( 'NONE',  ( 0.000000000000000000, -0.000000000000000000, -1.000000000000000000 ) ) ;
#6877 = LINE ( 'NONE', #4369, #4971 ) ;
#6878 = ORIENTED_EDGE ( 'NONE', *, *, #2848, .F. ) ;
#6879 = CARTESIAN_POINT ( 'NONE',  ( 1.717086875603152984, 1.000000000000000444, 1.025000000000000355 ) ) ;
#6880 = ORIENTED_EDGE ( 'NONE', *, *, #294, .F. ) ;
#6881 = LINE ( 'NONE', #5497, #3847 ) ;
#6882 = VECTOR ( 'NONE', #7781, 1000.000000000000000 ) ;
#6883 = CARTESIAN_POINT ( 'NONE',  ( 1.650380530190825645, 1.249999999999999778, 1.750000000000000000 ) ) ;
#6884 = LINE ( 'NONE', #7391, #3275 ) ;
#6885 = ORIENTED_EDGE ( 'NONE', *, *, #7373, .F. ) ;
#6886 = EDGE_CURVE ( 'NONE', #5091, #2001, #415, .T. ) ;
#6887 = CARTESIAN_POINT ( 'NONE',  ( 1.592086875603169860, 0.2500000000000149880, -0.8750000000000000000 ) ) ;
#6888 = EDGE_CURVE ( 'NONE', #1003, #3453, #1975, .T. ) ;
#6889 = LINE ( 'NONE', #6255, #1400 ) ;
#6890 = CARTESIAN_POINT ( 'NONE',  ( 0.9597227471524999443, 0.05000000000000000971, 0.07499999999999998335 ) ) ;
#6891 = VECTOR ( 'NONE', #12, 1000.000000000000114 ) ;
#6892 = ORIENTED_EDGE ( 'NONE', *, *, #4093, .T. ) ;
#6893 = DIRECTION ( 'NONE',  ( 0.000000000000000000, 1.000000000000000000, 0.000000000000000000 ) ) ;
#6894 = ORIENTED_EDGE ( 'NONE', *, *, #1094, .F. ) ;
#6895 = LINE ( 'NONE', #5010, #1398 ) ;
#6896 = CARTESIAN_POINT ( 'NONE',  ( 1.717086875603152984, 1.000000000000000000, 0.6000000000000000888 ) ) ;
#6897 = DIRECTION ( 'NONE',  ( -0.000000000000000000, -0.000000000000000000, -1.000000000000000000 ) ) ;
#6898 = ORIENTED_EDGE ( 'NONE', *, *, #4928, .F. ) ;
#6899 = ADVANCED_FACE ( 'NONE', ( #4972 ), #2291, .F. ) ;
#6900 = EDGE_CURVE ( 'NONE', #2148, #1070, #963, .T. ) ;
#6901 = DIRECTION ( 'NONE',  ( -0.1736481776669307198, -0.9848077530122080203, -1.882697314746350695E-16 ) ) ;
#6902 = EDGE_CURVE ( 'NONE', #4115, #1725, #5638, .T. ) ;
#6903 = CARTESIAN_POINT ( 'NONE',  ( 1.550000000000000044, 1.000000000000000444, 1.375000000000000444 ) ) ;
#6904 = CARTESIAN_POINT ( 'NONE',  ( -1.050000000000000044, 0.000000000000000000, 0.5750000000000001776 ) ) ;
#6905 = EDGE_LOOP ( 'NONE', ( #3424, #7333 ) ) ;
#6906 = UNCERTAINTY_MEASURE_WITH_UNIT (LENGTH_MEASURE( 1.000000000000000082E-05 ), #6330, 'distance_accuracy_value', 'NONE');
#6907 = LINE ( 'NONE', #3733, #1634 ) ;
#6908 = EDGE_LOOP ( 'NONE', ( #2295, #2913, #3105, #2117 ) ) ;
#6909 = DIRECTION ( 'NONE',  ( 0.000000000000000000, 0.000000000000000000, -1.000000000000000000 ) ) ;
#6910 = DIRECTION ( 'NONE',  ( -0.000000000000000000, -0.000000000000000000, -1.000000000000000000 ) ) ;
#6911 = EDGE_CURVE ( 'NONE', #4148, #94, #508, .T. ) ;
#6912 = ORIENTED_EDGE ( 'NONE', *, *, #2424, .F. ) ;
#6913 = VECTOR ( 'NONE', #7358, 1000.000000000000000 ) ;
#6914 = VECTOR ( 'NONE', #3405, 1000.000000000000000 ) ;
#6915 = FACE_OUTER_BOUND ( 'NONE', #2072, .T. ) ;
#6916 = ADVANCED_FACE ( 'NONE', ( #4347 ), #6647, .F. ) ;
#6917 = DIRECTION ( 'NONE',  ( 0.7071067811865474617, 0.000000000000000000, -0.7071067811865474617 ) ) ;
#6918 = AXIS2_PLACEMENT_3D ( 'NONE', #4048, #7307, #792 ) ;
#6919 = CARTESIAN_POINT ( 'NONE',  ( -1.450000000000000400, 1.000000000000000000, 1.000000000000000000 ) ) ;
#6920 = AXIS2_PLACEMENT_3D ( 'NONE', #2180, #4742, #6607 ) ;
#6921 = DIRECTION ( 'NONE',  ( 0.000000000000000000, -0.9238795325112847401, -0.3826834323650944447 ) ) ;
#6922 = EDGE_CURVE ( 'NONE', #3788, #3826, #3729, .T. ) ;
#6923 = CARTESIAN_POINT ( 'NONE',  ( 1.500000000000000222, 1.000000000000000444, 1.025000000000000355 ) ) ;
#6924 = ORIENTED_EDGE ( 'NONE', *, *, #3602, .F. ) ;
#6925 = ORIENTED_EDGE ( 'NONE', *, *, #165, .T. ) ;
#6926 = ORIENTED_EDGE ( 'NONE', *, *, #7340, .F. ) ;
#6927 = CARTESIAN_POINT ( 'NONE',  ( 0.3250000000000000666, 0.05000000000000000971, -1.200000000000000178 ) ) ;
#6928 = AXIS2_PLACEMENT_3D ( 'NONE', #4715, #1597, #4802 ) ;
#6929 = VECTOR ( 'NONE', #6910, 1000.000000000000000 ) ;
#6930 = VECTOR ( 'NONE', #7112, 1000.000000000000114 ) ;
#6931 = FACE_BOUND ( 'NONE', #5663, .T. ) ;
#6932 = DIRECTION ( 'NONE',  ( -0.000000000000000000, -0.000000000000000000, -1.000000000000000000 ) ) ;
#6933 = EDGE_LOOP ( 'NONE', ( #3701, #7642, #5563, #5485 ) ) ;
#6934 = CARTESIAN_POINT ( 'NONE',  ( 1.592086875603152984, 0.2500000000000149880, 0.7250000000000000888 ) ) ;
#6935 = LINE ( 'NONE', #7565, #2087 ) ;
#6936 = DIRECTION ( 'NONE',  ( -1.000000000000000000, 0.000000000000000000, 0.000000000000000000 ) ) ;
#6937 = VECTOR ( 'NONE', #3913, 1000.000000000000227 ) ;
#6938 = ORIENTED_EDGE ( 'NONE', *, *, #4486, .T. ) ;
#6939 = CARTESIAN_POINT ( 'NONE',  ( -1.050000000000000044, 0.000000000000000000, -0.5749999999999998446 ) ) ;
#6940 = ORIENTED_EDGE ( 'NONE', *, *, #644, .T. ) ;
#6941 = AXIS2_PLACEMENT_3D ( 'NONE', #7301, #7509, #1114 ) ;
#6942 = AXIS2_PLACEMENT_3D ( 'NONE', #7574, #4263, #3096 ) ;
#6943 = DIRECTION ( 'NONE',  ( 0.7071067811865475727, 0.000000000000000000, -0.7071067811865475727 ) ) ;
#6944 = EDGE_LOOP ( 'NONE', ( #1942, #3659, #6067, #6032 ) ) ;
#6945 = DIRECTION ( 'NONE',  ( -0.9914448613738112703, -0.1305261922200450231, 0.000000000000000000 ) ) ;
#6946 = EDGE_CURVE ( 'NONE', #467, #2427, #6895, .T. ) ;
#6947 = CARTESIAN_POINT ( 'NONE',  ( 0.8999999999999999112, 0.2500000000000000000, 0.1164213562373095229 ) ) ;
#6948 = AXIS2_PLACEMENT_3D ( 'NONE', #4004, #4917, #8112 ) ;
#6949 = CARTESIAN_POINT ( 'NONE',  ( -1.351260626809458465, 0.2500000000000000000, 1.750000000000000000 ) ) ;
#6950 = EDGE_LOOP ( 'NONE', ( #5496, #3083, #6766, #6870 ) ) ;
#6951 = CARTESIAN_POINT ( 'NONE',  ( -1.050000000000000488, 2.829999999999999627, -1.100000000000000533 ) ) ;
#6952 = CARTESIAN_POINT ( 'NONE',  ( -1.750000000000000222, 1.249999999999999778, 1.750000000000000000 ) ) ;
#6953 = CIRCLE ( 'NONE', #8016, 0.2999999999999997113 ) ;
#6954 = DIRECTION ( 'NONE',  ( -0.000000000000000000, -0.000000000000000000, -1.000000000000000000 ) ) ;
#6955 = VECTOR ( 'NONE', #6917, 1000.000000000000114 ) ;
#6956 = EDGE_CURVE ( 'NONE', #816, #2821, #5551, .T. ) ;
#6957 = DIRECTION ( 'NONE',  ( -1.000000000000000000, 0.000000000000000000, 0.000000000000000000 ) ) ;
#6958 = EDGE_LOOP ( 'NONE', ( #2616, #5129, #6103, #5561 ) ) ;
#6959 = PLANE ( 'NONE',  #5731 ) ;
#6960 = DIRECTION ( 'NONE',  ( 0.000000000000000000, 0.000000000000000000, 1.000000000000000000 ) ) ;
#6961 = ORIENTED_EDGE ( 'NONE', *, *, #4998, .T. ) ;
#6962 = EDGE_CURVE ( 'NONE', #3252, #983, #5509, .T. ) ;
#6963 = ADVANCED_FACE ( 'NONE', ( #7532 ), #1817, .T. ) ;
#6964 = LINE ( 'NONE', #7037, #5592 ) ;
#6965 = DIRECTION ( 'NONE',  ( 0.000000000000000000, 0.000000000000000000, 1.000000000000000000 ) ) ;
#6966 = CARTESIAN_POINT ( 'NONE',  ( 1.350000000000000533, 2.829999999999999627, 4.683753385137381127E-16 ) ) ;
#6967 = CARTESIAN_POINT ( 'NONE',  ( 1.050000000000000044, 1.597771622610217113E-16, -1.024999999999999911 ) ) ;
#6968 = SURFACE_STYLE_FILL_AREA ( #4417 ) ;
#6969 = ORIENTED_EDGE ( 'NONE', *, *, #4362, .T. ) ;
#6970 = ORIENTED_EDGE ( 'NONE', *, *, #2845, .T. ) ;
#6971 = EDGE_CURVE ( 'NONE', #446, #6204, #1096, .T. ) ;
#6972 = VECTOR ( 'NONE', #8108, 1000.000000000000000 ) ;
#6973 = CARTESIAN_POINT ( 'NONE',  ( 0.9000000000000000222, 0.2500000000000000000, -0.6250000000000003331 ) ) ;
#6974 = CARTESIAN_POINT ( 'NONE',  ( 1.592086875603161200, 0.2500000000000149880, -0.07499999999999998335 ) ) ;
#6975 = VERTEX_POINT ( 'NONE', #6218 ) ;
#6976 = CARTESIAN_POINT ( 'NONE',  ( -1.750000000000000222, 1.249999999999999778, -1.650759972456910640 ) ) ;
#6977 = DIRECTION ( 'NONE',  ( -0.000000000000000000, 0.000000000000000000, -1.000000000000000000 ) ) ;
#6978 = CARTESIAN_POINT ( 'NONE',  ( -1.500000000000000000, -5.421010862427512309E-17, 0.5750000000000001776 ) ) ;
#6979 = ORIENTED_EDGE ( 'NONE', *, *, #1136, .F. ) ;
#6980 = DIRECTION ( 'NONE',  ( -0.000000000000000000, 1.000000000000000000, -0.000000000000000000 ) ) ;
#6981 = VERTEX_POINT ( 'NONE', #3050 ) ;
#6982 = DIRECTION ( 'NONE',  ( 0.000000000000000000, 1.000000000000000000, -0.000000000000000000 ) ) ;
#6983 = CARTESIAN_POINT ( 'NONE',  ( 1.750000000000000222, 1.249999999999999778, 1.750000000000000000 ) ) ;
#6984 = CARTESIAN_POINT ( 'NONE',  ( -1.050000000000000044, 0.000000000000000000, 0.5750000000000001776 ) ) ;
#6985 = ORIENTED_EDGE ( 'NONE', *, *, #7725, .T. ) ;
#6986 = LINE ( 'NONE', #4434, #728 ) ;
#6987 = DIRECTION ( 'NONE',  ( 0.000000000000000000, 0.9961946980917455452, -0.08715574274765841567 ) ) ;
#6988 = CARTESIAN_POINT ( 'NONE',  ( -1.450000000000000400, 1.000000000000000000, 1.750000000000000000 ) ) ;
#6989 = FACE_OUTER_BOUND ( 'NONE', #4474, .T. ) ;
#6990 = VERTEX_POINT ( 'NONE', #5596 ) ;
#6991 = CARTESIAN_POINT ( 'NONE',  ( -1.592086875603135887, 1.000000000000000000, -0.7250000000000000888 ) ) ;
#6992 = ADVANCED_FACE ( 'NONE', ( #1775 ), #2671, .F. ) ;
#6993 = EDGE_CURVE ( 'NONE', #6153, #5080, #2631, .T. ) ;
#6995 = ORIENTED_EDGE ( 'NONE', *, *, #114, .F. ) ;
#6994 = CARTESIAN_POINT ( 'NONE',  ( -1.592086875603144325, 0.2500000000000158207, -0.07499999999999998335 ) ) ;
#6996 = AXIS2_PLACEMENT_3D ( 'NONE', #7235, #4058, #7680 ) ;
#6997 = VECTOR ( 'NONE', #6251, 1000.000000000000000 ) ;
#6998 = CARTESIAN_POINT ( 'NONE',  ( -1.592086875603144325, 0.2500000000000158207, 0.07499999999999998335 ) ) ;
#6999 = CARTESIAN_POINT ( 'NONE',  ( -1.050000000000000488, 2.829999999999999627, -0.1500000000000000777 ) ) ;
#7000 = DIRECTION ( 'NONE',  ( 1.000000000000000000, 0.000000000000000000, 0.000000000000000000 ) ) ;
#7001 = VECTOR ( 'NONE', #3711, 1000.000000000000000 ) ;
#7002 = CARTESIAN_POINT ( 'NONE',  ( 0.000000000000000000, 0.05000000000000000971, 0.000000000000000000 ) ) ;
#7003 = EDGE_CURVE ( 'NONE', #5539, #2821, #546, .T. ) ;
#7004 = VECTOR ( 'NONE', #1831, 1000.000000000000000 ) ;
#7005 = FACE_OUTER_BOUND ( 'NONE', #558, .T. ) ;
#7006 = ORIENTED_EDGE ( 'NONE', *, *, #2284, .F. ) ;
#7007 = ORIENTED_EDGE ( 'NONE', *, *, #7470, .F. ) ;
#7008 = ORIENTED_EDGE ( 'NONE', *, *, #5239, .T. ) ;
#7009 = DIRECTION ( 'NONE',  ( 0.000000000000000000, 0.000000000000000000, 1.000000000000000000 ) ) ;
#7010 = DIRECTION ( 'NONE',  ( -1.000000000000000000, 0.000000000000000000, 0.000000000000000000 ) ) ;
#7011 = ORIENTED_EDGE ( 'NONE', *, *, #6853, .T. ) ;
#7012 = FACE_OUTER_BOUND ( 'NONE', #866, .T. ) ;
#7013 = FILL_AREA_STYLE_COLOUR ( '', #4123 ) ;
#7014 = ADVANCED_FACE ( 'NONE', ( #1217 ), #1183, .F. ) ;
#7015 = DIRECTION ( 'NONE',  ( 0.000000000000000000, 0.1643989873053604833, -0.9863939238321431935 ) ) ;
#7016 = CARTESIAN_POINT ( 'NONE',  ( -1.050000000000000044, 0.2000000000000000111, -1.024999999999999911 ) ) ;
#7017 = ORIENTED_EDGE ( 'NONE', *, *, #2999, .T. ) ;
#7018 = DIRECTION ( 'NONE',  ( 1.000000000000000000, 0.000000000000000000, 0.000000000000000000 ) ) ;
#7019 = ORIENTED_EDGE ( 'NONE', *, *, #2794, .T. ) ;
#7020 = AXIS2_PLACEMENT_3D ( 'NONE', #7222, #5998, #2673 ) ;
#7021 = CARTESIAN_POINT ( 'NONE',  ( 1.351260626809458465, 0.2500000000000000000, 1.750000000000000000 ) ) ;
#7022 = DIRECTION ( 'NONE',  ( -0.000000000000000000, 1.000000000000000000, -0.000000000000000000 ) ) ;
#7023 = FACE_OUTER_BOUND ( 'NONE', #3749, .T. ) ;
#7024 = ORIENTED_EDGE ( 'NONE', *, *, #2333, .T. ) ;
#7025 = AXIS2_PLACEMENT_3D ( 'NONE', #53, #2013, #7092 ) ;
#7026 = EDGE_CURVE ( 'NONE', #1448, #7293, #7983, .T. ) ;
#7027 = CARTESIAN_POINT ( 'NONE',  ( 1.592086875603169860, 0.05000000000000000971, -0.8750000000000000000 ) ) ;
#7028 = LINE ( 'NONE', #6395, #124 ) ;
#7029 = EDGE_CURVE ( 'NONE', #6119, #360, #6383, .T. ) ;
#7030 = FACE_OUTER_BOUND ( 'NONE', #4288, .T. ) ;
#7031 = CARTESIAN_POINT ( 'NONE',  ( 1.050000000000000488, 2.829999999999999627, -1.400000000000000355 ) ) ;
#7032 = VERTEX_POINT ( 'NONE', #2025 ) ;
#7033 = CARTESIAN_POINT ( 'NONE',  ( 1.002234059486502682, 0.2500000000000000000, 0.07499999999999998335 ) ) ;
#7034 = CARTESIAN_POINT ( 'NONE',  ( 1.750000000000000222, 1.249999999999999778, -1.650759972456910640 ) ) ;
#7035 = CARTESIAN_POINT ( 'NONE',  ( 1.351260626809458465, 0.2500000000000000000, 1.750000000000000000 ) ) ;
#7036 = EDGE_CURVE ( 'NONE', #5422, #4016, #3220, .T. ) ;
#7037 = CARTESIAN_POINT ( 'NONE',  ( -1.750000000000000222, 1.249999999999999778, 1.750000000000000000 ) ) ;
#7038 = DIRECTION ( 'NONE',  ( 0.000000000000000000, 1.000000000000000000, 0.000000000000000000 ) ) ;
#7039 = DIRECTION ( 'NONE',  ( 1.000000000000000000, 0.000000000000000000, 0.000000000000000000 ) ) ;
#7040 = CARTESIAN_POINT ( 'NONE',  ( -1.717086875603152984, 1.000000000000000000, -0.6000000000000000888 ) ) ;
#7041 = VERTEX_POINT ( 'NONE', #7617 ) ;
#7042 = ORIENTED_EDGE ( 'NONE', *, *, #822, .T. ) ;
#7043 = AXIS2_PLACEMENT_3D ( 'NONE', #5545, #6977, #5087 ) ;
#7044 = ORIENTED_EDGE ( 'NONE', *, *, #3840, .T. ) ;
#7045 = EDGE_CURVE ( 'NONE', #6119, #4063, #1865, .T. ) ;
#7046 = ADVANCED_FACE ( 'NONE', ( #3293 ), #1303, .F. ) ;
#7047 = EDGE_CURVE ( 'NONE', #6490, #7835, #1340, .T. ) ;
#7048 = CARTESIAN_POINT ( 'NONE',  ( 1.610018138358533246, 2.849999999999999645, 1.750000000000000000 ) ) ;
#7049 = CIRCLE ( 'NONE', #7862, 0.6500000000000000222 ) ;
#7050 = DIRECTION ( 'NONE',  ( -1.000000000000000000, 0.000000000000000000, 3.469446951953614682E-16 ) ) ;
#7051 = ORIENTED_EDGE ( 'NONE', *, *, #4093, .F. ) ;
#7052 = DIRECTION ( 'NONE',  ( 0.000000000000000000, 1.000000000000000000, 0.000000000000000000 ) ) ;
#7053 = FACE_OUTER_BOUND ( 'NONE', #5606, .T. ) ;
#7054 = DIRECTION ( 'NONE',  ( 0.000000000000000000, 0.000000000000000000, 1.000000000000000000 ) ) ;
#7055 = LINE ( 'NONE', #3254, #7109 ) ;
#7056 = ORIENTED_EDGE ( 'NONE', *, *, #2233, .F. ) ;
#7057 = DIRECTION ( 'NONE',  ( 1.000000000000000000, 0.000000000000000000, 0.000000000000000000 ) ) ;
#7058 = ORIENTED_EDGE ( 'NONE', *, *, #2845, .F. ) ;
#7059 = AXIS2_PLACEMENT_3D ( 'NONE', #6710, #4210, #4837 ) ;
#7060 = DIRECTION ( 'NONE',  ( 1.000000000000000000, 0.000000000000000000, 0.000000000000000000 ) ) ;
#7061 = CIRCLE ( 'NONE', #4926, 0.2499999999999995837 ) ;
#7062 = ADVANCED_FACE ( 'NONE', ( #6306 ), #3920, .F. ) ;
#7063 = EDGE_CURVE ( 'NONE', #5294, #5115, #3839, .T. ) ;
#7064 = CARTESIAN_POINT ( 'NONE',  ( -1.592086875603135887, 1.000000000000000000, -0.8750000000000000000 ) ) ;
#7065 = LINE ( 'NONE', #7105, #2736 ) ;
#7066 = ORIENTED_EDGE ( 'NONE', *, *, #6149, .T. ) ;
#7067 = VECTOR ( 'NONE', #5136, 1000.000000000000000 ) ;
#7068 = TOROIDAL_SURFACE ( 'NONE', #3445, 0.3036042630400219156, 0.1499999999999999944 ) ;
#7069 = AXIS2_PLACEMENT_3D ( 'NONE', #6635, #4019, #887 ) ;
#7070 = CARTESIAN_POINT ( 'NONE',  ( -0.8574886876659970625, 0.05000000000000000971, 0.6250000000000001110 ) ) ;
#7071 = CARTESIAN_POINT ( 'NONE',  ( -1.750000000000001110, 2.829999999999999627, -0.8549999999999999822 ) ) ;
#7072 = LINE ( 'NONE', #6988, #1288 ) ;
#7073 = AXIS2_PLACEMENT_3D ( 'NONE', #6829, #4902, #435 ) ;
#7074 = EDGE_CURVE ( 'NONE', #478, #4465, #3136, .T. ) ;
#7075 =( BOUNDED_CURVE ( )  B_SPLINE_CURVE ( 3, ( #5970, #2569, #1475, #6326 ),
 .UNSPECIFIED., .F., .F. ) 
 B_SPLINE_CURVE_WITH_KNOTS ( ( 4, 4 ),
 ( 1.570796326794896558, 3.141592653589793116 ),
 .UNSPECIFIED. ) 
 CURVE ( )  GEOMETRIC_REPRESENTATION_ITEM ( )  RATIONAL_B_SPLINE_CURVE ( ( 1.000000000000000000, 0.8047378541243649375, 0.8047378541243649375, 1.000000000000000000 ) ) 
 REPRESENTATION_ITEM ( '' )  );
#7076 = CARTESIAN_POINT ( 'NONE',  ( 1.351260626809458465, 0.2500000000000001110, 0.07499999999999976130 ) ) ;
#7077 = EDGE_LOOP ( 'NONE', ( #5168, #2741, #388, #571 ) ) ;
#7078 = FACE_OUTER_BOUND ( 'NONE', #3901, .T. ) ;
#7079 = CIRCLE ( 'NONE', #4272, 0.4513254259918530464 ) ;
#7080 = CARTESIAN_POINT ( 'NONE',  ( 1.694076065518528074, 1.249880156423658351, -1.740666155008556926 ) ) ;
#7081 = FACE_OUTER_BOUND ( 'NONE', #1747, .T. ) ;
#7082 = AXIS2_PLACEMENT_3D ( 'NONE', #4575, #2015, #6114 ) ;
#7083 = CARTESIAN_POINT ( 'NONE',  ( 1.717086875603152984, 1.000000000000000444, 0.5750000000000001776 ) ) ;
#7084 = CYLINDRICAL_SURFACE ( 'NONE', #436, 0.2499999999999995837 ) ;
#7085 = DIRECTION ( 'NONE',  ( -0.000000000000000000, -0.000000000000000000, -1.000000000000000000 ) ) ;
#7086 = CARTESIAN_POINT ( 'NONE',  ( 1.717086875603152984, 1.000000000000000000, 1.750000000000000000 ) ) ;
#7087 = ORIENTED_EDGE ( 'NONE', *, *, #1811, .T. ) ;
#7088 = ORIENTED_EDGE ( 'NONE', *, *, #7100, .T. ) ;
#7089 = EDGE_CURVE ( 'NONE', #446, #3807, #5130, .T. ) ;
#7090 = ORIENTED_EDGE ( 'NONE', *, *, #3946, .T. ) ;
#7091 = CARTESIAN_POINT ( 'NONE',  ( 1.612640092037136430, 0.9727776717215531610, -1.625364205245038329 ) ) ;
#7092 = DIRECTION ( 'NONE',  ( -1.000000000000000000, 0.000000000000000000, 0.000000000000000000 ) ) ;
#7093 = EDGE_LOOP ( 'NONE', ( #2617, #6482, #1591, #3416 ) ) ;
#7094 = DIRECTION ( 'NONE',  ( -0.000000000000000000, -0.9848077530122080203, -0.1736481776669307198 ) ) ;
#7095 = DIRECTION ( 'NONE',  ( -0.000000000000000000, -0.000000000000000000, -1.000000000000000000 ) ) ;
#7096 = CARTESIAN_POINT ( 'NONE',  ( -1.651970705627179736, 1.271523341654144046, 1.651501064641598182 ) ) ;
#7097 = DIRECTION ( 'NONE',  ( 0.000000000000000000, 1.000000000000000000, 0.000000000000000000 ) ) ;
#7098 = EDGE_CURVE ( 'NONE', #702, #4452, #343, .T. ) ;
#7099 = EDGE_LOOP ( 'NONE', ( #13, #4718, #3999, #4853, #4618 ) ) ;
#7100 = EDGE_CURVE ( 'NONE', #7228, #2811, #6123, .T. ) ;
#7101 = CARTESIAN_POINT ( 'NONE',  ( -1.025000000000000355, 2.849999999999999645, -1.750000000000000000 ) ) ;
#7102 = VERTEX_POINT ( 'NONE', #5092 ) ;
#7103 = CARTESIAN_POINT ( 'NONE',  ( 1.450000000000000400, 1.000000000000000000, 1.750000000000000000 ) ) ;
#7104 =( NAMED_UNIT ( * ) SI_UNIT ( $, .STERADIAN. ) SOLID_ANGLE_UNIT ( ) );
#7105 = CARTESIAN_POINT ( 'NONE',  ( -1.050000000000000044, 0.2000000000000000111, 0.5750000000000001776 ) ) ;
#7106 = ORIENTED_EDGE ( 'NONE', *, *, #7599, .T. ) ;
#7107 = LINE ( 'NONE', #7225, #4510 ) ;
#7108 = DIRECTION ( 'NONE',  ( -0.2079116908177522371, 0.9781476007338070211, 0.000000000000000000 ) ) ;
#7109 = VECTOR ( 'NONE', #4617, 1000.000000000000000 ) ;
#7110 = EDGE_CURVE ( 'NONE', #6333, #903, #3596, .T. ) ;
#7111 = ORIENTED_EDGE ( 'NONE', *, *, #3317, .T. ) ;
#7112 = DIRECTION ( 'NONE',  ( -0.2079116908177522371, 0.9781476007338070211, -0.000000000000000000 ) ) ;
#7113 = CARTESIAN_POINT ( 'NONE',  ( -1.050000000000000044, 0.000000000000000000, 0.2250000000000001443 ) ) ;
#7114 = ORIENTED_EDGE ( 'NONE', *, *, #1345, .F. ) ;
#7115 = VECTOR ( 'NONE', #7294, 1000.000000000000000 ) ;
#7116 = EDGE_CURVE ( 'NONE', #4976, #5622, #5733, .T. ) ;
#7117 = CARTESIAN_POINT ( 'NONE',  ( -1.749999999999999778, 1.000000000000000000, 0.5750000000000001776 ) ) ;
#7118 = DIRECTION ( 'NONE',  ( 1.000000000000000000, 0.000000000000000000, 0.000000000000000000 ) ) ;
#7119 = ORIENTED_EDGE ( 'NONE', *, *, #4392, .F. ) ;
#7120 = CARTESIAN_POINT ( 'NONE',  ( -1.500000000000000000, 0.1999999999999999833, -0.2249999999999998390 ) ) ;
#7121 = ORIENTED_EDGE ( 'NONE', *, *, #7230, .F. ) ;
#7122 = ORIENTED_EDGE ( 'NONE', *, *, #5768, .F. ) ;
#7123 = AXIS2_PLACEMENT_3D ( 'NONE', #3229, #1744, #552 ) ;
#7124 = EDGE_LOOP ( 'NONE', ( #6211, #2434, #1022, #4579, #6187 ) ) ;
#7125 = VECTOR ( 'NONE', #1245, 1000.000000000000000 ) ;
#7126 = EDGE_LOOP ( 'NONE', ( #5457, #172, #3468, #4418 ) ) ;
#7127 = DIRECTION ( 'NONE',  ( -1.000000000000000000, 0.000000000000000000, 0.000000000000000000 ) ) ;
#7128 = CONICAL_SURFACE ( 'NONE', #5528, 0.1750000000000000167, 0.1745329251994333364 ) ;
#7129 = ORIENTED_EDGE ( 'NONE', *, *, #1566, .T. ) ;
#7130 = FACE_OUTER_BOUND ( 'NONE', #4192, .T. ) ;
#7131 = CARTESIAN_POINT ( 'NONE',  ( -1.002234059486502682, 0.2500000000000000000, -0.8750000000000001110 ) ) ;
#7132 = ORIENTED_EDGE ( 'NONE', *, *, #6540, .T. ) ;
#7133 = PLANE ( 'NONE',  #5230 ) ;
#7134 = VERTEX_POINT ( 'NONE', #7135 ) ;
#7135 = CARTESIAN_POINT ( 'NONE',  ( 7.955283313102244874E-17, 0.05455767409634579984, 0.6491963590875381440 ) ) ;
#7136 = EDGE_CURVE ( 'NONE', #4078, #3887, #5331, .T. ) ;
#7137 = ADVANCED_FACE ( 'NONE', ( #6035 ), #138, .T. ) ;
#7138 = CARTESIAN_POINT ( 'NONE',  ( 0.3250000000000000111, 0.05000000000000000971, -1.375000000000000222 ) ) ;
#7139 = ORIENTED_EDGE ( 'NONE', *, *, #2648, .F. ) ;
#7140 = CARTESIAN_POINT ( 'NONE',  ( -1.050000000000000266, 2.829999999999999627, 1.399999999999999689 ) ) ;
#7141 = VECTOR ( 'NONE', #5258, 1000.000000000000000 ) ;
#7142 = CARTESIAN_POINT ( 'NONE',  ( -0.9978147600733806577, 0.2292088309182247763, 0.1750000000000000167 ) ) ;
#7143 = CARTESIAN_POINT ( 'NONE',  ( 1.624745546260956131, 1.543009207098878122, -1.724365016070128265 ) ) ;
#7144 = ORIENTED_EDGE ( 'NONE', *, *, #7728, .T. ) ;
#7145 = DIRECTION ( 'NONE',  ( 0.000000000000000000, 0.000000000000000000, -1.000000000000000000 ) ) ;
#7146 = AXIS2_PLACEMENT_3D ( 'NONE', #2107, #141, #3369 ) ;
#7147 = ORIENTED_EDGE ( 'NONE', *, *, #2689, .F. ) ;
#7148 = EDGE_CURVE ( 'NONE', #6343, #3478, #2778, .T. ) ;
#7149 = CARTESIAN_POINT ( 'NONE',  ( -0.9000000000000000222, 0.2500000000000000000, 1.750000000000000000 ) ) ;
#7150 = EDGE_CURVE ( 'NONE', #3008, #433, #4706, .T. ) ;
#7151 = ORIENTED_EDGE ( 'NONE', *, *, #5241, .T. ) ;
#7152 = LINE ( 'NONE', #7117, #5979 ) ;
#7153 = DIRECTION ( 'NONE',  ( 0.000000000000000000, -1.000000000000000000, 0.000000000000000000 ) ) ;
#7154 = ORIENTED_EDGE ( 'NONE', *, *, #3948, .F. ) ;
#7155 = EDGE_CURVE ( 'NONE', #4275, #2217, #8265, .T. ) ;
#7156 = ORIENTED_EDGE ( 'NONE', *, *, #7788, .F. ) ;
#7157 = CARTESIAN_POINT ( 'NONE',  ( 0.5000000000000000000, 0.05000000000000000971, -1.100000000000000089 ) ) ;
#7158 = FILL_AREA_STYLE_COLOUR ( '', #2234 ) ;
#7159 = ORIENTED_EDGE ( 'NONE', *, *, #5567, .F. ) ;
#7160 = ORIENTED_EDGE ( 'NONE', *, *, #5945, .F. ) ;
#7161 = EDGE_CURVE ( 'NONE', #3591, #1483, #3335, .T. ) ;
#7162 = EDGE_CURVE ( 'NONE', #467, #7202, #5995, .T. ) ;
#7163 = EDGE_LOOP ( 'NONE', ( #5156, #6079, #7568, #6651, #1779 ) ) ;
#7164 = DIRECTION ( 'NONE',  ( 0.9781476007338071321, 0.2079116908177522649, -0.000000000000000000 ) ) ;
#7165 = SURFACE_STYLE_FILL_AREA ( #6454 ) ;
#7166 = CARTESIAN_POINT ( 'NONE',  ( -1.748038237915541693, 1.249700129638348978, 1.673190866361856655 ) ) ;
#7167 = CARTESIAN_POINT ( 'NONE',  ( -1.500000000000000000, -5.421010862427512309E-17, 0.5750000000000001776 ) ) ;
#7168 = EDGE_LOOP ( 'NONE', ( #8224, #543, #714, #6662 ) ) ;
#7169 = EDGE_LOOP ( 'NONE', ( #1587, #221, #5217, #1482 ) ) ;
#7170 = DIRECTION ( 'NONE',  ( 0.000000000000000000, 1.000000000000000000, -0.000000000000000000 ) ) ;
#7171 = ORIENTED_EDGE ( 'NONE', *, *, #2249, .F. ) ;
#7172 = DIRECTION ( 'NONE',  ( 0.000000000000000000, 1.000000000000000000, 0.000000000000000000 ) ) ;
#7173 = AXIS2_PLACEMENT_3D ( 'NONE', #2332, #5472, #4883 ) ;
#7174 = CIRCLE ( 'NONE', #6372, 0.2550000000000000044 ) ;
#7175 = DIRECTION ( 'NONE',  ( 1.032573497605241978E-16, -0.000000000000000000, 1.000000000000000000 ) ) ;
#7176 = CARTESIAN_POINT ( 'NONE',  ( 0.5000000000000000000, 0.05000000000000000971, 1.100000000000000311 ) ) ;
#7177 = VERTEX_POINT ( 'NONE', #5413 ) ;
#7178 = DIRECTION ( 'NONE',  ( 0.000000000000000000, 1.000000000000000000, -0.000000000000000000 ) ) ;
#7179 = DIRECTION ( 'NONE',  ( -0.000000000000000000, -0.000000000000000000, -1.000000000000000000 ) ) ;
#7180 = AXIS2_PLACEMENT_3D ( 'NONE', #2822, #265, #7896 ) ;
#7181 = VECTOR ( 'NONE', #6029, 1000.000000000000000 ) ;
#7182 = DIRECTION ( 'NONE',  ( 0.000000000000000000, 1.000000000000000000, 0.000000000000000000 ) ) ;
#7183 = ORIENTED_EDGE ( 'NONE', *, *, #3881, .T. ) ;
#7184 = DIRECTION ( 'NONE',  ( -1.000000000000000000, -3.170181790893303965E-17, 0.000000000000000000 ) ) ;
#7185 = EDGE_CURVE ( 'NONE', #5330, #8345, #5908, .T. ) ;
#7186 = CLOSED_SHELL ( 'NONE', ( #5887, #3988, #441, #6307, #3752, #7378, #6228, #5144, #7521, #2402, #3356, #1534 ) ) ;
#7187 = STYLED_ITEM ( 'NONE', ( #7607 ), #7904 ) ;
#7188 = AXIS2_PLACEMENT_3D ( 'NONE', #4985, #3069, #6960 ) ;
#7189 = VECTOR ( 'NONE', #4184, 1000.000000000000114 ) ;
#7190 = FACE_OUTER_BOUND ( 'NONE', #4612, .T. ) ;
#7191 = ORIENTED_EDGE ( 'NONE', *, *, #1511, .F. ) ;
#7192 = CARTESIAN_POINT ( 'NONE',  ( 0.9000000000000000222, 0.2500000000000000000, 1.750000000000000000 ) ) ;
#7193 =( LENGTH_UNIT ( ) NAMED_UNIT ( * ) SI_UNIT ( .MILLI., .METRE. ) );
#7194 = FACE_OUTER_BOUND ( 'NONE', #2882, .T. ) ;
#7195 = VECTOR ( 'NONE', #6402, 1000.000000000000000 ) ;
#7196 = LINE ( 'NONE', #7953, #2530 ) ;
#7197 = AXIS2_PLACEMENT_3D ( 'NONE', #2487, #7713, #2607 ) ;
#7198 = AXIS2_PLACEMENT_3D ( 'NONE', #5759, #5836, #6347 ) ;
#7199 = ADVANCED_FACE ( 'NONE', ( #3446 ), #5876, .F. ) ;
#7200 = ADVANCED_FACE ( 'NONE', ( #746 ), #222, .F. ) ;
#7201 = EDGE_LOOP ( 'NONE', ( #2521, #6818, #2351 ) ) ;
#7202 = VERTEX_POINT ( 'NONE', #7257 ) ;
#7203 = CIRCLE ( 'NONE', #2405, 0.2999999999999997113 ) ;
#7204 = DIRECTION ( 'NONE',  ( -0.2071545374561900577, 0.9745854742315084307, 0.08526518063229367173 ) ) ;
#7205 = VERTEX_POINT ( 'NONE', #7816 ) ;
#7206 = EDGE_CURVE ( 'NONE', #5927, #6170, #5368, .T. ) ;
#7207 = EDGE_CURVE ( 'NONE', #7515, #6990, #5966, .T. ) ;
#7208 = AXIS2_PLACEMENT_3D ( 'NONE', #6486, #6528, #3287 ) ;
#7209 = CLOSED_SHELL ( 'NONE', ( #4204, #1498, #4254, #7620, #3023, #5038, #7821, #6787, #3731, #538, #5867, #3563 ) ) ;
#7210 = CARTESIAN_POINT ( 'NONE',  ( 1.485818987913277933, 3.122231460980830597, -1.485818987913264388 ) ) ;
#7211 = LINE ( 'NONE', #6563, #2412 ) ;
#7212 = LINE ( 'NONE', #4156, #1286 ) ;
#7213 = CARTESIAN_POINT ( 'NONE',  ( -1.050000000000000488, 2.829999999999999627, -1.100000000000000533 ) ) ;
#7214 = LINE ( 'NONE', #2018, #7511 ) ;
#7215 = EDGE_LOOP ( 'NONE', ( #6795, #5367, #1265, #4882 ) ) ;
#7216 = DIRECTION ( 'NONE',  ( -1.000000000000000000, 0.000000000000000000, 0.000000000000000000 ) ) ;
#7217 = EDGE_CURVE ( 'NONE', #305, #5840, #4039, .T. ) ;
#7218 = EDGE_LOOP ( 'NONE', ( #1331, #1691, #934, #4986, #975, #5234 ) ) ;
#7219 = LINE ( 'NONE', #1458, #5703 ) ;
#7220 = FILL_AREA_STYLE ('',( #4667 ) ) ;
#7221 = CARTESIAN_POINT ( 'NONE',  ( 1.611767911629051531, 2.829999999999999627, 1.750000000000000000 ) ) ;
#7222 = CARTESIAN_POINT ( 'NONE',  ( 1.050000000000000488, 2.829999999999999627, -1.050000000000000044 ) ) ;
#7223 = ORIENTED_EDGE ( 'NONE', *, *, #4651, .T. ) ;
#7224 = PLANE ( 'NONE',  #7059 ) ;
#7225 = CARTESIAN_POINT ( 'NONE',  ( -1.592086875603135887, 0.05000000000000000971, -0.7250000000000000888 ) ) ;
#7226 = CARTESIAN_POINT ( 'NONE',  ( -1.749999999999999778, 0.2499999999999999445, 0.2250000000000001443 ) ) ;
#7227 = DIRECTION ( 'NONE',  ( -0.1300379154054213393, 0.9877360307509845949, 0.08641570524680476650 ) ) ;
#7228 = VERTEX_POINT ( 'NONE', #1497 ) ;
#7229 = DIRECTION ( 'NONE',  ( 0.2079116908177522371, 0.9781476007338070211, -0.000000000000000000 ) ) ;
#7230 = EDGE_CURVE ( 'NONE', #1443, #789, #176, .T. ) ;
#7231 = DIRECTION ( 'NONE',  ( 0.000000000000000000, 0.000000000000000000, -1.000000000000000000 ) ) ;
#7232 = ORIENTED_EDGE ( 'NONE', *, *, #3931, .F. ) ;
#7233 = AXIS2_PLACEMENT_3D ( 'NONE', #132, #7693, #7772 ) ;
#7234 = CARTESIAN_POINT ( 'NONE',  ( -1.717086875603152984, 1.000000000000000000, 1.628887806575430197 ) ) ;
#7235 = CARTESIAN_POINT ( 'NONE',  ( 1.500000000000000000, 0.2500000000000001665, -1.024999999999999911 ) ) ;
#7236 = CARTESIAN_POINT ( 'NONE',  ( 1.717086875603152984, 1.000000000000000444, 1.375000000000000444 ) ) ;
#7237 = FACE_OUTER_BOUND ( 'NONE', #837, .T. ) ;
#7238 = ORIENTED_EDGE ( 'NONE', *, *, #1446, .T. ) ;
#7239 = ADVANCED_FACE ( 'NONE', ( #1377 ), #7850, .F. ) ;
#7240 = EDGE_CURVE ( 'NONE', #3617, #3965, #7452, .T. ) ;
#7241 = DIRECTION ( 'NONE',  ( 0.2079116908177522371, 0.9781476007338070211, 0.000000000000000000 ) ) ;
#7242 = DIRECTION ( 'NONE',  ( 0.000000000000000000, -0.000000000000000000, 1.000000000000000000 ) ) ;
#7243 = VERTEX_POINT ( 'NONE', #2102 ) ;
#7244 = ORIENTED_EDGE ( 'NONE', *, *, #2752, .F. ) ;
#7245 = EDGE_CURVE ( 'NONE', #5352, #5794, #7219, .T. ) ;
#7246 = ADVANCED_FACE ( 'NONE', ( #3037 ), #3662, .F. ) ;
#7247 = EDGE_CURVE ( 'NONE', #4319, #3394, #1724, .T. ) ;
#7248 = DIRECTION ( 'NONE',  ( -0.000000000000000000, 1.000000000000000000, -0.000000000000000000 ) ) ;
#7249 = FACE_OUTER_BOUND ( 'NONE', #4999, .T. ) ;
#7250 = CARTESIAN_POINT ( 'NONE',  ( -1.592086875603152540, 1.000000000000000000, 0.8750000000000000000 ) ) ;
#7251 = DIRECTION ( 'NONE',  ( 0.000000000000000000, 1.000000000000000000, -0.000000000000000000 ) ) ;
#7252 = CARTESIAN_POINT ( 'NONE',  ( 1.351260626809458465, 0.2500000000000000000, 1.750000000000000000 ) ) ;
#7253 = VERTEX_POINT ( 'NONE', #4202 ) ;
#7254 = VERTEX_POINT ( 'NONE', #3574 ) ;
#7255 = LINE ( 'NONE', #5242, #1593 ) ;
#7256 = ORIENTED_EDGE ( 'NONE', *, *, #1566, .F. ) ;
#7257 = CARTESIAN_POINT ( 'NONE',  ( 1.592086875603152984, 0.2500000000000152101, 0.7250000000000000888 ) ) ;
#7258 = VECTOR ( 'NONE', #1103, 1000.000000000000000 ) ;
#7259 = AXIS2_PLACEMENT_3D ( 'NONE', #7048, #5627, #1289 ) ;
#7260 = CARTESIAN_POINT ( 'NONE',  ( 1.500000000000000222, 1.000000000000000444, 1.375000000000000444 ) ) ;
#7261 = EDGE_CURVE ( 'NONE', #2452, #5289, #949, .T. ) ;
#7262 = CARTESIAN_POINT ( 'NONE',  ( -1.500000000000000000, 0.2499999999999999445, -1.024999999999999911 ) ) ;
#7263 = ORIENTED_EDGE ( 'NONE', *, *, #5202, .T. ) ;
#7264 = DIRECTION ( 'NONE',  ( -0.2071545374561900577, -0.9745854742315084307, -0.08526518063229367173 ) ) ;
#7265 = DIRECTION ( 'NONE',  ( -1.000000000000000000, -3.170181790893303965E-17, 0.000000000000000000 ) ) ;
#7266 = PRODUCT_DEFINITION ( 'UNKNOWN', '', #1278, #5061 ) ;
#7267 = LINE ( 'NONE', #411, #5919 ) ;
#7268 = CARTESIAN_POINT ( 'NONE',  ( 1.729989406634232729, 1.098004453143893278, -1.024999999999999911 ) ) ;
#7269 = AXIS2_PLACEMENT_3D ( 'NONE', #7091, #693, #5157 ) ;
#7270 = ORIENTED_EDGE ( 'NONE', *, *, #3881, .F. ) ;
#7271 = DIRECTION ( 'NONE',  ( 0.000000000000000000, -0.000000000000000000, -1.000000000000000000 ) ) ;
#7272 = EDGE_CURVE ( 'NONE', #5506, #6598, #861, .T. ) ;
#7273 = CARTESIAN_POINT ( 'NONE',  ( 0.3250000000000000111, 0.05000000000000000971, 1.100000000000000089 ) ) ;
#7274 = VERTEX_POINT ( 'NONE', #359 ) ;
#7275 = CARTESIAN_POINT ( 'NONE',  ( 1.500000000000000000, 0.2500000000000001665, 1.375000000000000444 ) ) ;
#7276 = EDGE_CURVE ( 'NONE', #6119, #2711, #6705, .T. ) ;
#7277 = DIRECTION ( 'NONE',  ( -0.000000000000000000, -0.000000000000000000, -1.000000000000000000 ) ) ;
#7278 = CARTESIAN_POINT ( 'NONE',  ( -1.749999999999999778, 0.2499999999999999445, -0.2249999999999998390 ) ) ;
#7279 = DIRECTION ( 'NONE',  ( -1.000000000000000000, 0.000000000000000000, 0.000000000000000000 ) ) ;
#7280 = CIRCLE ( 'NONE', #8095, 0.1750000000000000167 ) ;
#7281 = DIRECTION ( 'NONE',  ( 0.000000000000000000, -1.000000000000000000, 0.000000000000000000 ) ) ;
#7282 = ORIENTED_EDGE ( 'NONE', *, *, #5358, .T. ) ;
#7283 = VECTOR ( 'NONE', #364, 1000.000000000000000 ) ;
#7284 = DIRECTION ( 'NONE',  ( 0.000000000000000000, -1.000000000000000000, 0.000000000000000000 ) ) ;
#7285 = DIRECTION ( 'NONE',  ( 0.000000000000000000, 0.000000000000000000, -1.000000000000000000 ) ) ;
#7286 = VERTEX_POINT ( 'NONE', #4289 ) ;
#7287 = ORIENTED_EDGE ( 'NONE', *, *, #2284, .T. ) ;
#7288 = EDGE_CURVE ( 'NONE', #3944, #1479, #403, .T. ) ;
#7289 = ORIENTED_EDGE ( 'NONE', *, *, #8018, .T. ) ;
#7290 = CYLINDRICAL_SURFACE ( 'NONE', #5458, 0.2999999999999997113 ) ;
#7291 = CARTESIAN_POINT ( 'NONE',  ( -1.450000000000000400, 1.000000000000000000, 1.750000000000000000 ) ) ;
#7292 = CARTESIAN_POINT ( 'NONE',  ( -0.9000000000000000222, 0.2500000000000000000, -0.1750000000000000167 ) ) ;
#7293 = VERTEX_POINT ( 'NONE', #6838 ) ;
#7294 = DIRECTION ( 'NONE',  ( -1.084202172485504040E-15, 0.000000000000000000, 1.000000000000000000 ) ) ;
#7295 = ORIENTED_EDGE ( 'NONE', *, *, #3307, .F. ) ;
#7296 = DIRECTION ( 'NONE',  ( 1.000000000000000000, 0.000000000000000000, 0.000000000000000000 ) ) ;
#7297 = ORIENTED_EDGE ( 'NONE', *, *, #6192, .F. ) ;
#7298 = EDGE_CURVE ( 'NONE', #4790, #1479, #599, .T. ) ;
#7299 = ADVANCED_FACE ( 'NONE', ( #1673 ), #447, .F. ) ;
#7300 = CARTESIAN_POINT ( 'NONE',  ( -1.717086875603152984, 1.000000000000000000, 1.750000000000000000 ) ) ;
#7301 = CARTESIAN_POINT ( 'NONE',  ( 1.500000000000000000, 0.2500000000000001665, -1.024999999999999911 ) ) ;
#7302 = DIRECTION ( 'NONE',  ( -0.000000000000000000, -0.000000000000000000, -1.000000000000000000 ) ) ;
#7303 = ORIENTED_EDGE ( 'NONE', *, *, #1235, .F. ) ;
#7304 = DIRECTION ( 'NONE',  ( -0.1736481776669307198, -0.9848077530122080203, 0.000000000000000000 ) ) ;
#7305 = CARTESIAN_POINT ( 'NONE',  ( 1.050000000000000044, 0.2000000000000001776, -1.024999999999999911 ) ) ;
#7306 = DIRECTION ( 'NONE',  ( -0.000000000000000000, -0.000000000000000000, -1.000000000000000000 ) ) ;
#7307 = DIRECTION ( 'NONE',  ( -1.204669080539447865E-16, 1.000000000000000000, 0.000000000000000000 ) ) ;
#7308 = VERTEX_POINT ( 'NONE', #994 ) ;
#7309 = DIRECTION ( 'NONE',  ( 0.000000000000000000, 1.000000000000000000, 0.000000000000000000 ) ) ;
#7310 = VECTOR ( 'NONE', #5765, 1000.000000000000227 ) ;
#7311 = ADVANCED_FACE ( 'NONE', ( #3084 ), #6371, .F. ) ;
#7312 = ADVANCED_FACE ( 'NONE', ( #4870 ), #4960, .F. ) ;
#7313 = DIRECTION ( 'NONE',  ( -0.9781476007338071321, 0.2079116908177522371, 0.000000000000000000 ) ) ;
#7314 = ORIENTED_EDGE ( 'NONE', *, *, #1776, .T. ) ;
#7315 = AXIS2_PLACEMENT_3D ( 'NONE', #1383, #2746, #6503 ) ;
#7316 = VECTOR ( 'NONE', #3318, 1000.000000000000000 ) ;
#7317 = CARTESIAN_POINT ( 'NONE',  ( -1.650284531063166193, 1.249999999999999778, 1.750000000000000000 ) ) ;
#7318 = CARTESIAN_POINT ( 'NONE',  ( 1.592086875603169860, 1.000000000000000000, -0.8750000000000000000 ) ) ;
#7319 = DIRECTION ( 'NONE',  ( 0.000000000000000000, 1.000000000000000000, 0.000000000000000000 ) ) ;
#7320 = DIRECTION ( 'NONE',  ( 0.000000000000000000, 0.000000000000000000, 1.000000000000000000 ) ) ;
#7321 = VECTOR ( 'NONE', #4529, 1000.000000000000000 ) ;
#7322 = CIRCLE ( 'NONE', #61, 0.1221019057874605518 ) ;
#7323 = MECHANICAL_DESIGN_GEOMETRIC_PRESENTATION_REPRESENTATION (  '', ( #7187 ), #4778 ) ;
#7324 = CIRCLE ( 'NONE', #5848, 0.2999999999999998224 ) ;
#7325 = VECTOR ( 'NONE', #4356, 1000.000000000000114 ) ;
#7326 = DIRECTION ( 'NONE',  ( 1.000000000000000000, -0.000000000000000000, -0.000000000000000000 ) ) ;
#7327 = ORIENTED_EDGE ( 'NONE', *, *, #3891, .F. ) ;
#7328 = MECHANICAL_DESIGN_GEOMETRIC_PRESENTATION_REPRESENTATION (  '', ( #3594 ), #7868 ) ;
#7329 = VECTOR ( 'NONE', #1696, 1000.000000000000000 ) ;
#7330 = AXIS2_PLACEMENT_3D ( 'NONE', #232, #2834, #4013 ) ;
#7331 = CARTESIAN_POINT ( 'NONE',  ( -1.050000000000000044, 0.2000000000000000111, -1.024999999999999911 ) ) ;
#7332 = DIRECTION ( 'NONE',  ( 0.000000000000000000, 0.000000000000000000, 1.000000000000000000 ) ) ;
#7333 = ORIENTED_EDGE ( 'NONE', *, *, #3922, .T. ) ;
#7334 = ORIENTED_EDGE ( 'NONE', *, *, #7298, .T. ) ;
#7335 = ORIENTED_EDGE ( 'NONE', *, *, #252, .F. ) ;
#7336 =( GEOMETRIC_REPRESENTATION_CONTEXT ( 3 ) GLOBAL_UNCERTAINTY_ASSIGNED_CONTEXT ( ( #845 ) ) GLOBAL_UNIT_ASSIGNED_CONTEXT ( ( #5370, #1993, #7104 ) ) REPRESENTATION_CONTEXT ( 'NONE', 'WORKASPACE' ) );
#7337 =( BOUNDED_CURVE ( )  B_SPLINE_CURVE ( 3, ( #5786, #4377, #3873, #7650 ),
 .UNSPECIFIED., .F., .F. ) 
 B_SPLINE_CURVE_WITH_KNOTS ( ( 4, 4 ),
 ( 4.712388980384689674, 6.283185307179586232 ),
 .UNSPECIFIED. ) 
 CURVE ( )  GEOMETRIC_REPRESENTATION_ITEM ( )  RATIONAL_B_SPLINE_CURVE ( ( 1.000000000000000000, 0.8047378541243649375, 0.8047378541243649375, 1.000000000000000000 ) ) 
 REPRESENTATION_ITEM ( '' )  );
#7338 = DIRECTION ( 'NONE',  ( 0.000000000000000000, -0.08715574274766037244, 0.9961946980917453232 ) ) ;
#7339 = CARTESIAN_POINT ( 'NONE',  ( 1.592086875603169860, 0.2500000000000149880, -0.8750000000000000000 ) ) ;
#7340 = EDGE_CURVE ( 'NONE', #2082, #6082, #6752, .T. ) ;
#7341 = DIRECTION ( 'NONE',  ( -0.000000000000000000, 1.000000000000000000, -0.000000000000000000 ) ) ;
#7342 = CIRCLE ( 'NONE', #3741, 0.6500000000000000222 ) ;
#7343 = DIRECTION ( 'NONE',  ( -0.000000000000000000, -0.000000000000000000, -1.000000000000000000 ) ) ;
#7344 = ORIENTED_EDGE ( 'NONE', *, *, #4854, .T. ) ;
#7345 = AXIS2_PLACEMENT_3D ( 'NONE', #6604, #5986, #5449 ) ;
#7346 = FACE_OUTER_BOUND ( 'NONE', #5907, .T. ) ;
#7347 = ORIENTED_EDGE ( 'NONE', *, *, #3182, .T. ) ;
#7348 = DIRECTION ( 'NONE',  ( -0.000000000000000000, -0.000000000000000000, -1.000000000000000000 ) ) ;
#7349 = PLANE ( 'NONE',  #258 ) ;
#7350 = LINE ( 'NONE', #4336, #2342 ) ;
#7351 = ORIENTED_EDGE ( 'NONE', *, *, #2937, .F. ) ;
#7352 = DIRECTION ( 'NONE',  ( -1.000000000000000000, 0.000000000000000000, 0.000000000000000000 ) ) ;
#7353 = EDGE_CURVE ( 'NONE', #6837, #4942, #6881, .T. ) ;
#7354 = CARTESIAN_POINT ( 'NONE',  ( -0.9000000000000000222, 0.2500000000000000000, -0.6250000000000003331 ) ) ;
#7355 = LINE ( 'NONE', #3458, #6723 ) ;
#7356 = CARTESIAN_POINT ( 'NONE',  ( -1.657741589945756600, 1.250040062673933416, -1.749996494970756933 ) ) ;
#7357 = ORIENTED_EDGE ( 'NONE', *, *, #1499, .T. ) ;
#7358 = DIRECTION ( 'NONE',  ( 1.000000000000000000, -0.000000000000000000, 0.000000000000000000 ) ) ;
#7359 = FACE_OUTER_BOUND ( 'NONE', #2361, .T. ) ;
#7360 = ORIENTED_EDGE ( 'NONE', *, *, #1109, .T. ) ;
#7361 = CARTESIAN_POINT ( 'NONE',  ( 1.592086875603161200, 1.000000000000000000, -0.07499999999999998335 ) ) ;
#7362 = ORIENTED_EDGE ( 'NONE', *, *, #7714, .F. ) ;
#7363 = EDGE_CURVE ( 'NONE', #5115, #478, #1123, .T. ) ;
#7364 = CARTESIAN_POINT ( 'NONE',  ( -0.9000000000000000222, 0.2500000000000000000, 0.6250000000000001110 ) ) ;
#7365 = CARTESIAN_POINT ( 'NONE',  ( 1.717086875603152984, 1.000000000000000444, -0.2249999999999998390 ) ) ;
#7366 = LINE ( 'NONE', #6012, #3447 ) ;
#7367 = LINE ( 'NONE', #1609, #7189 ) ;
#7368 = VECTOR ( 'NONE', #1762, 1000.000000000000000 ) ;
#7369 = ORIENTED_EDGE ( 'NONE', *, *, #2857, .T. ) ;
#7370 = ORIENTED_EDGE ( 'NONE', *, *, #6015, .T. ) ;
#7371 = FACE_OUTER_BOUND ( 'NONE', #2630, .T. ) ;
#7372 = ORIENTED_EDGE ( 'NONE', *, *, #7045, .T. ) ;
#7373 = EDGE_CURVE ( 'NONE', #3965, #1621, #7388, .T. ) ;
#7374 = DIRECTION ( 'NONE',  ( 0.000000000000000000, -0.000000000000000000, -1.000000000000000000 ) ) ;
#7375 = FACE_OUTER_BOUND ( 'NONE', #1628, .T. ) ;
#7376 = AXIS2_PLACEMENT_3D ( 'NONE', #4548, #6489, #740 ) ;
#7377 = EDGE_LOOP ( 'NONE', ( #8093, #859, #283, #1598 ) ) ;
#7378 = ADVANCED_FACE ( 'NONE', ( #2321 ), #3704, .T. ) ;
#7379 = CARTESIAN_POINT ( 'NONE',  ( -1.550000000000000044, 0.2499999999999999445, 0.2250000000000001443 ) ) ;
#7380 = AXIS2_PLACEMENT_3D ( 'NONE', #7469, #488, #4367 ) ;
#7381 = CARTESIAN_POINT ( 'NONE',  ( 1.350000000000000311, 2.829999999999999627, -1.100000000000000533 ) ) ;
#7382 = CARTESIAN_POINT ( 'NONE',  ( 0.000000000000000000, 2.829999999999999627, -0.7500000000000000000 ) ) ;
#7383 = CYLINDRICAL_SURFACE ( 'NONE', #385, 0.2499999999999997780 ) ;
#7384 = ORIENTED_EDGE ( 'NONE', *, *, #7486, .F. ) ;
#7385 = DIRECTION ( 'NONE',  ( 0.000000000000000000, 1.000000000000000000, 0.000000000000000000 ) ) ;
#7386 = ORIENTED_EDGE ( 'NONE', *, *, #5343, .T. ) ;
#7387 = ORIENTED_EDGE ( 'NONE', *, *, #7047, .F. ) ;
#7388 = LINE ( 'NONE', #4914, #1829 ) ;
#7389 =( BOUNDED_CURVE ( )  B_SPLINE_CURVE ( 3, ( #7670, #5734, #3267, #3853 ),
 .UNSPECIFIED., .F., .F. ) 
 B_SPLINE_CURVE_WITH_KNOTS ( ( 4, 4 ),
 ( 0.000000000000000000, 1.570796326794895448 ),
 .UNSPECIFIED. ) 
 CURVE ( )  GEOMETRIC_REPRESENTATION_ITEM ( )  RATIONAL_B_SPLINE_CURVE ( ( 1.000000000000000000, 0.8047378541243652705, 0.8047378541243652705, 1.000000000000000000 ) ) 
 REPRESENTATION_ITEM ( '' )  );
#7390 = PLANE ( 'NONE',  #2851 ) ;
#7391 = CARTESIAN_POINT ( 'NONE',  ( 1.050000000000000266, 2.829999999999999627, 1.399999999999999689 ) ) ;
#7392 = ORIENTED_EDGE ( 'NONE', *, *, #6840, .F. ) ;
#7393 = DIRECTION ( 'NONE',  ( -0.000000000000000000, 1.000000000000000000, -0.000000000000000000 ) ) ;
#7394 = DIRECTION ( 'NONE',  ( -0.000000000000000000, -0.000000000000000000, -1.000000000000000000 ) ) ;
#7395 = CARTESIAN_POINT ( 'NONE',  ( 0.9597227471524999443, 0.05000000000000000971, 0.7250000000000000888 ) ) ;
#7396 = ORIENTED_EDGE ( 'NONE', *, *, #6624, .F. ) ;
#7397 = VERTEX_POINT ( 'NONE', #1586 ) ;
#7398 = CARTESIAN_POINT ( 'NONE',  ( -1.050000000000000044, 0.000000000000000000, 1.375000000000000444 ) ) ;
#7399 = ORIENTED_EDGE ( 'NONE', *, *, #2641, .T. ) ;
#7400 = DIRECTION ( 'NONE',  ( 0.000000000000000000, 0.000000000000000000, -1.000000000000000000 ) ) ;
#7401 = VECTOR ( 'NONE', #6633, 1000.000000000000000 ) ;
#7402 = EDGE_CURVE ( 'NONE', #5880, #5927, #2377, .T. ) ;
#7403 = ADVANCED_FACE ( 'NONE', ( #3751 ), #6106, .F. ) ;
#7404 = ORIENTED_EDGE ( 'NONE', *, *, #971, .F. ) ;
#7405 = LINE ( 'NONE', #3720, #6595 ) ;
#7406 = ORIENTED_EDGE ( 'NONE', *, *, #2310, .F. ) ;
#7407 = VECTOR ( 'NONE', #4757, 1000.000000000000227 ) ;
#7408 = CARTESIAN_POINT ( 'NONE',  ( 1.002234059486502682, 0.2500000000000000000, -0.8750000000000001110 ) ) ;
#7409 = AXIS2_PLACEMENT_3D ( 'NONE', #291, #1614, #2889 ) ;
#7410 = CARTESIAN_POINT ( 'NONE',  ( -1.592086875603135887, 0.2500000000000149880, -0.8750000000000000000 ) ) ;
#7411 = LINE ( 'NONE', #6771, #1974 ) ;
#7412 = CARTESIAN_POINT ( 'NONE',  ( -1.500000000000000000, 0.2499999999999999445, 0.5750000000000001776 ) ) ;
#7413 = ADVANCED_FACE ( 'NONE', ( #7559 ), #1171, .F. ) ;
#7414 = EDGE_CURVE ( 'NONE', #4479, #2184, #532, .T. ) ;
#7415 = VECTOR ( 'NONE', #4053, 1000.000000000000000 ) ;
#7416 = VERTEX_POINT ( 'NONE', #5960 ) ;
#7417 = DIRECTION ( 'NONE',  ( 1.000000000000000000, 0.000000000000000000, 0.000000000000000000 ) ) ;
#7418 = VERTEX_POINT ( 'NONE', #3964 ) ;
#7419 = DIRECTION ( 'NONE',  ( 0.000000000000000000, 0.000000000000000000, -1.000000000000000000 ) ) ;
#7420 =( NAMED_UNIT ( * ) PLANE_ANGLE_UNIT ( ) SI_UNIT ( $, .RADIAN. ) );
#7421 = ORIENTED_EDGE ( 'NONE', *, *, #5728, .F. ) ;
#7422 = EDGE_CURVE ( 'NONE', #242, #358, #2235, .T. ) ;
#7423 = AXIS2_PLACEMENT_3D ( 'NONE', #5335, #4085, #2740 ) ;
#7424 = LINE ( 'NONE', #8103, #4276 ) ;
#7425 = LINE ( 'NONE', #1117, #5772 ) ;
#7426 = LINE ( 'NONE', #7382, #8272 ) ;
#7427 = PLANE ( 'NONE',  #8052 ) ;
#7428 = VERTEX_POINT ( 'NONE', #2198 ) ;
#7429 = CARTESIAN_POINT ( 'NONE',  ( -1.550000000000000044, 1.000000000000000000, -0.5749999999999998446 ) ) ;
#7430 = ORIENTED_EDGE ( 'NONE', *, *, #4698, .T. ) ;
#7431 = DIRECTION ( 'NONE',  ( -1.000000000000000000, 0.000000000000000000, 0.000000000000000000 ) ) ;
#7432 = EDGE_CURVE ( 'NONE', #474, #736, #5285, .T. ) ;
#7433 = DIRECTION ( 'NONE',  ( 0.08682659386424053383, -0.9924325091389677445, 0.08682659386424788905 ) ) ;
#7434 = CARTESIAN_POINT ( 'NONE',  ( -1.350000000000000311, 2.849999999999999645, 0.000000000000000000 ) ) ;
#7435 = ORIENTED_EDGE ( 'NONE', *, *, #8170, .F. ) ;
#7436 = DIRECTION ( 'NONE',  ( -0.000000000000000000, -0.000000000000000000, -1.000000000000000000 ) ) ;
#7437 = CARTESIAN_POINT ( 'NONE',  ( -1.592086875603144325, 0.2500000000000158207, 0.07499999999999998335 ) ) ;
#7438 = CARTESIAN_POINT ( 'NONE',  ( -1.050000000000000044, 0.2000000000000000111, 0.2250000000000001443 ) ) ;
#7439 = ORIENTED_EDGE ( 'NONE', *, *, #5813, .T. ) ;
#7440 = DIRECTION ( 'NONE',  ( 0.000000000000000000, 1.000000000000000000, -0.000000000000000000 ) ) ;
#7441 = ORIENTED_EDGE ( 'NONE', *, *, #6006, .T. ) ;
#7442 = DIRECTION ( 'NONE',  ( -0.2079116908177522371, 0.9781476007338070211, 0.000000000000000000 ) ) ;
#7443 =( LENGTH_UNIT ( ) NAMED_UNIT ( * ) SI_UNIT ( .MILLI., .METRE. ) );
#7444 = ORIENTED_EDGE ( 'NONE', *, *, #7373, .T. ) ;
#7445 = DIRECTION ( 'NONE',  ( 1.000000000000000000, 0.000000000000000000, 1.445602896647340100E-15 ) ) ;
#7446 = ORIENTED_EDGE ( 'NONE', *, *, #7507, .T. ) ;
#7447 = FACE_OUTER_BOUND ( 'NONE', #6643, .T. ) ;
#7448 = DIRECTION ( 'NONE',  ( 0.7071067811865474617, -0.000000000000000000, -0.7071067811865474617 ) ) ;
#7449 = EDGE_CURVE ( 'NONE', #5274, #3570, #7944, .T. ) ;
#7450 = CARTESIAN_POINT ( 'NONE',  ( -1.350000000000000311, 2.829999999999999627, 0.000000000000000000 ) ) ;
#7451 = CARTESIAN_POINT ( 'NONE',  ( -1.729989406634232729, 1.098004453143892833, 0.5750000000000001776 ) ) ;
#7452 = CIRCLE ( 'NONE', #4236, 0.2499999999999997780 ) ;
#7453 = VECTOR ( 'NONE', #1139, 1000.000000000000000 ) ;
#7454 = VERTEX_POINT ( 'NONE', #3373 ) ;
#7455 = CARTESIAN_POINT ( 'NONE',  ( 1.050000000000000488, 2.829999999999999627, -1.400000000000000355 ) ) ;
#7456 = EDGE_LOOP ( 'NONE', ( #1879, #6060, #5625, #6940 ) ) ;
#7457 = EDGE_CURVE ( 'NONE', #1282, #711, #1508, .T. ) ;
#7458 = CARTESIAN_POINT ( 'NONE',  ( -1.749999999999999778, 0.2499999999999999445, -1.024999999999999911 ) ) ;
#7459 = AXIS2_PLACEMENT_3D ( 'NONE', #4691, #3386, #5982 ) ;
#7460 = VECTOR ( 'NONE', #5795, 1000.000000000000000 ) ;
#7461 = ORIENTED_EDGE ( 'NONE', *, *, #5729, .T. ) ;
#7462 = VECTOR ( 'NONE', #1491, 1000.000000000000000 ) ;
#7463 = DIRECTION ( 'NONE',  ( 0.000000000000000000, 0.000000000000000000, 1.000000000000000000 ) ) ;
#7464 = AXIS2_PLACEMENT_3D ( 'NONE', #3641, #1743, #8085 ) ;
#7465 =( GEOMETRIC_REPRESENTATION_CONTEXT ( 3 ) GLOBAL_UNCERTAINTY_ASSIGNED_CONTEXT ( ( #1522 ) ) GLOBAL_UNIT_ASSIGNED_CONTEXT ( ( #5670, #5206, #2546 ) ) REPRESENTATION_CONTEXT ( 'NONE', 'WORKASPACE' ) );
#7466 = VECTOR ( 'NONE', #2079, 1000.000000000000000 ) ;
#7467 = VECTOR ( 'NONE', #6954, 1000.000000000000000 ) ;
#7468 = DIRECTION ( 'NONE',  ( 0.1300379154054214503, 0.9877360307509844839, -0.08641570524680476650 ) ) ;
#7469 = CARTESIAN_POINT ( 'NONE',  ( 1.050000000000000488, 2.849999999999999645, -1.100000000000000533 ) ) ;
#7470 = EDGE_CURVE ( 'NONE', #153, #976, #111, .T. ) ;
#7471 = LINE ( 'NONE', #3155, #4390 ) ;
#7472 = CARTESIAN_POINT ( 'NONE',  ( 1.351260626809458465, 0.2500000000000001110, 0.8749999999999998890 ) ) ;
#7473 = ORIENTED_EDGE ( 'NONE', *, *, #692, .T. ) ;
#7474 = ORIENTED_EDGE ( 'NONE', *, *, #8256, .T. ) ;
#7475 = PLANE ( 'NONE',  #523 ) ;
#7476 = ORIENTED_EDGE ( 'NONE', *, *, #4231, .F. ) ;
#7477 = AXIS2_PLACEMENT_3D ( 'NONE', #3690, #1195, #5774 ) ;
#7478 = DIRECTION ( 'NONE',  ( 0.000000000000000000, 1.000000000000000000, 0.000000000000000000 ) ) ;
#7479 = AXIS2_PLACEMENT_3D ( 'NONE', #6096, #332, #8088 ) ;
#7480 = ORIENTED_EDGE ( 'NONE', *, *, #4712, .T. ) ;
#7481 = DIRECTION ( 'NONE',  ( -0.1305261922200451896, -0.9914448613738112703, 0.000000000000000000 ) ) ;
#7482 = CARTESIAN_POINT ( 'NONE',  ( -1.749999999999999778, 0.2499999999999999445, -0.5749999999999998446 ) ) ;
#7483 = ORIENTED_EDGE ( 'NONE', *, *, #4665, .F. ) ;
#7484 = AXIS2_PLACEMENT_3D ( 'NONE', #1868, #1185, #8336 ) ;
#7485 =( NAMED_UNIT ( * ) SI_UNIT ( $, .STERADIAN. ) SOLID_ANGLE_UNIT ( ) );
#7486 = EDGE_CURVE ( 'NONE', #707, #7600, #6044, .T. ) ;
#7487 = DIRECTION ( 'NONE',  ( -0.1305261922200450508, 0.9914448613738112703, 0.000000000000000000 ) ) ;
#7488 = CARTESIAN_POINT ( 'NONE',  ( 1.050000000000000044, 0.2000000000000001776, 1.025000000000000355 ) ) ;
#7489 = VERTEX_POINT ( 'NONE', #4011 ) ;
#7490 = CARTESIAN_POINT ( 'NONE',  ( -1.650380530190825645, 1.249999999999999778, -1.750000000000000000 ) ) ;
#7491 = ORIENTED_EDGE ( 'NONE', *, *, #4512, .T. ) ;
#7492 = CARTESIAN_POINT ( 'NONE',  ( -0.9000000000000000222, 0.2500000000000000000, -0.9749999999999999778 ) ) ;
#7493 = CLOSED_SHELL ( 'NONE', ( #1440, #4963, #2009, #7014, #7246, #6470, #7299, #771, #2719, #6553, #2346, #8314 ) ) ;
#7494 = DIRECTION ( 'NONE',  ( 1.000000000000000000, 1.204669080539447865E-16, -0.000000000000000000 ) ) ;
#7495 = ORIENTED_EDGE ( 'NONE', *, *, #293, .F. ) ;
#7496 = DIRECTION ( 'NONE',  ( 0.000000000000000000, -1.000000000000000000, 0.000000000000000000 ) ) ;
#7497 = CARTESIAN_POINT ( 'NONE',  ( -1.002234059486502682, 0.2500000000000000000, 0.8750000000000000000 ) ) ;
#7498 = DIRECTION ( 'NONE',  ( 1.000000000000000000, -6.023345402697249184E-17, 0.000000000000000000 ) ) ;
#7499 = ORIENTED_EDGE ( 'NONE', *, *, #4854, .F. ) ;
#7500 = CYLINDRICAL_SURFACE ( 'NONE', #6872, 0.2550000000000000044 ) ;
#7501 = VERTEX_POINT ( 'NONE', #1468 ) ;
#7502 = DIRECTION ( 'NONE',  ( -0.000000000000000000, 0.000000000000000000, 1.000000000000000000 ) ) ;
#7503 = CARTESIAN_POINT ( 'NONE',  ( -1.592086875603135887, 0.05000000000000000971, -0.7250000000000000888 ) ) ;
#7504 = ORIENTED_EDGE ( 'NONE', *, *, #4946, .F. ) ;
#7505 = ORIENTED_EDGE ( 'NONE', *, *, #1236, .F. ) ;
#7506 = ORIENTED_EDGE ( 'NONE', *, *, #3074, .F. ) ;
#7507 = EDGE_CURVE ( 'NONE', #3205, #846, #2875, .T. ) ;
#7508 = ADVANCED_FACE ( 'NONE', ( #6623 ), #3343, .F. ) ;
#7509 = DIRECTION ( 'NONE',  ( -0.000000000000000000, -0.000000000000000000, -1.000000000000000000 ) ) ;
#7510 = PLANE ( 'NONE',  #2526 ) ;
#7511 = VECTOR ( 'NONE', #1372, 1000.000000000000000 ) ;
#7512 = CARTESIAN_POINT ( 'NONE',  ( 1.050000000000000488, 2.829999999999999627, -1.100000000000000533 ) ) ;
#7513 = DIRECTION ( 'NONE',  ( 0.000000000000000000, 1.000000000000000000, 0.000000000000000000 ) ) ;
#7514 = CARTESIAN_POINT ( 'NONE',  ( 1.050000000000000044, 0.2000000000000001776, -1.024999999999999911 ) ) ;
#7515 = VERTEX_POINT ( 'NONE', #915 ) ;
#7516 = VERTEX_POINT ( 'NONE', #5252 ) ;
#7517 = DIRECTION ( 'NONE',  ( 0.000000000000000000, 0.000000000000000000, 1.000000000000000000 ) ) ;
#7518 = ORIENTED_EDGE ( 'NONE', *, *, #8342, .F. ) ;
#7519 = DIRECTION ( 'NONE',  ( 0.9914448613738112703, -0.1305261922200450231, 0.000000000000000000 ) ) ;
#7520 = EDGE_CURVE ( 'NONE', #7397, #4563, #4758, .T. ) ;
#7521 = ADVANCED_FACE ( 'NONE', ( #2112 ), #3459, .F. ) ;
#7522 = CARTESIAN_POINT ( 'NONE',  ( -1.749999999999999778, 1.000000000000000000, -1.024999999999999911 ) ) ;
#7523 = CARTESIAN_POINT ( 'NONE',  ( -1.450000000000000400, 1.000000000000000000, 1.750000000000000000 ) ) ;
#7524 = ORIENTED_EDGE ( 'NONE', *, *, #2659, .T. ) ;
#7525 = CARTESIAN_POINT ( 'NONE',  ( 1.610018138358533024, 2.849999999999999645, -0.6000000000000009770 ) ) ;
#7526 = LINE ( 'NONE', #1177, #6627 ) ;
#7527 = CARTESIAN_POINT ( 'NONE',  ( -0.8574886876659969515, 0.05000000000000000278, -0.1164213562373095229 ) ) ;
#7528 = VERTEX_POINT ( 'NONE', #4090 ) ;
#7529 = ORIENTED_EDGE ( 'NONE', *, *, #7276, .T. ) ;
#7530 = FACE_OUTER_BOUND ( 'NONE', #2019, .T. ) ;
#7531 = EDGE_LOOP ( 'NONE', ( #6924, #338, #2415, #7686 ) ) ;
#7532 = FACE_OUTER_BOUND ( 'NONE', #2461, .T. ) ;
#7533 = EDGE_CURVE ( 'NONE', #609, #5114, #230, .T. ) ;
#7534 = CARTESIAN_POINT ( 'NONE',  ( -0.4471019057874605629, 0.3499999999999999778, -1.199999999999999956 ) ) ;
#7535 = VERTEX_POINT ( 'NONE', #4627 ) ;
#7536 = DIRECTION ( 'NONE',  ( 1.000000000000000000, 0.000000000000000000, 0.000000000000000000 ) ) ;
#7537 = VERTEX_POINT ( 'NONE', #6675 ) ;
#7538 = CARTESIAN_POINT ( 'NONE',  ( 1.610018138358533246, 2.849999999999999645, 1.750000000000000000 ) ) ;
#7539 = CARTESIAN_POINT ( 'NONE',  ( 1.693717199035720045, 1.249877444467587750, 1.740827212348496467 ) ) ;
#7540 = DIRECTION ( 'NONE',  ( -0.000000000000000000, 0.000000000000000000, -1.000000000000000000 ) ) ;
#7541 = EDGE_CURVE ( 'NONE', #6050, #4841, #3500, .T. ) ;
#7542 = VERTEX_POINT ( 'NONE', #2789 ) ;
#7543 = LINE ( 'NONE', #3688, #1917 ) ;
#7544 = VECTOR ( 'NONE', #3822, 1000.000000000000000 ) ;
#7545 = EDGE_LOOP ( 'NONE', ( #1821, #2186 ) ) ;
#7546 = CARTESIAN_POINT ( 'NONE',  ( -1.536645267607133603, 2.549999999999999822, -1.636264737416298631 ) ) ;
#7547 = FACE_OUTER_BOUND ( 'NONE', #4068, .T. ) ;
#7548 = ORIENTED_EDGE ( 'NONE', *, *, #822, .F. ) ;
#7549 = VECTOR ( 'NONE', #1315, 1000.000000000000000 ) ;
#7550 = FACE_OUTER_BOUND ( 'NONE', #376, .T. ) ;
#7551 = AXIS2_PLACEMENT_3D ( 'NONE', #2075, #7910, #2157 ) ;
#7552 = PLANE ( 'NONE',  #81 ) ;
#7553 = CARTESIAN_POINT ( 'NONE',  ( 1.350000000000000533, 2.829999999999999627, 4.683753385137381127E-16 ) ) ;
#7554 = DIRECTION ( 'NONE',  ( -1.000000000000000000, -3.170181790893303965E-17, 0.000000000000000000 ) ) ;
#7555 = DIRECTION ( 'NONE',  ( -0.000000000000000000, -0.000000000000000000, -1.000000000000000000 ) ) ;
#7556 = VERTEX_POINT ( 'NONE', #276 ) ;
#7557 = EDGE_CURVE ( 'NONE', #6747, #2708, #1429, .T. ) ;
#7558 = VERTEX_POINT ( 'NONE', #4676 ) ;
#7559 = FACE_OUTER_BOUND ( 'NONE', #6908, .T. ) ;
#7560 = VECTOR ( 'NONE', #8251, 1000.000000000000000 ) ;
#7561 = DIRECTION ( 'NONE',  ( -0.000000000000000000, -0.000000000000000000, -1.000000000000000000 ) ) ;
#7562 = PLANE ( 'NONE',  #708 ) ;
#7563 = ORIENTED_EDGE ( 'NONE', *, *, #373, .F. ) ;
#7564 = FACE_OUTER_BOUND ( 'NONE', #402, .T. ) ;
#7565 = CARTESIAN_POINT ( 'NONE',  ( -1.729989406634232729, 1.098004453143892833, 1.375000000000000444 ) ) ;
#7566 = DIRECTION ( 'NONE',  ( 3.469446951953614189E-16, -0.000000000000000000, -1.000000000000000000 ) ) ;
#7567 = VECTOR ( 'NONE', #2578, 1000.000000000000000 ) ;
#7568 = ORIENTED_EDGE ( 'NONE', *, *, #7778, .T. ) ;
#7569 = EDGE_CURVE ( 'NONE', #5223, #4836, #832, .T. ) ;
#7570 = DIRECTION ( 'NONE',  ( -0.9781476007338071321, 0.2079116908177522649, 0.000000000000000000 ) ) ;
#7571 = ADVANCED_FACE ( 'NONE', ( #7906 ), #2152, .F. ) ;
#7572 = EDGE_CURVE ( 'NONE', #8237, #6851, #961, .T. ) ;
#7573 = ORIENTED_EDGE ( 'NONE', *, *, #7557, .T. ) ;
#7574 = CARTESIAN_POINT ( 'NONE',  ( 1.050000000000000044, 0.2000000000000001776, 1.375000000000000444 ) ) ;
#7575 = FACE_OUTER_BOUND ( 'NONE', #5669, .T. ) ;
#7576 = FACE_OUTER_BOUND ( 'NONE', #3488, .T. ) ;
#7577 = ORIENTED_EDGE ( 'NONE', *, *, #293, .T. ) ;
#7578 = CARTESIAN_POINT ( 'NONE',  ( -1.729989406634232729, 1.098004453143892833, -0.2249999999999998390 ) ) ;
#7579 = CARTESIAN_POINT ( 'NONE',  ( 1.750000000000000222, 1.249999999999999778, 1.650759972456911084 ) ) ;
#7580 = EDGE_CURVE ( 'NONE', #3322, #1112, #1092, .T. ) ;
#7581 = ADVANCED_FACE ( 'NONE', ( #6762 ), #6261, .T. ) ;
#7582 = CARTESIAN_POINT ( 'NONE',  ( -1.050000000000000044, 0.000000000000000000, 0.2250000000000001443 ) ) ;
#7583 = CARTESIAN_POINT ( 'NONE',  ( -1.592086875603152540, 0.05000000000000000971, 0.7250000000000000888 ) ) ;
#7584 = ORIENTED_EDGE ( 'NONE', *, *, #7955, .T. ) ;
#7585 = DIRECTION ( 'NONE',  ( 1.000000000000000000, 0.000000000000000000, 0.000000000000000000 ) ) ;
#7586 = ADVANCED_FACE ( 'NONE', ( #5594 ), #4927, .T. ) ;
#7587 = CARTESIAN_POINT ( 'NONE',  ( 0.000000000000000000, 0.6000000000000000888, 0.000000000000000000 ) ) ;
#7588 = ORIENTED_EDGE ( 'NONE', *, *, #1577, .F. ) ;
#7589 = VECTOR ( 'NONE', #3716, 1000.000000000000000 ) ;
#7590 = VECTOR ( 'NONE', #1549, 1000.000000000000000 ) ;
#7591 = CARTESIAN_POINT ( 'NONE',  ( -1.592086875603152540, 0.2500000000000149880, 0.8750000000000000000 ) ) ;
#7592 = CARTESIAN_POINT ( 'NONE',  ( -0.9000000000000000222, 0.2500000000000000000, 1.750000000000000000 ) ) ;
#7593 = VECTOR ( 'NONE', #5918, 1000.000000000000000 ) ;
#7594 = DIRECTION ( 'NONE',  ( -0.000000000000000000, -1.000000000000000000, -0.000000000000000000 ) ) ;
#7595 = VECTOR ( 'NONE', #6286, 1000.000000000000000 ) ;
#7596 = DIRECTION ( 'NONE',  ( 0.000000000000000000, -1.000000000000000000, 0.000000000000000000 ) ) ;
#7597 = DIRECTION ( 'NONE',  ( 1.000000000000000000, -0.000000000000000000, 0.000000000000000000 ) ) ;
#7598 = VERTEX_POINT ( 'NONE', #1004 ) ;
#7599 = EDGE_CURVE ( 'NONE', #610, #7946, #1626, .T. ) ;
#7600 = VERTEX_POINT ( 'NONE', #1735 ) ;
#7601 = AXIS2_PLACEMENT_3D ( 'NONE', #1592, #5502, #4045 ) ;
#7602 = AXIS2_PLACEMENT_3D ( 'NONE', #1835, #389, #2307 ) ;
#7603 = AXIS2_PLACEMENT_3D ( 'NONE', #2716, #3553, #4637 ) ;
#7604 = CARTESIAN_POINT ( 'NONE',  ( -0.9000000000000000222, 0.2500000000000000000, 0.9749999999999999778 ) ) ;
#7605 = CARTESIAN_POINT ( 'NONE',  ( -1.355254552287707082, 0.2803368758773252534, -0.08005614597955165723 ) ) ;
#7606 = ORIENTED_EDGE ( 'NONE', *, *, #7629, .F. ) ;
#7607 = PRESENTATION_STYLE_ASSIGNMENT (( #1859 ) ) ;
#7608 = CARTESIAN_POINT ( 'NONE',  ( 1.717086875603152984, 1.000000000000000444, -1.024999999999999911 ) ) ;
#7609 = DIRECTION ( 'NONE',  ( 0.000000000000000000, 0.000000000000000000, -1.000000000000000000 ) ) ;
#7610 = VECTOR ( 'NONE', #941, 1000.000000000000000 ) ;
#7611 = ORIENTED_EDGE ( 'NONE', *, *, #6946, .F. ) ;
#7612 = ORIENTED_EDGE ( 'NONE', *, *, #4185, .T. ) ;
#7613 = VECTOR ( 'NONE', #3472, 1000.000000000000000 ) ;
#7614 = VECTOR ( 'NONE', #63, 1000.000000000000000 ) ;
#7615 = CARTESIAN_POINT ( 'NONE',  ( 1.568845831921063860, 2.849999999999999645, -1.610018138358522366 ) ) ;
#7616 = ORIENTED_EDGE ( 'NONE', *, *, #155, .F. ) ;
#7617 = CARTESIAN_POINT ( 'NONE',  ( 0.9000000000000000222, 0.2500000000000000000, 0.6250000000000001110 ) ) ;
#7618 = CARTESIAN_POINT ( 'NONE',  ( 1.002234059486502682, 0.2500000000000000000, 0.07499999999999998335 ) ) ;
#7619 = EDGE_CURVE ( 'NONE', #1078, #6365, #4299, .T. ) ;
#7620 = ADVANCED_FACE ( 'NONE', ( #7530 ), #2921, .F. ) ;
#7621 = FACE_OUTER_BOUND ( 'NONE', #4102, .T. ) ;
#7622 = ORIENTED_EDGE ( 'NONE', *, *, #595, .F. ) ;
#7623 =( BOUNDED_CURVE ( )  B_SPLINE_CURVE ( 3, ( #3231, #1264, #1915, #3186 ),
 .UNSPECIFIED., .F., .T. ) 
 B_SPLINE_CURVE_WITH_KNOTS ( ( 4, 4 ),
 ( 5.304621248187475935, 6.864041222362419425 ),
 .UNSPECIFIED. ) 
 CURVE ( )  GEOMETRIC_REPRESENTATION_ITEM ( )  RATIONAL_B_SPLINE_CURVE ( ( 1.000000000000000000, 0.8074116454836836043, 0.8074116454836836043, 1.000000000000000000 ) ) 
 REPRESENTATION_ITEM ( '' )  );
#7624 = LINE ( 'NONE', #3101, #7453 ) ;
#7625 = FACE_OUTER_BOUND ( 'NONE', #3187, .T. ) ;
#7626 = MECHANICAL_DESIGN_GEOMETRIC_PRESENTATION_REPRESENTATION (  '', ( #4544 ), #4944 ) ;
#7627 = CARTESIAN_POINT ( 'NONE',  ( 1.749999999999999778, 0.2500000000000001665, -1.024999999999999911 ) ) ;
#7628 = VECTOR ( 'NONE', #3483, 1000.000000000000000 ) ;
#7629 = EDGE_CURVE ( 'NONE', #3714, #3944, #5582, .T. ) ;
#7630 = PLANE ( 'NONE',  #6195 ) ;
#7631 = ORIENTED_EDGE ( 'NONE', *, *, #1438, .F. ) ;
#7632 = CARTESIAN_POINT ( 'NONE',  ( 1.050000000000000266, 2.829999999999999627, 1.100000000000000089 ) ) ;
#7634 = ORIENTED_EDGE ( 'NONE', *, *, #6946, .T. ) ;
#7633 = CARTESIAN_POINT ( 'NONE',  ( -1.592086875603152540, 0.2500000000000149880, 0.7250000000000000888 ) ) ;
#7635 = ORIENTED_EDGE ( 'NONE', *, *, #6335, .T. ) ;
#7636 = EDGE_CURVE ( 'NONE', #8324, #1249, #8032, .T. ) ;
#7637 = FACE_OUTER_BOUND ( 'NONE', #6206, .T. ) ;
#7638 = CARTESIAN_POINT ( 'NONE',  ( -1.050000000000000488, 2.829999999999999627, -0.4500000000000000111 ) ) ;
#7639 = CARTESIAN_POINT ( 'NONE',  ( -1.550000000000000044, 0.2499999999999999445, -0.2249999999999998390 ) ) ;
#7640 = CARTESIAN_POINT ( 'NONE',  ( 1.568845831921064082, 2.849999999999999645, 1.610018138358521478 ) ) ;
#7641 = FACE_OUTER_BOUND ( 'NONE', #148, .T. ) ;
#7642 = ORIENTED_EDGE ( 'NONE', *, *, #3376, .F. ) ;
#7643 = ORIENTED_EDGE ( 'NONE', *, *, #1314, .T. ) ;
#7644 = ORIENTED_EDGE ( 'NONE', *, *, #1554, .F. ) ;
#7645 = VERTEX_POINT ( 'NONE', #7398 ) ;
#7646 = VECTOR ( 'NONE', #6076, 1000.000000000000000 ) ;
#7647 = EDGE_CURVE ( 'NONE', #1795, #5116, #4881, .T. ) ;
#7648 = LINE ( 'NONE', #1895, #269 ) ;
#7649 = AXIS2_PLACEMENT_3D ( 'NONE', #5872, #98, #2583 ) ;
#7650 = CARTESIAN_POINT ( 'NONE',  ( 0.9000000000000000222, 0.2500000000000000000, 0.6250000000000001110 ) ) ;
#7651 = ADVANCED_FACE ( 'NONE', ( #8119 ), #2330, .T. ) ;
#7652 = ORIENTED_EDGE ( 'NONE', *, *, #3699, .F. ) ;
#7653 = CARTESIAN_POINT ( 'NONE',  ( -1.050000000000000488, 2.829999999999999627, -1.100000000000000533 ) ) ;
#7654 = CARTESIAN_POINT ( 'NONE',  ( -1.350000000000000311, 2.829999999999999627, -1.050000000000000044 ) ) ;
#7655 = DIRECTION ( 'NONE',  ( 1.000000000000000000, -6.023345402697249184E-17, 0.000000000000000000 ) ) ;
#7656 = DIRECTION ( 'NONE',  ( -0.000000000000000000, 1.000000000000000000, -0.000000000000000000 ) ) ;
#7657 = VERTEX_POINT ( 'NONE', #6811 ) ;
#7658 = EDGE_LOOP ( 'NONE', ( #4663, #3280, #2751, #2592, #5523, #1077, #1644, #6863, #3880, #1038 ) ) ;
#7659 = FACE_OUTER_BOUND ( 'NONE', #5868, .T. ) ;
#7660 = ORIENTED_EDGE ( 'NONE', *, *, #5533, .F. ) ;
#7661 = CARTESIAN_POINT ( 'NONE',  ( -1.729989406634232729, 1.098004453143892833, -0.2249999999999998390 ) ) ;
#7662 = AXIS2_PLACEMENT_3D ( 'NONE', #1800, #4415, #4323 ) ;
#7663 = DIRECTION ( 'NONE',  ( 0.000000000000000000, 0.000000000000000000, 1.000000000000000000 ) ) ;
#7664 = DIRECTION ( 'NONE',  ( 1.000000000000000000, -0.000000000000000000, 0.000000000000000000 ) ) ;
#7665 = VERTEX_POINT ( 'NONE', #1053 ) ;
#7666 = LINE ( 'NONE', #7538, #3444 ) ;
#7667 = CARTESIAN_POINT ( 'NONE',  ( -1.610018138358533246, 2.829999999999999627, -0.6000000000000000888 ) ) ;
#7668 = LINE ( 'NONE', #4477, #4780 ) ;
#7669 = EDGE_CURVE ( 'NONE', #1349, #5263, #3631, .T. ) ;
#7670 = CARTESIAN_POINT ( 'NONE',  ( 0.8574886876659970625, 0.05000000000000000971, -0.9749999999999999778 ) ) ;
#7671 = VERTEX_POINT ( 'NONE', #7734 ) ;
#7672 = LINE ( 'NONE', #4481, #7876 ) ;
#7673 = CARTESIAN_POINT ( 'NONE',  ( 1.350000000000000311, 2.849999999999999645, -0.000000000000000000 ) ) ;
#7674 = LINE ( 'NONE', #6879, #6250 ) ;
#7675 = EDGE_CURVE ( 'NONE', #3147, #2001, #5090, .T. ) ;
#7676 = EDGE_CURVE ( 'NONE', #3026, #7134, #5303, .T. ) ;
#7677 = AXIS2_PLACEMENT_3D ( 'NONE', #1887, #8271, #7000 ) ;
#7678 = CARTESIAN_POINT ( 'NONE',  ( 0.8397245766128836886, -0.03357357172859931627, -1.637701863672267777 ) ) ;
#7679 = DIRECTION ( 'NONE',  ( -0.000000000000000000, -0.000000000000000000, -1.000000000000000000 ) ) ;
#7680 = DIRECTION ( 'NONE',  ( -1.000000000000000000, 0.000000000000000000, 0.000000000000000000 ) ) ;
#7681 = LINE ( 'NONE', #86, #3979 ) ;
#7682 = AXIS2_PLACEMENT_3D ( 'NONE', #6547, #838, #7313 ) ;
#7683 = VERTEX_POINT ( 'NONE', #1214 ) ;
#7684 = ORIENTED_EDGE ( 'NONE', *, *, #5806, .T. ) ;
#7685 = ADVANCED_FACE ( 'NONE', ( #7659 ), #1903, .F. ) ;
#7686 = ORIENTED_EDGE ( 'NONE', *, *, #521, .T. ) ;
#7687 = PLANE ( 'NONE',  #7259 ) ;
#7688 = FACE_OUTER_BOUND ( 'NONE', #1367, .T. ) ;
#7689 = ORIENTED_EDGE ( 'NONE', *, *, #4392, .T. ) ;
#7690 = DIRECTION ( 'NONE',  ( 3.469446951953614189E-16, 0.000000000000000000, 1.000000000000000000 ) ) ;
#7691 = SURFACE_SIDE_STYLE ('',( #7165 ) ) ;
#7692 = PLANE ( 'NONE',  #6384 ) ;
#7693 = DIRECTION ( 'NONE',  ( -0.000000000000000000, 0.000000000000000000, 1.000000000000000000 ) ) ;
#7694 = ORIENTED_EDGE ( 'NONE', *, *, #6209, .F. ) ;
#7695 = LINE ( 'NONE', #5675, #6249 ) ;
#7696 = EDGE_CURVE ( 'NONE', #4677, #609, #2197, .T. ) ;
#7697 = ORIENTED_EDGE ( 'NONE', *, *, #3785, .F. ) ;
#7698 = AXIS2_PLACEMENT_3D ( 'NONE', #5372, #2067, #3452 ) ;
#7699 = DIRECTION ( 'NONE',  ( 0.000000000000000000, 0.000000000000000000, 1.000000000000000000 ) ) ;
#7700 = DIRECTION ( 'NONE',  ( -1.000000000000000000, -1.807003620809174878E-16, 0.000000000000000000 ) ) ;
#7701 = CARTESIAN_POINT ( 'NONE',  ( 0.000000000000000000, 0.6850000000000000533, 0.2124999999999999944 ) ) ;
#7702 = ORIENTED_EDGE ( 'NONE', *, *, #5173, .T. ) ;
#7703 = CARTESIAN_POINT ( 'NONE',  ( -0.8574886876659970625, 0.05000000000000000971, -0.6250000000000003331 ) ) ;
#7704 = CARTESIAN_POINT ( 'NONE',  ( -1.592086875603152540, 1.000000000000000000, 0.8750000000000000000 ) ) ;
#7705 = LINE ( 'NONE', #5767, #191 ) ;
#7706 = APPLICATION_CONTEXT ( 'automotive_design' ) ;
#7707 = LINE ( 'NONE', #1955, #4471 ) ;
#7708 = ORIENTED_EDGE ( 'NONE', *, *, #3812, .T. ) ;
#7709 = EDGE_CURVE ( 'NONE', #5513, #3600, #4506, .T. ) ;
#7710 = CARTESIAN_POINT ( 'NONE',  ( -1.592086875603144325, 0.2500000000000158207, -0.07499999999999998335 ) ) ;
#7711 = FACE_OUTER_BOUND ( 'NONE', #19, .T. ) ;
#7712 = CARTESIAN_POINT ( 'NONE',  ( 1.550000000000000044, 0.2500000000000001665, 1.375000000000000444 ) ) ;
#7713 = DIRECTION ( 'NONE',  ( -0.2079116908177522649, 0.9781476007338071321, 0.000000000000000000 ) ) ;
#7714 = EDGE_CURVE ( 'NONE', #123, #7177, #7695, .T. ) ;
#7715 = CARTESIAN_POINT ( 'NONE',  ( -1.002234059486502682, 0.2500000000000000000, -0.7250000000000001998 ) ) ;
#7716 = CARTESIAN_POINT ( 'NONE',  ( -1.749999999999999778, 0.2499999999999999445, 1.025000000000000355 ) ) ;
#7717 = CYLINDRICAL_SURFACE ( 'NONE', #2519, 0.2499999999999995837 ) ;
#7718 = SURFACE_STYLE_FILL_AREA ( #2007 ) ;
#7719 = ORIENTED_EDGE ( 'NONE', *, *, #2065, .T. ) ;
#7720 = ORIENTED_EDGE ( 'NONE', *, *, #3173, .F. ) ;
#7721 = ORIENTED_EDGE ( 'NONE', *, *, #5806, .F. ) ;
#7722 = PLANE ( 'NONE',  #6329 ) ;
#7723 = AXIS2_PLACEMENT_3D ( 'NONE', #4664, #4003, #4124 ) ;
#7724 = VECTOR ( 'NONE', #6660, 1000.000000000000000 ) ;
#7725 = EDGE_CURVE ( 'NONE', #6351, #3218, #3168, .T. ) ;
#7726 = CARTESIAN_POINT ( 'NONE',  ( -1.500000000000000000, 0.2499999999999999445, 0.2250000000000001443 ) ) ;
#7727 = EDGE_CURVE ( 'NONE', #8198, #6702, #5712, .T. ) ;
#7728 = EDGE_CURVE ( 'NONE', #4994, #7515, #8294, .T. ) ;
#7729 = ORIENTED_EDGE ( 'NONE', *, *, #4042, .F. ) ;
#7730 = CARTESIAN_POINT ( 'NONE',  ( 0.000000000000000000, 0.6850000000000000533, 0.000000000000000000 ) ) ;
#7731 = DIRECTION ( 'NONE',  ( -0.1300379154054214781, 0.9877360307509845949, 0.08641570524680476650 ) ) ;
#7732 = DIRECTION ( 'NONE',  ( -0.000000000000000000, -1.000000000000000000, -0.000000000000000000 ) ) ;
#7733 = ORIENTED_EDGE ( 'NONE', *, *, #6534, .F. ) ;
#7734 = CARTESIAN_POINT ( 'NONE',  ( 1.350000000000000089, 2.829999999999999627, 1.100000000000000089 ) ) ;
#7736 = ORIENTED_EDGE ( 'NONE', *, *, #2066, .F. ) ;
#7735 = PRESENTATION_LAYER_ASSIGNMENT (  '', '', ( #1153 ) ) ;
#7737 = CIRCLE ( 'NONE', #5051, 0.2499999999999997780 ) ;
#7738 = DIRECTION ( 'NONE',  ( -0.000000000000000000, 1.000000000000000000, -0.000000000000000000 ) ) ;
#7739 = VECTOR ( 'NONE', #6735, 1000.000000000000000 ) ;
#7740 = AXIS2_PLACEMENT_3D ( 'NONE', #2597, #5057, #1954 ) ;
#7741 = CARTESIAN_POINT ( 'NONE',  ( 0.000000000000000000, 0.6260472266500400895, 0.000000000000000000 ) ) ;
#7742 = ADVANCED_FACE ( 'NONE', ( #628 ), #8209, .F. ) ;
#7743 = CARTESIAN_POINT ( 'NONE',  ( 0.000000000000000000, 2.829999999999999627, -0.4500000000000000111 ) ) ;
#7744 = ORIENTED_EDGE ( 'NONE', *, *, #6511, .F. ) ;
#7745 = VECTOR ( 'NONE', #1272, 1000.000000000000000 ) ;
#7746 = AXIS2_PLACEMENT_3D ( 'NONE', #7865, #3345, #2748 ) ;
#7747 = DIRECTION ( 'NONE',  ( 0.9781476007338070211, -0.2079116908177524314, 0.000000000000000000 ) ) ;
#7748 = PLANE ( 'NONE',  #6717 ) ;
#7749 = LINE ( 'NONE', #1873, #6930 ) ;
#7750 = VECTOR ( 'NONE', #705, 1000.000000000000227 ) ;
#7751 = CARTESIAN_POINT ( 'NONE',  ( 1.550000000000000044, 0.2500000000000001665, -1.375000000000000000 ) ) ;
#7752 = VERTEX_POINT ( 'NONE', #2466 ) ;
#7753 = EDGE_CURVE ( 'NONE', #2587, #6490, #186, .T. ) ;
#7754 = SURFACE_STYLE_FILL_AREA ( #5224 ) ;
#7755 = AXIS2_PLACEMENT_3D ( 'NONE', #166, #2767, #2896 ) ;
#7756 = CARTESIAN_POINT ( 'NONE',  ( 1.735047045620888850, 1.249609411290465877, -1.703065433030272802 ) ) ;
#7757 = DIRECTION ( 'NONE',  ( 0.2079116908177522371, 0.9781476007338070211, 0.000000000000000000 ) ) ;
#7758 = ORIENTED_EDGE ( 'NONE', *, *, #1361, .T. ) ;
#7759 = VECTOR ( 'NONE', #7094, 1000.000000000000000 ) ;
#7760 = VERTEX_POINT ( 'NONE', #1300 ) ;
#7761 = CARTESIAN_POINT ( 'NONE',  ( -1.050000000000000044, 0.000000000000000000, 0.5750000000000001776 ) ) ;
#7762 =( NAMED_UNIT ( * ) SI_UNIT ( $, .STERADIAN. ) SOLID_ANGLE_UNIT ( ) );
#7763 = ORIENTED_EDGE ( 'NONE', *, *, #4603, .T. ) ;
#7764 = ORIENTED_EDGE ( 'NONE', *, *, #7766, .T. ) ;
#7765 = EDGE_CURVE ( 'NONE', #3394, #5487, #2650, .T. ) ;
#7766 = EDGE_CURVE ( 'NONE', #5556, #7683, #5008, .T. ) ;
#7767 = DIRECTION ( 'NONE',  ( 0.000000000000000000, 0.000000000000000000, 1.000000000000000000 ) ) ;
#7768 = CARTESIAN_POINT ( 'NONE',  ( 0.9000000000000000222, 0.2500000000000000000, 0.9749999999999999778 ) ) ;
#7769 = ORIENTED_EDGE ( 'NONE', *, *, #8141, .F. ) ;
#7770 = DIRECTION ( 'NONE',  ( -0.000000000000000000, -0.000000000000000000, -1.000000000000000000 ) ) ;
#7771 = CARTESIAN_POINT ( 'NONE',  ( -1.735056914610914269, 1.249598840175964787, 1.704224804851841357 ) ) ;
#7772 = DIRECTION ( 'NONE',  ( 1.000000000000000000, 0.000000000000000000, 0.000000000000000000 ) ) ;
#7773 = VERTEX_POINT ( 'NONE', #20 ) ;
#7774 = ORIENTED_EDGE ( 'NONE', *, *, #4607, .T. ) ;
#7775 = CARTESIAN_POINT ( 'NONE',  ( -1.717086875603152984, 1.000000000000000000, -0.5749999999999998446 ) ) ;
#7776 = ORIENTED_EDGE ( 'NONE', *, *, #1258, .F. ) ;
#7777 = DIRECTION ( 'NONE',  ( 0.000000000000000000, 0.9848077530122080203, 0.1736481776669307198 ) ) ;
#7778 = EDGE_CURVE ( 'NONE', #6747, #446, #5166, .T. ) ;
#7779 = ADVANCED_FACE ( 'NONE', ( #1988 ), #4550, .F. ) ;
#7780 = EDGE_CURVE ( 'NONE', #7598, #1515, #4456, .T. ) ;
#7781 = DIRECTION ( 'NONE',  ( 1.000000000000000000, 0.000000000000000000, 0.000000000000000000 ) ) ;
#7782 = ORIENTED_EDGE ( 'NONE', *, *, #2857, .F. ) ;
#7783 = PLANE ( 'NONE',  #601 ) ;
#7784 = FACE_OUTER_BOUND ( 'NONE', #5961, .T. ) ;
#7785 = CARTESIAN_POINT ( 'NONE',  ( -0.9978147600733806577, 0.2292088309182247763, -0.9749999999999999778 ) ) ;
#7786 = ORIENTED_EDGE ( 'NONE', *, *, #5343, .F. ) ;
#7787 = CARTESIAN_POINT ( 'NONE',  ( -1.002234059486502682, 0.2500000000000000000, 0.8750000000000000000 ) ) ;
#7788 = EDGE_CURVE ( 'NONE', #8247, #4762, #3761, .T. ) ;
#7789 = ORIENTED_EDGE ( 'NONE', *, *, #2286, .T. ) ;
#7790 = CARTESIAN_POINT ( 'NONE',  ( -1.050000000000000266, 2.829999999999999627, 1.399999999999999689 ) ) ;
#7791 = ORIENTED_EDGE ( 'NONE', *, *, #5358, .F. ) ;
#7792 = AXIS2_PLACEMENT_3D ( 'NONE', #4283, #1034, #5492 ) ;
#7793 = DIRECTION ( 'NONE',  ( 0.9863939238321414171, 0.1643989873053716411, 0.000000000000000000 ) ) ;
#7794 = PLANE ( 'NONE',  #5725 ) ;
#7795 = EDGE_CURVE ( 'NONE', #612, #4769, #1541, .T. ) ;
#7796 = EDGE_CURVE ( 'NONE', #6424, #5231, #2240, .T. ) ;
#7797 = ORIENTED_EDGE ( 'NONE', *, *, #6560, .T. ) ;
#7798 = CARTESIAN_POINT ( 'NONE',  ( 0.8999999999999999112, 0.2500000000000000000, -0.6835786437626908407 ) ) ;
#7799 = DIRECTION ( 'NONE',  ( 0.08715574274765110208, 0.9961946980917462113, 0.000000000000000000 ) ) ;
#7800 = ORIENTED_EDGE ( 'NONE', *, *, #787, .F. ) ;
#7801 = AXIS2_PLACEMENT_3D ( 'NONE', #5643, #1223, #2436 ) ;
#7802 = VECTOR ( 'NONE', #3753, 1000.000000000000000 ) ;
#7803 = VERTEX_POINT ( 'NONE', #4132 ) ;
#7804 = FACE_OUTER_BOUND ( 'NONE', #3556, .T. ) ;
#7805 = VECTOR ( 'NONE', #6712, 1000.000000000000000 ) ;
#7806 = VERTEX_POINT ( 'NONE', #3456 ) ;
#7807 = CARTESIAN_POINT ( 'NONE',  ( -1.050000000000000044, 0.000000000000000000, -0.2249999999999998390 ) ) ;
#7808 = CARTESIAN_POINT ( 'NONE',  ( 0.000000000000000000, 0.05000000000000000971, 0.000000000000000000 ) ) ;
#7809 = EDGE_CURVE ( 'NONE', #3714, #4790, #6620, .T. ) ;
#7810 = CARTESIAN_POINT ( 'NONE',  ( -0.5000000000000000000, 0.05000000000000000971, -1.100000000000000089 ) ) ;
#7811 = LINE ( 'NONE', #2097, #4028 ) ;
#7812 = ORIENTED_EDGE ( 'NONE', *, *, #4912, .T. ) ;
#7813 = EDGE_LOOP ( 'NONE', ( #3374, #4710, #2058, #3501 ) ) ;
#7814 = CARTESIAN_POINT ( 'NONE',  ( -1.729989406634232729, 1.098004453143892833, 1.375000000000000444 ) ) ;
#7815 = ORIENTED_EDGE ( 'NONE', *, *, #1811, .F. ) ;
#7816 = CARTESIAN_POINT ( 'NONE',  ( -1.717086875603152984, 1.000000000000000000, 1.628887806575430197 ) ) ;
#7817 = CARTESIAN_POINT ( 'NONE',  ( 0.000000000000000000, 0.7500000000000000000, 0.000000000000000000 ) ) ;
#7818 = DIRECTION ( 'NONE',  ( 0.1305261922200450231, -0.9914448613738112703, 0.000000000000000000 ) ) ;
#7819 = ORIENTED_EDGE ( 'NONE', *, *, #104, .T. ) ;
#7820 = EDGE_CURVE ( 'NONE', #3521, #4452, #4799, .T. ) ;
#7821 = ADVANCED_FACE ( 'NONE', ( #6041 ), #313, .F. ) ;
#7822 = FACE_OUTER_BOUND ( 'NONE', #6215, .T. ) ;
#7823 = VECTOR ( 'NONE', #3548, 1000.000000000000000 ) ;
#7824 = DIRECTION ( 'NONE',  ( 0.2079116908177522649, -0.9781476007338071321, 0.000000000000000000 ) ) ;
#7825 = DIRECTION ( 'NONE',  ( -0.9781476007338070211, -0.2079116908177524314, 0.000000000000000000 ) ) ;
#7826 = ORIENTED_EDGE ( 'NONE', *, *, #3522, .T. ) ;
#7827 = CARTESIAN_POINT ( 'NONE',  ( 0.3250000000000000666, 0.05000000000000001665, 1.375000000000000222 ) ) ;
#7828 = VECTOR ( 'NONE', #996, 1000.000000000000000 ) ;
#7829 = DIRECTION ( 'NONE',  ( -0.000000000000000000, -0.000000000000000000, -1.000000000000000000 ) ) ;
#7830 = ORIENTED_EDGE ( 'NONE', *, *, #6036, .T. ) ;
#7831 = ADVANCED_FACE ( 'NONE', ( #4673 ), #227, .T. ) ;
#7832 = DIRECTION ( 'NONE',  ( 1.000000000000000000, 0.000000000000000000, 0.000000000000000000 ) ) ;
#7833 = CARTESIAN_POINT ( 'NONE',  ( -1.351260626809458465, 0.2500000000000000000, 1.750000000000000000 ) ) ;
#7834 = LINE ( 'NONE', #3271, #1840 ) ;
#7835 = VERTEX_POINT ( 'NONE', #4755 ) ;
#7836 = EDGE_LOOP ( 'NONE', ( #6173, #378, #7505, #1611 ) ) ;
#7837 = EDGE_CURVE ( 'NONE', #4337, #6569, #2786, .T. ) ;
#7838 = CARTESIAN_POINT ( 'NONE',  ( 1.611767911629051531, 2.829999999999999627, -0.3450000000000006950 ) ) ;
#7839 =( NAMED_UNIT ( * ) PLANE_ANGLE_UNIT ( ) SI_UNIT ( $, .RADIAN. ) );
#7840 = ORIENTED_EDGE ( 'NONE', *, *, #5932, .F. ) ;
#7841 = LINE ( 'NONE', #6743, #6110 ) ;
#7842 = DIRECTION ( 'NONE',  ( 0.000000000000000000, 0.000000000000000000, 1.000000000000000000 ) ) ;
#7843 = LINE ( 'NONE', #1490, #4257 ) ;
#7844 = DIRECTION ( 'NONE',  ( 0.000000000000000000, 1.000000000000000000, 0.000000000000000000 ) ) ;
#7845 = ADVANCED_FACE ( 'NONE', ( #2961 ), #7224, .F. ) ;
#7846 = LINE ( 'NONE', #6422, #3492 ) ;
#7847 = ORIENTED_EDGE ( 'NONE', *, *, #3613, .F. ) ;
#7848 = CARTESIAN_POINT ( 'NONE',  ( -1.749999999999999778, 1.000000000000000000, 1.375000000000000444 ) ) ;
#7849 = ORIENTED_EDGE ( 'NONE', *, *, #1556, .T. ) ;
#7850 = PLANE ( 'NONE',  #3576 ) ;
#7851 = AXIS2_PLACEMENT_3D ( 'NONE', #5626, #5580, #8158 ) ;
#7852 = VECTOR ( 'NONE', #3833, 1000.000000000000000 ) ;
#7853 = CARTESIAN_POINT ( 'NONE',  ( 1.750000000000000222, 1.249999999999999778, 1.650380530190825423 ) ) ;
#7854 = LINE ( 'NONE', #2106, #4265 ) ;
#7855 = FACE_OUTER_BOUND ( 'NONE', #4504, .T. ) ;
#7856 = ORIENTED_EDGE ( 'NONE', *, *, #7110, .F. ) ;
#7857 = AXIS2_PLACEMENT_3D ( 'NONE', #8348, #5146, #3859 ) ;
#7858 = DIRECTION ( 'NONE',  ( 0.000000000000000000, 0.000000000000000000, 1.000000000000000000 ) ) ;
#7859 = VECTOR ( 'NONE', #8009, 1000.000000000000000 ) ;
#7860 = LINE ( 'NONE', #3407, #1623 ) ;
#7861 = VECTOR ( 'NONE', #5340, 1000.000000000000000 ) ;
#7862 = AXIS2_PLACEMENT_3D ( 'NONE', #7002, #2006, #1240 ) ;
#7863 = CARTESIAN_POINT ( 'NONE',  ( 1.437474670747280747, -0.3664513717229281875, 1.608578829833314350 ) ) ;
#7864 = ORIENTED_EDGE ( 'NONE', *, *, #3598, .T. ) ;
#7865 = CARTESIAN_POINT ( 'NONE',  ( -1.050000000000000044, 0.000000000000000000, -1.024999999999999911 ) ) ;
#7866 = ADVANCED_FACE ( 'NONE', ( #3539 ), #4711, .F. ) ;
#7867 = AXIS2_PLACEMENT_3D ( 'NONE', #6183, #7496, #3601 ) ;
#7868 =( GEOMETRIC_REPRESENTATION_CONTEXT ( 3 ) GLOBAL_UNCERTAINTY_ASSIGNED_CONTEXT ( ( #3646 ) ) GLOBAL_UNIT_ASSIGNED_CONTEXT ( ( #2095, #1750, #5324 ) ) REPRESENTATION_CONTEXT ( 'NONE', 'WORKASPACE' ) );
#7869 = VECTOR ( 'NONE', #2643, 1000.000000000000000 ) ;
#7870 = CIRCLE ( 'NONE', #874, 0.2499999999999997780 ) ;
#7871 = DIRECTION ( 'NONE',  ( -1.000000000000000000, 0.000000000000000000, 0.000000000000000000 ) ) ;
#7872 = VERTEX_POINT ( 'NONE', #6083 ) ;
#7873 = DIRECTION ( 'NONE',  ( 0.2071545374561900577, -0.9745854742315084307, 0.08526518063229367173 ) ) ;
#7874 = PLANE ( 'NONE',  #6475 ) ;
#7875 = LINE ( 'NONE', #1476, #5181 ) ;
#7876 = VECTOR ( 'NONE', #1958, 1000.000000000000000 ) ;
#7877 = LINE ( 'NONE', #843, #5053 ) ;
#7878 = AXIS2_PLACEMENT_3D ( 'NONE', #1180, #381, #4383 ) ;
#7879 = ADVANCED_FACE ( 'NONE', ( #2914 ), #2285, .F. ) ;
#7880 = EDGE_CURVE ( 'NONE', #1585, #3521, #7737, .T. ) ;
#7881 = ORIENTED_EDGE ( 'NONE', *, *, #4354, .F. ) ;
#7882 = ORIENTED_EDGE ( 'NONE', *, *, #8302, .T. ) ;
#7883 = CARTESIAN_POINT ( 'NONE',  ( 0.3250000000000000111, 0.3499999999999999778, 1.100000000000000089 ) ) ;
#7884 = CYLINDRICAL_SURFACE ( 'NONE', #1717, 0.2999999999999997113 ) ;
#7885 = ORIENTED_EDGE ( 'NONE', *, *, #4232, .T. ) ;
#7886 = VECTOR ( 'NONE', #7873, 1000.000000000000114 ) ;
#7887 = ADVANCED_FACE ( 'NONE', ( #6672 ), #366, .F. ) ;
#7888 = ORIENTED_EDGE ( 'NONE', *, *, #5393, .T. ) ;
#7889 = VECTOR ( 'NONE', #2136, 1000.000000000000000 ) ;
#7890 = CARTESIAN_POINT ( 'NONE',  ( 1.617371406666318956, 1.000000000000000000, 1.728127834118518891 ) ) ;
#7891 = DIRECTION ( 'NONE',  ( -0.1300379154054214781, 0.9877360307509844839, -0.08641570524680473875 ) ) ;
#7892 = CARTESIAN_POINT ( 'NONE',  ( -1.750000000000000222, 1.249999999999999778, -1.750000000000000000 ) ) ;
#7893 = EDGE_LOOP ( 'NONE', ( #7990, #1090, #6177, #7888 ) ) ;
#7894 = CARTESIAN_POINT ( 'NONE',  ( -1.050000000000000044, 0.2000000000000000111, 1.375000000000000444 ) ) ;
#7895 = ORIENTED_EDGE ( 'NONE', *, *, #5852, .T. ) ;
#7896 = DIRECTION ( 'NONE',  ( 0.08715574274765107432, 0.9961946980917461003, 0.000000000000000000 ) ) ;
#7897 = EDGE_CURVE ( 'NONE', #6202, #1995, #7902, .T. ) ;
#7898 = SURFACE_SIDE_STYLE ('',( #3449 ) ) ;
#7899 = LINE ( 'NONE', #4708, #1299 ) ;
#7900 = LINE ( 'NONE', #2029, #22 ) ;
#7901 = ORIENTED_EDGE ( 'NONE', *, *, #7432, .F. ) ;
#7902 = LINE ( 'NONE', #2149, #1275 ) ;
#7903 = FACE_OUTER_BOUND ( 'NONE', #6289, .T. ) ;
#7904 = MANIFOLD_SOLID_BREP ( 'LPattern1[3]', #6663 ) ;
#7905 = LINE ( 'NONE', #4801, #2718 ) ;
#7906 = FACE_OUTER_BOUND ( 'NONE', #814, .T. ) ;
#7907 = EDGE_LOOP ( 'NONE', ( #549, #6467, #8300, #5590, #102, #2363, #4694, #6912 ) ) ;
#7908 = CARTESIAN_POINT ( 'NONE',  ( 0.000000000000000000, 2.829999999999999627, 0.000000000000000000 ) ) ;
#7909 = ORIENTED_EDGE ( 'NONE', *, *, #4512, .F. ) ;
#7910 = DIRECTION ( 'NONE',  ( -0.000000000000000000, 0.000000000000000000, -1.000000000000000000 ) ) ;
#7911 = EDGE_LOOP ( 'NONE', ( #8176, #2068, #7611, #516, #3953 ) ) ;
#7912 = VECTOR ( 'NONE', #8274, 1000.000000000000227 ) ;
#7913 = LINE ( 'NONE', #5969, #1972 ) ;
#7914 = CARTESIAN_POINT ( 'NONE',  ( -1.050000000000000266, 2.829999999999999627, 1.399999999999999689 ) ) ;
#7915 = EDGE_CURVE ( 'NONE', #2217, #3781, #1504, .T. ) ;
#7916 = DIRECTION ( 'NONE',  ( -0.1622214211307675957, -0.9733285267845739330, 0.1622214211307655418 ) ) ;
#7917 = CARTESIAN_POINT ( 'NONE',  ( 1.550000000000000044, 1.000000000000000444, -1.375000000000000000 ) ) ;
#7918 = VECTOR ( 'NONE', #3784, 1000.000000000000000 ) ;
#7919 = ORIENTED_EDGE ( 'NONE', *, *, #6323, .F. ) ;
#7920 = ORIENTED_EDGE ( 'NONE', *, *, #7796, .T. ) ;
#7921 = EDGE_CURVE ( 'NONE', #2539, #1434, #5847, .T. ) ;
#7922 = EDGE_CURVE ( 'NONE', #2574, #7872, #2498, .T. ) ;
#7923 = CARTESIAN_POINT ( 'NONE',  ( 0.5000000000000001110, 0.05000000000000000971, 1.200000000000000178 ) ) ;
#7924 = EDGE_CURVE ( 'NONE', #6485, #6558, #3088, .T. ) ;
#7925 = EDGE_LOOP ( 'NONE', ( #1310, #4809, #7881, #1662 ) ) ;
#7926 = LINE ( 'NONE', #984, #6407 ) ;
#7927 = FACE_OUTER_BOUND ( 'NONE', #4514, .T. ) ;
#7928 = DIRECTION ( 'NONE',  ( 0.000000000000000000, 0.000000000000000000, -1.000000000000000000 ) ) ;
#7929 = EDGE_CURVE ( 'NONE', #174, #123, #4644, .T. ) ;
#7930 = FACE_OUTER_BOUND ( 'NONE', #7163, .T. ) ;
#7931 = ORIENTED_EDGE ( 'NONE', *, *, #409, .T. ) ;
#7932 = CARTESIAN_POINT ( 'NONE',  ( 1.592086875603161200, 0.05000000000000000971, -0.07499999999999998335 ) ) ;
#7933 = ORIENTED_EDGE ( 'NONE', *, *, #3125, .F. ) ;
#7934 = DIRECTION ( 'NONE',  ( -0.000000000000000000, -1.000000000000000000, -0.000000000000000000 ) ) ;
#7935 = AXIS2_PLACEMENT_3D ( 'NONE', #5917, #2745, #674 ) ;
#7936 = LINE ( 'NONE', #995, #6518 ) ;
#7937 = CYLINDRICAL_SURFACE ( 'NONE', #1026, 0.2124999999999999944 ) ;
#7938 = CARTESIAN_POINT ( 'NONE',  ( 0.8574886876659970625, 0.05000000000000000971, 1.750000000000000000 ) ) ;
#7939 = VERTEX_POINT ( 'NONE', #1176 ) ;
#7940 = CARTESIAN_POINT ( 'NONE',  ( 1.350000000000000533, 2.829999999999999627, -0.1500000000000000222 ) ) ;
#7941 = EDGE_CURVE ( 'NONE', #3826, #997, #3627, .T. ) ;
#7942 = DIRECTION ( 'NONE',  ( 0.000000000000000000, 1.000000000000000000, 0.000000000000000000 ) ) ;
#7943 = LINE ( 'NONE', #871, #7407 ) ;
#7944 = LINE ( 'NONE', #7268, #6239 ) ;
#7945 = VECTOR ( 'NONE', #3815, 1000.000000000000000 ) ;
#7946 = VERTEX_POINT ( 'NONE', #6976 ) ;
#7947 = CARTESIAN_POINT ( 'NONE',  ( 0.000000000000000000, 0.6850000000000000533, 0.000000000000000000 ) ) ;
#7948 = CARTESIAN_POINT ( 'NONE',  ( -1.050000000000000488, 2.829999999999999627, -1.100000000000000533 ) ) ;
#7949 = VERTEX_POINT ( 'NONE', #8115 ) ;
#7950 = DIRECTION ( 'NONE',  ( -1.000000000000000000, 0.000000000000000000, 0.000000000000000000 ) ) ;
#7951 = CYLINDRICAL_SURFACE ( 'NONE', #3792, 0.09999999999999993616 ) ;
#7952 = LINE ( 'NONE', #5386, #747 ) ;
#7953 = CARTESIAN_POINT ( 'NONE',  ( -1.717086875603152984, 1.000000000000000000, -1.024999999999999911 ) ) ;
#7954 = VECTOR ( 'NONE', #8082, 1000.000000000000000 ) ;
#7955 = EDGE_CURVE ( 'NONE', #1749, #58, #5630, .T. ) ;
#7956 = LINE ( 'NONE', #6690, #3804 ) ;
#7957 = ORIENTED_EDGE ( 'NONE', *, *, #3408, .T. ) ;
#7958 = VECTOR ( 'NONE', #5158, 1000.000000000000000 ) ;
#7959 = LINE ( 'NONE', #2847, #6639 ) ;
#7960 = PLANE ( 'NONE',  #7459 ) ;
#7961 = ORIENTED_EDGE ( 'NONE', *, *, #5761, .T. ) ;
#7962 = EDGE_CURVE ( 'NONE', #5135, #4606, #1973, .T. ) ;
#7963 = ADVANCED_FACE ( 'NONE', ( #8205 ), #4338, .F. ) ;
#7964 = CARTESIAN_POINT ( 'NONE',  ( 1.351260626809458465, 0.2500000000000001110, -0.7250000000000001998 ) ) ;
#7965 = CARTESIAN_POINT ( 'NONE',  ( -1.500000000000000000, 0.2499999999999999445, 1.025000000000000355 ) ) ;
#7966 = CARTESIAN_POINT ( 'NONE',  ( -1.717086875603152984, 1.000000000000000000, 1.000000000000000000 ) ) ;
#7967 = LINE ( 'NONE', #4866, #862 ) ;
#7968 = CARTESIAN_POINT ( 'NONE',  ( -1.351260626809458465, 0.2500000000000000000, 0.8750000000000000000 ) ) ;
#7969 = EDGE_LOOP ( 'NONE', ( #120, #54, #5007, #1814, #6709, #7347, #4022, #6810, #7961, #960 ) ) ;
#7970 = DIRECTION ( 'NONE',  ( -1.000000000000000000, -0.000000000000000000, -0.000000000000000000 ) ) ;
#7971 = ORIENTED_EDGE ( 'NONE', *, *, #4819, .T. ) ;
#7972 = CARTESIAN_POINT ( 'NONE',  ( -0.3250000000000000111, 0.3499999999999999778, -0.9778980942125397036 ) ) ;
#7973 =( BOUNDED_CURVE ( )  B_SPLINE_CURVE ( 3, ( #5574, #7640, #1118, #1035 ),
 .UNSPECIFIED., .F., .T. ) 
 B_SPLINE_CURVE_WITH_KNOTS ( ( 4, 4 ),
 ( 5.501585242055462288, 7.064785372303795441 ),
 .UNSPECIFIED. ) 
 CURVE ( )  GEOMETRIC_REPRESENTATION_ITEM ( )  RATIONAL_B_SPLINE_CURVE ( ( 1.000000000000000000, 0.8065248903853482476, 0.8065248903853482476, 1.000000000000000000 ) ) 
 REPRESENTATION_ITEM ( '' )  );
#7974 = EDGE_CURVE ( 'NONE', #4816, #7516, #1210, .T. ) ;
#7975 = LINE ( 'NONE', #953, #5652 ) ;
#7976 = LINE ( 'NONE', #1767, #3542 ) ;
#7977 = ORIENTED_EDGE ( 'NONE', *, *, #4736, .T. ) ;
#7978 = SURFACE_STYLE_FILL_AREA ( #5417 ) ;
#7979 = FACE_OUTER_BOUND ( 'NONE', #4067, .T. ) ;
#7980 = CARTESIAN_POINT ( 'NONE',  ( -1.500000000000000222, 1.000000000000000000, -1.375000000000000000 ) ) ;
#7981 = CARTESIAN_POINT ( 'NONE',  ( 0.000000000000000000, 0.6850000000000000533, 0.000000000000000000 ) ) ;
#7982 = ORIENTED_EDGE ( 'NONE', *, *, #4736, .F. ) ;
#7983 = CIRCLE ( 'NONE', #4531, 0.2999999999999998224 ) ;
#7984 = FACE_OUTER_BOUND ( 'NONE', #2347, .T. ) ;
#7985 = VECTOR ( 'NONE', #2287, 1000.000000000000000 ) ;
#7986 = ADVANCED_FACE ( 'NONE', ( #7564 ), #4379, .F. ) ;
#7987 = CYLINDRICAL_SURFACE ( 'NONE', #4131, 0.1000000000000000333 ) ;
#7988 = ORIENTED_EDGE ( 'NONE', *, *, #3376, .T. ) ;
#7989 = CARTESIAN_POINT ( 'NONE',  ( 1.500000000000000000, 2.710505431213761085E-16, 1.375000000000000444 ) ) ;
#7990 = ORIENTED_EDGE ( 'NONE', *, *, #1314, .F. ) ;
#7991 = VECTOR ( 'NONE', #2905, 1000.000000000000000 ) ;
#7992 = VECTOR ( 'NONE', #3786, 1000.000000000000000 ) ;
#7993 = AXIS2_PLACEMENT_3D ( 'NONE', #2714, #34, #7832 ) ;
#7994 = CARTESIAN_POINT ( 'NONE',  ( 1.508292829518807388, -0.2527642765062024233, -0.8087940460843713320 ) ) ;
#7995 = DIRECTION ( 'NONE',  ( 0.9848077530122080203, 0.1736481776669307198, 1.067730705296403607E-15 ) ) ;
#7996 = LINE ( 'NONE', #6550, #7613 ) ;
#7997 = DIRECTION ( 'NONE',  ( -1.000000000000000000, 0.000000000000000000, 0.000000000000000000 ) ) ;
#7998 = MANIFOLD_SOLID_BREP ( 'Boss-Extrude4[2]', #6526 ) ;
#7999 = VECTOR ( 'NONE', #665, 1000.000000000000000 ) ;
#8000 = AXIS2_PLACEMENT_3D ( 'NONE', #7633, #5738, #1232 ) ;
#8001 = AXIS2_PLACEMENT_3D ( 'NONE', #5812, #5891, #3898 ) ;
#8002 = EDGE_LOOP ( 'NONE', ( #7334, #116, #7606, #4996 ) ) ;
#8003 = DIRECTION ( 'NONE',  ( 1.000000000000000000, 0.000000000000000000, 0.000000000000000000 ) ) ;
#8004 = EDGE_LOOP ( 'NONE', ( #3151, #4746, #7151, #4433, #6478, #5832, #4620, #716, #1010, #2343 ) ) ;
#8005 = AXIS2_PLACEMENT_3D ( 'NONE', #1731, #4965, #4920 ) ;
#8006 = VECTOR ( 'NONE', #2802, 1000.000000000000000 ) ;
#8007 = AXIS2_PLACEMENT_3D ( 'NONE', #1256, #2507, #7777 ) ;
#8008 = LINE ( 'NONE', #4065, #1021 ) ;
#8009 = DIRECTION ( 'NONE',  ( 0.1300379154054213393, -0.9877360307509845949, 0.08641570524680476650 ) ) ;
#8010 = VERTEX_POINT ( 'NONE', #3360 ) ;
#8011 = ORIENTED_EDGE ( 'NONE', *, *, #4280, .T. ) ;
#8012 = MECHANICAL_DESIGN_GEOMETRIC_PRESENTATION_REPRESENTATION (  '', ( #1709 ), #6403 ) ;
#8013 = LINE ( 'NONE', #3564, #3742 ) ;
#8014 = DIRECTION ( 'NONE',  ( -0.000000000000000000, -1.000000000000000000, 0.000000000000000000 ) ) ;
#8015 = CARTESIAN_POINT ( 'NONE',  ( -1.050000000000000044, 0.2000000000000000111, -0.5749999999999998446 ) ) ;
#8016 = AXIS2_PLACEMENT_3D ( 'NONE', #14, #7052, #6418 ) ;
#8017 = CARTESIAN_POINT ( 'NONE',  ( 2.602374448188125350E-17, 0.7500000000000000000, -0.2124999999999999944 ) ) ;
#8018 = EDGE_CURVE ( 'NONE', #1725, #5263, #2777, .T. ) ;
#8019 = ORIENTED_EDGE ( 'NONE', *, *, #4083, .T. ) ;
#8020 = ADVANCED_FACE ( 'NONE', ( #4462 ), #5086, .F. ) ;
#8021 = CARTESIAN_POINT ( 'NONE',  ( -0.3250000000000000111, 0.3499999999999999778, -1.200000000000000178 ) ) ;
#8022 = ORIENTED_EDGE ( 'NONE', *, *, #7245, .F. ) ;
#8023 = DIRECTION ( 'NONE',  ( -0.000000000000000000, -0.000000000000000000, -1.000000000000000000 ) ) ;
#8024 = CARTESIAN_POINT ( 'NONE',  ( 1.650284531063166193, 1.249999999999999778, 1.750000000000000000 ) ) ;
#8025 = DIRECTION ( 'NONE',  ( 0.000000000000000000, 0.000000000000000000, 1.000000000000000000 ) ) ;
#8026 = ORIENTED_EDGE ( 'NONE', *, *, #3557, .T. ) ;
#8027 = DIRECTION ( 'NONE',  ( -0.000000000000000000, -0.000000000000000000, -1.000000000000000000 ) ) ;
#8028 = CARTESIAN_POINT ( 'NONE',  ( -1.500000000000000000, -5.421010862427512309E-17, -1.024999999999999911 ) ) ;
#8029 = PLANE ( 'NONE',  #267 ) ;
#8030 = VERTEX_POINT ( 'NONE', #1982 ) ;
#8031 = EDGE_CURVE ( 'NONE', #2429, #4167, #1369, .T. ) ;
#8032 = LINE ( 'NONE', #2289, #1551 ) ;
#8033 = EDGE_CURVE ( 'NONE', #1725, #4677, #2016, .T. ) ;
#8034 = VERTEX_POINT ( 'NONE', #7654 ) ;
#8035 = DIRECTION ( 'NONE',  ( -0.000000000000000000, 1.000000000000000000, -0.000000000000000000 ) ) ;
#8036 = DIRECTION ( 'NONE',  ( 0.000000000000000000, 0.000000000000000000, 1.000000000000000000 ) ) ;
#8037 = VERTEX_POINT ( 'NONE', #738 ) ;
#8038 = DIRECTION ( 'NONE',  ( 0.000000000000000000, -0.000000000000000000, -1.000000000000000000 ) ) ;
#8039 = ORIENTED_EDGE ( 'NONE', *, *, #528, .T. ) ;
#8040 = CARTESIAN_POINT ( 'NONE',  ( 1.350000000000000089, 2.829999999999999627, 1.100000000000000089 ) ) ;
#8041 = CARTESIAN_POINT ( 'NONE',  ( 1.450000000000000400, 1.000000000000000000, 0.2000000000000000944 ) ) ;
#8042 = PLANE ( 'NONE',  #7878 ) ;
#8043 = CARTESIAN_POINT ( 'NONE',  ( -1.050000000000000044, 0.000000000000000000, -1.024999999999999911 ) ) ;
#8044 = VECTOR ( 'NONE', #2023, 1000.000000000000000 ) ;
#8045 = VERTEX_POINT ( 'NONE', #1333 ) ;
#8046 = EDGE_LOOP ( 'NONE', ( #1133, #3799, #6253, #8026 ) ) ;
#8047 = CARTESIAN_POINT ( 'NONE',  ( -1.592086875603152540, 0.05000000000000000971, 0.8750000000000000000 ) ) ;
#8048 = ORIENTED_EDGE ( 'NONE', *, *, #145, .F. ) ;
#8049 = ADVANCED_FACE ( 'NONE', ( #5870 ), #620, .F. ) ;
#8050 = CARTESIAN_POINT ( 'NONE',  ( 1.749999999999999778, 2.829999999999999627, -0.6000000000000007550 ) ) ;
#8051 = PRESENTATION_STYLE_ASSIGNMENT (( #6155 ) ) ;
#8052 = AXIS2_PLACEMENT_3D ( 'NONE', #7252, #6030, #2181 ) ;
#8053 = EDGE_LOOP ( 'NONE', ( #7826, #4201, #625, #2502, #2283, #1909, #5081, #937, #1260, #1836 ) ) ;
#8054 = ORIENTED_EDGE ( 'NONE', *, *, #713, .F. ) ;
#8055 = MANIFOLD_SOLID_BREP ( 'Boss-Extrude5[2]', #5605 ) ;
#8056 = PLANE ( 'NONE',  #2801 ) ;
#8057 = PLANE ( 'NONE',  #4695 ) ;
#8058 = CARTESIAN_POINT ( 'NONE',  ( -0.5000000000000000000, 0.05000000000000000971, 1.100000000000000089 ) ) ;
#8059 = CARTESIAN_POINT ( 'NONE',  ( 0.9000000000000000222, 0.2500000000000000000, 1.750000000000000000 ) ) ;
#8060 = ORIENTED_EDGE ( 'NONE', *, *, #6006, .F. ) ;
#8061 = CARTESIAN_POINT ( 'NONE',  ( 1.749999999999999778, 0.2500000000000001665, 0.2250000000000001443 ) ) ;
#8062 = ORIENTED_EDGE ( 'NONE', *, *, #6125, .T. ) ;
#8063 = DIRECTION ( 'NONE',  ( 0.1287798954323275680, -0.9781804203664667963, -0.1630300700610811115 ) ) ;
#8064 = CARTESIAN_POINT ( 'NONE',  ( -1.750000000000000222, 0.05000000000000000971, 1.645013603768891164 ) ) ;
#8065 = ADVANCED_FACE ( 'NONE', ( #4614 ), #2101, .F. ) ;
#8066 = DIRECTION ( 'NONE',  ( 0.000000000000000000, 0.000000000000000000, 1.000000000000000000 ) ) ;
#8067 = ORIENTED_EDGE ( 'NONE', *, *, #3419, .T. ) ;
#8068 = CARTESIAN_POINT ( 'NONE',  ( 0.8574886876659970625, 0.05000000000000000971, 0.6250000000000001110 ) ) ;
#8069 = FACE_OUTER_BOUND ( 'NONE', #158, .T. ) ;
#8070 = DIRECTION ( 'NONE',  ( -1.000000000000000000, -0.000000000000000000, -0.000000000000000000 ) ) ;
#8071 = VERTEX_POINT ( 'NONE', #3996 ) ;
#8072 = ORIENTED_EDGE ( 'NONE', *, *, #3182, .F. ) ;
#8073 = DIRECTION ( 'NONE',  ( 0.000000000000000000, 0.000000000000000000, 1.000000000000000000 ) ) ;
#8074 = ORIENTED_EDGE ( 'NONE', *, *, #6571, .F. ) ;
#8075 = CARTESIAN_POINT ( 'NONE',  ( 0.8998354216417642215, 0.04999999999999999584, -0.07499999999999995559 ) ) ;
#8076 = AXIS2_PLACEMENT_3D ( 'NONE', #7365, #6146, #6820 ) ;
#8077 = VECTOR ( 'NONE', #1172, 1000.000000000000000 ) ;
#8078 = DIRECTION ( 'NONE',  ( -0.000000000000000000, -0.000000000000000000, -1.000000000000000000 ) ) ;
#8079 = ORIENTED_EDGE ( 'NONE', *, *, #3410, .F. ) ;
#8080 = EDGE_CURVE ( 'NONE', #577, #501, #6529, .T. ) ;
#8081 = EDGE_CURVE ( 'NONE', #58, #6619, #2581, .T. ) ;
#8082 = DIRECTION ( 'NONE',  ( -0.1305261922200450231, 0.9914448613738112703, -0.000000000000000000 ) ) ;
#8083 = ORIENTED_EDGE ( 'NONE', *, *, #677, .T. ) ;
#8084 = VECTOR ( 'NONE', #914, 1000.000000000000000 ) ;
#8085 = DIRECTION ( 'NONE',  ( 0.000000000000000000, 0.000000000000000000, 1.000000000000000000 ) ) ;
#8086 = AXIS2_PLACEMENT_3D ( 'NONE', #2439, #1023, #6102 ) ;
#8087 = DIRECTION ( 'NONE',  ( 0.9781476007338071321, 0.2079116908177522649, -0.000000000000000000 ) ) ;
#8088 = DIRECTION ( 'NONE',  ( 3.469446951953614682E-16, 0.000000000000000000, 1.000000000000000000 ) ) ;
#8089 = CARTESIAN_POINT ( 'NONE',  ( 1.350000000000000311, 2.849999999999999645, -1.100000000000000533 ) ) ;
#8090 = ORIENTED_EDGE ( 'NONE', *, *, #1882, .T. ) ;
#8091 = ADVANCED_FACE ( 'NONE', ( #7053 ), #15, .F. ) ;
#8092 = CARTESIAN_POINT ( 'NONE',  ( -1.717086875603152984, 1.000000000000000000, -0.1999999999999998723 ) ) ;
#8093 = ORIENTED_EDGE ( 'NONE', *, *, #787, .T. ) ;
#8094 = DIRECTION ( 'NONE',  ( 0.000000000000000000, -0.000000000000000000, -1.000000000000000000 ) ) ;
#8095 = AXIS2_PLACEMENT_3D ( 'NONE', #3295, #5134, #1948 ) ;
#8096 = EDGE_LOOP ( 'NONE', ( #2936, #8060, #264, #7327 ) ) ;
#8097 = ORIENTED_EDGE ( 'NONE', *, *, #638, .T. ) ;
#8098 = ORIENTED_EDGE ( 'NONE', *, *, #3234, .T. ) ;
#8099 = ADVANCED_FACE ( 'NONE', ( #6070 ), #4947, .T. ) ;
#8100 = MANIFOLD_SOLID_BREP ( 'LPattern1[6]', #7186 ) ;
#8101 = DIRECTION ( 'NONE',  ( -0.000000000000000000, -0.000000000000000000, -1.000000000000000000 ) ) ;
#8102 = VECTOR ( 'NONE', #7277, 1000.000000000000000 ) ;
#8103 = CARTESIAN_POINT ( 'NONE',  ( 1.711784578174517568, 0.9597250524995485366, -1.625364205245038329 ) ) ;
#8104 = CARTESIAN_POINT ( 'NONE',  ( 0.9597227471524999443, 0.05000000000000000971, -0.07499999999999998335 ) ) ;
#8105 = CARTESIAN_POINT ( 'NONE',  ( -1.550000000000000044, 1.000000000000000000, -1.024999999999999911 ) ) ;
#8106 = CARTESIAN_POINT ( 'NONE',  ( 1.050000000000000044, 0.2000000000000001776, 1.025000000000000355 ) ) ;
#8107 = ORIENTED_EDGE ( 'NONE', *, *, #7727, .T. ) ;
#8108 = DIRECTION ( 'NONE',  ( -0.1305261922200450231, 0.9914448613738112703, -0.000000000000000000 ) ) ;
#8109 = EDGE_LOOP ( 'NONE', ( #1671, #1430, #5894, #7297, #6459 ) ) ;
#8110 = ORIENTED_EDGE ( 'NONE', *, *, #2333, .F. ) ;
#8111 = DIRECTION ( 'NONE',  ( -0.000000000000000000, -0.000000000000000000, -1.000000000000000000 ) ) ;
#8112 = DIRECTION ( 'NONE',  ( -1.000000000000000000, 0.000000000000000000, 0.000000000000000000 ) ) ;
#8113 = CARTESIAN_POINT ( 'NONE',  ( 0.000000000000000000, 0.3499999999999999778, 0.000000000000000000 ) ) ;
#8114 = VERTEX_POINT ( 'NONE', #2729 ) ;
#8115 = CARTESIAN_POINT ( 'NONE',  ( 1.550000000000000044, 0.2500000000000001665, -0.5749999999999998446 ) ) ;
#8116 = CARTESIAN_POINT ( 'NONE',  ( 1.749999999999999778, 0.2500000000000001665, -0.5749999999999998446 ) ) ;
#8117 = LINE ( 'NONE', #1130, #1916 ) ;
#8118 = ORIENTED_EDGE ( 'NONE', *, *, #6126, .F. ) ;
#8119 = FACE_OUTER_BOUND ( 'NONE', #4454, .T. ) ;
#8120 = ORIENTED_EDGE ( 'NONE', *, *, #2065, .F. ) ;
#8121 = CARTESIAN_POINT ( 'NONE',  ( -0.3250000000000000111, 0.05000000000000000971, 0.9250000000000000444 ) ) ;
#8122 = CARTESIAN_POINT ( 'NONE',  ( 1.729989406634232729, 1.098004453143893278, -1.375000000000000000 ) ) ;
#8123 = VERTEX_POINT ( 'NONE', #5271 ) ;
#8124 = DIRECTION ( 'NONE',  ( 0.000000000000000000, 0.1643989873053606499, 0.9863939238321431935 ) ) ;
#8125 = ORIENTED_EDGE ( 'NONE', *, *, #3808, .T. ) ;
#8126 = CARTESIAN_POINT ( 'NONE',  ( -1.592086875603152540, 0.05000000000000000971, 0.7250000000000000888 ) ) ;
#8127 = CARTESIAN_POINT ( 'NONE',  ( -1.500000000000000000, -5.421010862427512309E-17, -1.024999999999999911 ) ) ;
#8128 = VECTOR ( 'NONE', #5601, 1000.000000000000000 ) ;
#8129 = EDGE_CURVE ( 'NONE', #3826, #2082, #4783, .T. ) ;
#8130 = CARTESIAN_POINT ( 'NONE',  ( 1.717086875603152984, 1.000000000000000444, -0.5749999999999998446 ) ) ;
#8131 = VECTOR ( 'NONE', #7296, 1000.000000000000000 ) ;
#8132 = CIRCLE ( 'NONE', #6108, 0.2999999999999997113 ) ;
#8133 = ORIENTED_EDGE ( 'NONE', *, *, #4812, .F. ) ;
#8134 = DIRECTION ( 'NONE',  ( 1.000000000000000000, 0.000000000000000000, 0.000000000000000000 ) ) ;
#8135 = ORIENTED_EDGE ( 'NONE', *, *, #7619, .F. ) ;
#8136 = DIRECTION ( 'NONE',  ( -0.000000000000000000, -0.000000000000000000, -1.000000000000000000 ) ) ;
#8137 = VECTOR ( 'NONE', #2967, 1000.000000000000000 ) ;
#8138 = VERTEX_POINT ( 'NONE', #1580 ) ;
#8139 = CIRCLE ( 'NONE', #2103, 0.04999999999999991257 ) ;
#8140 = AXIS2_PLACEMENT_3D ( 'NONE', #5482, #6687, #4020 ) ;
#8141 = EDGE_CURVE ( 'NONE', #8030, #7949, #7212, .T. ) ;
#8142 = EDGE_CURVE ( 'NONE', #4468, #7454, #7843, .T. ) ;
#8143 = EDGE_CURVE ( 'NONE', #7308, #4597, #68, .T. ) ;
#8144 = CARTESIAN_POINT ( 'NONE',  ( 1.717086875603152984, 1.000000000000000000, 0.2000000000000000944 ) ) ;
#8145 = AXIS2_PLACEMENT_3D ( 'NONE', #7192, #2120, #1437 ) ;
#8146 = COLOUR_RGB ( '',0.7921568627450980005, 0.8196078431372548767, 0.9333333333333333481 ) ;
#8147 = VECTOR ( 'NONE', #1072, 1000.000000000000000 ) ;
#8148 = AXIS2_PLACEMENT_3D ( 'NONE', #4508, #7060, #6427 ) ;
#8149 = CARTESIAN_POINT ( 'NONE',  ( 1.508292829518788958, -0.2527642765062302899, -0.008794046084375978234 ) ) ;
#8150 = DIRECTION ( 'NONE',  ( 1.000000000000000000, 1.204669080539447865E-16, -0.000000000000000000 ) ) ;
#8151 = CARTESIAN_POINT ( 'NONE',  ( -1.002234059486502682, 0.2500000000000000000, 0.7250000000000001998 ) ) ;
#8152 = EDGE_LOOP ( 'NONE', ( #5209, #8167, #8110, #6381 ) ) ;
#8153 = VERTEX_POINT ( 'NONE', #302 ) ;
#8154 = CARTESIAN_POINT ( 'NONE',  ( 1.050000000000000044, 0.2000000000000001776, 0.2250000000000001443 ) ) ;
#8155 = ORIENTED_EDGE ( 'NONE', *, *, #4951, .F. ) ;
#8156 = ORIENTED_EDGE ( 'NONE', *, *, #1109, .F. ) ;
#8157 = CIRCLE ( 'NONE', #5319, 0.2999999999999997113 ) ;
#8158 = DIRECTION ( 'NONE',  ( -0.000000000000000000, 0.000000000000000000, -1.000000000000000000 ) ) ;
#8159 = VECTOR ( 'NONE', #5431, 1000.000000000000227 ) ;
#8160 = LINE ( 'NONE', #2577, #3517 ) ;
#8161 = LINE ( 'NONE', #4918, #974 ) ;
#8162 = VERTEX_POINT ( 'NONE', #6868 ) ;
#8163 = AXIS2_PLACEMENT_3D ( 'NONE', #632, #5639, #5133 ) ;
#8164 = DIRECTION ( 'NONE',  ( -1.445602896647340100E-15, 0.000000000000000000, 1.000000000000000000 ) ) ;
#8165 = CARTESIAN_POINT ( 'NONE',  ( 1.749999999999999778, 1.000000000000000444, 0.2250000000000001443 ) ) ;
#8166 = LINE ( 'NONE', #2426, #3523 ) ;
#8167 = ORIENTED_EDGE ( 'NONE', *, *, #6025, .F. ) ;
#8168 = ORIENTED_EDGE ( 'NONE', *, *, #4712, .F. ) ;
#8169 = CARTESIAN_POINT ( 'NONE',  ( 1.050000000000000044, 0.2000000000000001776, 1.375000000000000444 ) ) ;
#8170 = EDGE_CURVE ( 'NONE', #1788, #1795, #3438, .T. ) ;
#8171 = ORIENTED_EDGE ( 'NONE', *, *, #3072, .F. ) ;
#8172 = DIRECTION ( 'NONE',  ( 1.000000000000000000, 0.000000000000000000, 0.000000000000000000 ) ) ;
#8173 = SURFACE_SIDE_STYLE ('',( #2292 ) ) ;
#8174 = ORIENTED_EDGE ( 'NONE', *, *, #6015, .F. ) ;
#8175 = CARTESIAN_POINT ( 'NONE',  ( -1.450000000000000400, 1.000000000000000000, 1.750000000000000000 ) ) ;
#8176 = ORIENTED_EDGE ( 'NONE', *, *, #8249, .F. ) ;
#8177 = CARTESIAN_POINT ( 'NONE',  ( -0.8574886876659970625, 0.05000000000000000971, 1.750000000000000000 ) ) ;
#8178 = CARTESIAN_POINT ( 'NONE',  ( 1.683156523338335875, 1.249959048233957315, 1.745138556358963200 ) ) ;
#8179 = CARTESIAN_POINT ( 'NONE',  ( -1.500000000000000000, 0.2499999999999999445, -0.5749999999999998446 ) ) ;
#8180 = ORIENTED_EDGE ( 'NONE', *, *, #5568, .F. ) ;
#8181 = UNCERTAINTY_MEASURE_WITH_UNIT (LENGTH_MEASURE( 1.000000000000000082E-05 ), #856, 'distance_accuracy_value', 'NONE');
#8182 = DIRECTION ( 'NONE',  ( 0.000000000000000000, 0.000000000000000000, 1.000000000000000000 ) ) ;
#8183 = ORIENTED_EDGE ( 'NONE', *, *, #6109, .T. ) ;
#8184 = EDGE_CURVE ( 'NONE', #8153, #4468, #8257, .T. ) ;
#8185 = DIRECTION ( 'NONE',  ( -0.000000000000000000, 0.000000000000000000, 1.000000000000000000 ) ) ;
#8186 = CARTESIAN_POINT ( 'NONE',  ( 1.450000000000000400, 1.000000000000000000, -0.2000000000000000944 ) ) ;
#8187 = ORIENTED_EDGE ( 'NONE', *, *, #3123, .F. ) ;
#8188 = CARTESIAN_POINT ( 'NONE',  ( -1.350000000000000089, 2.829999999999999627, 1.100000000000000089 ) ) ;
#8189 = EDGE_CURVE ( 'NONE', #3299, #5223, #4316, .T. ) ;
#8190 = EDGE_CURVE ( 'NONE', #6975, #5513, #3390, .T. ) ;
#8191 = DIRECTION ( 'NONE',  ( -0.000000000000000000, 1.000000000000000000, -0.000000000000000000 ) ) ;
#8192 = CARTESIAN_POINT ( 'NONE',  ( 1.454429438579556866, 1.033644926307732748, -1.005607487717955273 ) ) ;
#8193 = LINE ( 'NONE', #5659, #1014 ) ;
#8194 = PLANE ( 'NONE',  #1746 ) ;
#8195 = ORIENTED_EDGE ( 'NONE', *, *, #2954, .F. ) ;
#8196 = ORIENTED_EDGE ( 'NONE', *, *, #853, .T. ) ;
#8197 = CARTESIAN_POINT ( 'NONE',  ( 0.9000000000000000222, 0.2500000000000000000, 1.662511336474075785 ) ) ;
#8198 = VERTEX_POINT ( 'NONE', #7966 ) ;
#8199 = DIRECTION ( 'NONE',  ( 0.000000000000000000, -1.000000000000000000, 0.000000000000000000 ) ) ;
#8200 = CARTESIAN_POINT ( 'NONE',  ( 1.351260626809458465, 0.2500000000000000000, -1.662511336474076007 ) ) ;
#8201 = EDGE_CURVE ( 'NONE', #5471, #266, #5944, .T. ) ;
#8202 = CARTESIAN_POINT ( 'NONE',  ( -1.500000000000000000, 0.2499999999999999445, 1.375000000000000444 ) ) ;
#8203 = EDGE_CURVE ( 'NONE', #4115, #6227, #2394, .T. ) ;
#8204 = ORIENTED_EDGE ( 'NONE', *, *, #2742, .F. ) ;
#8205 = FACE_OUTER_BOUND ( 'NONE', #8096, .T. ) ;
#8206 = DIRECTION ( 'NONE',  ( -1.000000000000000000, 0.000000000000000000, 0.000000000000000000 ) ) ;
#8207 = DIRECTION ( 'NONE',  ( 1.000000000000000000, -0.000000000000000000, -0.000000000000000000 ) ) ;
#8208 = ORIENTED_EDGE ( 'NONE', *, *, #7470, .T. ) ;
#8209 = PLANE ( 'NONE',  #2527 ) ;
#8210 = ORIENTED_EDGE ( 'NONE', *, *, #6669, .F. ) ;
#8211 = CARTESIAN_POINT ( 'NONE',  ( 1.610018138358533024, 2.829999999999999627, -0.8550000000000008704 ) ) ;
#8212 = DIRECTION ( 'NONE',  ( 0.000000000000000000, 0.08715574274765831853, 0.9961946980917455452 ) ) ;
#8213 = ADVANCED_FACE ( 'NONE', ( #4741 ), #7290, .F. ) ;
#8214 = CARTESIAN_POINT ( 'NONE',  ( 1.500000000000000222, 1.000000000000000444, -0.5749999999999998446 ) ) ;
#8215 = ORIENTED_EDGE ( 'NONE', *, *, #1511, .T. ) ;
#8216 = DIRECTION ( 'NONE',  ( 0.000000000000000000, 0.000000000000000000, -1.000000000000000000 ) ) ;
#8217 = LINE ( 'NONE', #5766, #683 ) ;
#8218 = VECTOR ( 'NONE', #4270, 1000.000000000000000 ) ;
#8219 = VECTOR ( 'NONE', #7561, 1000.000000000000000 ) ;
#8220 = DIRECTION ( 'NONE',  ( -0.000000000000000000, -0.000000000000000000, -1.000000000000000000 ) ) ;
#8221 = LINE ( 'NONE', #7583, #7004 ) ;
#8222 = AXIS2_PLACEMENT_3D ( 'NONE', #7980, #3541, #1595 ) ;
#8223 = VECTOR ( 'NONE', #5520, 1000.000000000000000 ) ;
#8224 = ORIENTED_EDGE ( 'NONE', *, *, #7098, .T. ) ;
#8225 = CARTESIAN_POINT ( 'NONE',  ( -1.550000000000000044, 0.2499999999999999445, 1.375000000000000444 ) ) ;
#8226 = ORIENTED_EDGE ( 'NONE', *, *, #6084, .F. ) ;
#8227 = ORIENTED_EDGE ( 'NONE', *, *, #5290, .T. ) ;
#8228 = AXIS2_PLACEMENT_3D ( 'NONE', #5344, #2835, #7231 ) ;
#8229 = PLANE ( 'NONE',  #753 ) ;
#8230 = AXIS2_PLACEMENT_3D ( 'NONE', #966, #4349, #324 ) ;
#8231 = CARTESIAN_POINT ( 'NONE',  ( -0.9597227471524998332, 0.05000000000000000971, 0.8750000000000000000 ) ) ;
#8232 = CARTESIAN_POINT ( 'NONE',  ( 0.000000000000000000, 0.3499999999999999778, 0.000000000000000000 ) ) ;
#8233 = FACE_OUTER_BOUND ( 'NONE', #3014, .T. ) ;
#8234 = LINE ( 'NONE', #4908, #5355 ) ;
#8235 = EDGE_LOOP ( 'NONE', ( #4771, #3708, #5751, #5126 ) ) ;
#8236 = EDGE_LOOP ( 'NONE', ( #8079, #4924 ) ) ;
#8237 = VERTEX_POINT ( 'NONE', #8225 ) ;
#8238 = EDGE_CURVE ( 'NONE', #654, #4180, #5648, .T. ) ;
#8239 = VECTOR ( 'NONE', #8066, 1000.000000000000000 ) ;
#8240 = LINE ( 'NONE', #8200, #7125 ) ;
#8241 = DIRECTION ( 'NONE',  ( -1.000000000000000000, 6.023345402697249184E-17, -0.000000000000000000 ) ) ;
#8242 = VERTEX_POINT ( 'NONE', #7033 ) ;
#8243 = CARTESIAN_POINT ( 'NONE',  ( -1.717086875603152984, 1.000000000000000000, -1.375000000000000000 ) ) ;
#8244 = CARTESIAN_POINT ( 'NONE',  ( 1.729989406634232729, 1.098004453143893278, 0.2250000000000001443 ) ) ;
#8245 = ORIENTED_EDGE ( 'NONE', *, *, #1235, .T. ) ;
#8246 = CARTESIAN_POINT ( 'NONE',  ( -1.610018138358533246, 2.849999999999999645, 1.510398668549346235 ) ) ;
#8247 = VERTEX_POINT ( 'NONE', #2483 ) ;
#8248 = CARTESIAN_POINT ( 'NONE',  ( 1.500000000000000000, 0.2500000000000001665, 0.2250000000000001443 ) ) ;
#8249 = EDGE_CURVE ( 'NONE', #4769, #1205, #4526, .T. ) ;
#8250 = CARTESIAN_POINT ( 'NONE',  ( 0.8574886876659970625, 0.05000000000000000971, 0.9749999999999999778 ) ) ;
#8251 = DIRECTION ( 'NONE',  ( 0.000000000000000000, -1.000000000000000000, 0.000000000000000000 ) ) ;
#8252 = ORIENTED_EDGE ( 'NONE', *, *, #4554, .T. ) ;
#8253 = LINE ( 'NONE', #7027, #8128 ) ;
#8254 = CARTESIAN_POINT ( 'NONE',  ( -1.617371406666318956, 1.000000000000000000, -1.728127834118519113 ) ) ;
#8255 = FACE_OUTER_BOUND ( 'NONE', #6596, .T. ) ;
#8256 = EDGE_CURVE ( 'NONE', #6602, #474, #6231, .T. ) ;
#8257 =( BOUNDED_CURVE ( )  B_SPLINE_CURVE ( 3, ( #4657, #3485, #255, #5405 ),
 .UNSPECIFIED., .F., .F. ) 
 B_SPLINE_CURVE_WITH_KNOTS ( ( 4, 4 ),
 ( 2.560736738406955926, 4.120156712581903413 ),
 .UNSPECIFIED. ) 
 CURVE ( )  GEOMETRIC_REPRESENTATION_ITEM ( )  RATIONAL_B_SPLINE_CURVE ( ( 1.000000000000000000, 0.8074116454836827161, 0.8074116454836827161, 1.000000000000000000 ) ) 
 REPRESENTATION_ITEM ( '' )  );
#8258 = DIRECTION ( 'NONE',  ( -0.000000000000000000, -0.000000000000000000, -1.000000000000000000 ) ) ;
#8259 = ORIENTED_EDGE ( 'NONE', *, *, #1218, .T. ) ;
#8260 = DIRECTION ( 'NONE',  ( -0.9914448613738112703, 0.1305261922200450508, 0.000000000000000000 ) ) ;
#8262 = ORIENTED_EDGE ( 'NONE', *, *, #5911, .F. ) ;
#8261 = CARTESIAN_POINT ( 'NONE',  ( -1.592086875603135887, 0.05000000000000000971, -0.8750000000000000000 ) ) ;
#8263 = ORIENTED_EDGE ( 'NONE', *, *, #627, .T. ) ;
#8264 = ADVANCED_FACE ( 'NONE', ( #5023 ), #5610, .T. ) ;
#8265 = CIRCLE ( 'NONE', #4517, 0.1221019057874603436 ) ;
#8266 = AXIS2_PLACEMENT_3D ( 'NONE', #539, #5005, #4921 ) ;
#8267 = ADVANCED_FACE ( 'NONE', ( #7078 ), #6959, .F. ) ;
#8268 = LINE ( 'NONE', #3196, #6399 ) ;
#8269 = PLANE ( 'NONE',  #6140 ) ;
#8270 = VECTOR ( 'NONE', #1539, 1000.000000000000000 ) ;
#8271 = DIRECTION ( 'NONE',  ( 0.000000000000000000, 0.000000000000000000, 1.000000000000000000 ) ) ;
#8272 = VECTOR ( 'NONE', #2901, 1000.000000000000000 ) ;
#8273 = PLANE ( 'NONE',  #5718 ) ;
#8274 = DIRECTION ( 'NONE',  ( 0.2079116908177522371, -0.9781476007338070211, 0.000000000000000000 ) ) ;
#8275 = ORIENTED_EDGE ( 'NONE', *, *, #4900, .F. ) ;
#8276 = ORIENTED_EDGE ( 'NONE', *, *, #2391, .F. ) ;
#8277 = ORIENTED_EDGE ( 'NONE', *, *, #7486, .T. ) ;
#8278 = VECTOR ( 'NONE', #1073, 1000.000000000000000 ) ;
#8279 = VECTOR ( 'NONE', #1677, 1000.000000000000000 ) ;
#8280 = VECTOR ( 'NONE', #7241, 1000.000000000000227 ) ;
#8281 = VECTOR ( 'NONE', #4310, 1000.000000000000000 ) ;
#8282 = LINE ( 'NONE', #5082, #5522 ) ;
#8283 = DIRECTION ( 'NONE',  ( -0.1622214211307586029, -0.9733285267845752653, 0.1622214211307659304 ) ) ;
#8284 = ORIENTED_EDGE ( 'NONE', *, *, #5910, .T. ) ;
#8285 = ADVANCED_FACE ( 'NONE', ( #4408 ), #5736, .F. ) ;
#8286 = CARTESIAN_POINT ( 'NONE',  ( 0.9000000000000000222, 0.2500000000000000000, 0.9749999999999999778 ) ) ;
#8287 = ADVANCED_FACE ( 'NONE', ( #5064 ), #7068, .F. ) ;
#8288 = LINE ( 'NONE', #3756, #3180 ) ;
#8289 = CARTESIAN_POINT ( 'NONE',  ( -0.5000000000000000000, 0.05000000000000000971, 1.100000000000000089 ) ) ;
#8290 = VECTOR ( 'NONE', #5142, 1000.000000000000000 ) ;
#8291 = ORIENTED_EDGE ( 'NONE', *, *, #7261, .T. ) ;
#8292 = AXIS2_PLACEMENT_3D ( 'NONE', #7260, #7463, #2825 ) ;
#8293 = AXIS2_PLACEMENT_3D ( 'NONE', #4469, #6982, #631 ) ;
#8294 = LINE ( 'NONE', #5757, #5446 ) ;
#8295 = ORIENTED_EDGE ( 'NONE', *, *, #1963, .T. ) ;
#8296 = CARTESIAN_POINT ( 'NONE',  ( 1.717086875603152984, 1.000000000000000000, -1.728127834118519113 ) ) ;
#8297 = DIRECTION ( 'NONE',  ( 0.000000000000000000, 0.000000000000000000, 1.000000000000000000 ) ) ;
#8298 = AXIS2_PLACEMENT_3D ( 'NONE', #2553, #8212, #4348 ) ;
#8299 = DIRECTION ( 'NONE',  ( 1.000000000000000000, 0.000000000000000000, -0.000000000000000000 ) ) ;
#8300 = ORIENTED_EDGE ( 'NONE', *, *, #3843, .T. ) ;
#8301 = EDGE_CURVE ( 'NONE', #7428, #5735, #4984, .T. ) ;
#8302 = EDGE_CURVE ( 'NONE', #2227, #4162, #8157, .T. ) ;
#8303 = CARTESIAN_POINT ( 'NONE',  ( -1.351260626809458465, 0.2500000000000000000, 1.662511336474075785 ) ) ;
#8304 = EDGE_CURVE ( 'NONE', #3767, #6365, #888, .T. ) ;
#8305 = DIRECTION ( 'NONE',  ( 0.000000000000000000, 0.000000000000000000, 1.000000000000000000 ) ) ;
#8306 = CARTESIAN_POINT ( 'NONE',  ( -0.8999999999999999112, 0.2500000000000000000, 0.9164213562373095812 ) ) ;
#8307 = VECTOR ( 'NONE', #4635, 1000.000000000000000 ) ;
#8308 = CARTESIAN_POINT ( 'NONE',  ( -1.729989406634232729, 1.098004453143892833, -1.375000000000000000 ) ) ;
#8309 = AXIS2_PLACEMENT_3D ( 'NONE', #3566, #3389, #254 ) ;
#8310 = ORIENTED_EDGE ( 'NONE', *, *, #3967, .F. ) ;
#8311 = CARTESIAN_POINT ( 'NONE',  ( 0.000000000000000000, 0.6260472266500400895, -0.4513254259918530464 ) ) ;
#8312 = CARTESIAN_POINT ( 'NONE',  ( 0.000000000000000000, 0.6850000000000000533, 0.000000000000000000 ) ) ;
#8313 = DIRECTION ( 'NONE',  ( 1.000000000000000000, -0.000000000000000000, -0.000000000000000000 ) ) ;
#8314 = ADVANCED_FACE ( 'NONE', ( #1267 ), #4361, .F. ) ;
#8315 = FACE_OUTER_BOUND ( 'NONE', #18, .T. ) ;
#8316 = CARTESIAN_POINT ( 'NONE',  ( -0.3250000000000000111, 0.05000000000000000971, 1.375000000000000222 ) ) ;
#8317 = CARTESIAN_POINT ( 'NONE',  ( -1.749999999999999778, 0.2499999999999999445, -1.024999999999999911 ) ) ;
#8318 =( NAMED_UNIT ( * ) PLANE_ANGLE_UNIT ( ) SI_UNIT ( $, .RADIAN. ) );
#8319 = ORIENTED_EDGE ( 'NONE', *, *, #1833, .F. ) ;
#8320 = EDGE_LOOP ( 'NONE', ( #7524, #1170, #584, #1221 ) ) ;
#8321 = CARTESIAN_POINT ( 'NONE',  ( -1.002234059486502682, 0.2500000000000000000, -0.7250000000000001998 ) ) ;
#8322 = CIRCLE ( 'NONE', #3771, 0.2499999999999997780 ) ;
#8323 = CYLINDRICAL_SURFACE ( 'NONE', #4748, 0.04999999999999991257 ) ;
#8324 = VERTEX_POINT ( 'NONE', #3188 ) ;
#8325 = FACE_OUTER_BOUND ( 'NONE', #7911, .T. ) ;
#8326 = DIRECTION ( 'NONE',  ( -0.000000000000000000, -0.000000000000000000, -1.000000000000000000 ) ) ;
#8327 = CARTESIAN_POINT ( 'NONE',  ( 1.500000000000000000, 0.2000000000000001499, 0.2250000000000001443 ) ) ;
#8328 = PLANE ( 'NONE',  #7233 ) ;
#8329 = VERTEX_POINT ( 'NONE', #8311 ) ;
#8330 = VERTEX_POINT ( 'NONE', #7546 ) ;
#8331 = DIRECTION ( 'NONE',  ( -0.2079116908177522371, -0.9781476007338070211, 0.000000000000000000 ) ) ;
#8332 = ORIENTED_EDGE ( 'NONE', *, *, #3233, .T. ) ;
#8333 = CARTESIAN_POINT ( 'NONE',  ( 0.3250000000000000666, 0.05000000000000000971, 1.200000000000000178 ) ) ;
#8334 = CIRCLE ( 'NONE', #7792, 0.04999999999999991257 ) ;
#8335 = EDGE_CURVE ( 'NONE', #2708, #2842, #2564, .T. ) ;
#8336 = DIRECTION ( 'NONE',  ( -1.000000000000000000, 0.000000000000000000, 0.000000000000000000 ) ) ;
#8337 = LINE ( 'NONE', #6463, #7560 ) ;
#8338 = ORIENTED_EDGE ( 'NONE', *, *, #3644, .T. ) ;
#8339 = CARTESIAN_POINT ( 'NONE',  ( -0.8574886876659970625, 0.05000000000000000971, -0.1750000000000000167 ) ) ;
#8340 = DIRECTION ( 'NONE',  ( 0.000000000000000000, 0.000000000000000000, 1.000000000000000000 ) ) ;
#8341 = CARTESIAN_POINT ( 'NONE',  ( -1.729989406634232729, 1.098004453143892833, 0.5750000000000001776 ) ) ;
#8342 = EDGE_CURVE ( 'NONE', #5428, #7542, #7672, .T. ) ;
#8343 = EDGE_CURVE ( 'NONE', #8138, #153, #2602, .T. ) ;
#8344 = DIRECTION ( 'NONE',  ( 0.000000000000000000, 1.000000000000000000, 0.000000000000000000 ) ) ;
#8345 = VERTEX_POINT ( 'NONE', #1151 ) ;
#8346 = CARTESIAN_POINT ( 'NONE',  ( 1.500000000000000222, 1.000000000000000444, 0.2250000000000001443 ) ) ;
#8347 = LINE ( 'NONE', #5810, #1417 ) ;
#8348 = CARTESIAN_POINT ( 'NONE',  ( 1.717086875603152984, 1.000000000000000000, 1.750000000000000000 ) ) ;
#8349 = EDGE_CURVE ( 'NONE', #3788, #4572, #519, .T. ) ;
#8350 = CIRCLE ( 'NONE', #553, 0.04999999999999991257 ) ;
#8351 = ADVANCED_FACE ( 'NONE', ( #3895 ), #1390, .F. ) ;
ENDSEC;
END-ISO-10303-21;
