ISO-10303-21;
HEADER;
/* Generated by software containing ST-Developer
 * from STEP Tools, Inc. (www.steptools.com) 
 */

FILE_DESCRIPTION(
/* description */ (''),
/* implementation_level */ '2;1');

FILE_NAME(
/* name */ 'shadowless_main.step',
/* time_stamp */ '2026-09-12T19:35:17-06:00',
/* author */ (''),
/* organization */ (''),
/* preprocessor_version */ 'ST-DEVELOPER v20.1',
/* originating_system */ 'Autodesk Translation Framework v15.8.0.0',
/* authorisation */ '');

FILE_SCHEMA (('AUTOMOTIVE_DESIGN { 1 0 10303 214 3 1 1 }'));
ENDSEC;

DATA;
#10=MECHANICAL_DESIGN_GEOMETRIC_PRESENTATION_REPRESENTATION('',(#13),#6138);
#11=SHAPE_REPRESENTATION_RELATIONSHIP('SRR','None',#6145,#12);
#12=ADVANCED_BREP_SHAPE_REPRESENTATION('',(#14),#6137);
#13=STYLED_ITEM('',(#6154),#14);
#14=MANIFOLD_SOLID_BREP('Body73',#3644);
#15=B_SPLINE_CURVE_WITH_KNOTS('',3,(#5364,#5365,#5366,#5367,#5368,#5369,
#5370,#5371,#5372,#5373,#5374,#5375,#5376,#5377,#5378,#5379),
 .UNSPECIFIED.,.F.,.F.,(4,2,2,2,2,2,2,4),(6.48231940937937,6.95643761650225,
7.55900757880507,8.16157754110789,8.76414750341072,9.33616302561732,9.90817854782392,
10.1170041089012),.UNSPECIFIED.);
#16=B_SPLINE_CURVE_WITH_KNOTS('',3,(#5419,#5420,#5421,#5422,#5423,#5424,
#5425,#5426,#5427,#5428,#5429,#5430,#5431,#5432,#5433,#5434),
 .UNSPECIFIED.,.F.,.F.,(4,2,2,2,2,2,2,4),(16.4181941449268,16.9831022130474,
17.5557446544337,18.12838709582,18.7359897981712,19.3435925005225,19.9511952028737,
20.4349796200498),.UNSPECIFIED.);
#17=B_SPLINE_CURVE_WITH_KNOTS('',3,(#5513,#5514,#5515,#5516,#5517,#5518,
#5519,#5520,#5521,#5522,#5523,#5524,#5525,#5526,#5527,#5528),
 .UNSPECIFIED.,.F.,.F.,(4,2,2,2,2,2,2,4),(6.57783239071311,7.06161680788917,
7.66921951024042,8.27682221259167,8.88442491494292,9.45706735632922,10.0297097977155,
10.5946178658361),.UNSPECIFIED.);
#18=B_SPLINE_CURVE_WITH_KNOTS('',3,(#5544,#5545,#5546,#5547,#5548,#5549,
#5550,#5551,#5552,#5553,#5554,#5555,#5556,#5557,#5558,#5559,#5560,#5561,
#5562,#5563,#5564,#5565),.UNSPECIFIED.,.F.,.F.,(4,2,2,2,2,2,2,2,2,2,4),
(16.8680816636227,17.0299719480109,17.5275068771726,18.0250418063343,18.522576735496,
19.1010709402754,19.6795651450548,20.3384358369582,20.9973065288616,21.656177220765,
22.3150479126683),.UNSPECIFIED.);
#19=B_SPLINE_CURVE_WITH_KNOTS('',3,(#5598,#5599,#5600,#5601,#5602,#5603,
#5604,#5605,#5606,#5607,#5608,#5609,#5610,#5611,#5612,#5613,#5614,#5615,
#5616,#5617,#5618,#5619),.UNSPECIFIED.,.F.,.F.,(4,2,2,2,2,2,2,2,2,2,4),
(22.3150479126683,22.9739186045717,23.6327892964751,24.2916599883785,24.9505306802819,
25.5290248850613,26.1075190898407,26.6050540190024,27.1025889481641,27.6001238773257,
27.7620141617107),.UNSPECIFIED.);
#20=B_SPLINE_CURVE_WITH_KNOTS('',3,(#5640,#5641,#5642,#5643,#5644,#5645,
#5646,#5647,#5648,#5649,#5650,#5651,#5652,#5653,#5654,#5655,#5656,#5657),
 .UNSPECIFIED.,.F.,.F.,(4,2,2,2,2,2,2,2,4),(16.4912256471796,16.7203162768692,
17.2841309178014,17.8479455587336,18.475671272768,19.1033969868024,19.8106289929486,
20.5178609990948,20.6483550451301),.UNSPECIFIED.);
#21=B_SPLINE_CURVE_WITH_KNOTS('',3,(#5659,#5660,#5661,#5662,#5663,#5664,
#5665,#5666,#5667,#5668,#5669,#5670,#5671,#5672,#5673,#5674),
 .UNSPECIFIED.,.F.,.F.,(4,2,2,2,2,2,2,4),(16.6513822478004,16.8602078088777,
17.4322233310843,18.0042388532909,18.6068088155937,19.2093787778965,19.8119487401993,
20.2860669473222),.UNSPECIFIED.);
#22=B_SPLINE_CURVE_WITH_KNOTS('',3,(#5678,#5679,#5680,#5681,#5682,#5683,
#5684,#5685,#5686,#5687,#5688,#5689,#5690,#5691,#5692,#5693,#5694,#5695),
 .UNSPECIFIED.,.F.,.F.,(4,2,2,2,2,2,2,2,4),(23.2162949776502,23.3467890236797,
24.054021029826,24.7612530359722,25.3889787500066,26.016704464041,26.5805191049732,
27.1443337459054,27.3734243755949),.UNSPECIFIED.);
#23=FACE_BOUND('',#432,.T.);
#24=FACE_BOUND('',#433,.T.);
#25=FACE_BOUND('',#436,.T.);
#26=FACE_BOUND('',#437,.T.);
#27=FACE_BOUND('',#438,.T.);
#28=FACE_BOUND('',#458,.T.);
#29=FACE_BOUND('',#459,.T.);
#30=FACE_BOUND('',#466,.T.);
#31=FACE_BOUND('',#467,.T.);
#32=FACE_BOUND('',#468,.T.);
#33=FACE_BOUND('',#490,.T.);
#34=FACE_BOUND('',#491,.T.);
#35=FACE_BOUND('',#492,.T.);
#36=FACE_BOUND('',#495,.T.);
#37=FACE_BOUND('',#496,.T.);
#38=FACE_BOUND('',#497,.T.);
#39=FACE_BOUND('',#498,.T.);
#40=FACE_BOUND('',#520,.T.);
#41=FACE_BOUND('',#521,.T.);
#42=FACE_BOUND('',#522,.T.);
#43=FACE_BOUND('',#529,.T.);
#44=FACE_BOUND('',#531,.T.);
#45=FACE_BOUND('',#571,.T.);
#46=FACE_BOUND('',#572,.T.);
#47=FACE_BOUND('',#575,.T.);
#48=FACE_BOUND('',#576,.T.);
#49=FACE_BOUND('',#580,.T.);
#50=FACE_BOUND('',#581,.T.);
#51=FACE_BOUND('',#584,.T.);
#52=FACE_BOUND('',#585,.T.);
#53=FACE_BOUND('',#589,.T.);
#54=FACE_BOUND('',#590,.T.);
#55=FACE_BOUND('',#593,.T.);
#56=FACE_BOUND('',#594,.T.);
#57=FACE_BOUND('',#598,.T.);
#58=FACE_BOUND('',#599,.T.);
#59=FACE_BOUND('',#602,.T.);
#60=FACE_BOUND('',#603,.T.);
#61=FACE_BOUND('',#607,.T.);
#62=FACE_BOUND('',#608,.T.);
#63=FACE_BOUND('',#612,.T.);
#64=FACE_BOUND('',#613,.T.);
#65=FACE_BOUND('',#616,.T.);
#66=FACE_BOUND('',#617,.T.);
#67=FACE_BOUND('',#621,.T.);
#68=FACE_BOUND('',#622,.T.);
#69=FACE_BOUND('',#625,.T.);
#70=FACE_BOUND('',#626,.T.);
#71=FACE_BOUND('',#630,.T.);
#72=FACE_BOUND('',#631,.T.);
#73=FACE_BOUND('',#634,.T.);
#74=FACE_BOUND('',#635,.T.);
#75=FACE_BOUND('',#660,.T.);
#76=FACE_BOUND('',#669,.T.);
#77=FACE_BOUND('',#670,.T.);
#78=FACE_BOUND('',#671,.T.);
#79=FACE_BOUND('',#672,.T.);
#80=FACE_BOUND('',#673,.T.);
#81=FACE_BOUND('',#674,.T.);
#82=FACE_BOUND('',#675,.T.);
#83=FACE_BOUND('',#676,.T.);
#84=FACE_BOUND('',#677,.T.);
#85=FACE_BOUND('',#678,.T.);
#86=FACE_BOUND('',#679,.T.);
#87=FACE_BOUND('',#680,.T.);
#88=FACE_BOUND('',#681,.T.);
#89=FACE_BOUND('',#682,.T.);
#90=FACE_BOUND('',#683,.T.);
#91=FACE_BOUND('',#684,.T.);
#92=FACE_BOUND('',#685,.T.);
#93=FACE_BOUND('',#686,.T.);
#94=FACE_BOUND('',#687,.T.);
#95=FACE_BOUND('',#688,.T.);
#96=FACE_BOUND('',#690,.T.);
#97=PLANE('',#3661);
#98=PLANE('',#3662);
#99=PLANE('',#3663);
#100=PLANE('',#3664);
#101=PLANE('',#3665);
#102=PLANE('',#3666);
#103=PLANE('',#3667);
#104=PLANE('',#3668);
#105=PLANE('',#3669);
#106=PLANE('',#3671);
#107=PLANE('',#3672);
#108=PLANE('',#3676);
#109=PLANE('',#3680);
#110=PLANE('',#3684);
#111=PLANE('',#3688);
#112=PLANE('',#3692);
#113=PLANE('',#3696);
#114=PLANE('',#3697);
#115=PLANE('',#3698);
#116=PLANE('',#3699);
#117=PLANE('',#3700);
#118=PLANE('',#3701);
#119=PLANE('',#3704);
#120=PLANE('',#3705);
#121=PLANE('',#3706);
#122=PLANE('',#3707);
#123=PLANE('',#3708);
#124=PLANE('',#3709);
#125=PLANE('',#3710);
#126=PLANE('',#3711);
#127=PLANE('',#3712);
#128=PLANE('',#3713);
#129=PLANE('',#3714);
#130=PLANE('',#3716);
#131=PLANE('',#3718);
#132=PLANE('',#3720);
#133=PLANE('',#3722);
#134=PLANE('',#3724);
#135=PLANE('',#3726);
#136=PLANE('',#3728);
#137=PLANE('',#3730);
#138=PLANE('',#3732);
#139=PLANE('',#3734);
#140=PLANE('',#3736);
#141=PLANE('',#3738);
#142=PLANE('',#3740);
#143=PLANE('',#3742);
#144=PLANE('',#3744);
#145=PLANE('',#3746);
#146=PLANE('',#3751);
#147=PLANE('',#3760);
#148=PLANE('',#3761);
#149=PLANE('',#3762);
#150=PLANE('',#3763);
#151=PLANE('',#3764);
#152=PLANE('',#3765);
#153=PLANE('',#3766);
#154=PLANE('',#3767);
#155=PLANE('',#3768);
#156=PLANE('',#3769);
#157=PLANE('',#3770);
#158=PLANE('',#3771);
#159=PLANE('',#3772);
#160=PLANE('',#3773);
#161=PLANE('',#3774);
#162=PLANE('',#3775);
#163=PLANE('',#3779);
#164=PLANE('',#3783);
#165=PLANE('',#3788);
#166=PLANE('',#3798);
#167=PLANE('',#3803);
#168=PLANE('',#3808);
#169=PLANE('',#3810);
#170=PLANE('',#3811);
#171=PLANE('',#3890);
#172=PLANE('',#3891);
#173=PLANE('',#3892);
#174=PLANE('',#3893);
#175=PLANE('',#3894);
#176=PLANE('',#3895);
#177=PLANE('',#3896);
#178=PLANE('',#3897);
#179=PLANE('',#3898);
#180=PLANE('',#3899);
#181=PLANE('',#3900);
#182=PLANE('',#3901);
#183=PLANE('',#3902);
#184=PLANE('',#3903);
#185=PLANE('',#3904);
#186=PLANE('',#3905);
#187=PLANE('',#3906);
#188=PLANE('',#3907);
#189=PLANE('',#3908);
#190=PLANE('',#3909);
#191=PLANE('',#3910);
#192=PLANE('',#3911);
#193=PLANE('',#3912);
#194=PLANE('',#3913);
#195=PLANE('',#3914);
#196=PLANE('',#3915);
#197=PLANE('',#3916);
#198=PLANE('',#3917);
#199=PLANE('',#3918);
#200=PLANE('',#3919);
#201=PLANE('',#3920);
#202=PLANE('',#3921);
#203=PLANE('',#3922);
#204=PLANE('',#3923);
#205=PLANE('',#3924);
#206=PLANE('',#3925);
#207=PLANE('',#3926);
#208=PLANE('',#3927);
#209=PLANE('',#3929);
#210=PLANE('',#3932);
#211=PLANE('',#3933);
#212=PLANE('',#3934);
#213=PLANE('',#3935);
#214=PLANE('',#3936);
#215=PLANE('',#3937);
#216=PLANE('',#3938);
#217=PLANE('',#3939);
#218=PLANE('',#3940);
#219=PLANE('',#3941);
#220=PLANE('',#3942);
#221=PLANE('',#3943);
#222=PLANE('',#3944);
#223=PLANE('',#3945);
#224=PLANE('',#3946);
#225=PLANE('',#3947);
#226=PLANE('',#3951);
#227=PLANE('',#3955);
#228=PLANE('',#3959);
#229=PLANE('',#3969);
#230=PLANE('',#3970);
#231=FACE_OUTER_BOUND('',#424,.T.);
#232=FACE_OUTER_BOUND('',#425,.T.);
#233=FACE_OUTER_BOUND('',#426,.T.);
#234=FACE_OUTER_BOUND('',#427,.T.);
#235=FACE_OUTER_BOUND('',#428,.T.);
#236=FACE_OUTER_BOUND('',#429,.T.);
#237=FACE_OUTER_BOUND('',#430,.T.);
#238=FACE_OUTER_BOUND('',#431,.T.);
#239=FACE_OUTER_BOUND('',#434,.T.);
#240=FACE_OUTER_BOUND('',#435,.T.);
#241=FACE_OUTER_BOUND('',#439,.T.);
#242=FACE_OUTER_BOUND('',#440,.T.);
#243=FACE_OUTER_BOUND('',#441,.T.);
#244=FACE_OUTER_BOUND('',#442,.T.);
#245=FACE_OUTER_BOUND('',#443,.T.);
#246=FACE_OUTER_BOUND('',#444,.T.);
#247=FACE_OUTER_BOUND('',#445,.T.);
#248=FACE_OUTER_BOUND('',#446,.T.);
#249=FACE_OUTER_BOUND('',#447,.T.);
#250=FACE_OUTER_BOUND('',#448,.T.);
#251=FACE_OUTER_BOUND('',#449,.T.);
#252=FACE_OUTER_BOUND('',#450,.T.);
#253=FACE_OUTER_BOUND('',#451,.T.);
#254=FACE_OUTER_BOUND('',#452,.T.);
#255=FACE_OUTER_BOUND('',#453,.T.);
#256=FACE_OUTER_BOUND('',#454,.T.);
#257=FACE_OUTER_BOUND('',#455,.T.);
#258=FACE_OUTER_BOUND('',#456,.T.);
#259=FACE_OUTER_BOUND('',#457,.T.);
#260=FACE_OUTER_BOUND('',#460,.T.);
#261=FACE_OUTER_BOUND('',#461,.T.);
#262=FACE_OUTER_BOUND('',#462,.T.);
#263=FACE_OUTER_BOUND('',#463,.T.);
#264=FACE_OUTER_BOUND('',#464,.T.);
#265=FACE_OUTER_BOUND('',#465,.T.);
#266=FACE_OUTER_BOUND('',#469,.T.);
#267=FACE_OUTER_BOUND('',#470,.T.);
#268=FACE_OUTER_BOUND('',#471,.T.);
#269=FACE_OUTER_BOUND('',#472,.T.);
#270=FACE_OUTER_BOUND('',#473,.T.);
#271=FACE_OUTER_BOUND('',#474,.T.);
#272=FACE_OUTER_BOUND('',#475,.T.);
#273=FACE_OUTER_BOUND('',#476,.T.);
#274=FACE_OUTER_BOUND('',#477,.T.);
#275=FACE_OUTER_BOUND('',#478,.T.);
#276=FACE_OUTER_BOUND('',#479,.T.);
#277=FACE_OUTER_BOUND('',#480,.T.);
#278=FACE_OUTER_BOUND('',#481,.T.);
#279=FACE_OUTER_BOUND('',#482,.T.);
#280=FACE_OUTER_BOUND('',#483,.T.);
#281=FACE_OUTER_BOUND('',#484,.T.);
#282=FACE_OUTER_BOUND('',#485,.T.);
#283=FACE_OUTER_BOUND('',#486,.T.);
#284=FACE_OUTER_BOUND('',#487,.T.);
#285=FACE_OUTER_BOUND('',#488,.T.);
#286=FACE_OUTER_BOUND('',#489,.T.);
#287=FACE_OUTER_BOUND('',#493,.T.);
#288=FACE_OUTER_BOUND('',#494,.T.);
#289=FACE_OUTER_BOUND('',#499,.T.);
#290=FACE_OUTER_BOUND('',#500,.T.);
#291=FACE_OUTER_BOUND('',#501,.T.);
#292=FACE_OUTER_BOUND('',#502,.T.);
#293=FACE_OUTER_BOUND('',#503,.T.);
#294=FACE_OUTER_BOUND('',#504,.T.);
#295=FACE_OUTER_BOUND('',#505,.T.);
#296=FACE_OUTER_BOUND('',#506,.T.);
#297=FACE_OUTER_BOUND('',#507,.T.);
#298=FACE_OUTER_BOUND('',#508,.T.);
#299=FACE_OUTER_BOUND('',#509,.T.);
#300=FACE_OUTER_BOUND('',#510,.T.);
#301=FACE_OUTER_BOUND('',#511,.T.);
#302=FACE_OUTER_BOUND('',#512,.T.);
#303=FACE_OUTER_BOUND('',#513,.T.);
#304=FACE_OUTER_BOUND('',#514,.T.);
#305=FACE_OUTER_BOUND('',#515,.T.);
#306=FACE_OUTER_BOUND('',#516,.T.);
#307=FACE_OUTER_BOUND('',#517,.T.);
#308=FACE_OUTER_BOUND('',#518,.T.);
#309=FACE_OUTER_BOUND('',#519,.T.);
#310=FACE_OUTER_BOUND('',#523,.T.);
#311=FACE_OUTER_BOUND('',#524,.T.);
#312=FACE_OUTER_BOUND('',#525,.T.);
#313=FACE_OUTER_BOUND('',#526,.T.);
#314=FACE_OUTER_BOUND('',#527,.T.);
#315=FACE_OUTER_BOUND('',#528,.T.);
#316=FACE_OUTER_BOUND('',#530,.T.);
#317=FACE_OUTER_BOUND('',#532,.T.);
#318=FACE_OUTER_BOUND('',#533,.T.);
#319=FACE_OUTER_BOUND('',#534,.T.);
#320=FACE_OUTER_BOUND('',#535,.T.);
#321=FACE_OUTER_BOUND('',#536,.T.);
#322=FACE_OUTER_BOUND('',#537,.T.);
#323=FACE_OUTER_BOUND('',#538,.T.);
#324=FACE_OUTER_BOUND('',#539,.T.);
#325=FACE_OUTER_BOUND('',#540,.T.);
#326=FACE_OUTER_BOUND('',#541,.T.);
#327=FACE_OUTER_BOUND('',#542,.T.);
#328=FACE_OUTER_BOUND('',#543,.T.);
#329=FACE_OUTER_BOUND('',#544,.T.);
#330=FACE_OUTER_BOUND('',#545,.T.);
#331=FACE_OUTER_BOUND('',#546,.T.);
#332=FACE_OUTER_BOUND('',#547,.T.);
#333=FACE_OUTER_BOUND('',#548,.T.);
#334=FACE_OUTER_BOUND('',#549,.T.);
#335=FACE_OUTER_BOUND('',#550,.T.);
#336=FACE_OUTER_BOUND('',#551,.T.);
#337=FACE_OUTER_BOUND('',#552,.T.);
#338=FACE_OUTER_BOUND('',#553,.T.);
#339=FACE_OUTER_BOUND('',#554,.T.);
#340=FACE_OUTER_BOUND('',#555,.T.);
#341=FACE_OUTER_BOUND('',#556,.T.);
#342=FACE_OUTER_BOUND('',#557,.T.);
#343=FACE_OUTER_BOUND('',#558,.T.);
#344=FACE_OUTER_BOUND('',#559,.T.);
#345=FACE_OUTER_BOUND('',#560,.T.);
#346=FACE_OUTER_BOUND('',#561,.T.);
#347=FACE_OUTER_BOUND('',#562,.T.);
#348=FACE_OUTER_BOUND('',#563,.T.);
#349=FACE_OUTER_BOUND('',#564,.T.);
#350=FACE_OUTER_BOUND('',#565,.T.);
#351=FACE_OUTER_BOUND('',#566,.T.);
#352=FACE_OUTER_BOUND('',#567,.T.);
#353=FACE_OUTER_BOUND('',#568,.T.);
#354=FACE_OUTER_BOUND('',#569,.T.);
#355=FACE_OUTER_BOUND('',#570,.T.);
#356=FACE_OUTER_BOUND('',#573,.T.);
#357=FACE_OUTER_BOUND('',#574,.T.);
#358=FACE_OUTER_BOUND('',#577,.T.);
#359=FACE_OUTER_BOUND('',#578,.T.);
#360=FACE_OUTER_BOUND('',#579,.T.);
#361=FACE_OUTER_BOUND('',#582,.T.);
#362=FACE_OUTER_BOUND('',#583,.T.);
#363=FACE_OUTER_BOUND('',#586,.T.);
#364=FACE_OUTER_BOUND('',#587,.T.);
#365=FACE_OUTER_BOUND('',#588,.T.);
#366=FACE_OUTER_BOUND('',#591,.T.);
#367=FACE_OUTER_BOUND('',#592,.T.);
#368=FACE_OUTER_BOUND('',#595,.T.);
#369=FACE_OUTER_BOUND('',#596,.T.);
#370=FACE_OUTER_BOUND('',#597,.T.);
#371=FACE_OUTER_BOUND('',#600,.T.);
#372=FACE_OUTER_BOUND('',#601,.T.);
#373=FACE_OUTER_BOUND('',#604,.T.);
#374=FACE_OUTER_BOUND('',#605,.T.);
#375=FACE_OUTER_BOUND('',#606,.T.);
#376=FACE_OUTER_BOUND('',#609,.T.);
#377=FACE_OUTER_BOUND('',#610,.T.);
#378=FACE_OUTER_BOUND('',#611,.T.);
#379=FACE_OUTER_BOUND('',#614,.T.);
#380=FACE_OUTER_BOUND('',#615,.T.);
#381=FACE_OUTER_BOUND('',#618,.T.);
#382=FACE_OUTER_BOUND('',#619,.T.);
#383=FACE_OUTER_BOUND('',#620,.T.);
#384=FACE_OUTER_BOUND('',#623,.T.);
#385=FACE_OUTER_BOUND('',#624,.T.);
#386=FACE_OUTER_BOUND('',#627,.T.);
#387=FACE_OUTER_BOUND('',#628,.T.);
#388=FACE_OUTER_BOUND('',#629,.T.);
#389=FACE_OUTER_BOUND('',#632,.T.);
#390=FACE_OUTER_BOUND('',#633,.T.);
#391=FACE_OUTER_BOUND('',#636,.T.);
#392=FACE_OUTER_BOUND('',#637,.T.);
#393=FACE_OUTER_BOUND('',#638,.T.);
#394=FACE_OUTER_BOUND('',#639,.T.);
#395=FACE_OUTER_BOUND('',#640,.T.);
#396=FACE_OUTER_BOUND('',#641,.T.);
#397=FACE_OUTER_BOUND('',#642,.T.);
#398=FACE_OUTER_BOUND('',#643,.T.);
#399=FACE_OUTER_BOUND('',#644,.T.);
#400=FACE_OUTER_BOUND('',#645,.T.);
#401=FACE_OUTER_BOUND('',#646,.T.);
#402=FACE_OUTER_BOUND('',#647,.T.);
#403=FACE_OUTER_BOUND('',#648,.T.);
#404=FACE_OUTER_BOUND('',#649,.T.);
#405=FACE_OUTER_BOUND('',#650,.T.);
#406=FACE_OUTER_BOUND('',#651,.T.);
#407=FACE_OUTER_BOUND('',#652,.T.);
#408=FACE_OUTER_BOUND('',#653,.T.);
#409=FACE_OUTER_BOUND('',#654,.T.);
#410=FACE_OUTER_BOUND('',#655,.T.);
#411=FACE_OUTER_BOUND('',#656,.T.);
#412=FACE_OUTER_BOUND('',#657,.T.);
#413=FACE_OUTER_BOUND('',#658,.T.);
#414=FACE_OUTER_BOUND('',#659,.T.);
#415=FACE_OUTER_BOUND('',#661,.T.);
#416=FACE_OUTER_BOUND('',#662,.T.);
#417=FACE_OUTER_BOUND('',#663,.T.);
#418=FACE_OUTER_BOUND('',#664,.T.);
#419=FACE_OUTER_BOUND('',#665,.T.);
#420=FACE_OUTER_BOUND('',#666,.T.);
#421=FACE_OUTER_BOUND('',#667,.T.);
#422=FACE_OUTER_BOUND('',#668,.T.);
#423=FACE_OUTER_BOUND('',#689,.T.);
#424=EDGE_LOOP('',(#2390,#2391,#2392,#2393));
#425=EDGE_LOOP('',(#2394,#2395,#2396,#2397));
#426=EDGE_LOOP('',(#2398,#2399,#2400,#2401));
#427=EDGE_LOOP('',(#2402,#2403,#2404,#2405));
#428=EDGE_LOOP('',(#2406,#2407,#2408,#2409));
#429=EDGE_LOOP('',(#2410,#2411,#2412,#2413));
#430=EDGE_LOOP('',(#2414,#2415,#2416,#2417));
#431=EDGE_LOOP('',(#2418,#2419,#2420,#2421,#2422,#2423));
#432=EDGE_LOOP('',(#2424,#2425,#2426,#2427));
#433=EDGE_LOOP('',(#2428));
#434=EDGE_LOOP('',(#2429,#2430,#2431,#2432,#2433,#2434,#2435,#2436));
#435=EDGE_LOOP('',(#2437,#2438,#2439,#2440,#2441,#2442,#2443,#2444,#2445,
#2446,#2447,#2448));
#436=EDGE_LOOP('',(#2449));
#437=EDGE_LOOP('',(#2450,#2451,#2452,#2453));
#438=EDGE_LOOP('',(#2454,#2455,#2456,#2457));
#439=EDGE_LOOP('',(#2458,#2459,#2460,#2461));
#440=EDGE_LOOP('',(#2462,#2463,#2464,#2465));
#441=EDGE_LOOP('',(#2466,#2467,#2468,#2469));
#442=EDGE_LOOP('',(#2470,#2471,#2472,#2473));
#443=EDGE_LOOP('',(#2474,#2475,#2476,#2477));
#444=EDGE_LOOP('',(#2478,#2479,#2480,#2481));
#445=EDGE_LOOP('',(#2482,#2483,#2484,#2485));
#446=EDGE_LOOP('',(#2486,#2487,#2488,#2489));
#447=EDGE_LOOP('',(#2490,#2491,#2492,#2493));
#448=EDGE_LOOP('',(#2494,#2495,#2496,#2497));
#449=EDGE_LOOP('',(#2498,#2499,#2500,#2501));
#450=EDGE_LOOP('',(#2502,#2503,#2504,#2505));
#451=EDGE_LOOP('',(#2506,#2507,#2508,#2509));
#452=EDGE_LOOP('',(#2510,#2511,#2512,#2513,#2514,#2515,#2516,#2517,#2518,
#2519,#2520,#2521,#2522));
#453=EDGE_LOOP('',(#2523,#2524,#2525,#2526,#2527,#2528,#2529,#2530));
#454=EDGE_LOOP('',(#2531,#2532,#2533,#2534));
#455=EDGE_LOOP('',(#2535,#2536,#2537,#2538));
#456=EDGE_LOOP('',(#2539,#2540,#2541,#2542));
#457=EDGE_LOOP('',(#2543,#2544,#2545,#2546,#2547,#2548,#2549));
#458=EDGE_LOOP('',(#2550));
#459=EDGE_LOOP('',(#2551));
#460=EDGE_LOOP('',(#2552,#2553,#2554,#2555,#2556,#2557,#2558,#2559,#2560,
#2561));
#461=EDGE_LOOP('',(#2562,#2563,#2564,#2565,#2566,#2567,#2568,#2569));
#462=EDGE_LOOP('',(#2570,#2571,#2572,#2573,#2574,#2575));
#463=EDGE_LOOP('',(#2576,#2577,#2578,#2579));
#464=EDGE_LOOP('',(#2580,#2581,#2582,#2583));
#465=EDGE_LOOP('',(#2584,#2585,#2586,#2587));
#466=EDGE_LOOP('',(#2588));
#467=EDGE_LOOP('',(#2589,#2590,#2591,#2592));
#468=EDGE_LOOP('',(#2593,#2594,#2595,#2596));
#469=EDGE_LOOP('',(#2597,#2598,#2599,#2600,#2601,#2602,#2603,#2604));
#470=EDGE_LOOP('',(#2605,#2606,#2607,#2608,#2609,#2610,#2611,#2612));
#471=EDGE_LOOP('',(#2613,#2614,#2615,#2616,#2617,#2618,#2619,#2620));
#472=EDGE_LOOP('',(#2621,#2622,#2623,#2624,#2625,#2626,#2627,#2628));
#473=EDGE_LOOP('',(#2629));
#474=EDGE_LOOP('',(#2630));
#475=EDGE_LOOP('',(#2631));
#476=EDGE_LOOP('',(#2632));
#477=EDGE_LOOP('',(#2633));
#478=EDGE_LOOP('',(#2634));
#479=EDGE_LOOP('',(#2635));
#480=EDGE_LOOP('',(#2636));
#481=EDGE_LOOP('',(#2637));
#482=EDGE_LOOP('',(#2638));
#483=EDGE_LOOP('',(#2639));
#484=EDGE_LOOP('',(#2640));
#485=EDGE_LOOP('',(#2641));
#486=EDGE_LOOP('',(#2642));
#487=EDGE_LOOP('',(#2643));
#488=EDGE_LOOP('',(#2644));
#489=EDGE_LOOP('',(#2645,#2646,#2647,#2648));
#490=EDGE_LOOP('',(#2649));
#491=EDGE_LOOP('',(#2650,#2651,#2652,#2653));
#492=EDGE_LOOP('',(#2654,#2655,#2656,#2657));
#493=EDGE_LOOP('',(#2658,#2659,#2660,#2661,#2662));
#494=EDGE_LOOP('',(#2663,#2664,#2665,#2666,#2667,#2668,#2669,#2670));
#495=EDGE_LOOP('',(#2671,#2672,#2673,#2674));
#496=EDGE_LOOP('',(#2675,#2676,#2677,#2678));
#497=EDGE_LOOP('',(#2679));
#498=EDGE_LOOP('',(#2680));
#499=EDGE_LOOP('',(#2681,#2682,#2683,#2684,#2685));
#500=EDGE_LOOP('',(#2686,#2687,#2688,#2689));
#501=EDGE_LOOP('',(#2690,#2691,#2692,#2693));
#502=EDGE_LOOP('',(#2694,#2695,#2696,#2697));
#503=EDGE_LOOP('',(#2698,#2699,#2700,#2701));
#504=EDGE_LOOP('',(#2702,#2703,#2704,#2705));
#505=EDGE_LOOP('',(#2706,#2707,#2708,#2709));
#506=EDGE_LOOP('',(#2710,#2711,#2712,#2713));
#507=EDGE_LOOP('',(#2714,#2715,#2716,#2717));
#508=EDGE_LOOP('',(#2718,#2719,#2720,#2721));
#509=EDGE_LOOP('',(#2722,#2723,#2724,#2725));
#510=EDGE_LOOP('',(#2726,#2727,#2728,#2729));
#511=EDGE_LOOP('',(#2730,#2731,#2732,#2733));
#512=EDGE_LOOP('',(#2734,#2735,#2736,#2737));
#513=EDGE_LOOP('',(#2738,#2739,#2740,#2741));
#514=EDGE_LOOP('',(#2742,#2743,#2744,#2745));
#515=EDGE_LOOP('',(#2746,#2747,#2748,#2749));
#516=EDGE_LOOP('',(#2750,#2751,#2752,#2753,#2754));
#517=EDGE_LOOP('',(#2755,#2756,#2757,#2758,#2759,#2760));
#518=EDGE_LOOP('',(#2761,#2762,#2763,#2764,#2765,#2766));
#519=EDGE_LOOP('',(#2767,#2768,#2769,#2770,#2771,#2772,#2773,#2774));
#520=EDGE_LOOP('',(#2775,#2776,#2777,#2778));
#521=EDGE_LOOP('',(#2779,#2780,#2781,#2782));
#522=EDGE_LOOP('',(#2783));
#523=EDGE_LOOP('',(#2784,#2785,#2786,#2787,#2788,#2789));
#524=EDGE_LOOP('',(#2790,#2791,#2792,#2793,#2794,#2795,#2796,#2797));
#525=EDGE_LOOP('',(#2798,#2799,#2800,#2801,#2802,#2803));
#526=EDGE_LOOP('',(#2804,#2805,#2806,#2807,#2808));
#527=EDGE_LOOP('',(#2809,#2810,#2811,#2812,#2813,#2814));
#528=EDGE_LOOP('',(#2815,#2816,#2817,#2818,#2819,#2820,#2821,#2822,#2823,
#2824,#2825));
#529=EDGE_LOOP('',(#2826));
#530=EDGE_LOOP('',(#2827,#2828,#2829,#2830,#2831,#2832));
#531=EDGE_LOOP('',(#2833));
#532=EDGE_LOOP('',(#2834,#2835,#2836,#2837));
#533=EDGE_LOOP('',(#2838,#2839,#2840,#2841));
#534=EDGE_LOOP('',(#2842,#2843,#2844,#2845));
#535=EDGE_LOOP('',(#2846,#2847,#2848,#2849));
#536=EDGE_LOOP('',(#2850,#2851,#2852,#2853));
#537=EDGE_LOOP('',(#2854,#2855,#2856,#2857));
#538=EDGE_LOOP('',(#2858,#2859,#2860,#2861));
#539=EDGE_LOOP('',(#2862,#2863,#2864,#2865));
#540=EDGE_LOOP('',(#2866,#2867,#2868,#2869));
#541=EDGE_LOOP('',(#2870,#2871,#2872,#2873));
#542=EDGE_LOOP('',(#2874,#2875,#2876,#2877));
#543=EDGE_LOOP('',(#2878,#2879,#2880,#2881));
#544=EDGE_LOOP('',(#2882,#2883,#2884,#2885));
#545=EDGE_LOOP('',(#2886,#2887,#2888,#2889));
#546=EDGE_LOOP('',(#2890,#2891,#2892,#2893));
#547=EDGE_LOOP('',(#2894,#2895,#2896,#2897));
#548=EDGE_LOOP('',(#2898,#2899,#2900,#2901));
#549=EDGE_LOOP('',(#2902,#2903,#2904,#2905));
#550=EDGE_LOOP('',(#2906,#2907,#2908,#2909));
#551=EDGE_LOOP('',(#2910,#2911,#2912,#2913));
#552=EDGE_LOOP('',(#2914,#2915,#2916,#2917));
#553=EDGE_LOOP('',(#2918,#2919,#2920,#2921));
#554=EDGE_LOOP('',(#2922,#2923,#2924,#2925));
#555=EDGE_LOOP('',(#2926,#2927,#2928,#2929));
#556=EDGE_LOOP('',(#2930,#2931,#2932,#2933));
#557=EDGE_LOOP('',(#2934,#2935,#2936,#2937));
#558=EDGE_LOOP('',(#2938,#2939,#2940,#2941));
#559=EDGE_LOOP('',(#2942,#2943,#2944,#2945));
#560=EDGE_LOOP('',(#2946,#2947,#2948,#2949));
#561=EDGE_LOOP('',(#2950,#2951,#2952,#2953));
#562=EDGE_LOOP('',(#2954,#2955,#2956,#2957));
#563=EDGE_LOOP('',(#2958,#2959,#2960,#2961));
#564=EDGE_LOOP('',(#2962,#2963,#2964,#2965));
#565=EDGE_LOOP('',(#2966,#2967,#2968,#2969));
#566=EDGE_LOOP('',(#2970,#2971,#2972,#2973));
#567=EDGE_LOOP('',(#2974,#2975,#2976,#2977));
#568=EDGE_LOOP('',(#2978,#2979,#2980,#2981));
#569=EDGE_LOOP('',(#2982,#2983,#2984,#2985));
#570=EDGE_LOOP('',(#2986,#2987,#2988,#2989));
#571=EDGE_LOOP('',(#2990));
#572=EDGE_LOOP('',(#2991));
#573=EDGE_LOOP('',(#2992,#2993,#2994,#2995));
#574=EDGE_LOOP('',(#2996,#2997,#2998,#2999));
#575=EDGE_LOOP('',(#3000));
#576=EDGE_LOOP('',(#3001));
#577=EDGE_LOOP('',(#3002,#3003,#3004,#3005));
#578=EDGE_LOOP('',(#3006,#3007,#3008,#3009));
#579=EDGE_LOOP('',(#3010,#3011,#3012,#3013));
#580=EDGE_LOOP('',(#3014));
#581=EDGE_LOOP('',(#3015));
#582=EDGE_LOOP('',(#3016,#3017,#3018,#3019));
#583=EDGE_LOOP('',(#3020,#3021,#3022,#3023));
#584=EDGE_LOOP('',(#3024));
#585=EDGE_LOOP('',(#3025));
#586=EDGE_LOOP('',(#3026,#3027,#3028,#3029));
#587=EDGE_LOOP('',(#3030,#3031,#3032,#3033));
#588=EDGE_LOOP('',(#3034,#3035,#3036,#3037));
#589=EDGE_LOOP('',(#3038));
#590=EDGE_LOOP('',(#3039));
#591=EDGE_LOOP('',(#3040,#3041,#3042,#3043));
#592=EDGE_LOOP('',(#3044,#3045,#3046,#3047));
#593=EDGE_LOOP('',(#3048));
#594=EDGE_LOOP('',(#3049));
#595=EDGE_LOOP('',(#3050,#3051,#3052,#3053));
#596=EDGE_LOOP('',(#3054,#3055,#3056,#3057));
#597=EDGE_LOOP('',(#3058,#3059,#3060,#3061));
#598=EDGE_LOOP('',(#3062));
#599=EDGE_LOOP('',(#3063));
#600=EDGE_LOOP('',(#3064,#3065,#3066,#3067));
#601=EDGE_LOOP('',(#3068,#3069,#3070,#3071));
#602=EDGE_LOOP('',(#3072));
#603=EDGE_LOOP('',(#3073));
#604=EDGE_LOOP('',(#3074,#3075,#3076,#3077));
#605=EDGE_LOOP('',(#3078,#3079,#3080,#3081));
#606=EDGE_LOOP('',(#3082,#3083,#3084,#3085,#3086,#3087,#3088));
#607=EDGE_LOOP('',(#3089));
#608=EDGE_LOOP('',(#3090));
#609=EDGE_LOOP('',(#3091,#3092,#3093,#3094));
#610=EDGE_LOOP('',(#3095,#3096,#3097,#3098));
#611=EDGE_LOOP('',(#3099,#3100,#3101,#3102));
#612=EDGE_LOOP('',(#3103));
#613=EDGE_LOOP('',(#3104));
#614=EDGE_LOOP('',(#3105,#3106,#3107,#3108));
#615=EDGE_LOOP('',(#3109,#3110,#3111,#3112));
#616=EDGE_LOOP('',(#3113));
#617=EDGE_LOOP('',(#3114));
#618=EDGE_LOOP('',(#3115,#3116,#3117,#3118));
#619=EDGE_LOOP('',(#3119,#3120,#3121,#3122));
#620=EDGE_LOOP('',(#3123,#3124,#3125,#3126));
#621=EDGE_LOOP('',(#3127));
#622=EDGE_LOOP('',(#3128));
#623=EDGE_LOOP('',(#3129,#3130,#3131,#3132));
#624=EDGE_LOOP('',(#3133,#3134,#3135,#3136));
#625=EDGE_LOOP('',(#3137));
#626=EDGE_LOOP('',(#3138));
#627=EDGE_LOOP('',(#3139,#3140,#3141,#3142));
#628=EDGE_LOOP('',(#3143,#3144,#3145,#3146));
#629=EDGE_LOOP('',(#3147,#3148,#3149,#3150));
#630=EDGE_LOOP('',(#3151));
#631=EDGE_LOOP('',(#3152));
#632=EDGE_LOOP('',(#3153,#3154,#3155,#3156));
#633=EDGE_LOOP('',(#3157,#3158,#3159,#3160));
#634=EDGE_LOOP('',(#3161));
#635=EDGE_LOOP('',(#3162));
#636=EDGE_LOOP('',(#3163,#3164,#3165,#3166));
#637=EDGE_LOOP('',(#3167,#3168,#3169,#3170));
#638=EDGE_LOOP('',(#3171,#3172,#3173,#3174));
#639=EDGE_LOOP('',(#3175,#3176,#3177,#3178));
#640=EDGE_LOOP('',(#3179,#3180,#3181,#3182));
#641=EDGE_LOOP('',(#3183,#3184,#3185,#3186));
#642=EDGE_LOOP('',(#3187,#3188,#3189,#3190));
#643=EDGE_LOOP('',(#3191,#3192,#3193,#3194));
#644=EDGE_LOOP('',(#3195,#3196,#3197,#3198));
#645=EDGE_LOOP('',(#3199,#3200,#3201,#3202));
#646=EDGE_LOOP('',(#3203,#3204,#3205,#3206));
#647=EDGE_LOOP('',(#3207,#3208,#3209,#3210));
#648=EDGE_LOOP('',(#3211,#3212,#3213,#3214));
#649=EDGE_LOOP('',(#3215,#3216,#3217,#3218));
#650=EDGE_LOOP('',(#3219,#3220,#3221,#3222));
#651=EDGE_LOOP('',(#3223,#3224,#3225,#3226));
#652=EDGE_LOOP('',(#3227,#3228,#3229,#3230));
#653=EDGE_LOOP('',(#3231,#3232,#3233,#3234));
#654=EDGE_LOOP('',(#3235,#3236,#3237,#3238));
#655=EDGE_LOOP('',(#3239,#3240,#3241,#3242));
#656=EDGE_LOOP('',(#3243,#3244,#3245,#3246,#3247));
#657=EDGE_LOOP('',(#3248,#3249,#3250,#3251,#3252,#3253,#3254));
#658=EDGE_LOOP('',(#3255,#3256,#3257,#3258,#3259));
#659=EDGE_LOOP('',(#3260,#3261,#3262,#3263,#3264,#3265,#3266,#3267,#3268,
#3269,#3270));
#660=EDGE_LOOP('',(#3271));
#661=EDGE_LOOP('',(#3272,#3273,#3274,#3275,#3276));
#662=EDGE_LOOP('',(#3277,#3278,#3279,#3280,#3281,#3282,#3283));
#663=EDGE_LOOP('',(#3284,#3285,#3286,#3287,#3288));
#664=EDGE_LOOP('',(#3289,#3290,#3291,#3292));
#665=EDGE_LOOP('',(#3293,#3294,#3295,#3296,#3297));
#666=EDGE_LOOP('',(#3298,#3299,#3300,#3301,#3302));
#667=EDGE_LOOP('',(#3303,#3304,#3305,#3306));
#668=EDGE_LOOP('',(#3307,#3308,#3309,#3310,#3311,#3312,#3313,#3314,#3315,
#3316,#3317,#3318));
#669=EDGE_LOOP('',(#3319,#3320,#3321,#3322,#3323,#3324,#3325,#3326));
#670=EDGE_LOOP('',(#3327,#3328,#3329,#3330,#3331,#3332,#3333,#3334));
#671=EDGE_LOOP('',(#3335,#3336,#3337,#3338,#3339,#3340,#3341,#3342));
#672=EDGE_LOOP('',(#3343,#3344,#3345,#3346,#3347,#3348,#3349,#3350));
#673=EDGE_LOOP('',(#3351));
#674=EDGE_LOOP('',(#3352));
#675=EDGE_LOOP('',(#3353));
#676=EDGE_LOOP('',(#3354));
#677=EDGE_LOOP('',(#3355));
#678=EDGE_LOOP('',(#3356));
#679=EDGE_LOOP('',(#3357));
#680=EDGE_LOOP('',(#3358));
#681=EDGE_LOOP('',(#3359));
#682=EDGE_LOOP('',(#3360));
#683=EDGE_LOOP('',(#3361));
#684=EDGE_LOOP('',(#3362));
#685=EDGE_LOOP('',(#3363));
#686=EDGE_LOOP('',(#3364));
#687=EDGE_LOOP('',(#3365));
#688=EDGE_LOOP('',(#3366));
#689=EDGE_LOOP('',(#3367,#3368,#3369,#3370,#3371,#3372,#3373,#3374,#3375,
#3376,#3377,#3378));
#690=EDGE_LOOP('',(#3379,#3380,#3381,#3382,#3383,#3384,#3385,#3386,#3387,
#3388,#3389,#3390,#3391));
#691=LINE('',#4977,#1064);
#692=LINE('',#4982,#1065);
#693=LINE('',#4984,#1066);
#694=LINE('',#4986,#1067);
#695=LINE('',#4987,#1068);
#696=LINE('',#4990,#1069);
#697=LINE('',#4992,#1070);
#698=LINE('',#4993,#1071);
#699=LINE('',#4996,#1072);
#700=LINE('',#4998,#1073);
#701=LINE('',#4999,#1074);
#702=LINE('',#5001,#1075);
#703=LINE('',#5002,#1076);
#704=LINE('',#5006,#1077);
#705=LINE('',#5008,#1078);
#706=LINE('',#5010,#1079);
#707=LINE('',#5011,#1080);
#708=LINE('',#5014,#1081);
#709=LINE('',#5016,#1082);
#710=LINE('',#5017,#1083);
#711=LINE('',#5020,#1084);
#712=LINE('',#5022,#1085);
#713=LINE('',#5024,#1086);
#714=LINE('',#5025,#1087);
#715=LINE('',#5028,#1088);
#716=LINE('',#5030,#1089);
#717=LINE('',#5032,#1090);
#718=LINE('',#5034,#1091);
#719=LINE('',#5036,#1092);
#720=LINE('',#5038,#1093);
#721=LINE('',#5039,#1094);
#722=LINE('',#5042,#1095);
#723=LINE('',#5044,#1096);
#724=LINE('',#5046,#1097);
#725=LINE('',#5047,#1098);
#726=LINE('',#5049,#1099);
#727=LINE('',#5051,#1100);
#728=LINE('',#5053,#1101);
#729=LINE('',#5055,#1102);
#730=LINE('',#5057,#1103);
#731=LINE('',#5058,#1104);
#732=LINE('',#5063,#1105);
#733=LINE('',#5065,#1106);
#734=LINE('',#5067,#1107);
#735=LINE('',#5068,#1108);
#736=LINE('',#5071,#1109);
#737=LINE('',#5073,#1110);
#738=LINE('',#5075,#1111);
#739=LINE('',#5076,#1112);
#740=LINE('',#5080,#1113);
#741=LINE('',#5082,#1114);
#742=LINE('',#5084,#1115);
#743=LINE('',#5085,#1116);
#744=LINE('',#5088,#1117);
#745=LINE('',#5090,#1118);
#746=LINE('',#5091,#1119);
#747=LINE('',#5096,#1120);
#748=LINE('',#5100,#1121);
#749=LINE('',#5102,#1122);
#750=LINE('',#5103,#1123);
#751=LINE('',#5108,#1124);
#752=LINE('',#5112,#1125);
#753=LINE('',#5114,#1126);
#754=LINE('',#5115,#1127);
#755=LINE('',#5120,#1128);
#756=LINE('',#5124,#1129);
#757=LINE('',#5126,#1130);
#758=LINE('',#5127,#1131);
#759=LINE('',#5132,#1132);
#760=LINE('',#5136,#1133);
#761=LINE('',#5138,#1134);
#762=LINE('',#5139,#1135);
#763=LINE('',#5144,#1136);
#764=LINE('',#5148,#1137);
#765=LINE('',#5150,#1138);
#766=LINE('',#5151,#1139);
#767=LINE('',#5159,#1140);
#768=LINE('',#5161,#1141);
#769=LINE('',#5163,#1142);
#770=LINE('',#5165,#1143);
#771=LINE('',#5167,#1144);
#772=LINE('',#5169,#1145);
#773=LINE('',#5171,#1146);
#774=LINE('',#5172,#1147);
#775=LINE('',#5174,#1148);
#776=LINE('',#5175,#1149);
#777=LINE('',#5179,#1150);
#778=LINE('',#5180,#1151);
#779=LINE('',#5181,#1152);
#780=LINE('',#5184,#1153);
#781=LINE('',#5186,#1154);
#782=LINE('',#5187,#1155);
#783=LINE('',#5189,#1156);
#784=LINE('',#5191,#1157);
#785=LINE('',#5192,#1158);
#786=LINE('',#5198,#1159);
#787=LINE('',#5199,#1160);
#788=LINE('',#5202,#1161);
#789=LINE('',#5203,#1162);
#790=LINE('',#5205,#1163);
#791=LINE('',#5208,#1164);
#792=LINE('',#5209,#1165);
#793=LINE('',#5212,#1166);
#794=LINE('',#5213,#1167);
#795=LINE('',#5215,#1168);
#796=LINE('',#5219,#1169);
#797=LINE('',#5221,#1170);
#798=LINE('',#5223,#1171);
#799=LINE('',#5225,#1172);
#800=LINE('',#5227,#1173);
#801=LINE('',#5229,#1174);
#802=LINE('',#5231,#1175);
#803=LINE('',#5232,#1176);
#804=LINE('',#5236,#1177);
#805=LINE('',#5238,#1178);
#806=LINE('',#5240,#1179);
#807=LINE('',#5242,#1180);
#808=LINE('',#5244,#1181);
#809=LINE('',#5246,#1182);
#810=LINE('',#5248,#1183);
#811=LINE('',#5249,#1184);
#812=LINE('',#5253,#1185);
#813=LINE('',#5255,#1186);
#814=LINE('',#5257,#1187);
#815=LINE('',#5259,#1188);
#816=LINE('',#5261,#1189);
#817=LINE('',#5263,#1190);
#818=LINE('',#5265,#1191);
#819=LINE('',#5266,#1192);
#820=LINE('',#5270,#1193);
#821=LINE('',#5272,#1194);
#822=LINE('',#5274,#1195);
#823=LINE('',#5276,#1196);
#824=LINE('',#5278,#1197);
#825=LINE('',#5280,#1198);
#826=LINE('',#5282,#1199);
#827=LINE('',#5283,#1200);
#828=LINE('',#5335,#1201);
#829=LINE('',#5337,#1202);
#830=LINE('',#5339,#1203);
#831=LINE('',#5340,#1204);
#832=LINE('',#5345,#1205);
#833=LINE('',#5347,#1206);
#834=LINE('',#5349,#1207);
#835=LINE('',#5350,#1208);
#836=LINE('',#5353,#1209);
#837=LINE('',#5355,#1210);
#838=LINE('',#5357,#1211);
#839=LINE('',#5358,#1212);
#840=LINE('',#5362,#1213);
#841=LINE('',#5385,#1214);
#842=LINE('',#5389,#1215);
#843=LINE('',#5393,#1216);
#844=LINE('',#5395,#1217);
#845=LINE('',#5398,#1218);
#846=LINE('',#5400,#1219);
#847=LINE('',#5402,#1220);
#848=LINE('',#5403,#1221);
#849=LINE('',#5406,#1222);
#850=LINE('',#5408,#1223);
#851=LINE('',#5410,#1224);
#852=LINE('',#5411,#1225);
#853=LINE('',#5438,#1226);
#854=LINE('',#5440,#1227);
#855=LINE('',#5441,#1228);
#856=LINE('',#5444,#1229);
#857=LINE('',#5445,#1230);
#858=LINE('',#5448,#1231);
#859=LINE('',#5449,#1232);
#860=LINE('',#5452,#1233);
#861=LINE('',#5453,#1234);
#862=LINE('',#5456,#1235);
#863=LINE('',#5458,#1236);
#864=LINE('',#5459,#1237);
#865=LINE('',#5462,#1238);
#866=LINE('',#5463,#1239);
#867=LINE('',#5466,#1240);
#868=LINE('',#5467,#1241);
#869=LINE('',#5470,#1242);
#870=LINE('',#5471,#1243);
#871=LINE('',#5474,#1244);
#872=LINE('',#5476,#1245);
#873=LINE('',#5477,#1246);
#874=LINE('',#5480,#1247);
#875=LINE('',#5481,#1248);
#876=LINE('',#5484,#1249);
#877=LINE('',#5485,#1250);
#878=LINE('',#5488,#1251);
#879=LINE('',#5489,#1252);
#880=LINE('',#5492,#1253);
#881=LINE('',#5494,#1254);
#882=LINE('',#5495,#1255);
#883=LINE('',#5498,#1256);
#884=LINE('',#5499,#1257);
#885=LINE('',#5502,#1258);
#886=LINE('',#5503,#1259);
#887=LINE('',#5506,#1260);
#888=LINE('',#5507,#1261);
#889=LINE('',#5511,#1262);
#890=LINE('',#5533,#1263);
#891=LINE('',#5535,#1264);
#892=LINE('',#5536,#1265);
#893=LINE('',#5541,#1266);
#894=LINE('',#5569,#1267);
#895=LINE('',#5573,#1268);
#896=LINE('',#5575,#1269);
#897=LINE('',#5576,#1270);
#898=LINE('',#5577,#1271);
#899=LINE('',#5580,#1272);
#900=LINE('',#5582,#1273);
#901=LINE('',#5584,#1274);
#902=LINE('',#5585,#1275);
#903=LINE('',#5588,#1276);
#904=LINE('',#5590,#1277);
#905=LINE('',#5592,#1278);
#906=LINE('',#5593,#1279);
#907=LINE('',#5622,#1280);
#908=LINE('',#5625,#1281);
#909=LINE('',#5629,#1282);
#910=LINE('',#5633,#1283);
#911=LINE('',#5637,#1284);
#912=LINE('',#5698,#1285);
#913=LINE('',#5703,#1286);
#914=LINE('',#5705,#1287);
#915=LINE('',#5707,#1288);
#916=LINE('',#5712,#1289);
#917=LINE('',#5713,#1290);
#918=LINE('',#5714,#1291);
#919=LINE('',#5721,#1292);
#920=LINE('',#5722,#1293);
#921=LINE('',#5727,#1294);
#922=LINE('',#5730,#1295);
#923=LINE('',#5732,#1296);
#924=LINE('',#5734,#1297);
#925=LINE('',#5735,#1298);
#926=LINE('',#5738,#1299);
#927=LINE('',#5743,#1300);
#928=LINE('',#5749,#1301);
#929=LINE('',#5755,#1302);
#930=LINE('',#5761,#1303);
#931=LINE('',#5767,#1304);
#932=LINE('',#5773,#1305);
#933=LINE('',#5779,#1306);
#934=LINE('',#5785,#1307);
#935=LINE('',#5791,#1308);
#936=LINE('',#5797,#1309);
#937=LINE('',#5803,#1310);
#938=LINE('',#5809,#1311);
#939=LINE('',#5815,#1312);
#940=LINE('',#5821,#1313);
#941=LINE('',#5827,#1314);
#942=LINE('',#5833,#1315);
#943=LINE('',#5838,#1316);
#944=LINE('',#5842,#1317);
#945=LINE('',#5846,#1318);
#946=LINE('',#5850,#1319);
#947=LINE('',#5854,#1320);
#948=LINE('',#5858,#1321);
#949=LINE('',#5860,#1322);
#950=LINE('',#5862,#1323);
#951=LINE('',#5866,#1324);
#952=LINE('',#5870,#1325);
#953=LINE('',#5874,#1326);
#954=LINE('',#5878,#1327);
#955=LINE('',#5882,#1328);
#956=LINE('',#5886,#1329);
#957=LINE('',#5890,#1330);
#958=LINE('',#5894,#1331);
#959=LINE('',#5897,#1332);
#960=LINE('',#5899,#1333);
#961=LINE('',#5900,#1334);
#962=LINE('',#5903,#1335);
#963=LINE('',#5904,#1336);
#964=LINE('',#5907,#1337);
#965=LINE('',#5908,#1338);
#966=LINE('',#5910,#1339);
#967=LINE('',#5914,#1340);
#968=LINE('',#5916,#1341);
#969=LINE('',#5917,#1342);
#970=LINE('',#5920,#1343);
#971=LINE('',#5921,#1344);
#972=LINE('',#5924,#1345);
#973=LINE('',#5925,#1346);
#974=LINE('',#5927,#1347);
#975=LINE('',#5931,#1348);
#976=LINE('',#5933,#1349);
#977=LINE('',#5934,#1350);
#978=LINE('',#5937,#1351);
#979=LINE('',#5938,#1352);
#980=LINE('',#5941,#1353);
#981=LINE('',#5942,#1354);
#982=LINE('',#5944,#1355);
#983=LINE('',#5948,#1356);
#984=LINE('',#5950,#1357);
#985=LINE('',#5951,#1358);
#986=LINE('',#5954,#1359);
#987=LINE('',#5955,#1360);
#988=LINE('',#5958,#1361);
#989=LINE('',#5959,#1362);
#990=LINE('',#5961,#1363);
#991=LINE('',#5965,#1364);
#992=LINE('',#5966,#1365);
#993=LINE('',#5968,#1366);
#994=LINE('',#5972,#1367);
#995=LINE('',#5974,#1368);
#996=LINE('',#5975,#1369);
#997=LINE('',#5978,#1370);
#998=LINE('',#5979,#1371);
#999=LINE('',#5982,#1372);
#1000=LINE('',#5983,#1373);
#1001=LINE('',#5985,#1374);
#1002=LINE('',#5989,#1375);
#1003=LINE('',#5991,#1376);
#1004=LINE('',#5992,#1377);
#1005=LINE('',#5995,#1378);
#1006=LINE('',#5996,#1379);
#1007=LINE('',#5999,#1380);
#1008=LINE('',#6000,#1381);
#1009=LINE('',#6002,#1382);
#1010=LINE('',#6006,#1383);
#1011=LINE('',#6008,#1384);
#1012=LINE('',#6009,#1385);
#1013=LINE('',#6012,#1386);
#1014=LINE('',#6013,#1387);
#1015=LINE('',#6016,#1388);
#1016=LINE('',#6017,#1389);
#1017=LINE('',#6019,#1390);
#1018=LINE('',#6022,#1391);
#1019=LINE('',#6026,#1392);
#1020=LINE('',#6030,#1393);
#1021=LINE('',#6031,#1394);
#1022=LINE('',#6034,#1395);
#1023=LINE('',#6035,#1396);
#1024=LINE('',#6038,#1397);
#1025=LINE('',#6039,#1398);
#1026=LINE('',#6041,#1399);
#1027=LINE('',#6044,#1400);
#1028=LINE('',#6045,#1401);
#1029=LINE('',#6048,#1402);
#1030=LINE('',#6049,#1403);
#1031=LINE('',#6052,#1404);
#1032=LINE('',#6053,#1405);
#1033=LINE('',#6055,#1406);
#1034=LINE('',#6058,#1407);
#1035=LINE('',#6059,#1408);
#1036=LINE('',#6062,#1409);
#1037=LINE('',#6063,#1410);
#1038=LINE('',#6066,#1411);
#1039=LINE('',#6067,#1412);
#1040=LINE('',#6069,#1413);
#1041=LINE('',#6072,#1414);
#1042=LINE('',#6073,#1415);
#1043=LINE('',#6076,#1416);
#1044=LINE('',#6077,#1417);
#1045=LINE('',#6080,#1418);
#1046=LINE('',#6081,#1419);
#1047=LINE('',#6083,#1420);
#1048=LINE('',#6086,#1421);
#1049=LINE('',#6092,#1422);
#1050=LINE('',#6093,#1423);
#1051=LINE('',#6095,#1424);
#1052=LINE('',#6096,#1425);
#1053=LINE('',#6099,#1426);
#1054=LINE('',#6105,#1427);
#1055=LINE('',#6106,#1428);
#1056=LINE('',#6108,#1429);
#1057=LINE('',#6109,#1430);
#1058=LINE('',#6112,#1431);
#1059=LINE('',#6118,#1432);
#1060=LINE('',#6119,#1433);
#1061=LINE('',#6121,#1434);
#1062=LINE('',#6122,#1435);
#1063=LINE('',#6124,#1436);
#1064=VECTOR('',#3977,3.5);
#1065=VECTOR('',#3982,10.);
#1066=VECTOR('',#3983,10.);
#1067=VECTOR('',#3984,10.);
#1068=VECTOR('',#3985,10.);
#1069=VECTOR('',#3988,10.);
#1070=VECTOR('',#3989,10.);
#1071=VECTOR('',#3990,10.);
#1072=VECTOR('',#3993,10.);
#1073=VECTOR('',#3994,10.);
#1074=VECTOR('',#3995,10.);
#1075=VECTOR('',#3998,10.);
#1076=VECTOR('',#3999,10.);
#1077=VECTOR('',#4002,10.);
#1078=VECTOR('',#4003,10.);
#1079=VECTOR('',#4004,10.);
#1080=VECTOR('',#4005,10.);
#1081=VECTOR('',#4008,10.);
#1082=VECTOR('',#4009,10.);
#1083=VECTOR('',#4010,10.);
#1084=VECTOR('',#4013,10.);
#1085=VECTOR('',#4014,10.);
#1086=VECTOR('',#4015,10.);
#1087=VECTOR('',#4016,10.);
#1088=VECTOR('',#4019,10.);
#1089=VECTOR('',#4020,10.);
#1090=VECTOR('',#4021,10.);
#1091=VECTOR('',#4022,10.);
#1092=VECTOR('',#4023,10.);
#1093=VECTOR('',#4024,10.);
#1094=VECTOR('',#4025,10.);
#1095=VECTOR('',#4028,10.);
#1096=VECTOR('',#4029,10.);
#1097=VECTOR('',#4030,10.);
#1098=VECTOR('',#4031,10.);
#1099=VECTOR('',#4032,10.);
#1100=VECTOR('',#4033,10.);
#1101=VECTOR('',#4034,10.);
#1102=VECTOR('',#4035,10.);
#1103=VECTOR('',#4036,10.);
#1104=VECTOR('',#4037,10.);
#1105=VECTOR('',#4040,10.);
#1106=VECTOR('',#4041,10.);
#1107=VECTOR('',#4042,10.);
#1108=VECTOR('',#4043,10.);
#1109=VECTOR('',#4044,10.);
#1110=VECTOR('',#4045,10.);
#1111=VECTOR('',#4046,10.);
#1112=VECTOR('',#4047,10.);
#1113=VECTOR('',#4050,10.);
#1114=VECTOR('',#4051,10.);
#1115=VECTOR('',#4052,10.);
#1116=VECTOR('',#4053,10.);
#1117=VECTOR('',#4056,10.);
#1118=VECTOR('',#4057,10.);
#1119=VECTOR('',#4058,10.);
#1120=VECTOR('',#4063,10.);
#1121=VECTOR('',#4068,10.);
#1122=VECTOR('',#4069,10.);
#1123=VECTOR('',#4070,10.);
#1124=VECTOR('',#4075,10.);
#1125=VECTOR('',#4080,10.);
#1126=VECTOR('',#4081,10.);
#1127=VECTOR('',#4082,10.);
#1128=VECTOR('',#4087,10.);
#1129=VECTOR('',#4092,10.);
#1130=VECTOR('',#4093,10.);
#1131=VECTOR('',#4094,10.);
#1132=VECTOR('',#4099,10.);
#1133=VECTOR('',#4104,10.);
#1134=VECTOR('',#4105,10.);
#1135=VECTOR('',#4106,10.);
#1136=VECTOR('',#4111,10.);
#1137=VECTOR('',#4116,10.);
#1138=VECTOR('',#4117,10.);
#1139=VECTOR('',#4118,10.);
#1140=VECTOR('',#4129,10.);
#1141=VECTOR('',#4130,10.);
#1142=VECTOR('',#4131,10.);
#1143=VECTOR('',#4132,10.);
#1144=VECTOR('',#4133,10.);
#1145=VECTOR('',#4134,10.);
#1146=VECTOR('',#4135,10.);
#1147=VECTOR('',#4136,10.);
#1148=VECTOR('',#4139,10.);
#1149=VECTOR('',#4140,10.);
#1150=VECTOR('',#4143,10.);
#1151=VECTOR('',#4144,10.);
#1152=VECTOR('',#4145,10.);
#1153=VECTOR('',#4148,10.);
#1154=VECTOR('',#4149,10.);
#1155=VECTOR('',#4150,10.);
#1156=VECTOR('',#4153,10.);
#1157=VECTOR('',#4154,10.);
#1158=VECTOR('',#4155,10.);
#1159=VECTOR('',#4162,10.);
#1160=VECTOR('',#4163,10.);
#1161=VECTOR('',#4166,10.);
#1162=VECTOR('',#4167,10.);
#1163=VECTOR('',#4170,10.);
#1164=VECTOR('',#4173,10.);
#1165=VECTOR('',#4174,10.);
#1166=VECTOR('',#4177,10.);
#1167=VECTOR('',#4178,10.);
#1168=VECTOR('',#4181,10.);
#1169=VECTOR('',#4184,10.);
#1170=VECTOR('',#4185,10.);
#1171=VECTOR('',#4186,10.);
#1172=VECTOR('',#4187,10.);
#1173=VECTOR('',#4188,10.);
#1174=VECTOR('',#4189,10.);
#1175=VECTOR('',#4190,10.);
#1176=VECTOR('',#4191,10.);
#1177=VECTOR('',#4194,10.);
#1178=VECTOR('',#4195,10.);
#1179=VECTOR('',#4196,10.);
#1180=VECTOR('',#4197,10.);
#1181=VECTOR('',#4198,10.);
#1182=VECTOR('',#4199,10.);
#1183=VECTOR('',#4200,10.);
#1184=VECTOR('',#4201,10.);
#1185=VECTOR('',#4204,10.);
#1186=VECTOR('',#4205,10.);
#1187=VECTOR('',#4206,10.);
#1188=VECTOR('',#4207,10.);
#1189=VECTOR('',#4208,10.);
#1190=VECTOR('',#4209,10.);
#1191=VECTOR('',#4210,10.);
#1192=VECTOR('',#4211,10.);
#1193=VECTOR('',#4214,10.);
#1194=VECTOR('',#4215,10.);
#1195=VECTOR('',#4216,10.);
#1196=VECTOR('',#4217,10.);
#1197=VECTOR('',#4218,10.);
#1198=VECTOR('',#4219,10.);
#1199=VECTOR('',#4220,10.);
#1200=VECTOR('',#4221,10.);
#1201=VECTOR('',#4288,10.);
#1202=VECTOR('',#4289,10.);
#1203=VECTOR('',#4290,10.);
#1204=VECTOR('',#4291,10.);
#1205=VECTOR('',#4294,10.);
#1206=VECTOR('',#4295,10.);
#1207=VECTOR('',#4296,10.);
#1208=VECTOR('',#4297,10.);
#1209=VECTOR('',#4298,10.);
#1210=VECTOR('',#4299,10.);
#1211=VECTOR('',#4300,10.);
#1212=VECTOR('',#4301,10.);
#1213=VECTOR('',#4304,10.);
#1214=VECTOR('',#4311,10.);
#1215=VECTOR('',#4314,10.);
#1216=VECTOR('',#4317,10.);
#1217=VECTOR('',#4320,10.);
#1218=VECTOR('',#4321,10.);
#1219=VECTOR('',#4322,10.);
#1220=VECTOR('',#4323,10.);
#1221=VECTOR('',#4324,10.);
#1222=VECTOR('',#4325,10.);
#1223=VECTOR('',#4326,10.);
#1224=VECTOR('',#4327,10.);
#1225=VECTOR('',#4328,10.);
#1226=VECTOR('',#4341,10.);
#1227=VECTOR('',#4342,10.);
#1228=VECTOR('',#4343,10.);
#1229=VECTOR('',#4346,10.);
#1230=VECTOR('',#4347,10.);
#1231=VECTOR('',#4350,10.);
#1232=VECTOR('',#4351,10.);
#1233=VECTOR('',#4354,10.);
#1234=VECTOR('',#4355,10.);
#1235=VECTOR('',#4358,10.);
#1236=VECTOR('',#4359,10.);
#1237=VECTOR('',#4360,10.);
#1238=VECTOR('',#4363,10.);
#1239=VECTOR('',#4364,10.);
#1240=VECTOR('',#4367,10.);
#1241=VECTOR('',#4368,10.);
#1242=VECTOR('',#4371,10.);
#1243=VECTOR('',#4372,10.);
#1244=VECTOR('',#4375,10.);
#1245=VECTOR('',#4376,10.);
#1246=VECTOR('',#4377,10.);
#1247=VECTOR('',#4380,10.);
#1248=VECTOR('',#4381,10.);
#1249=VECTOR('',#4384,10.);
#1250=VECTOR('',#4385,10.);
#1251=VECTOR('',#4388,10.);
#1252=VECTOR('',#4389,10.);
#1253=VECTOR('',#4392,10.);
#1254=VECTOR('',#4393,10.);
#1255=VECTOR('',#4394,10.);
#1256=VECTOR('',#4397,10.);
#1257=VECTOR('',#4398,10.);
#1258=VECTOR('',#4401,10.);
#1259=VECTOR('',#4402,10.);
#1260=VECTOR('',#4405,10.);
#1261=VECTOR('',#4406,10.);
#1262=VECTOR('',#4409,10.);
#1263=VECTOR('',#4416,10.);
#1264=VECTOR('',#4417,10.);
#1265=VECTOR('',#4418,10.);
#1266=VECTOR('',#4423,10.);
#1267=VECTOR('',#4428,10.);
#1268=VECTOR('',#4431,10.);
#1269=VECTOR('',#4432,10.);
#1270=VECTOR('',#4433,10.);
#1271=VECTOR('',#4434,10.);
#1272=VECTOR('',#4435,10.);
#1273=VECTOR('',#4436,10.);
#1274=VECTOR('',#4437,10.);
#1275=VECTOR('',#4438,10.);
#1276=VECTOR('',#4439,10.);
#1277=VECTOR('',#4440,10.);
#1278=VECTOR('',#4441,10.);
#1279=VECTOR('',#4442,10.);
#1280=VECTOR('',#4449,10.);
#1281=VECTOR('',#4452,10.);
#1282=VECTOR('',#4455,10.);
#1283=VECTOR('',#4458,10.);
#1284=VECTOR('',#4463,10.);
#1285=VECTOR('',#4474,10.);
#1286=VECTOR('',#4479,10.);
#1287=VECTOR('',#4480,10.);
#1288=VECTOR('',#4481,10.);
#1289=VECTOR('',#4486,10.);
#1290=VECTOR('',#4487,10.);
#1291=VECTOR('',#4488,10.);
#1292=VECTOR('',#4495,10.);
#1293=VECTOR('',#4496,10.);
#1294=VECTOR('',#4501,10.);
#1295=VECTOR('',#4504,10.);
#1296=VECTOR('',#4507,10.);
#1297=VECTOR('',#4510,10.);
#1298=VECTOR('',#4511,10.);
#1299=VECTOR('',#4516,10.);
#1300=VECTOR('',#4521,3.);
#1301=VECTOR('',#4528,3.);
#1302=VECTOR('',#4535,3.);
#1303=VECTOR('',#4542,3.);
#1304=VECTOR('',#4549,3.);
#1305=VECTOR('',#4556,3.);
#1306=VECTOR('',#4563,3.);
#1307=VECTOR('',#4570,3.);
#1308=VECTOR('',#4577,3.);
#1309=VECTOR('',#4584,3.);
#1310=VECTOR('',#4591,3.);
#1311=VECTOR('',#4598,3.);
#1312=VECTOR('',#4605,3.);
#1313=VECTOR('',#4612,3.);
#1314=VECTOR('',#4619,3.);
#1315=VECTOR('',#4626,3.);
#1316=VECTOR('',#4633,3.);
#1317=VECTOR('',#4638,3.);
#1318=VECTOR('',#4643,3.);
#1319=VECTOR('',#4648,3.);
#1320=VECTOR('',#4653,3.);
#1321=VECTOR('',#4658,3.);
#1322=VECTOR('',#4661,3.);
#1323=VECTOR('',#4664,3.);
#1324=VECTOR('',#4669,3.);
#1325=VECTOR('',#4674,3.);
#1326=VECTOR('',#4679,3.);
#1327=VECTOR('',#4684,3.);
#1328=VECTOR('',#4689,3.);
#1329=VECTOR('',#4694,3.);
#1330=VECTOR('',#4699,3.);
#1331=VECTOR('',#4704,3.);
#1332=VECTOR('',#4707,10.);
#1333=VECTOR('',#4708,10.);
#1334=VECTOR('',#4709,10.);
#1335=VECTOR('',#4712,10.);
#1336=VECTOR('',#4713,10.);
#1337=VECTOR('',#4716,10.);
#1338=VECTOR('',#4717,10.);
#1339=VECTOR('',#4720,10.);
#1340=VECTOR('',#4725,10.);
#1341=VECTOR('',#4726,10.);
#1342=VECTOR('',#4727,10.);
#1343=VECTOR('',#4730,10.);
#1344=VECTOR('',#4731,10.);
#1345=VECTOR('',#4734,10.);
#1346=VECTOR('',#4735,10.);
#1347=VECTOR('',#4738,10.);
#1348=VECTOR('',#4743,10.);
#1349=VECTOR('',#4744,10.);
#1350=VECTOR('',#4745,10.);
#1351=VECTOR('',#4748,10.);
#1352=VECTOR('',#4749,10.);
#1353=VECTOR('',#4752,10.);
#1354=VECTOR('',#4753,10.);
#1355=VECTOR('',#4756,10.);
#1356=VECTOR('',#4761,10.);
#1357=VECTOR('',#4762,10.);
#1358=VECTOR('',#4763,10.);
#1359=VECTOR('',#4766,10.);
#1360=VECTOR('',#4767,10.);
#1361=VECTOR('',#4770,10.);
#1362=VECTOR('',#4771,10.);
#1363=VECTOR('',#4774,10.);
#1364=VECTOR('',#4779,10.);
#1365=VECTOR('',#4780,10.);
#1366=VECTOR('',#4783,10.);
#1367=VECTOR('',#4788,10.);
#1368=VECTOR('',#4789,10.);
#1369=VECTOR('',#4790,10.);
#1370=VECTOR('',#4793,10.);
#1371=VECTOR('',#4794,10.);
#1372=VECTOR('',#4797,10.);
#1373=VECTOR('',#4798,10.);
#1374=VECTOR('',#4801,10.);
#1375=VECTOR('',#4806,10.);
#1376=VECTOR('',#4807,10.);
#1377=VECTOR('',#4808,10.);
#1378=VECTOR('',#4811,10.);
#1379=VECTOR('',#4812,10.);
#1380=VECTOR('',#4815,10.);
#1381=VECTOR('',#4816,10.);
#1382=VECTOR('',#4819,10.);
#1383=VECTOR('',#4824,10.);
#1384=VECTOR('',#4825,10.);
#1385=VECTOR('',#4826,10.);
#1386=VECTOR('',#4829,10.);
#1387=VECTOR('',#4830,10.);
#1388=VECTOR('',#4833,10.);
#1389=VECTOR('',#4834,10.);
#1390=VECTOR('',#4837,10.);
#1391=VECTOR('',#4842,12.5);
#1392=VECTOR('',#4847,12.5);
#1393=VECTOR('',#4852,10.);
#1394=VECTOR('',#4853,10.);
#1395=VECTOR('',#4856,10.);
#1396=VECTOR('',#4857,10.);
#1397=VECTOR('',#4860,10.);
#1398=VECTOR('',#4861,10.);
#1399=VECTOR('',#4864,10.);
#1400=VECTOR('',#4867,10.);
#1401=VECTOR('',#4868,10.);
#1402=VECTOR('',#4871,10.);
#1403=VECTOR('',#4872,10.);
#1404=VECTOR('',#4875,10.);
#1405=VECTOR('',#4876,10.);
#1406=VECTOR('',#4879,10.);
#1407=VECTOR('',#4882,10.);
#1408=VECTOR('',#4883,10.);
#1409=VECTOR('',#4886,10.);
#1410=VECTOR('',#4887,10.);
#1411=VECTOR('',#4890,10.);
#1412=VECTOR('',#4891,10.);
#1413=VECTOR('',#4894,10.);
#1414=VECTOR('',#4897,10.);
#1415=VECTOR('',#4898,10.);
#1416=VECTOR('',#4901,10.);
#1417=VECTOR('',#4902,10.);
#1418=VECTOR('',#4905,10.);
#1419=VECTOR('',#4906,10.);
#1420=VECTOR('',#4909,10.);
#1421=VECTOR('',#4912,11.);
#1422=VECTOR('',#4919,10.);
#1423=VECTOR('',#4920,10.);
#1424=VECTOR('',#4921,10.);
#1425=VECTOR('',#4922,10.);
#1426=VECTOR('',#4925,11.);
#1427=VECTOR('',#4932,10.);
#1428=VECTOR('',#4933,10.);
#1429=VECTOR('',#4934,10.);
#1430=VECTOR('',#4935,10.);
#1431=VECTOR('',#4938,11.);
#1432=VECTOR('',#4945,10.);
#1433=VECTOR('',#4946,10.);
#1434=VECTOR('',#4947,10.);
#1435=VECTOR('',#4948,10.);
#1436=VECTOR('',#4951,11.);
#1437=CIRCLE('',#3659,3.5);
#1438=CIRCLE('',#3660,3.5);
#1439=CIRCLE('',#3670,11.);
#1440=CIRCLE('',#3674,2.00000000000001);
#1441=CIRCLE('',#3675,2.00000000000001);
#1442=CIRCLE('',#3678,50.);
#1443=CIRCLE('',#3679,50.);
#1444=CIRCLE('',#3682,1.99999999999999);
#1445=CIRCLE('',#3683,1.99999999999999);
#1446=CIRCLE('',#3686,50.);
#1447=CIRCLE('',#3687,50.);
#1448=CIRCLE('',#3690,2.00000000000001);
#1449=CIRCLE('',#3691,2.00000000000001);
#1450=CIRCLE('',#3694,50.);
#1451=CIRCLE('',#3695,50.);
#1452=CIRCLE('',#3702,3.);
#1453=CIRCLE('',#3703,3.);
#1454=CIRCLE('',#3715,3.);
#1455=CIRCLE('',#3717,3.);
#1456=CIRCLE('',#3719,3.);
#1457=CIRCLE('',#3721,3.);
#1458=CIRCLE('',#3723,3.);
#1459=CIRCLE('',#3725,3.);
#1460=CIRCLE('',#3727,3.);
#1461=CIRCLE('',#3729,3.);
#1462=CIRCLE('',#3731,3.);
#1463=CIRCLE('',#3733,3.);
#1464=CIRCLE('',#3735,3.);
#1465=CIRCLE('',#3737,3.);
#1466=CIRCLE('',#3739,3.);
#1467=CIRCLE('',#3741,3.);
#1468=CIRCLE('',#3743,3.);
#1469=CIRCLE('',#3745,3.);
#1470=CIRCLE('',#3747,11.);
#1471=CIRCLE('',#3749,45.);
#1472=CIRCLE('',#3750,45.);
#1473=CIRCLE('',#3752,60.);
#1474=CIRCLE('',#3753,30.);
#1475=CIRCLE('',#3754,57.5);
#1476=CIRCLE('',#3755,12.5);
#1477=CIRCLE('',#3756,11.);
#1478=CIRCLE('',#3758,45.);
#1479=CIRCLE('',#3759,45.);
#1480=CIRCLE('',#3777,45.);
#1481=CIRCLE('',#3778,45.);
#1482=CIRCLE('',#3781,60.);
#1483=CIRCLE('',#3782,60.);
#1484=CIRCLE('',#3784,57.5);
#1485=CIRCLE('',#3785,11.);
#1486=CIRCLE('',#3787,60.);
#1487=CIRCLE('',#3789,35.);
#1488=CIRCLE('',#3790,35.);
#1489=CIRCLE('',#3791,45.);
#1490=CIRCLE('',#3793,57.5);
#1491=CIRCLE('',#3795,45.);
#1492=CIRCLE('',#3797,57.5);
#1493=CIRCLE('',#3799,30.);
#1494=CIRCLE('',#3800,11.);
#1495=CIRCLE('',#3801,11.);
#1496=CIRCLE('',#3802,12.5);
#1497=CIRCLE('',#3804,30.);
#1498=CIRCLE('',#3805,12.5);
#1499=CIRCLE('',#3807,30.);
#1500=CIRCLE('',#3813,3.);
#1501=CIRCLE('',#3814,3.);
#1502=CIRCLE('',#3816,3.);
#1503=CIRCLE('',#3817,3.);
#1504=CIRCLE('',#3819,3.);
#1505=CIRCLE('',#3820,3.);
#1506=CIRCLE('',#3822,3.);
#1507=CIRCLE('',#3823,3.);
#1508=CIRCLE('',#3825,3.);
#1509=CIRCLE('',#3826,3.);
#1510=CIRCLE('',#3828,3.);
#1511=CIRCLE('',#3829,3.);
#1512=CIRCLE('',#3831,3.);
#1513=CIRCLE('',#3832,3.);
#1514=CIRCLE('',#3834,3.);
#1515=CIRCLE('',#3835,3.);
#1516=CIRCLE('',#3837,3.);
#1517=CIRCLE('',#3838,3.);
#1518=CIRCLE('',#3840,3.);
#1519=CIRCLE('',#3841,3.);
#1520=CIRCLE('',#3843,3.);
#1521=CIRCLE('',#3844,3.);
#1522=CIRCLE('',#3846,3.);
#1523=CIRCLE('',#3847,3.);
#1524=CIRCLE('',#3849,3.);
#1525=CIRCLE('',#3850,3.);
#1526=CIRCLE('',#3852,3.);
#1527=CIRCLE('',#3853,3.);
#1528=CIRCLE('',#3855,3.);
#1529=CIRCLE('',#3856,3.);
#1530=CIRCLE('',#3858,3.);
#1531=CIRCLE('',#3859,3.);
#1532=CIRCLE('',#3861,3.);
#1533=CIRCLE('',#3863,3.);
#1534=CIRCLE('',#3865,3.);
#1535=CIRCLE('',#3867,3.);
#1536=CIRCLE('',#3869,3.);
#1537=CIRCLE('',#3871,3.);
#1538=CIRCLE('',#3875,3.);
#1539=CIRCLE('',#3877,3.);
#1540=CIRCLE('',#3879,3.);
#1541=CIRCLE('',#3881,3.);
#1542=CIRCLE('',#3883,3.);
#1543=CIRCLE('',#3885,3.);
#1544=CIRCLE('',#3887,3.);
#1545=CIRCLE('',#3889,3.);
#1546=CIRCLE('',#3931,12.5);
#1547=CIRCLE('',#3949,11.);
#1548=CIRCLE('',#3950,11.);
#1549=CIRCLE('',#3953,11.);
#1550=CIRCLE('',#3954,11.);
#1551=CIRCLE('',#3957,11.);
#1552=CIRCLE('',#3958,11.);
#1553=CIRCLE('',#3962,35.);
#1554=CIRCLE('',#3964,35.);
#1555=CIRCLE('',#3966,35.);
#1556=CIRCLE('',#3968,35.);
#1557=VERTEX_POINT('',#4974);
#1558=VERTEX_POINT('',#4976);
#1559=VERTEX_POINT('',#4980);
#1560=VERTEX_POINT('',#4981);
#1561=VERTEX_POINT('',#4983);
#1562=VERTEX_POINT('',#4985);
#1563=VERTEX_POINT('',#4989);
#1564=VERTEX_POINT('',#4991);
#1565=VERTEX_POINT('',#4995);
#1566=VERTEX_POINT('',#4997);
#1567=VERTEX_POINT('',#5004);
#1568=VERTEX_POINT('',#5005);
#1569=VERTEX_POINT('',#5007);
#1570=VERTEX_POINT('',#5009);
#1571=VERTEX_POINT('',#5013);
#1572=VERTEX_POINT('',#5015);
#1573=VERTEX_POINT('',#5019);
#1574=VERTEX_POINT('',#5021);
#1575=VERTEX_POINT('',#5023);
#1576=VERTEX_POINT('',#5027);
#1577=VERTEX_POINT('',#5029);
#1578=VERTEX_POINT('',#5031);
#1579=VERTEX_POINT('',#5033);
#1580=VERTEX_POINT('',#5035);
#1581=VERTEX_POINT('',#5037);
#1582=VERTEX_POINT('',#5041);
#1583=VERTEX_POINT('',#5043);
#1584=VERTEX_POINT('',#5045);
#1585=VERTEX_POINT('',#5048);
#1586=VERTEX_POINT('',#5050);
#1587=VERTEX_POINT('',#5052);
#1588=VERTEX_POINT('',#5054);
#1589=VERTEX_POINT('',#5056);
#1590=VERTEX_POINT('',#5059);
#1591=VERTEX_POINT('',#5061);
#1592=VERTEX_POINT('',#5062);
#1593=VERTEX_POINT('',#5064);
#1594=VERTEX_POINT('',#5066);
#1595=VERTEX_POINT('',#5069);
#1596=VERTEX_POINT('',#5070);
#1597=VERTEX_POINT('',#5072);
#1598=VERTEX_POINT('',#5074);
#1599=VERTEX_POINT('',#5078);
#1600=VERTEX_POINT('',#5079);
#1601=VERTEX_POINT('',#5081);
#1602=VERTEX_POINT('',#5083);
#1603=VERTEX_POINT('',#5087);
#1604=VERTEX_POINT('',#5089);
#1605=VERTEX_POINT('',#5093);
#1606=VERTEX_POINT('',#5095);
#1607=VERTEX_POINT('',#5099);
#1608=VERTEX_POINT('',#5101);
#1609=VERTEX_POINT('',#5105);
#1610=VERTEX_POINT('',#5107);
#1611=VERTEX_POINT('',#5111);
#1612=VERTEX_POINT('',#5113);
#1613=VERTEX_POINT('',#5117);
#1614=VERTEX_POINT('',#5119);
#1615=VERTEX_POINT('',#5123);
#1616=VERTEX_POINT('',#5125);
#1617=VERTEX_POINT('',#5129);
#1618=VERTEX_POINT('',#5131);
#1619=VERTEX_POINT('',#5135);
#1620=VERTEX_POINT('',#5137);
#1621=VERTEX_POINT('',#5141);
#1622=VERTEX_POINT('',#5143);
#1623=VERTEX_POINT('',#5147);
#1624=VERTEX_POINT('',#5149);
#1625=VERTEX_POINT('',#5157);
#1626=VERTEX_POINT('',#5158);
#1627=VERTEX_POINT('',#5160);
#1628=VERTEX_POINT('',#5162);
#1629=VERTEX_POINT('',#5164);
#1630=VERTEX_POINT('',#5166);
#1631=VERTEX_POINT('',#5168);
#1632=VERTEX_POINT('',#5170);
#1633=VERTEX_POINT('',#5177);
#1634=VERTEX_POINT('',#5178);
#1635=VERTEX_POINT('',#5183);
#1636=VERTEX_POINT('',#5185);
#1637=VERTEX_POINT('',#5190);
#1638=VERTEX_POINT('',#5193);
#1639=VERTEX_POINT('',#5195);
#1640=VERTEX_POINT('',#5201);
#1641=VERTEX_POINT('',#5207);
#1642=VERTEX_POINT('',#5211);
#1643=VERTEX_POINT('',#5217);
#1644=VERTEX_POINT('',#5218);
#1645=VERTEX_POINT('',#5220);
#1646=VERTEX_POINT('',#5222);
#1647=VERTEX_POINT('',#5224);
#1648=VERTEX_POINT('',#5226);
#1649=VERTEX_POINT('',#5228);
#1650=VERTEX_POINT('',#5230);
#1651=VERTEX_POINT('',#5234);
#1652=VERTEX_POINT('',#5235);
#1653=VERTEX_POINT('',#5237);
#1654=VERTEX_POINT('',#5239);
#1655=VERTEX_POINT('',#5241);
#1656=VERTEX_POINT('',#5243);
#1657=VERTEX_POINT('',#5245);
#1658=VERTEX_POINT('',#5247);
#1659=VERTEX_POINT('',#5251);
#1660=VERTEX_POINT('',#5252);
#1661=VERTEX_POINT('',#5254);
#1662=VERTEX_POINT('',#5256);
#1663=VERTEX_POINT('',#5258);
#1664=VERTEX_POINT('',#5260);
#1665=VERTEX_POINT('',#5262);
#1666=VERTEX_POINT('',#5264);
#1667=VERTEX_POINT('',#5268);
#1668=VERTEX_POINT('',#5269);
#1669=VERTEX_POINT('',#5271);
#1670=VERTEX_POINT('',#5273);
#1671=VERTEX_POINT('',#5275);
#1672=VERTEX_POINT('',#5277);
#1673=VERTEX_POINT('',#5279);
#1674=VERTEX_POINT('',#5281);
#1675=VERTEX_POINT('',#5285);
#1676=VERTEX_POINT('',#5288);
#1677=VERTEX_POINT('',#5291);
#1678=VERTEX_POINT('',#5294);
#1679=VERTEX_POINT('',#5297);
#1680=VERTEX_POINT('',#5300);
#1681=VERTEX_POINT('',#5303);
#1682=VERTEX_POINT('',#5306);
#1683=VERTEX_POINT('',#5309);
#1684=VERTEX_POINT('',#5312);
#1685=VERTEX_POINT('',#5315);
#1686=VERTEX_POINT('',#5318);
#1687=VERTEX_POINT('',#5321);
#1688=VERTEX_POINT('',#5324);
#1689=VERTEX_POINT('',#5327);
#1690=VERTEX_POINT('',#5330);
#1691=VERTEX_POINT('',#5333);
#1692=VERTEX_POINT('',#5334);
#1693=VERTEX_POINT('',#5336);
#1694=VERTEX_POINT('',#5338);
#1695=VERTEX_POINT('',#5341);
#1696=VERTEX_POINT('',#5343);
#1697=VERTEX_POINT('',#5344);
#1698=VERTEX_POINT('',#5346);
#1699=VERTEX_POINT('',#5348);
#1700=VERTEX_POINT('',#5351);
#1701=VERTEX_POINT('',#5352);
#1702=VERTEX_POINT('',#5354);
#1703=VERTEX_POINT('',#5356);
#1704=VERTEX_POINT('',#5360);
#1705=VERTEX_POINT('',#5361);
#1706=VERTEX_POINT('',#5363);
#1707=VERTEX_POINT('',#5383);
#1708=VERTEX_POINT('',#5384);
#1709=VERTEX_POINT('',#5386);
#1710=VERTEX_POINT('',#5388);
#1711=VERTEX_POINT('',#5390);
#1712=VERTEX_POINT('',#5392);
#1713=VERTEX_POINT('',#5396);
#1714=VERTEX_POINT('',#5397);
#1715=VERTEX_POINT('',#5399);
#1716=VERTEX_POINT('',#5401);
#1717=VERTEX_POINT('',#5404);
#1718=VERTEX_POINT('',#5405);
#1719=VERTEX_POINT('',#5407);
#1720=VERTEX_POINT('',#5409);
#1721=VERTEX_POINT('',#5412);
#1722=VERTEX_POINT('',#5414);
#1723=VERTEX_POINT('',#5417);
#1724=VERTEX_POINT('',#5437);
#1725=VERTEX_POINT('',#5439);
#1726=VERTEX_POINT('',#5443);
#1727=VERTEX_POINT('',#5447);
#1728=VERTEX_POINT('',#5451);
#1729=VERTEX_POINT('',#5455);
#1730=VERTEX_POINT('',#5457);
#1731=VERTEX_POINT('',#5461);
#1732=VERTEX_POINT('',#5465);
#1733=VERTEX_POINT('',#5469);
#1734=VERTEX_POINT('',#5473);
#1735=VERTEX_POINT('',#5475);
#1736=VERTEX_POINT('',#5479);
#1737=VERTEX_POINT('',#5483);
#1738=VERTEX_POINT('',#5487);
#1739=VERTEX_POINT('',#5491);
#1740=VERTEX_POINT('',#5493);
#1741=VERTEX_POINT('',#5497);
#1742=VERTEX_POINT('',#5501);
#1743=VERTEX_POINT('',#5505);
#1744=VERTEX_POINT('',#5509);
#1745=VERTEX_POINT('',#5510);
#1746=VERTEX_POINT('',#5512);
#1747=VERTEX_POINT('',#5532);
#1748=VERTEX_POINT('',#5534);
#1749=VERTEX_POINT('',#5538);
#1750=VERTEX_POINT('',#5540);
#1751=VERTEX_POINT('',#5542);
#1752=VERTEX_POINT('',#5567);
#1753=VERTEX_POINT('',#5568);
#1754=VERTEX_POINT('',#5570);
#1755=VERTEX_POINT('',#5572);
#1756=VERTEX_POINT('',#5574);
#1757=VERTEX_POINT('',#5578);
#1758=VERTEX_POINT('',#5579);
#1759=VERTEX_POINT('',#5581);
#1760=VERTEX_POINT('',#5583);
#1761=VERTEX_POINT('',#5586);
#1762=VERTEX_POINT('',#5587);
#1763=VERTEX_POINT('',#5589);
#1764=VERTEX_POINT('',#5591);
#1765=VERTEX_POINT('',#5594);
#1766=VERTEX_POINT('',#5597);
#1767=VERTEX_POINT('',#5620);
#1768=VERTEX_POINT('',#5624);
#1769=VERTEX_POINT('',#5626);
#1770=VERTEX_POINT('',#5628);
#1771=VERTEX_POINT('',#5630);
#1772=VERTEX_POINT('',#5632);
#1773=VERTEX_POINT('',#5636);
#1774=VERTEX_POINT('',#5638);
#1775=VERTEX_POINT('',#5677);
#1776=VERTEX_POINT('',#5696);
#1777=VERTEX_POINT('',#5700);
#1778=VERTEX_POINT('',#5701);
#1779=VERTEX_POINT('',#5704);
#1780=VERTEX_POINT('',#5706);
#1781=VERTEX_POINT('',#5708);
#1782=VERTEX_POINT('',#5711);
#1783=VERTEX_POINT('',#5715);
#1784=VERTEX_POINT('',#5718);
#1785=VERTEX_POINT('',#5719);
#1786=VERTEX_POINT('',#5723);
#1787=VERTEX_POINT('',#5726);
#1788=VERTEX_POINT('',#5728);
#1789=VERTEX_POINT('',#5740);
#1790=VERTEX_POINT('',#5742);
#1791=VERTEX_POINT('',#5746);
#1792=VERTEX_POINT('',#5748);
#1793=VERTEX_POINT('',#5752);
#1794=VERTEX_POINT('',#5754);
#1795=VERTEX_POINT('',#5758);
#1796=VERTEX_POINT('',#5760);
#1797=VERTEX_POINT('',#5764);
#1798=VERTEX_POINT('',#5766);
#1799=VERTEX_POINT('',#5770);
#1800=VERTEX_POINT('',#5772);
#1801=VERTEX_POINT('',#5776);
#1802=VERTEX_POINT('',#5778);
#1803=VERTEX_POINT('',#5782);
#1804=VERTEX_POINT('',#5784);
#1805=VERTEX_POINT('',#5788);
#1806=VERTEX_POINT('',#5790);
#1807=VERTEX_POINT('',#5794);
#1808=VERTEX_POINT('',#5796);
#1809=VERTEX_POINT('',#5800);
#1810=VERTEX_POINT('',#5802);
#1811=VERTEX_POINT('',#5806);
#1812=VERTEX_POINT('',#5808);
#1813=VERTEX_POINT('',#5812);
#1814=VERTEX_POINT('',#5814);
#1815=VERTEX_POINT('',#5818);
#1816=VERTEX_POINT('',#5820);
#1817=VERTEX_POINT('',#5824);
#1818=VERTEX_POINT('',#5826);
#1819=VERTEX_POINT('',#5830);
#1820=VERTEX_POINT('',#5832);
#1821=VERTEX_POINT('',#5836);
#1822=VERTEX_POINT('',#5840);
#1823=VERTEX_POINT('',#5844);
#1824=VERTEX_POINT('',#5848);
#1825=VERTEX_POINT('',#5852);
#1826=VERTEX_POINT('',#5856);
#1827=VERTEX_POINT('',#5864);
#1828=VERTEX_POINT('',#5868);
#1829=VERTEX_POINT('',#5872);
#1830=VERTEX_POINT('',#5876);
#1831=VERTEX_POINT('',#5880);
#1832=VERTEX_POINT('',#5884);
#1833=VERTEX_POINT('',#5888);
#1834=VERTEX_POINT('',#5892);
#1835=VERTEX_POINT('',#5896);
#1836=VERTEX_POINT('',#5898);
#1837=VERTEX_POINT('',#5902);
#1838=VERTEX_POINT('',#5906);
#1839=VERTEX_POINT('',#5913);
#1840=VERTEX_POINT('',#5915);
#1841=VERTEX_POINT('',#5919);
#1842=VERTEX_POINT('',#5923);
#1843=VERTEX_POINT('',#5930);
#1844=VERTEX_POINT('',#5932);
#1845=VERTEX_POINT('',#5936);
#1846=VERTEX_POINT('',#5940);
#1847=VERTEX_POINT('',#5947);
#1848=VERTEX_POINT('',#5949);
#1849=VERTEX_POINT('',#5953);
#1850=VERTEX_POINT('',#5957);
#1851=VERTEX_POINT('',#5964);
#1852=VERTEX_POINT('',#5971);
#1853=VERTEX_POINT('',#5973);
#1854=VERTEX_POINT('',#5977);
#1855=VERTEX_POINT('',#5981);
#1856=VERTEX_POINT('',#5988);
#1857=VERTEX_POINT('',#5990);
#1858=VERTEX_POINT('',#5994);
#1859=VERTEX_POINT('',#5998);
#1860=VERTEX_POINT('',#6005);
#1861=VERTEX_POINT('',#6007);
#1862=VERTEX_POINT('',#6011);
#1863=VERTEX_POINT('',#6015);
#1864=VERTEX_POINT('',#6025);
#1865=VERTEX_POINT('',#6029);
#1866=VERTEX_POINT('',#6033);
#1867=VERTEX_POINT('',#6037);
#1868=VERTEX_POINT('',#6043);
#1869=VERTEX_POINT('',#6047);
#1870=VERTEX_POINT('',#6051);
#1871=VERTEX_POINT('',#6057);
#1872=VERTEX_POINT('',#6061);
#1873=VERTEX_POINT('',#6065);
#1874=VERTEX_POINT('',#6071);
#1875=VERTEX_POINT('',#6075);
#1876=VERTEX_POINT('',#6079);
#1877=VERTEX_POINT('',#6085);
#1878=VERTEX_POINT('',#6087);
#1879=VERTEX_POINT('',#6091);
#1880=VERTEX_POINT('',#6094);
#1881=VERTEX_POINT('',#6098);
#1882=VERTEX_POINT('',#6100);
#1883=VERTEX_POINT('',#6104);
#1884=VERTEX_POINT('',#6107);
#1885=VERTEX_POINT('',#6111);
#1886=VERTEX_POINT('',#6113);
#1887=VERTEX_POINT('',#6117);
#1888=VERTEX_POINT('',#6120);
#1889=EDGE_CURVE('',#1557,#1557,#1437,.T.);
#1890=EDGE_CURVE('',#1557,#1558,#691,.T.);
#1891=EDGE_CURVE('',#1558,#1558,#1438,.T.);
#1892=EDGE_CURVE('',#1559,#1560,#692,.T.);
#1893=EDGE_CURVE('',#1561,#1559,#693,.T.);
#1894=EDGE_CURVE('',#1562,#1561,#694,.T.);
#1895=EDGE_CURVE('',#1562,#1560,#695,.T.);
#1896=EDGE_CURVE('',#1560,#1563,#696,.T.);
#1897=EDGE_CURVE('',#1564,#1562,#697,.T.);
#1898=EDGE_CURVE('',#1564,#1563,#698,.T.);
#1899=EDGE_CURVE('',#1563,#1565,#699,.T.);
#1900=EDGE_CURVE('',#1566,#1564,#700,.T.);
#1901=EDGE_CURVE('',#1566,#1565,#701,.T.);
#1902=EDGE_CURVE('',#1565,#1559,#702,.T.);
#1903=EDGE_CURVE('',#1561,#1566,#703,.T.);
#1904=EDGE_CURVE('',#1567,#1568,#704,.T.);
#1905=EDGE_CURVE('',#1569,#1567,#705,.T.);
#1906=EDGE_CURVE('',#1570,#1569,#706,.T.);
#1907=EDGE_CURVE('',#1570,#1568,#707,.T.);
#1908=EDGE_CURVE('',#1568,#1571,#708,.T.);
#1909=EDGE_CURVE('',#1572,#1570,#709,.T.);
#1910=EDGE_CURVE('',#1572,#1571,#710,.T.);
#1911=EDGE_CURVE('',#1573,#1571,#711,.T.);
#1912=EDGE_CURVE('',#1574,#1573,#712,.T.);
#1913=EDGE_CURVE('',#1575,#1574,#713,.T.);
#1914=EDGE_CURVE('',#1575,#1567,#714,.T.);
#1915=EDGE_CURVE('',#1576,#1574,#715,.T.);
#1916=EDGE_CURVE('',#1573,#1577,#716,.T.);
#1917=EDGE_CURVE('',#1578,#1577,#717,.T.);
#1918=EDGE_CURVE('',#1578,#1579,#718,.T.);
#1919=EDGE_CURVE('',#1579,#1580,#719,.T.);
#1920=EDGE_CURVE('',#1580,#1581,#720,.T.);
#1921=EDGE_CURVE('',#1576,#1581,#721,.T.);
#1922=EDGE_CURVE('',#1582,#1578,#722,.T.);
#1923=EDGE_CURVE('',#1577,#1583,#723,.T.);
#1924=EDGE_CURVE('',#1583,#1584,#724,.T.);
#1925=EDGE_CURVE('',#1584,#1576,#725,.T.);
#1926=EDGE_CURVE('',#1581,#1585,#726,.T.);
#1927=EDGE_CURVE('',#1586,#1585,#727,.T.);
#1928=EDGE_CURVE('',#1587,#1586,#728,.T.);
#1929=EDGE_CURVE('',#1588,#1587,#729,.T.);
#1930=EDGE_CURVE('',#1589,#1588,#730,.T.);
#1931=EDGE_CURVE('',#1582,#1589,#731,.T.);
#1932=EDGE_CURVE('',#1590,#1590,#1439,.T.);
#1933=EDGE_CURVE('',#1591,#1592,#732,.T.);
#1934=EDGE_CURVE('',#1592,#1593,#733,.T.);
#1935=EDGE_CURVE('',#1593,#1594,#734,.T.);
#1936=EDGE_CURVE('',#1594,#1591,#735,.T.);
#1937=EDGE_CURVE('',#1595,#1596,#736,.T.);
#1938=EDGE_CURVE('',#1596,#1597,#737,.T.);
#1939=EDGE_CURVE('',#1597,#1598,#738,.T.);
#1940=EDGE_CURVE('',#1598,#1595,#739,.T.);
#1941=EDGE_CURVE('',#1599,#1600,#740,.T.);
#1942=EDGE_CURVE('',#1599,#1601,#741,.T.);
#1943=EDGE_CURVE('',#1601,#1602,#742,.T.);
#1944=EDGE_CURVE('',#1600,#1602,#743,.T.);
#1945=EDGE_CURVE('',#1603,#1599,#744,.T.);
#1946=EDGE_CURVE('',#1603,#1604,#745,.T.);
#1947=EDGE_CURVE('',#1604,#1601,#746,.T.);
#1948=EDGE_CURVE('',#1605,#1603,#1440,.T.);
#1949=EDGE_CURVE('',#1605,#1606,#747,.T.);
#1950=EDGE_CURVE('',#1606,#1604,#1441,.T.);
#1951=EDGE_CURVE('',#1607,#1605,#748,.T.);
#1952=EDGE_CURVE('',#1607,#1608,#749,.T.);
#1953=EDGE_CURVE('',#1608,#1606,#750,.T.);
#1954=EDGE_CURVE('',#1609,#1607,#1442,.T.);
#1955=EDGE_CURVE('',#1609,#1610,#751,.T.);
#1956=EDGE_CURVE('',#1610,#1608,#1443,.T.);
#1957=EDGE_CURVE('',#1611,#1609,#752,.T.);
#1958=EDGE_CURVE('',#1611,#1612,#753,.T.);
#1959=EDGE_CURVE('',#1612,#1610,#754,.T.);
#1960=EDGE_CURVE('',#1613,#1611,#1444,.T.);
#1961=EDGE_CURVE('',#1613,#1614,#755,.T.);
#1962=EDGE_CURVE('',#1614,#1612,#1445,.T.);
#1963=EDGE_CURVE('',#1615,#1613,#756,.T.);
#1964=EDGE_CURVE('',#1615,#1616,#757,.T.);
#1965=EDGE_CURVE('',#1616,#1614,#758,.T.);
#1966=EDGE_CURVE('',#1617,#1615,#1446,.T.);
#1967=EDGE_CURVE('',#1617,#1618,#759,.T.);
#1968=EDGE_CURVE('',#1618,#1616,#1447,.T.);
#1969=EDGE_CURVE('',#1619,#1617,#760,.T.);
#1970=EDGE_CURVE('',#1619,#1620,#761,.T.);
#1971=EDGE_CURVE('',#1620,#1618,#762,.T.);
#1972=EDGE_CURVE('',#1621,#1619,#1448,.T.);
#1973=EDGE_CURVE('',#1621,#1622,#763,.T.);
#1974=EDGE_CURVE('',#1622,#1620,#1449,.T.);
#1975=EDGE_CURVE('',#1623,#1621,#764,.T.);
#1976=EDGE_CURVE('',#1623,#1624,#765,.T.);
#1977=EDGE_CURVE('',#1624,#1622,#766,.T.);
#1978=EDGE_CURVE('',#1600,#1623,#1450,.T.);
#1979=EDGE_CURVE('',#1602,#1624,#1451,.T.);
#1980=EDGE_CURVE('',#1625,#1626,#767,.T.);
#1981=EDGE_CURVE('',#1627,#1625,#768,.T.);
#1982=EDGE_CURVE('',#1628,#1627,#769,.T.);
#1983=EDGE_CURVE('',#1629,#1628,#770,.T.);
#1984=EDGE_CURVE('',#1630,#1629,#771,.T.);
#1985=EDGE_CURVE('',#1631,#1630,#772,.T.);
#1986=EDGE_CURVE('',#1632,#1631,#773,.T.);
#1987=EDGE_CURVE('',#1626,#1632,#774,.T.);
#1988=EDGE_CURVE('',#1583,#1628,#775,.T.);
#1989=EDGE_CURVE('',#1584,#1627,#776,.T.);
#1990=EDGE_CURVE('',#1633,#1634,#777,.T.);
#1991=EDGE_CURVE('',#1592,#1634,#778,.T.);
#1992=EDGE_CURVE('',#1591,#1633,#779,.T.);
#1993=EDGE_CURVE('',#1632,#1635,#780,.T.);
#1994=EDGE_CURVE('',#1635,#1636,#781,.T.);
#1995=EDGE_CURVE('',#1626,#1636,#782,.T.);
#1996=EDGE_CURVE('',#1631,#1633,#783,.T.);
#1997=EDGE_CURVE('',#1594,#1637,#784,.T.);
#1998=EDGE_CURVE('',#1637,#1635,#785,.T.);
#1999=EDGE_CURVE('',#1638,#1638,#1452,.T.);
#2000=EDGE_CURVE('',#1639,#1639,#1453,.T.);
#2001=EDGE_CURVE('',#1634,#1625,#786,.T.);
#2002=EDGE_CURVE('',#1630,#1575,#787,.T.);
#2003=EDGE_CURVE('',#1640,#1629,#788,.T.);
#2004=EDGE_CURVE('',#1640,#1572,#789,.T.);
#2005=EDGE_CURVE('',#1569,#1640,#790,.T.);
#2006=EDGE_CURVE('',#1641,#1580,#791,.T.);
#2007=EDGE_CURVE('',#1585,#1641,#792,.T.);
#2008=EDGE_CURVE('',#1582,#1642,#793,.T.);
#2009=EDGE_CURVE('',#1642,#1579,#794,.T.);
#2010=EDGE_CURVE('',#1642,#1641,#795,.T.);
#2011=EDGE_CURVE('',#1643,#1644,#796,.T.);
#2012=EDGE_CURVE('',#1645,#1643,#797,.T.);
#2013=EDGE_CURVE('',#1646,#1645,#798,.T.);
#2014=EDGE_CURVE('',#1647,#1646,#799,.T.);
#2015=EDGE_CURVE('',#1648,#1647,#800,.T.);
#2016=EDGE_CURVE('',#1649,#1648,#801,.T.);
#2017=EDGE_CURVE('',#1650,#1649,#802,.T.);
#2018=EDGE_CURVE('',#1644,#1650,#803,.T.);
#2019=EDGE_CURVE('',#1651,#1652,#804,.T.);
#2020=EDGE_CURVE('',#1653,#1651,#805,.T.);
#2021=EDGE_CURVE('',#1654,#1653,#806,.T.);
#2022=EDGE_CURVE('',#1655,#1654,#807,.T.);
#2023=EDGE_CURVE('',#1656,#1655,#808,.T.);
#2024=EDGE_CURVE('',#1657,#1656,#809,.T.);
#2025=EDGE_CURVE('',#1658,#1657,#810,.T.);
#2026=EDGE_CURVE('',#1652,#1658,#811,.T.);
#2027=EDGE_CURVE('',#1659,#1660,#812,.T.);
#2028=EDGE_CURVE('',#1661,#1659,#813,.T.);
#2029=EDGE_CURVE('',#1662,#1661,#814,.T.);
#2030=EDGE_CURVE('',#1663,#1662,#815,.T.);
#2031=EDGE_CURVE('',#1664,#1663,#816,.T.);
#2032=EDGE_CURVE('',#1665,#1664,#817,.T.);
#2033=EDGE_CURVE('',#1666,#1665,#818,.T.);
#2034=EDGE_CURVE('',#1660,#1666,#819,.T.);
#2035=EDGE_CURVE('',#1667,#1668,#820,.T.);
#2036=EDGE_CURVE('',#1669,#1667,#821,.T.);
#2037=EDGE_CURVE('',#1670,#1669,#822,.T.);
#2038=EDGE_CURVE('',#1671,#1670,#823,.T.);
#2039=EDGE_CURVE('',#1672,#1671,#824,.T.);
#2040=EDGE_CURVE('',#1673,#1672,#825,.T.);
#2041=EDGE_CURVE('',#1674,#1673,#826,.T.);
#2042=EDGE_CURVE('',#1668,#1674,#827,.T.);
#2043=EDGE_CURVE('',#1675,#1675,#1454,.T.);
#2044=EDGE_CURVE('',#1676,#1676,#1455,.T.);
#2045=EDGE_CURVE('',#1677,#1677,#1456,.T.);
#2046=EDGE_CURVE('',#1678,#1678,#1457,.T.);
#2047=EDGE_CURVE('',#1679,#1679,#1458,.T.);
#2048=EDGE_CURVE('',#1680,#1680,#1459,.T.);
#2049=EDGE_CURVE('',#1681,#1681,#1460,.T.);
#2050=EDGE_CURVE('',#1682,#1682,#1461,.T.);
#2051=EDGE_CURVE('',#1683,#1683,#1462,.T.);
#2052=EDGE_CURVE('',#1684,#1684,#1463,.T.);
#2053=EDGE_CURVE('',#1685,#1685,#1464,.T.);
#2054=EDGE_CURVE('',#1686,#1686,#1465,.T.);
#2055=EDGE_CURVE('',#1687,#1687,#1466,.T.);
#2056=EDGE_CURVE('',#1688,#1688,#1467,.T.);
#2057=EDGE_CURVE('',#1689,#1689,#1468,.T.);
#2058=EDGE_CURVE('',#1690,#1690,#1469,.T.);
#2059=EDGE_CURVE('',#1691,#1692,#828,.T.);
#2060=EDGE_CURVE('',#1693,#1691,#829,.T.);
#2061=EDGE_CURVE('',#1694,#1693,#830,.T.);
#2062=EDGE_CURVE('',#1692,#1694,#831,.T.);
#2063=EDGE_CURVE('',#1695,#1695,#1470,.T.);
#2064=EDGE_CURVE('',#1696,#1697,#832,.T.);
#2065=EDGE_CURVE('',#1697,#1698,#833,.T.);
#2066=EDGE_CURVE('',#1698,#1699,#834,.T.);
#2067=EDGE_CURVE('',#1699,#1696,#835,.T.);
#2068=EDGE_CURVE('',#1700,#1701,#836,.T.);
#2069=EDGE_CURVE('',#1701,#1702,#837,.T.);
#2070=EDGE_CURVE('',#1702,#1703,#838,.T.);
#2071=EDGE_CURVE('',#1703,#1700,#839,.T.);
#2072=EDGE_CURVE('',#1704,#1705,#840,.T.);
#2073=EDGE_CURVE('',#1705,#1706,#15,.T.);
#2074=EDGE_CURVE('',#1706,#1691,#1471,.T.);
#2075=EDGE_CURVE('',#1692,#1704,#1472,.T.);
#2076=EDGE_CURVE('',#1707,#1708,#841,.T.);
#2077=EDGE_CURVE('',#1709,#1707,#1473,.T.);
#2078=EDGE_CURVE('',#1709,#1710,#842,.T.);
#2079=EDGE_CURVE('',#1711,#1710,#1474,.T.);
#2080=EDGE_CURVE('',#1712,#1711,#843,.T.);
#2081=EDGE_CURVE('',#1705,#1712,#1475,.T.);
#2082=EDGE_CURVE('',#1708,#1704,#844,.T.);
#2083=EDGE_CURVE('',#1713,#1714,#845,.T.);
#2084=EDGE_CURVE('',#1714,#1715,#846,.T.);
#2085=EDGE_CURVE('',#1715,#1716,#847,.T.);
#2086=EDGE_CURVE('',#1716,#1713,#848,.T.);
#2087=EDGE_CURVE('',#1717,#1718,#849,.T.);
#2088=EDGE_CURVE('',#1718,#1719,#850,.T.);
#2089=EDGE_CURVE('',#1719,#1720,#851,.T.);
#2090=EDGE_CURVE('',#1720,#1717,#852,.T.);
#2091=EDGE_CURVE('',#1721,#1721,#1476,.T.);
#2092=EDGE_CURVE('',#1722,#1722,#1477,.T.);
#2093=EDGE_CURVE('',#1588,#1723,#1478,.T.);
#2094=EDGE_CURVE('',#1723,#1707,#16,.T.);
#2095=EDGE_CURVE('',#1708,#1589,#1479,.T.);
#2096=EDGE_CURVE('',#1724,#1671,#853,.T.);
#2097=EDGE_CURVE('',#1725,#1724,#854,.T.);
#2098=EDGE_CURVE('',#1725,#1672,#855,.T.);
#2099=EDGE_CURVE('',#1726,#1670,#856,.T.);
#2100=EDGE_CURVE('',#1724,#1726,#857,.T.);
#2101=EDGE_CURVE('',#1727,#1669,#858,.T.);
#2102=EDGE_CURVE('',#1726,#1727,#859,.T.);
#2103=EDGE_CURVE('',#1728,#1667,#860,.T.);
#2104=EDGE_CURVE('',#1727,#1728,#861,.T.);
#2105=EDGE_CURVE('',#1729,#1663,#862,.T.);
#2106=EDGE_CURVE('',#1730,#1729,#863,.T.);
#2107=EDGE_CURVE('',#1730,#1664,#864,.T.);
#2108=EDGE_CURVE('',#1731,#1662,#865,.T.);
#2109=EDGE_CURVE('',#1729,#1731,#866,.T.);
#2110=EDGE_CURVE('',#1732,#1661,#867,.T.);
#2111=EDGE_CURVE('',#1731,#1732,#868,.T.);
#2112=EDGE_CURVE('',#1733,#1659,#869,.T.);
#2113=EDGE_CURVE('',#1732,#1733,#870,.T.);
#2114=EDGE_CURVE('',#1734,#1655,#871,.T.);
#2115=EDGE_CURVE('',#1735,#1734,#872,.T.);
#2116=EDGE_CURVE('',#1735,#1656,#873,.T.);
#2117=EDGE_CURVE('',#1736,#1654,#874,.T.);
#2118=EDGE_CURVE('',#1734,#1736,#875,.T.);
#2119=EDGE_CURVE('',#1737,#1653,#876,.T.);
#2120=EDGE_CURVE('',#1736,#1737,#877,.T.);
#2121=EDGE_CURVE('',#1738,#1651,#878,.T.);
#2122=EDGE_CURVE('',#1737,#1738,#879,.T.);
#2123=EDGE_CURVE('',#1739,#1647,#880,.T.);
#2124=EDGE_CURVE('',#1740,#1739,#881,.T.);
#2125=EDGE_CURVE('',#1740,#1648,#882,.T.);
#2126=EDGE_CURVE('',#1741,#1646,#883,.T.);
#2127=EDGE_CURVE('',#1739,#1741,#884,.T.);
#2128=EDGE_CURVE('',#1742,#1645,#885,.T.);
#2129=EDGE_CURVE('',#1741,#1742,#886,.T.);
#2130=EDGE_CURVE('',#1743,#1643,#887,.T.);
#2131=EDGE_CURVE('',#1742,#1743,#888,.T.);
#2132=EDGE_CURVE('',#1744,#1745,#889,.T.);
#2133=EDGE_CURVE('',#1745,#1746,#17,.T.);
#2134=EDGE_CURVE('',#1746,#1587,#1480,.T.);
#2135=EDGE_CURVE('',#1586,#1744,#1481,.T.);
#2136=EDGE_CURVE('',#1747,#1746,#890,.T.);
#2137=EDGE_CURVE('',#1747,#1748,#891,.T.);
#2138=EDGE_CURVE('',#1723,#1748,#892,.T.);
#2139=EDGE_CURVE('',#1749,#1745,#1482,.F.);
#2140=EDGE_CURVE('',#1749,#1750,#893,.T.);
#2141=EDGE_CURVE('',#1751,#1750,#1483,.F.);
#2142=EDGE_CURVE('',#1747,#1751,#18,.F.);
#2143=EDGE_CURVE('',#1752,#1753,#894,.T.);
#2144=EDGE_CURVE('',#1754,#1752,#1484,.T.);
#2145=EDGE_CURVE('',#1755,#1754,#895,.T.);
#2146=EDGE_CURVE('',#1756,#1755,#896,.T.);
#2147=EDGE_CURVE('',#1756,#1749,#897,.T.);
#2148=EDGE_CURVE('',#1753,#1744,#898,.T.);
#2149=EDGE_CURVE('',#1757,#1758,#899,.T.);
#2150=EDGE_CURVE('',#1758,#1759,#900,.T.);
#2151=EDGE_CURVE('',#1759,#1760,#901,.T.);
#2152=EDGE_CURVE('',#1760,#1757,#902,.T.);
#2153=EDGE_CURVE('',#1761,#1762,#903,.T.);
#2154=EDGE_CURVE('',#1762,#1763,#904,.T.);
#2155=EDGE_CURVE('',#1763,#1764,#905,.T.);
#2156=EDGE_CURVE('',#1764,#1761,#906,.T.);
#2157=EDGE_CURVE('',#1765,#1765,#1485,.T.);
#2158=EDGE_CURVE('',#1748,#1766,#19,.T.);
#2159=EDGE_CURVE('',#1766,#1767,#1486,.T.);
#2160=EDGE_CURVE('',#1767,#1709,#907,.T.);
#2161=EDGE_CURVE('',#1768,#1706,#908,.T.);
#2162=EDGE_CURVE('',#1768,#1769,#1487,.T.);
#2163=EDGE_CURVE('',#1769,#1770,#909,.T.);
#2164=EDGE_CURVE('',#1770,#1771,#1488,.T.);
#2165=EDGE_CURVE('',#1772,#1771,#910,.T.);
#2166=EDGE_CURVE('',#1693,#1772,#1489,.T.);
#2167=EDGE_CURVE('',#1712,#1773,#911,.T.);
#2168=EDGE_CURVE('',#1774,#1773,#1490,.F.);
#2169=EDGE_CURVE('',#1768,#1774,#20,.F.);
#2170=EDGE_CURVE('',#1772,#1752,#21,.T.);
#2171=EDGE_CURVE('',#1753,#1694,#1491,.T.);
#2172=EDGE_CURVE('',#1771,#1775,#22,.T.);
#2173=EDGE_CURVE('',#1775,#1776,#1492,.T.);
#2174=EDGE_CURVE('',#1776,#1754,#912,.T.);
#2175=EDGE_CURVE('',#1777,#1778,#1493,.T.);
#2176=EDGE_CURVE('',#1767,#1777,#913,.T.);
#2177=EDGE_CURVE('',#1779,#1766,#914,.T.);
#2178=EDGE_CURVE('',#1780,#1779,#915,.T.);
#2179=EDGE_CURVE('',#1780,#1781,#1494,.T.);
#2180=EDGE_CURVE('',#1781,#1780,#1495,.T.);
#2181=EDGE_CURVE('',#1782,#1780,#916,.T.);
#2182=EDGE_CURVE('',#1782,#1774,#917,.T.);
#2183=EDGE_CURVE('',#1773,#1778,#918,.T.);
#2184=EDGE_CURVE('',#1783,#1783,#1496,.T.);
#2185=EDGE_CURVE('',#1784,#1785,#1497,.T.);
#2186=EDGE_CURVE('',#1749,#1784,#919,.T.);
#2187=EDGE_CURVE('',#1754,#1785,#920,.T.);
#2188=EDGE_CURVE('',#1786,#1786,#1498,.T.);
#2189=EDGE_CURVE('',#1785,#1787,#921,.T.);
#2190=EDGE_CURVE('',#1787,#1788,#1499,.T.);
#2191=EDGE_CURVE('',#1788,#1784,#922,.T.);
#2192=EDGE_CURVE('',#1750,#1788,#923,.T.);
#2193=EDGE_CURVE('',#1778,#1711,#924,.T.);
#2194=EDGE_CURVE('',#1710,#1777,#925,.T.);
#2195=EDGE_CURVE('',#1776,#1787,#926,.T.);
#2196=EDGE_CURVE('',#1789,#1789,#1500,.T.);
#2197=EDGE_CURVE('',#1789,#1790,#927,.T.);
#2198=EDGE_CURVE('',#1790,#1790,#1501,.T.);
#2199=EDGE_CURVE('',#1791,#1791,#1502,.T.);
#2200=EDGE_CURVE('',#1791,#1792,#928,.T.);
#2201=EDGE_CURVE('',#1792,#1792,#1503,.T.);
#2202=EDGE_CURVE('',#1793,#1793,#1504,.T.);
#2203=EDGE_CURVE('',#1793,#1794,#929,.T.);
#2204=EDGE_CURVE('',#1794,#1794,#1505,.T.);
#2205=EDGE_CURVE('',#1795,#1795,#1506,.T.);
#2206=EDGE_CURVE('',#1795,#1796,#930,.T.);
#2207=EDGE_CURVE('',#1796,#1796,#1507,.T.);
#2208=EDGE_CURVE('',#1797,#1797,#1508,.T.);
#2209=EDGE_CURVE('',#1797,#1798,#931,.T.);
#2210=EDGE_CURVE('',#1798,#1798,#1509,.T.);
#2211=EDGE_CURVE('',#1799,#1799,#1510,.T.);
#2212=EDGE_CURVE('',#1799,#1800,#932,.T.);
#2213=EDGE_CURVE('',#1800,#1800,#1511,.T.);
#2214=EDGE_CURVE('',#1801,#1801,#1512,.T.);
#2215=EDGE_CURVE('',#1801,#1802,#933,.T.);
#2216=EDGE_CURVE('',#1802,#1802,#1513,.T.);
#2217=EDGE_CURVE('',#1803,#1803,#1514,.T.);
#2218=EDGE_CURVE('',#1803,#1804,#934,.T.);
#2219=EDGE_CURVE('',#1804,#1804,#1515,.T.);
#2220=EDGE_CURVE('',#1805,#1805,#1516,.T.);
#2221=EDGE_CURVE('',#1805,#1806,#935,.T.);
#2222=EDGE_CURVE('',#1806,#1806,#1517,.T.);
#2223=EDGE_CURVE('',#1807,#1807,#1518,.T.);
#2224=EDGE_CURVE('',#1807,#1808,#936,.T.);
#2225=EDGE_CURVE('',#1808,#1808,#1519,.T.);
#2226=EDGE_CURVE('',#1809,#1809,#1520,.T.);
#2227=EDGE_CURVE('',#1809,#1810,#937,.T.);
#2228=EDGE_CURVE('',#1810,#1810,#1521,.T.);
#2229=EDGE_CURVE('',#1811,#1811,#1522,.T.);
#2230=EDGE_CURVE('',#1811,#1812,#938,.T.);
#2231=EDGE_CURVE('',#1812,#1812,#1523,.T.);
#2232=EDGE_CURVE('',#1813,#1813,#1524,.T.);
#2233=EDGE_CURVE('',#1813,#1814,#939,.T.);
#2234=EDGE_CURVE('',#1814,#1814,#1525,.T.);
#2235=EDGE_CURVE('',#1815,#1815,#1526,.T.);
#2236=EDGE_CURVE('',#1815,#1816,#940,.T.);
#2237=EDGE_CURVE('',#1816,#1816,#1527,.T.);
#2238=EDGE_CURVE('',#1817,#1817,#1528,.T.);
#2239=EDGE_CURVE('',#1817,#1818,#941,.T.);
#2240=EDGE_CURVE('',#1818,#1818,#1529,.T.);
#2241=EDGE_CURVE('',#1819,#1819,#1530,.T.);
#2242=EDGE_CURVE('',#1819,#1820,#942,.T.);
#2243=EDGE_CURVE('',#1820,#1820,#1531,.T.);
#2244=EDGE_CURVE('',#1821,#1821,#1532,.T.);
#2245=EDGE_CURVE('',#1821,#1690,#943,.T.);
#2246=EDGE_CURVE('',#1822,#1822,#1533,.T.);
#2247=EDGE_CURVE('',#1822,#1689,#944,.T.);
#2248=EDGE_CURVE('',#1823,#1823,#1534,.T.);
#2249=EDGE_CURVE('',#1823,#1688,#945,.T.);
#2250=EDGE_CURVE('',#1824,#1824,#1535,.T.);
#2251=EDGE_CURVE('',#1824,#1687,#946,.T.);
#2252=EDGE_CURVE('',#1825,#1825,#1536,.T.);
#2253=EDGE_CURVE('',#1825,#1686,#947,.T.);
#2254=EDGE_CURVE('',#1826,#1826,#1537,.T.);
#2255=EDGE_CURVE('',#1826,#1685,#948,.T.);
#2256=EDGE_CURVE('',#1639,#1684,#949,.T.);
#2257=EDGE_CURVE('',#1638,#1683,#950,.T.);
#2258=EDGE_CURVE('',#1827,#1827,#1538,.T.);
#2259=EDGE_CURVE('',#1827,#1682,#951,.T.);
#2260=EDGE_CURVE('',#1828,#1828,#1539,.T.);
#2261=EDGE_CURVE('',#1828,#1681,#952,.T.);
#2262=EDGE_CURVE('',#1829,#1829,#1540,.T.);
#2263=EDGE_CURVE('',#1829,#1680,#953,.T.);
#2264=EDGE_CURVE('',#1830,#1830,#1541,.T.);
#2265=EDGE_CURVE('',#1830,#1679,#954,.T.);
#2266=EDGE_CURVE('',#1831,#1831,#1542,.T.);
#2267=EDGE_CURVE('',#1831,#1678,#955,.T.);
#2268=EDGE_CURVE('',#1832,#1832,#1543,.T.);
#2269=EDGE_CURVE('',#1832,#1677,#956,.T.);
#2270=EDGE_CURVE('',#1833,#1833,#1544,.T.);
#2271=EDGE_CURVE('',#1833,#1676,#957,.T.);
#2272=EDGE_CURVE('',#1834,#1834,#1545,.T.);
#2273=EDGE_CURVE('',#1834,#1675,#958,.T.);
#2274=EDGE_CURVE('',#1702,#1835,#959,.T.);
#2275=EDGE_CURVE('',#1835,#1836,#960,.T.);
#2276=EDGE_CURVE('',#1703,#1836,#961,.T.);
#2277=EDGE_CURVE('',#1836,#1837,#962,.T.);
#2278=EDGE_CURVE('',#1700,#1837,#963,.T.);
#2279=EDGE_CURVE('',#1837,#1838,#964,.T.);
#2280=EDGE_CURVE('',#1701,#1838,#965,.T.);
#2281=EDGE_CURVE('',#1838,#1835,#966,.T.);
#2282=EDGE_CURVE('',#1715,#1839,#967,.T.);
#2283=EDGE_CURVE('',#1839,#1840,#968,.T.);
#2284=EDGE_CURVE('',#1716,#1840,#969,.T.);
#2285=EDGE_CURVE('',#1840,#1841,#970,.T.);
#2286=EDGE_CURVE('',#1713,#1841,#971,.T.);
#2287=EDGE_CURVE('',#1841,#1842,#972,.T.);
#2288=EDGE_CURVE('',#1714,#1842,#973,.T.);
#2289=EDGE_CURVE('',#1842,#1839,#974,.T.);
#2290=EDGE_CURVE('',#1719,#1843,#975,.T.);
#2291=EDGE_CURVE('',#1843,#1844,#976,.T.);
#2292=EDGE_CURVE('',#1720,#1844,#977,.T.);
#2293=EDGE_CURVE('',#1844,#1845,#978,.T.);
#2294=EDGE_CURVE('',#1717,#1845,#979,.T.);
#2295=EDGE_CURVE('',#1845,#1846,#980,.T.);
#2296=EDGE_CURVE('',#1718,#1846,#981,.T.);
#2297=EDGE_CURVE('',#1846,#1843,#982,.T.);
#2298=EDGE_CURVE('',#1597,#1847,#983,.T.);
#2299=EDGE_CURVE('',#1847,#1848,#984,.T.);
#2300=EDGE_CURVE('',#1598,#1848,#985,.T.);
#2301=EDGE_CURVE('',#1848,#1849,#986,.T.);
#2302=EDGE_CURVE('',#1595,#1849,#987,.T.);
#2303=EDGE_CURVE('',#1849,#1850,#988,.T.);
#2304=EDGE_CURVE('',#1596,#1850,#989,.T.);
#2305=EDGE_CURVE('',#1850,#1847,#990,.T.);
#2306=EDGE_CURVE('',#1593,#1851,#991,.T.);
#2307=EDGE_CURVE('',#1851,#1637,#992,.T.);
#2308=EDGE_CURVE('',#1636,#1851,#993,.T.);
#2309=EDGE_CURVE('',#1759,#1852,#994,.T.);
#2310=EDGE_CURVE('',#1852,#1853,#995,.T.);
#2311=EDGE_CURVE('',#1760,#1853,#996,.T.);
#2312=EDGE_CURVE('',#1853,#1854,#997,.T.);
#2313=EDGE_CURVE('',#1757,#1854,#998,.T.);
#2314=EDGE_CURVE('',#1854,#1855,#999,.T.);
#2315=EDGE_CURVE('',#1758,#1855,#1000,.T.);
#2316=EDGE_CURVE('',#1855,#1852,#1001,.T.);
#2317=EDGE_CURVE('',#1763,#1856,#1002,.T.);
#2318=EDGE_CURVE('',#1856,#1857,#1003,.T.);
#2319=EDGE_CURVE('',#1764,#1857,#1004,.T.);
#2320=EDGE_CURVE('',#1857,#1858,#1005,.T.);
#2321=EDGE_CURVE('',#1761,#1858,#1006,.T.);
#2322=EDGE_CURVE('',#1858,#1859,#1007,.T.);
#2323=EDGE_CURVE('',#1762,#1859,#1008,.T.);
#2324=EDGE_CURVE('',#1859,#1856,#1009,.T.);
#2325=EDGE_CURVE('',#1698,#1860,#1010,.T.);
#2326=EDGE_CURVE('',#1860,#1861,#1011,.T.);
#2327=EDGE_CURVE('',#1699,#1861,#1012,.T.);
#2328=EDGE_CURVE('',#1861,#1862,#1013,.T.);
#2329=EDGE_CURVE('',#1696,#1862,#1014,.T.);
#2330=EDGE_CURVE('',#1862,#1863,#1015,.T.);
#2331=EDGE_CURVE('',#1697,#1863,#1016,.T.);
#2332=EDGE_CURVE('',#1863,#1860,#1017,.T.);
#2333=EDGE_CURVE('',#1721,#1783,#1018,.T.);
#2334=EDGE_CURVE('',#1786,#1864,#1019,.T.);
#2335=EDGE_CURVE('',#1864,#1864,#1546,.T.);
#2336=EDGE_CURVE('',#1865,#1668,#1020,.T.);
#2337=EDGE_CURVE('',#1728,#1865,#1021,.T.);
#2338=EDGE_CURVE('',#1866,#1725,#1022,.T.);
#2339=EDGE_CURVE('',#1866,#1673,#1023,.T.);
#2340=EDGE_CURVE('',#1867,#1866,#1024,.T.);
#2341=EDGE_CURVE('',#1867,#1674,#1025,.T.);
#2342=EDGE_CURVE('',#1865,#1867,#1026,.T.);
#2343=EDGE_CURVE('',#1868,#1660,#1027,.T.);
#2344=EDGE_CURVE('',#1733,#1868,#1028,.T.);
#2345=EDGE_CURVE('',#1869,#1730,#1029,.T.);
#2346=EDGE_CURVE('',#1869,#1665,#1030,.T.);
#2347=EDGE_CURVE('',#1870,#1869,#1031,.T.);
#2348=EDGE_CURVE('',#1870,#1666,#1032,.T.);
#2349=EDGE_CURVE('',#1868,#1870,#1033,.T.);
#2350=EDGE_CURVE('',#1871,#1652,#1034,.T.);
#2351=EDGE_CURVE('',#1738,#1871,#1035,.T.);
#2352=EDGE_CURVE('',#1872,#1735,#1036,.T.);
#2353=EDGE_CURVE('',#1872,#1657,#1037,.T.);
#2354=EDGE_CURVE('',#1873,#1872,#1038,.T.);
#2355=EDGE_CURVE('',#1873,#1658,#1039,.T.);
#2356=EDGE_CURVE('',#1871,#1873,#1040,.T.);
#2357=EDGE_CURVE('',#1874,#1644,#1041,.T.);
#2358=EDGE_CURVE('',#1743,#1874,#1042,.T.);
#2359=EDGE_CURVE('',#1875,#1740,#1043,.T.);
#2360=EDGE_CURVE('',#1875,#1649,#1044,.T.);
#2361=EDGE_CURVE('',#1876,#1875,#1045,.T.);
#2362=EDGE_CURVE('',#1876,#1650,#1046,.T.);
#2363=EDGE_CURVE('',#1874,#1876,#1047,.T.);
#2364=EDGE_CURVE('',#1590,#1877,#1048,.T.);
#2365=EDGE_CURVE('',#1878,#1877,#1547,.T.);
#2366=EDGE_CURVE('',#1877,#1878,#1548,.T.);
#2367=EDGE_CURVE('',#1879,#1878,#1049,.T.);
#2368=EDGE_CURVE('',#1879,#1748,#1050,.T.);
#2369=EDGE_CURVE('',#1880,#1747,#1051,.T.);
#2370=EDGE_CURVE('',#1878,#1880,#1052,.T.);
#2371=EDGE_CURVE('',#1765,#1881,#1053,.T.);
#2372=EDGE_CURVE('',#1882,#1881,#1549,.T.);
#2373=EDGE_CURVE('',#1881,#1882,#1550,.T.);
#2374=EDGE_CURVE('',#1883,#1775,#1054,.T.);
#2375=EDGE_CURVE('',#1882,#1883,#1055,.T.);
#2376=EDGE_CURVE('',#1884,#1882,#1056,.T.);
#2377=EDGE_CURVE('',#1884,#1751,#1057,.T.);
#2378=EDGE_CURVE('',#1695,#1885,#1058,.T.);
#2379=EDGE_CURVE('',#1886,#1885,#1551,.T.);
#2380=EDGE_CURVE('',#1885,#1886,#1552,.T.);
#2381=EDGE_CURVE('',#1887,#1886,#1059,.T.);
#2382=EDGE_CURVE('',#1887,#1770,#1060,.T.);
#2383=EDGE_CURVE('',#1888,#1769,#1061,.T.);
#2384=EDGE_CURVE('',#1886,#1888,#1062,.T.);
#2385=EDGE_CURVE('',#1722,#1781,#1063,.T.);
#2386=EDGE_CURVE('',#1880,#1884,#1553,.T.);
#2387=EDGE_CURVE('',#1883,#1887,#1554,.T.);
#2388=EDGE_CURVE('',#1888,#1782,#1555,.T.);
#2389=EDGE_CURVE('',#1779,#1879,#1556,.T.);
#2390=ORIENTED_EDGE('',*,*,#1889,.F.);
#2391=ORIENTED_EDGE('',*,*,#1890,.T.);
#2392=ORIENTED_EDGE('',*,*,#1891,.F.);
#2393=ORIENTED_EDGE('',*,*,#1890,.F.);
#2394=ORIENTED_EDGE('',*,*,#1892,.F.);
#2395=ORIENTED_EDGE('',*,*,#1893,.F.);
#2396=ORIENTED_EDGE('',*,*,#1894,.F.);
#2397=ORIENTED_EDGE('',*,*,#1895,.T.);
#2398=ORIENTED_EDGE('',*,*,#1896,.F.);
#2399=ORIENTED_EDGE('',*,*,#1895,.F.);
#2400=ORIENTED_EDGE('',*,*,#1897,.F.);
#2401=ORIENTED_EDGE('',*,*,#1898,.T.);
#2402=ORIENTED_EDGE('',*,*,#1899,.F.);
#2403=ORIENTED_EDGE('',*,*,#1898,.F.);
#2404=ORIENTED_EDGE('',*,*,#1900,.F.);
#2405=ORIENTED_EDGE('',*,*,#1901,.T.);
#2406=ORIENTED_EDGE('',*,*,#1902,.F.);
#2407=ORIENTED_EDGE('',*,*,#1901,.F.);
#2408=ORIENTED_EDGE('',*,*,#1903,.F.);
#2409=ORIENTED_EDGE('',*,*,#1893,.T.);
#2410=ORIENTED_EDGE('',*,*,#1904,.F.);
#2411=ORIENTED_EDGE('',*,*,#1905,.F.);
#2412=ORIENTED_EDGE('',*,*,#1906,.F.);
#2413=ORIENTED_EDGE('',*,*,#1907,.T.);
#2414=ORIENTED_EDGE('',*,*,#1908,.F.);
#2415=ORIENTED_EDGE('',*,*,#1907,.F.);
#2416=ORIENTED_EDGE('',*,*,#1909,.F.);
#2417=ORIENTED_EDGE('',*,*,#1910,.T.);
#2418=ORIENTED_EDGE('',*,*,#1904,.T.);
#2419=ORIENTED_EDGE('',*,*,#1908,.T.);
#2420=ORIENTED_EDGE('',*,*,#1911,.F.);
#2421=ORIENTED_EDGE('',*,*,#1912,.F.);
#2422=ORIENTED_EDGE('',*,*,#1913,.F.);
#2423=ORIENTED_EDGE('',*,*,#1914,.T.);
#2424=ORIENTED_EDGE('',*,*,#1899,.T.);
#2425=ORIENTED_EDGE('',*,*,#1902,.T.);
#2426=ORIENTED_EDGE('',*,*,#1892,.T.);
#2427=ORIENTED_EDGE('',*,*,#1896,.T.);
#2428=ORIENTED_EDGE('',*,*,#1891,.T.);
#2429=ORIENTED_EDGE('',*,*,#1915,.T.);
#2430=ORIENTED_EDGE('',*,*,#1912,.T.);
#2431=ORIENTED_EDGE('',*,*,#1916,.T.);
#2432=ORIENTED_EDGE('',*,*,#1917,.F.);
#2433=ORIENTED_EDGE('',*,*,#1918,.T.);
#2434=ORIENTED_EDGE('',*,*,#1919,.T.);
#2435=ORIENTED_EDGE('',*,*,#1920,.T.);
#2436=ORIENTED_EDGE('',*,*,#1921,.F.);
#2437=ORIENTED_EDGE('',*,*,#1922,.T.);
#2438=ORIENTED_EDGE('',*,*,#1917,.T.);
#2439=ORIENTED_EDGE('',*,*,#1923,.T.);
#2440=ORIENTED_EDGE('',*,*,#1924,.T.);
#2441=ORIENTED_EDGE('',*,*,#1925,.T.);
#2442=ORIENTED_EDGE('',*,*,#1921,.T.);
#2443=ORIENTED_EDGE('',*,*,#1926,.T.);
#2444=ORIENTED_EDGE('',*,*,#1927,.F.);
#2445=ORIENTED_EDGE('',*,*,#1928,.F.);
#2446=ORIENTED_EDGE('',*,*,#1929,.F.);
#2447=ORIENTED_EDGE('',*,*,#1930,.F.);
#2448=ORIENTED_EDGE('',*,*,#1931,.F.);
#2449=ORIENTED_EDGE('',*,*,#1932,.T.);
#2450=ORIENTED_EDGE('',*,*,#1933,.T.);
#2451=ORIENTED_EDGE('',*,*,#1934,.T.);
#2452=ORIENTED_EDGE('',*,*,#1935,.T.);
#2453=ORIENTED_EDGE('',*,*,#1936,.T.);
#2454=ORIENTED_EDGE('',*,*,#1937,.T.);
#2455=ORIENTED_EDGE('',*,*,#1938,.T.);
#2456=ORIENTED_EDGE('',*,*,#1939,.T.);
#2457=ORIENTED_EDGE('',*,*,#1940,.T.);
#2458=ORIENTED_EDGE('',*,*,#1941,.F.);
#2459=ORIENTED_EDGE('',*,*,#1942,.T.);
#2460=ORIENTED_EDGE('',*,*,#1943,.T.);
#2461=ORIENTED_EDGE('',*,*,#1944,.F.);
#2462=ORIENTED_EDGE('',*,*,#1945,.F.);
#2463=ORIENTED_EDGE('',*,*,#1946,.T.);
#2464=ORIENTED_EDGE('',*,*,#1947,.T.);
#2465=ORIENTED_EDGE('',*,*,#1942,.F.);
#2466=ORIENTED_EDGE('',*,*,#1948,.F.);
#2467=ORIENTED_EDGE('',*,*,#1949,.T.);
#2468=ORIENTED_EDGE('',*,*,#1950,.T.);
#2469=ORIENTED_EDGE('',*,*,#1946,.F.);
#2470=ORIENTED_EDGE('',*,*,#1951,.F.);
#2471=ORIENTED_EDGE('',*,*,#1952,.T.);
#2472=ORIENTED_EDGE('',*,*,#1953,.T.);
#2473=ORIENTED_EDGE('',*,*,#1949,.F.);
#2474=ORIENTED_EDGE('',*,*,#1954,.F.);
#2475=ORIENTED_EDGE('',*,*,#1955,.T.);
#2476=ORIENTED_EDGE('',*,*,#1956,.T.);
#2477=ORIENTED_EDGE('',*,*,#1952,.F.);
#2478=ORIENTED_EDGE('',*,*,#1957,.F.);
#2479=ORIENTED_EDGE('',*,*,#1958,.T.);
#2480=ORIENTED_EDGE('',*,*,#1959,.T.);
#2481=ORIENTED_EDGE('',*,*,#1955,.F.);
#2482=ORIENTED_EDGE('',*,*,#1960,.F.);
#2483=ORIENTED_EDGE('',*,*,#1961,.T.);
#2484=ORIENTED_EDGE('',*,*,#1962,.T.);
#2485=ORIENTED_EDGE('',*,*,#1958,.F.);
#2486=ORIENTED_EDGE('',*,*,#1963,.F.);
#2487=ORIENTED_EDGE('',*,*,#1964,.T.);
#2488=ORIENTED_EDGE('',*,*,#1965,.T.);
#2489=ORIENTED_EDGE('',*,*,#1961,.F.);
#2490=ORIENTED_EDGE('',*,*,#1966,.F.);
#2491=ORIENTED_EDGE('',*,*,#1967,.T.);
#2492=ORIENTED_EDGE('',*,*,#1968,.T.);
#2493=ORIENTED_EDGE('',*,*,#1964,.F.);
#2494=ORIENTED_EDGE('',*,*,#1969,.F.);
#2495=ORIENTED_EDGE('',*,*,#1970,.T.);
#2496=ORIENTED_EDGE('',*,*,#1971,.T.);
#2497=ORIENTED_EDGE('',*,*,#1967,.F.);
#2498=ORIENTED_EDGE('',*,*,#1972,.F.);
#2499=ORIENTED_EDGE('',*,*,#1973,.T.);
#2500=ORIENTED_EDGE('',*,*,#1974,.T.);
#2501=ORIENTED_EDGE('',*,*,#1970,.F.);
#2502=ORIENTED_EDGE('',*,*,#1975,.F.);
#2503=ORIENTED_EDGE('',*,*,#1976,.T.);
#2504=ORIENTED_EDGE('',*,*,#1977,.T.);
#2505=ORIENTED_EDGE('',*,*,#1973,.F.);
#2506=ORIENTED_EDGE('',*,*,#1978,.F.);
#2507=ORIENTED_EDGE('',*,*,#1944,.T.);
#2508=ORIENTED_EDGE('',*,*,#1979,.T.);
#2509=ORIENTED_EDGE('',*,*,#1976,.F.);
#2510=ORIENTED_EDGE('',*,*,#1979,.F.);
#2511=ORIENTED_EDGE('',*,*,#1943,.F.);
#2512=ORIENTED_EDGE('',*,*,#1947,.F.);
#2513=ORIENTED_EDGE('',*,*,#1950,.F.);
#2514=ORIENTED_EDGE('',*,*,#1953,.F.);
#2515=ORIENTED_EDGE('',*,*,#1956,.F.);
#2516=ORIENTED_EDGE('',*,*,#1959,.F.);
#2517=ORIENTED_EDGE('',*,*,#1962,.F.);
#2518=ORIENTED_EDGE('',*,*,#1965,.F.);
#2519=ORIENTED_EDGE('',*,*,#1968,.F.);
#2520=ORIENTED_EDGE('',*,*,#1971,.F.);
#2521=ORIENTED_EDGE('',*,*,#1974,.F.);
#2522=ORIENTED_EDGE('',*,*,#1977,.F.);
#2523=ORIENTED_EDGE('',*,*,#1980,.F.);
#2524=ORIENTED_EDGE('',*,*,#1981,.F.);
#2525=ORIENTED_EDGE('',*,*,#1982,.F.);
#2526=ORIENTED_EDGE('',*,*,#1983,.F.);
#2527=ORIENTED_EDGE('',*,*,#1984,.F.);
#2528=ORIENTED_EDGE('',*,*,#1985,.F.);
#2529=ORIENTED_EDGE('',*,*,#1986,.F.);
#2530=ORIENTED_EDGE('',*,*,#1987,.F.);
#2531=ORIENTED_EDGE('',*,*,#1924,.F.);
#2532=ORIENTED_EDGE('',*,*,#1988,.T.);
#2533=ORIENTED_EDGE('',*,*,#1982,.T.);
#2534=ORIENTED_EDGE('',*,*,#1989,.F.);
#2535=ORIENTED_EDGE('',*,*,#1990,.T.);
#2536=ORIENTED_EDGE('',*,*,#1991,.F.);
#2537=ORIENTED_EDGE('',*,*,#1933,.F.);
#2538=ORIENTED_EDGE('',*,*,#1992,.T.);
#2539=ORIENTED_EDGE('',*,*,#1987,.T.);
#2540=ORIENTED_EDGE('',*,*,#1993,.T.);
#2541=ORIENTED_EDGE('',*,*,#1994,.T.);
#2542=ORIENTED_EDGE('',*,*,#1995,.F.);
#2543=ORIENTED_EDGE('',*,*,#1986,.T.);
#2544=ORIENTED_EDGE('',*,*,#1996,.T.);
#2545=ORIENTED_EDGE('',*,*,#1992,.F.);
#2546=ORIENTED_EDGE('',*,*,#1936,.F.);
#2547=ORIENTED_EDGE('',*,*,#1997,.T.);
#2548=ORIENTED_EDGE('',*,*,#1998,.T.);
#2549=ORIENTED_EDGE('',*,*,#1993,.F.);
#2550=ORIENTED_EDGE('',*,*,#1999,.T.);
#2551=ORIENTED_EDGE('',*,*,#2000,.T.);
#2552=ORIENTED_EDGE('',*,*,#1989,.T.);
#2553=ORIENTED_EDGE('',*,*,#1981,.T.);
#2554=ORIENTED_EDGE('',*,*,#2001,.F.);
#2555=ORIENTED_EDGE('',*,*,#1990,.F.);
#2556=ORIENTED_EDGE('',*,*,#1996,.F.);
#2557=ORIENTED_EDGE('',*,*,#1985,.T.);
#2558=ORIENTED_EDGE('',*,*,#2002,.T.);
#2559=ORIENTED_EDGE('',*,*,#1913,.T.);
#2560=ORIENTED_EDGE('',*,*,#1915,.F.);
#2561=ORIENTED_EDGE('',*,*,#1925,.F.);
#2562=ORIENTED_EDGE('',*,*,#2003,.T.);
#2563=ORIENTED_EDGE('',*,*,#1983,.T.);
#2564=ORIENTED_EDGE('',*,*,#1988,.F.);
#2565=ORIENTED_EDGE('',*,*,#1923,.F.);
#2566=ORIENTED_EDGE('',*,*,#1916,.F.);
#2567=ORIENTED_EDGE('',*,*,#1911,.T.);
#2568=ORIENTED_EDGE('',*,*,#1910,.F.);
#2569=ORIENTED_EDGE('',*,*,#2004,.F.);
#2570=ORIENTED_EDGE('',*,*,#1914,.F.);
#2571=ORIENTED_EDGE('',*,*,#2002,.F.);
#2572=ORIENTED_EDGE('',*,*,#1984,.T.);
#2573=ORIENTED_EDGE('',*,*,#2003,.F.);
#2574=ORIENTED_EDGE('',*,*,#2005,.F.);
#2575=ORIENTED_EDGE('',*,*,#1905,.T.);
#2576=ORIENTED_EDGE('',*,*,#1926,.F.);
#2577=ORIENTED_EDGE('',*,*,#1920,.F.);
#2578=ORIENTED_EDGE('',*,*,#2006,.F.);
#2579=ORIENTED_EDGE('',*,*,#2007,.F.);
#2580=ORIENTED_EDGE('',*,*,#1922,.F.);
#2581=ORIENTED_EDGE('',*,*,#2008,.T.);
#2582=ORIENTED_EDGE('',*,*,#2009,.T.);
#2583=ORIENTED_EDGE('',*,*,#1918,.F.);
#2584=ORIENTED_EDGE('',*,*,#2009,.F.);
#2585=ORIENTED_EDGE('',*,*,#2010,.T.);
#2586=ORIENTED_EDGE('',*,*,#2006,.T.);
#2587=ORIENTED_EDGE('',*,*,#1919,.F.);
#2588=ORIENTED_EDGE('',*,*,#1889,.T.);
#2589=ORIENTED_EDGE('',*,*,#1900,.T.);
#2590=ORIENTED_EDGE('',*,*,#1897,.T.);
#2591=ORIENTED_EDGE('',*,*,#1894,.T.);
#2592=ORIENTED_EDGE('',*,*,#1903,.T.);
#2593=ORIENTED_EDGE('',*,*,#2004,.T.);
#2594=ORIENTED_EDGE('',*,*,#1909,.T.);
#2595=ORIENTED_EDGE('',*,*,#1906,.T.);
#2596=ORIENTED_EDGE('',*,*,#2005,.T.);
#2597=ORIENTED_EDGE('',*,*,#2011,.F.);
#2598=ORIENTED_EDGE('',*,*,#2012,.F.);
#2599=ORIENTED_EDGE('',*,*,#2013,.F.);
#2600=ORIENTED_EDGE('',*,*,#2014,.F.);
#2601=ORIENTED_EDGE('',*,*,#2015,.F.);
#2602=ORIENTED_EDGE('',*,*,#2016,.F.);
#2603=ORIENTED_EDGE('',*,*,#2017,.F.);
#2604=ORIENTED_EDGE('',*,*,#2018,.F.);
#2605=ORIENTED_EDGE('',*,*,#2019,.F.);
#2606=ORIENTED_EDGE('',*,*,#2020,.F.);
#2607=ORIENTED_EDGE('',*,*,#2021,.F.);
#2608=ORIENTED_EDGE('',*,*,#2022,.F.);
#2609=ORIENTED_EDGE('',*,*,#2023,.F.);
#2610=ORIENTED_EDGE('',*,*,#2024,.F.);
#2611=ORIENTED_EDGE('',*,*,#2025,.F.);
#2612=ORIENTED_EDGE('',*,*,#2026,.F.);
#2613=ORIENTED_EDGE('',*,*,#2027,.F.);
#2614=ORIENTED_EDGE('',*,*,#2028,.F.);
#2615=ORIENTED_EDGE('',*,*,#2029,.F.);
#2616=ORIENTED_EDGE('',*,*,#2030,.F.);
#2617=ORIENTED_EDGE('',*,*,#2031,.F.);
#2618=ORIENTED_EDGE('',*,*,#2032,.F.);
#2619=ORIENTED_EDGE('',*,*,#2033,.F.);
#2620=ORIENTED_EDGE('',*,*,#2034,.F.);
#2621=ORIENTED_EDGE('',*,*,#2035,.F.);
#2622=ORIENTED_EDGE('',*,*,#2036,.F.);
#2623=ORIENTED_EDGE('',*,*,#2037,.F.);
#2624=ORIENTED_EDGE('',*,*,#2038,.F.);
#2625=ORIENTED_EDGE('',*,*,#2039,.F.);
#2626=ORIENTED_EDGE('',*,*,#2040,.F.);
#2627=ORIENTED_EDGE('',*,*,#2041,.F.);
#2628=ORIENTED_EDGE('',*,*,#2042,.F.);
#2629=ORIENTED_EDGE('',*,*,#2043,.F.);
#2630=ORIENTED_EDGE('',*,*,#2044,.F.);
#2631=ORIENTED_EDGE('',*,*,#2045,.F.);
#2632=ORIENTED_EDGE('',*,*,#2046,.F.);
#2633=ORIENTED_EDGE('',*,*,#2047,.F.);
#2634=ORIENTED_EDGE('',*,*,#2048,.F.);
#2635=ORIENTED_EDGE('',*,*,#2049,.F.);
#2636=ORIENTED_EDGE('',*,*,#2050,.F.);
#2637=ORIENTED_EDGE('',*,*,#2051,.F.);
#2638=ORIENTED_EDGE('',*,*,#2052,.F.);
#2639=ORIENTED_EDGE('',*,*,#2053,.F.);
#2640=ORIENTED_EDGE('',*,*,#2054,.F.);
#2641=ORIENTED_EDGE('',*,*,#2055,.F.);
#2642=ORIENTED_EDGE('',*,*,#2056,.F.);
#2643=ORIENTED_EDGE('',*,*,#2057,.F.);
#2644=ORIENTED_EDGE('',*,*,#2058,.F.);
#2645=ORIENTED_EDGE('',*,*,#2059,.F.);
#2646=ORIENTED_EDGE('',*,*,#2060,.F.);
#2647=ORIENTED_EDGE('',*,*,#2061,.F.);
#2648=ORIENTED_EDGE('',*,*,#2062,.F.);
#2649=ORIENTED_EDGE('',*,*,#2063,.T.);
#2650=ORIENTED_EDGE('',*,*,#2064,.T.);
#2651=ORIENTED_EDGE('',*,*,#2065,.T.);
#2652=ORIENTED_EDGE('',*,*,#2066,.T.);
#2653=ORIENTED_EDGE('',*,*,#2067,.T.);
#2654=ORIENTED_EDGE('',*,*,#2068,.T.);
#2655=ORIENTED_EDGE('',*,*,#2069,.T.);
#2656=ORIENTED_EDGE('',*,*,#2070,.T.);
#2657=ORIENTED_EDGE('',*,*,#2071,.T.);
#2658=ORIENTED_EDGE('',*,*,#2072,.T.);
#2659=ORIENTED_EDGE('',*,*,#2073,.T.);
#2660=ORIENTED_EDGE('',*,*,#2074,.T.);
#2661=ORIENTED_EDGE('',*,*,#2059,.T.);
#2662=ORIENTED_EDGE('',*,*,#2075,.T.);
#2663=ORIENTED_EDGE('',*,*,#2076,.F.);
#2664=ORIENTED_EDGE('',*,*,#2077,.F.);
#2665=ORIENTED_EDGE('',*,*,#2078,.T.);
#2666=ORIENTED_EDGE('',*,*,#2079,.F.);
#2667=ORIENTED_EDGE('',*,*,#2080,.F.);
#2668=ORIENTED_EDGE('',*,*,#2081,.F.);
#2669=ORIENTED_EDGE('',*,*,#2072,.F.);
#2670=ORIENTED_EDGE('',*,*,#2082,.F.);
#2671=ORIENTED_EDGE('',*,*,#2083,.T.);
#2672=ORIENTED_EDGE('',*,*,#2084,.T.);
#2673=ORIENTED_EDGE('',*,*,#2085,.T.);
#2674=ORIENTED_EDGE('',*,*,#2086,.T.);
#2675=ORIENTED_EDGE('',*,*,#2087,.T.);
#2676=ORIENTED_EDGE('',*,*,#2088,.T.);
#2677=ORIENTED_EDGE('',*,*,#2089,.T.);
#2678=ORIENTED_EDGE('',*,*,#2090,.T.);
#2679=ORIENTED_EDGE('',*,*,#2091,.T.);
#2680=ORIENTED_EDGE('',*,*,#2092,.T.);
#2681=ORIENTED_EDGE('',*,*,#1930,.T.);
#2682=ORIENTED_EDGE('',*,*,#2093,.T.);
#2683=ORIENTED_EDGE('',*,*,#2094,.T.);
#2684=ORIENTED_EDGE('',*,*,#2076,.T.);
#2685=ORIENTED_EDGE('',*,*,#2095,.T.);
#2686=ORIENTED_EDGE('',*,*,#2039,.T.);
#2687=ORIENTED_EDGE('',*,*,#2096,.F.);
#2688=ORIENTED_EDGE('',*,*,#2097,.F.);
#2689=ORIENTED_EDGE('',*,*,#2098,.T.);
#2690=ORIENTED_EDGE('',*,*,#2038,.T.);
#2691=ORIENTED_EDGE('',*,*,#2099,.F.);
#2692=ORIENTED_EDGE('',*,*,#2100,.F.);
#2693=ORIENTED_EDGE('',*,*,#2096,.T.);
#2694=ORIENTED_EDGE('',*,*,#2037,.T.);
#2695=ORIENTED_EDGE('',*,*,#2101,.F.);
#2696=ORIENTED_EDGE('',*,*,#2102,.F.);
#2697=ORIENTED_EDGE('',*,*,#2099,.T.);
#2698=ORIENTED_EDGE('',*,*,#2036,.T.);
#2699=ORIENTED_EDGE('',*,*,#2103,.F.);
#2700=ORIENTED_EDGE('',*,*,#2104,.F.);
#2701=ORIENTED_EDGE('',*,*,#2101,.T.);
#2702=ORIENTED_EDGE('',*,*,#2031,.T.);
#2703=ORIENTED_EDGE('',*,*,#2105,.F.);
#2704=ORIENTED_EDGE('',*,*,#2106,.F.);
#2705=ORIENTED_EDGE('',*,*,#2107,.T.);
#2706=ORIENTED_EDGE('',*,*,#2030,.T.);
#2707=ORIENTED_EDGE('',*,*,#2108,.F.);
#2708=ORIENTED_EDGE('',*,*,#2109,.F.);
#2709=ORIENTED_EDGE('',*,*,#2105,.T.);
#2710=ORIENTED_EDGE('',*,*,#2029,.T.);
#2711=ORIENTED_EDGE('',*,*,#2110,.F.);
#2712=ORIENTED_EDGE('',*,*,#2111,.F.);
#2713=ORIENTED_EDGE('',*,*,#2108,.T.);
#2714=ORIENTED_EDGE('',*,*,#2028,.T.);
#2715=ORIENTED_EDGE('',*,*,#2112,.F.);
#2716=ORIENTED_EDGE('',*,*,#2113,.F.);
#2717=ORIENTED_EDGE('',*,*,#2110,.T.);
#2718=ORIENTED_EDGE('',*,*,#2023,.T.);
#2719=ORIENTED_EDGE('',*,*,#2114,.F.);
#2720=ORIENTED_EDGE('',*,*,#2115,.F.);
#2721=ORIENTED_EDGE('',*,*,#2116,.T.);
#2722=ORIENTED_EDGE('',*,*,#2022,.T.);
#2723=ORIENTED_EDGE('',*,*,#2117,.F.);
#2724=ORIENTED_EDGE('',*,*,#2118,.F.);
#2725=ORIENTED_EDGE('',*,*,#2114,.T.);
#2726=ORIENTED_EDGE('',*,*,#2021,.T.);
#2727=ORIENTED_EDGE('',*,*,#2119,.F.);
#2728=ORIENTED_EDGE('',*,*,#2120,.F.);
#2729=ORIENTED_EDGE('',*,*,#2117,.T.);
#2730=ORIENTED_EDGE('',*,*,#2020,.T.);
#2731=ORIENTED_EDGE('',*,*,#2121,.F.);
#2732=ORIENTED_EDGE('',*,*,#2122,.F.);
#2733=ORIENTED_EDGE('',*,*,#2119,.T.);
#2734=ORIENTED_EDGE('',*,*,#2015,.T.);
#2735=ORIENTED_EDGE('',*,*,#2123,.F.);
#2736=ORIENTED_EDGE('',*,*,#2124,.F.);
#2737=ORIENTED_EDGE('',*,*,#2125,.T.);
#2738=ORIENTED_EDGE('',*,*,#2014,.T.);
#2739=ORIENTED_EDGE('',*,*,#2126,.F.);
#2740=ORIENTED_EDGE('',*,*,#2127,.F.);
#2741=ORIENTED_EDGE('',*,*,#2123,.T.);
#2742=ORIENTED_EDGE('',*,*,#2013,.T.);
#2743=ORIENTED_EDGE('',*,*,#2128,.F.);
#2744=ORIENTED_EDGE('',*,*,#2129,.F.);
#2745=ORIENTED_EDGE('',*,*,#2126,.T.);
#2746=ORIENTED_EDGE('',*,*,#2012,.T.);
#2747=ORIENTED_EDGE('',*,*,#2130,.F.);
#2748=ORIENTED_EDGE('',*,*,#2131,.F.);
#2749=ORIENTED_EDGE('',*,*,#2128,.T.);
#2750=ORIENTED_EDGE('',*,*,#2132,.T.);
#2751=ORIENTED_EDGE('',*,*,#2133,.T.);
#2752=ORIENTED_EDGE('',*,*,#2134,.T.);
#2753=ORIENTED_EDGE('',*,*,#1928,.T.);
#2754=ORIENTED_EDGE('',*,*,#2135,.T.);
#2755=ORIENTED_EDGE('',*,*,#2134,.F.);
#2756=ORIENTED_EDGE('',*,*,#2136,.F.);
#2757=ORIENTED_EDGE('',*,*,#2137,.T.);
#2758=ORIENTED_EDGE('',*,*,#2138,.F.);
#2759=ORIENTED_EDGE('',*,*,#2093,.F.);
#2760=ORIENTED_EDGE('',*,*,#1929,.T.);
#2761=ORIENTED_EDGE('',*,*,#2133,.F.);
#2762=ORIENTED_EDGE('',*,*,#2139,.F.);
#2763=ORIENTED_EDGE('',*,*,#2140,.T.);
#2764=ORIENTED_EDGE('',*,*,#2141,.F.);
#2765=ORIENTED_EDGE('',*,*,#2142,.F.);
#2766=ORIENTED_EDGE('',*,*,#2136,.T.);
#2767=ORIENTED_EDGE('',*,*,#2143,.F.);
#2768=ORIENTED_EDGE('',*,*,#2144,.F.);
#2769=ORIENTED_EDGE('',*,*,#2145,.F.);
#2770=ORIENTED_EDGE('',*,*,#2146,.F.);
#2771=ORIENTED_EDGE('',*,*,#2147,.T.);
#2772=ORIENTED_EDGE('',*,*,#2139,.T.);
#2773=ORIENTED_EDGE('',*,*,#2132,.F.);
#2774=ORIENTED_EDGE('',*,*,#2148,.F.);
#2775=ORIENTED_EDGE('',*,*,#2149,.T.);
#2776=ORIENTED_EDGE('',*,*,#2150,.T.);
#2777=ORIENTED_EDGE('',*,*,#2151,.T.);
#2778=ORIENTED_EDGE('',*,*,#2152,.T.);
#2779=ORIENTED_EDGE('',*,*,#2153,.T.);
#2780=ORIENTED_EDGE('',*,*,#2154,.T.);
#2781=ORIENTED_EDGE('',*,*,#2155,.T.);
#2782=ORIENTED_EDGE('',*,*,#2156,.T.);
#2783=ORIENTED_EDGE('',*,*,#2157,.T.);
#2784=ORIENTED_EDGE('',*,*,#2094,.F.);
#2785=ORIENTED_EDGE('',*,*,#2138,.T.);
#2786=ORIENTED_EDGE('',*,*,#2158,.T.);
#2787=ORIENTED_EDGE('',*,*,#2159,.T.);
#2788=ORIENTED_EDGE('',*,*,#2160,.T.);
#2789=ORIENTED_EDGE('',*,*,#2077,.T.);
#2790=ORIENTED_EDGE('',*,*,#2074,.F.);
#2791=ORIENTED_EDGE('',*,*,#2161,.F.);
#2792=ORIENTED_EDGE('',*,*,#2162,.T.);
#2793=ORIENTED_EDGE('',*,*,#2163,.T.);
#2794=ORIENTED_EDGE('',*,*,#2164,.T.);
#2795=ORIENTED_EDGE('',*,*,#2165,.F.);
#2796=ORIENTED_EDGE('',*,*,#2166,.F.);
#2797=ORIENTED_EDGE('',*,*,#2060,.T.);
#2798=ORIENTED_EDGE('',*,*,#2073,.F.);
#2799=ORIENTED_EDGE('',*,*,#2081,.T.);
#2800=ORIENTED_EDGE('',*,*,#2167,.T.);
#2801=ORIENTED_EDGE('',*,*,#2168,.F.);
#2802=ORIENTED_EDGE('',*,*,#2169,.F.);
#2803=ORIENTED_EDGE('',*,*,#2161,.T.);
#2804=ORIENTED_EDGE('',*,*,#2061,.T.);
#2805=ORIENTED_EDGE('',*,*,#2166,.T.);
#2806=ORIENTED_EDGE('',*,*,#2170,.T.);
#2807=ORIENTED_EDGE('',*,*,#2143,.T.);
#2808=ORIENTED_EDGE('',*,*,#2171,.T.);
#2809=ORIENTED_EDGE('',*,*,#2170,.F.);
#2810=ORIENTED_EDGE('',*,*,#2165,.T.);
#2811=ORIENTED_EDGE('',*,*,#2172,.T.);
#2812=ORIENTED_EDGE('',*,*,#2173,.T.);
#2813=ORIENTED_EDGE('',*,*,#2174,.T.);
#2814=ORIENTED_EDGE('',*,*,#2144,.T.);
#2815=ORIENTED_EDGE('',*,*,#2175,.F.);
#2816=ORIENTED_EDGE('',*,*,#2176,.F.);
#2817=ORIENTED_EDGE('',*,*,#2159,.F.);
#2818=ORIENTED_EDGE('',*,*,#2177,.F.);
#2819=ORIENTED_EDGE('',*,*,#2178,.F.);
#2820=ORIENTED_EDGE('',*,*,#2179,.T.);
#2821=ORIENTED_EDGE('',*,*,#2180,.T.);
#2822=ORIENTED_EDGE('',*,*,#2181,.F.);
#2823=ORIENTED_EDGE('',*,*,#2182,.T.);
#2824=ORIENTED_EDGE('',*,*,#2168,.T.);
#2825=ORIENTED_EDGE('',*,*,#2183,.T.);
#2826=ORIENTED_EDGE('',*,*,#2184,.T.);
#2827=ORIENTED_EDGE('',*,*,#2185,.F.);
#2828=ORIENTED_EDGE('',*,*,#2186,.F.);
#2829=ORIENTED_EDGE('',*,*,#2147,.F.);
#2830=ORIENTED_EDGE('',*,*,#2146,.T.);
#2831=ORIENTED_EDGE('',*,*,#2145,.T.);
#2832=ORIENTED_EDGE('',*,*,#2187,.T.);
#2833=ORIENTED_EDGE('',*,*,#2188,.T.);
#2834=ORIENTED_EDGE('',*,*,#2185,.T.);
#2835=ORIENTED_EDGE('',*,*,#2189,.T.);
#2836=ORIENTED_EDGE('',*,*,#2190,.T.);
#2837=ORIENTED_EDGE('',*,*,#2191,.T.);
#2838=ORIENTED_EDGE('',*,*,#2191,.F.);
#2839=ORIENTED_EDGE('',*,*,#2192,.F.);
#2840=ORIENTED_EDGE('',*,*,#2140,.F.);
#2841=ORIENTED_EDGE('',*,*,#2186,.T.);
#2842=ORIENTED_EDGE('',*,*,#2175,.T.);
#2843=ORIENTED_EDGE('',*,*,#2193,.T.);
#2844=ORIENTED_EDGE('',*,*,#2079,.T.);
#2845=ORIENTED_EDGE('',*,*,#2194,.T.);
#2846=ORIENTED_EDGE('',*,*,#2194,.F.);
#2847=ORIENTED_EDGE('',*,*,#2078,.F.);
#2848=ORIENTED_EDGE('',*,*,#2160,.F.);
#2849=ORIENTED_EDGE('',*,*,#2176,.T.);
#2850=ORIENTED_EDGE('',*,*,#2189,.F.);
#2851=ORIENTED_EDGE('',*,*,#2187,.F.);
#2852=ORIENTED_EDGE('',*,*,#2174,.F.);
#2853=ORIENTED_EDGE('',*,*,#2195,.T.);
#2854=ORIENTED_EDGE('',*,*,#2196,.F.);
#2855=ORIENTED_EDGE('',*,*,#2197,.T.);
#2856=ORIENTED_EDGE('',*,*,#2198,.F.);
#2857=ORIENTED_EDGE('',*,*,#2197,.F.);
#2858=ORIENTED_EDGE('',*,*,#2199,.F.);
#2859=ORIENTED_EDGE('',*,*,#2200,.T.);
#2860=ORIENTED_EDGE('',*,*,#2201,.F.);
#2861=ORIENTED_EDGE('',*,*,#2200,.F.);
#2862=ORIENTED_EDGE('',*,*,#2202,.F.);
#2863=ORIENTED_EDGE('',*,*,#2203,.T.);
#2864=ORIENTED_EDGE('',*,*,#2204,.F.);
#2865=ORIENTED_EDGE('',*,*,#2203,.F.);
#2866=ORIENTED_EDGE('',*,*,#2205,.F.);
#2867=ORIENTED_EDGE('',*,*,#2206,.T.);
#2868=ORIENTED_EDGE('',*,*,#2207,.F.);
#2869=ORIENTED_EDGE('',*,*,#2206,.F.);
#2870=ORIENTED_EDGE('',*,*,#2208,.F.);
#2871=ORIENTED_EDGE('',*,*,#2209,.T.);
#2872=ORIENTED_EDGE('',*,*,#2210,.F.);
#2873=ORIENTED_EDGE('',*,*,#2209,.F.);
#2874=ORIENTED_EDGE('',*,*,#2211,.F.);
#2875=ORIENTED_EDGE('',*,*,#2212,.T.);
#2876=ORIENTED_EDGE('',*,*,#2213,.F.);
#2877=ORIENTED_EDGE('',*,*,#2212,.F.);
#2878=ORIENTED_EDGE('',*,*,#2214,.F.);
#2879=ORIENTED_EDGE('',*,*,#2215,.T.);
#2880=ORIENTED_EDGE('',*,*,#2216,.F.);
#2881=ORIENTED_EDGE('',*,*,#2215,.F.);
#2882=ORIENTED_EDGE('',*,*,#2217,.F.);
#2883=ORIENTED_EDGE('',*,*,#2218,.T.);
#2884=ORIENTED_EDGE('',*,*,#2219,.F.);
#2885=ORIENTED_EDGE('',*,*,#2218,.F.);
#2886=ORIENTED_EDGE('',*,*,#2220,.F.);
#2887=ORIENTED_EDGE('',*,*,#2221,.T.);
#2888=ORIENTED_EDGE('',*,*,#2222,.F.);
#2889=ORIENTED_EDGE('',*,*,#2221,.F.);
#2890=ORIENTED_EDGE('',*,*,#2223,.F.);
#2891=ORIENTED_EDGE('',*,*,#2224,.T.);
#2892=ORIENTED_EDGE('',*,*,#2225,.F.);
#2893=ORIENTED_EDGE('',*,*,#2224,.F.);
#2894=ORIENTED_EDGE('',*,*,#2226,.F.);
#2895=ORIENTED_EDGE('',*,*,#2227,.T.);
#2896=ORIENTED_EDGE('',*,*,#2228,.F.);
#2897=ORIENTED_EDGE('',*,*,#2227,.F.);
#2898=ORIENTED_EDGE('',*,*,#2229,.F.);
#2899=ORIENTED_EDGE('',*,*,#2230,.T.);
#2900=ORIENTED_EDGE('',*,*,#2231,.F.);
#2901=ORIENTED_EDGE('',*,*,#2230,.F.);
#2902=ORIENTED_EDGE('',*,*,#2232,.F.);
#2903=ORIENTED_EDGE('',*,*,#2233,.T.);
#2904=ORIENTED_EDGE('',*,*,#2234,.F.);
#2905=ORIENTED_EDGE('',*,*,#2233,.F.);
#2906=ORIENTED_EDGE('',*,*,#2235,.F.);
#2907=ORIENTED_EDGE('',*,*,#2236,.T.);
#2908=ORIENTED_EDGE('',*,*,#2237,.F.);
#2909=ORIENTED_EDGE('',*,*,#2236,.F.);
#2910=ORIENTED_EDGE('',*,*,#2238,.F.);
#2911=ORIENTED_EDGE('',*,*,#2239,.T.);
#2912=ORIENTED_EDGE('',*,*,#2240,.F.);
#2913=ORIENTED_EDGE('',*,*,#2239,.F.);
#2914=ORIENTED_EDGE('',*,*,#2241,.F.);
#2915=ORIENTED_EDGE('',*,*,#2242,.T.);
#2916=ORIENTED_EDGE('',*,*,#2243,.F.);
#2917=ORIENTED_EDGE('',*,*,#2242,.F.);
#2918=ORIENTED_EDGE('',*,*,#2244,.F.);
#2919=ORIENTED_EDGE('',*,*,#2245,.T.);
#2920=ORIENTED_EDGE('',*,*,#2058,.T.);
#2921=ORIENTED_EDGE('',*,*,#2245,.F.);
#2922=ORIENTED_EDGE('',*,*,#2246,.F.);
#2923=ORIENTED_EDGE('',*,*,#2247,.T.);
#2924=ORIENTED_EDGE('',*,*,#2057,.T.);
#2925=ORIENTED_EDGE('',*,*,#2247,.F.);
#2926=ORIENTED_EDGE('',*,*,#2248,.F.);
#2927=ORIENTED_EDGE('',*,*,#2249,.T.);
#2928=ORIENTED_EDGE('',*,*,#2056,.T.);
#2929=ORIENTED_EDGE('',*,*,#2249,.F.);
#2930=ORIENTED_EDGE('',*,*,#2250,.F.);
#2931=ORIENTED_EDGE('',*,*,#2251,.T.);
#2932=ORIENTED_EDGE('',*,*,#2055,.T.);
#2933=ORIENTED_EDGE('',*,*,#2251,.F.);
#2934=ORIENTED_EDGE('',*,*,#2252,.F.);
#2935=ORIENTED_EDGE('',*,*,#2253,.T.);
#2936=ORIENTED_EDGE('',*,*,#2054,.T.);
#2937=ORIENTED_EDGE('',*,*,#2253,.F.);
#2938=ORIENTED_EDGE('',*,*,#2254,.F.);
#2939=ORIENTED_EDGE('',*,*,#2255,.T.);
#2940=ORIENTED_EDGE('',*,*,#2053,.T.);
#2941=ORIENTED_EDGE('',*,*,#2255,.F.);
#2942=ORIENTED_EDGE('',*,*,#2000,.F.);
#2943=ORIENTED_EDGE('',*,*,#2256,.T.);
#2944=ORIENTED_EDGE('',*,*,#2052,.T.);
#2945=ORIENTED_EDGE('',*,*,#2256,.F.);
#2946=ORIENTED_EDGE('',*,*,#1999,.F.);
#2947=ORIENTED_EDGE('',*,*,#2257,.T.);
#2948=ORIENTED_EDGE('',*,*,#2051,.T.);
#2949=ORIENTED_EDGE('',*,*,#2257,.F.);
#2950=ORIENTED_EDGE('',*,*,#2258,.F.);
#2951=ORIENTED_EDGE('',*,*,#2259,.T.);
#2952=ORIENTED_EDGE('',*,*,#2050,.T.);
#2953=ORIENTED_EDGE('',*,*,#2259,.F.);
#2954=ORIENTED_EDGE('',*,*,#2260,.F.);
#2955=ORIENTED_EDGE('',*,*,#2261,.T.);
#2956=ORIENTED_EDGE('',*,*,#2049,.T.);
#2957=ORIENTED_EDGE('',*,*,#2261,.F.);
#2958=ORIENTED_EDGE('',*,*,#2262,.F.);
#2959=ORIENTED_EDGE('',*,*,#2263,.T.);
#2960=ORIENTED_EDGE('',*,*,#2048,.T.);
#2961=ORIENTED_EDGE('',*,*,#2263,.F.);
#2962=ORIENTED_EDGE('',*,*,#2264,.F.);
#2963=ORIENTED_EDGE('',*,*,#2265,.T.);
#2964=ORIENTED_EDGE('',*,*,#2047,.T.);
#2965=ORIENTED_EDGE('',*,*,#2265,.F.);
#2966=ORIENTED_EDGE('',*,*,#2266,.F.);
#2967=ORIENTED_EDGE('',*,*,#2267,.T.);
#2968=ORIENTED_EDGE('',*,*,#2046,.T.);
#2969=ORIENTED_EDGE('',*,*,#2267,.F.);
#2970=ORIENTED_EDGE('',*,*,#2268,.F.);
#2971=ORIENTED_EDGE('',*,*,#2269,.T.);
#2972=ORIENTED_EDGE('',*,*,#2045,.T.);
#2973=ORIENTED_EDGE('',*,*,#2269,.F.);
#2974=ORIENTED_EDGE('',*,*,#2270,.F.);
#2975=ORIENTED_EDGE('',*,*,#2271,.T.);
#2976=ORIENTED_EDGE('',*,*,#2044,.T.);
#2977=ORIENTED_EDGE('',*,*,#2271,.F.);
#2978=ORIENTED_EDGE('',*,*,#2272,.F.);
#2979=ORIENTED_EDGE('',*,*,#2273,.T.);
#2980=ORIENTED_EDGE('',*,*,#2043,.T.);
#2981=ORIENTED_EDGE('',*,*,#2273,.F.);
#2982=ORIENTED_EDGE('',*,*,#2070,.F.);
#2983=ORIENTED_EDGE('',*,*,#2274,.T.);
#2984=ORIENTED_EDGE('',*,*,#2275,.T.);
#2985=ORIENTED_EDGE('',*,*,#2276,.F.);
#2986=ORIENTED_EDGE('',*,*,#2071,.F.);
#2987=ORIENTED_EDGE('',*,*,#2276,.T.);
#2988=ORIENTED_EDGE('',*,*,#2277,.T.);
#2989=ORIENTED_EDGE('',*,*,#2278,.F.);
#2990=ORIENTED_EDGE('',*,*,#2270,.T.);
#2991=ORIENTED_EDGE('',*,*,#2272,.T.);
#2992=ORIENTED_EDGE('',*,*,#2068,.F.);
#2993=ORIENTED_EDGE('',*,*,#2278,.T.);
#2994=ORIENTED_EDGE('',*,*,#2279,.T.);
#2995=ORIENTED_EDGE('',*,*,#2280,.F.);
#2996=ORIENTED_EDGE('',*,*,#2069,.F.);
#2997=ORIENTED_EDGE('',*,*,#2280,.T.);
#2998=ORIENTED_EDGE('',*,*,#2281,.T.);
#2999=ORIENTED_EDGE('',*,*,#2274,.F.);
#3000=ORIENTED_EDGE('',*,*,#2205,.T.);
#3001=ORIENTED_EDGE('',*,*,#2232,.T.);
#3002=ORIENTED_EDGE('',*,*,#2281,.F.);
#3003=ORIENTED_EDGE('',*,*,#2279,.F.);
#3004=ORIENTED_EDGE('',*,*,#2277,.F.);
#3005=ORIENTED_EDGE('',*,*,#2275,.F.);
#3006=ORIENTED_EDGE('',*,*,#2085,.F.);
#3007=ORIENTED_EDGE('',*,*,#2282,.T.);
#3008=ORIENTED_EDGE('',*,*,#2283,.T.);
#3009=ORIENTED_EDGE('',*,*,#2284,.F.);
#3010=ORIENTED_EDGE('',*,*,#2086,.F.);
#3011=ORIENTED_EDGE('',*,*,#2284,.T.);
#3012=ORIENTED_EDGE('',*,*,#2285,.T.);
#3013=ORIENTED_EDGE('',*,*,#2286,.F.);
#3014=ORIENTED_EDGE('',*,*,#2244,.T.);
#3015=ORIENTED_EDGE('',*,*,#2246,.T.);
#3016=ORIENTED_EDGE('',*,*,#2083,.F.);
#3017=ORIENTED_EDGE('',*,*,#2286,.T.);
#3018=ORIENTED_EDGE('',*,*,#2287,.T.);
#3019=ORIENTED_EDGE('',*,*,#2288,.F.);
#3020=ORIENTED_EDGE('',*,*,#2084,.F.);
#3021=ORIENTED_EDGE('',*,*,#2288,.T.);
#3022=ORIENTED_EDGE('',*,*,#2289,.T.);
#3023=ORIENTED_EDGE('',*,*,#2282,.F.);
#3024=ORIENTED_EDGE('',*,*,#2208,.T.);
#3025=ORIENTED_EDGE('',*,*,#2229,.T.);
#3026=ORIENTED_EDGE('',*,*,#2289,.F.);
#3027=ORIENTED_EDGE('',*,*,#2287,.F.);
#3028=ORIENTED_EDGE('',*,*,#2285,.F.);
#3029=ORIENTED_EDGE('',*,*,#2283,.F.);
#3030=ORIENTED_EDGE('',*,*,#2089,.F.);
#3031=ORIENTED_EDGE('',*,*,#2290,.T.);
#3032=ORIENTED_EDGE('',*,*,#2291,.T.);
#3033=ORIENTED_EDGE('',*,*,#2292,.F.);
#3034=ORIENTED_EDGE('',*,*,#2090,.F.);
#3035=ORIENTED_EDGE('',*,*,#2292,.T.);
#3036=ORIENTED_EDGE('',*,*,#2293,.T.);
#3037=ORIENTED_EDGE('',*,*,#2294,.F.);
#3038=ORIENTED_EDGE('',*,*,#2248,.T.);
#3039=ORIENTED_EDGE('',*,*,#2250,.T.);
#3040=ORIENTED_EDGE('',*,*,#2087,.F.);
#3041=ORIENTED_EDGE('',*,*,#2294,.T.);
#3042=ORIENTED_EDGE('',*,*,#2295,.T.);
#3043=ORIENTED_EDGE('',*,*,#2296,.F.);
#3044=ORIENTED_EDGE('',*,*,#2088,.F.);
#3045=ORIENTED_EDGE('',*,*,#2296,.T.);
#3046=ORIENTED_EDGE('',*,*,#2297,.T.);
#3047=ORIENTED_EDGE('',*,*,#2290,.F.);
#3048=ORIENTED_EDGE('',*,*,#2211,.T.);
#3049=ORIENTED_EDGE('',*,*,#2226,.T.);
#3050=ORIENTED_EDGE('',*,*,#2297,.F.);
#3051=ORIENTED_EDGE('',*,*,#2295,.F.);
#3052=ORIENTED_EDGE('',*,*,#2293,.F.);
#3053=ORIENTED_EDGE('',*,*,#2291,.F.);
#3054=ORIENTED_EDGE('',*,*,#1939,.F.);
#3055=ORIENTED_EDGE('',*,*,#2298,.T.);
#3056=ORIENTED_EDGE('',*,*,#2299,.T.);
#3057=ORIENTED_EDGE('',*,*,#2300,.F.);
#3058=ORIENTED_EDGE('',*,*,#1940,.F.);
#3059=ORIENTED_EDGE('',*,*,#2300,.T.);
#3060=ORIENTED_EDGE('',*,*,#2301,.T.);
#3061=ORIENTED_EDGE('',*,*,#2302,.F.);
#3062=ORIENTED_EDGE('',*,*,#2252,.T.);
#3063=ORIENTED_EDGE('',*,*,#2254,.T.);
#3064=ORIENTED_EDGE('',*,*,#1937,.F.);
#3065=ORIENTED_EDGE('',*,*,#2302,.T.);
#3066=ORIENTED_EDGE('',*,*,#2303,.T.);
#3067=ORIENTED_EDGE('',*,*,#2304,.F.);
#3068=ORIENTED_EDGE('',*,*,#1938,.F.);
#3069=ORIENTED_EDGE('',*,*,#2304,.T.);
#3070=ORIENTED_EDGE('',*,*,#2305,.T.);
#3071=ORIENTED_EDGE('',*,*,#2298,.F.);
#3072=ORIENTED_EDGE('',*,*,#2214,.T.);
#3073=ORIENTED_EDGE('',*,*,#2223,.T.);
#3074=ORIENTED_EDGE('',*,*,#2305,.F.);
#3075=ORIENTED_EDGE('',*,*,#2303,.F.);
#3076=ORIENTED_EDGE('',*,*,#2301,.F.);
#3077=ORIENTED_EDGE('',*,*,#2299,.F.);
#3078=ORIENTED_EDGE('',*,*,#1935,.F.);
#3079=ORIENTED_EDGE('',*,*,#2306,.T.);
#3080=ORIENTED_EDGE('',*,*,#2307,.T.);
#3081=ORIENTED_EDGE('',*,*,#1997,.F.);
#3082=ORIENTED_EDGE('',*,*,#1980,.T.);
#3083=ORIENTED_EDGE('',*,*,#1995,.T.);
#3084=ORIENTED_EDGE('',*,*,#2308,.T.);
#3085=ORIENTED_EDGE('',*,*,#2306,.F.);
#3086=ORIENTED_EDGE('',*,*,#1934,.F.);
#3087=ORIENTED_EDGE('',*,*,#1991,.T.);
#3088=ORIENTED_EDGE('',*,*,#2001,.T.);
#3089=ORIENTED_EDGE('',*,*,#2217,.T.);
#3090=ORIENTED_EDGE('',*,*,#2220,.T.);
#3091=ORIENTED_EDGE('',*,*,#2308,.F.);
#3092=ORIENTED_EDGE('',*,*,#1994,.F.);
#3093=ORIENTED_EDGE('',*,*,#1998,.F.);
#3094=ORIENTED_EDGE('',*,*,#2307,.F.);
#3095=ORIENTED_EDGE('',*,*,#2151,.F.);
#3096=ORIENTED_EDGE('',*,*,#2309,.T.);
#3097=ORIENTED_EDGE('',*,*,#2310,.T.);
#3098=ORIENTED_EDGE('',*,*,#2311,.F.);
#3099=ORIENTED_EDGE('',*,*,#2152,.F.);
#3100=ORIENTED_EDGE('',*,*,#2311,.T.);
#3101=ORIENTED_EDGE('',*,*,#2312,.T.);
#3102=ORIENTED_EDGE('',*,*,#2313,.F.);
#3103=ORIENTED_EDGE('',*,*,#2258,.T.);
#3104=ORIENTED_EDGE('',*,*,#2260,.T.);
#3105=ORIENTED_EDGE('',*,*,#2149,.F.);
#3106=ORIENTED_EDGE('',*,*,#2313,.T.);
#3107=ORIENTED_EDGE('',*,*,#2314,.T.);
#3108=ORIENTED_EDGE('',*,*,#2315,.F.);
#3109=ORIENTED_EDGE('',*,*,#2150,.F.);
#3110=ORIENTED_EDGE('',*,*,#2315,.T.);
#3111=ORIENTED_EDGE('',*,*,#2316,.T.);
#3112=ORIENTED_EDGE('',*,*,#2309,.F.);
#3113=ORIENTED_EDGE('',*,*,#2196,.T.);
#3114=ORIENTED_EDGE('',*,*,#2241,.T.);
#3115=ORIENTED_EDGE('',*,*,#2316,.F.);
#3116=ORIENTED_EDGE('',*,*,#2314,.F.);
#3117=ORIENTED_EDGE('',*,*,#2312,.F.);
#3118=ORIENTED_EDGE('',*,*,#2310,.F.);
#3119=ORIENTED_EDGE('',*,*,#2155,.F.);
#3120=ORIENTED_EDGE('',*,*,#2317,.T.);
#3121=ORIENTED_EDGE('',*,*,#2318,.T.);
#3122=ORIENTED_EDGE('',*,*,#2319,.F.);
#3123=ORIENTED_EDGE('',*,*,#2156,.F.);
#3124=ORIENTED_EDGE('',*,*,#2319,.T.);
#3125=ORIENTED_EDGE('',*,*,#2320,.T.);
#3126=ORIENTED_EDGE('',*,*,#2321,.F.);
#3127=ORIENTED_EDGE('',*,*,#2199,.T.);
#3128=ORIENTED_EDGE('',*,*,#2238,.T.);
#3129=ORIENTED_EDGE('',*,*,#2153,.F.);
#3130=ORIENTED_EDGE('',*,*,#2321,.T.);
#3131=ORIENTED_EDGE('',*,*,#2322,.T.);
#3132=ORIENTED_EDGE('',*,*,#2323,.F.);
#3133=ORIENTED_EDGE('',*,*,#2154,.F.);
#3134=ORIENTED_EDGE('',*,*,#2323,.T.);
#3135=ORIENTED_EDGE('',*,*,#2324,.T.);
#3136=ORIENTED_EDGE('',*,*,#2317,.F.);
#3137=ORIENTED_EDGE('',*,*,#2262,.T.);
#3138=ORIENTED_EDGE('',*,*,#2264,.T.);
#3139=ORIENTED_EDGE('',*,*,#2324,.F.);
#3140=ORIENTED_EDGE('',*,*,#2322,.F.);
#3141=ORIENTED_EDGE('',*,*,#2320,.F.);
#3142=ORIENTED_EDGE('',*,*,#2318,.F.);
#3143=ORIENTED_EDGE('',*,*,#2066,.F.);
#3144=ORIENTED_EDGE('',*,*,#2325,.T.);
#3145=ORIENTED_EDGE('',*,*,#2326,.T.);
#3146=ORIENTED_EDGE('',*,*,#2327,.F.);
#3147=ORIENTED_EDGE('',*,*,#2067,.F.);
#3148=ORIENTED_EDGE('',*,*,#2327,.T.);
#3149=ORIENTED_EDGE('',*,*,#2328,.T.);
#3150=ORIENTED_EDGE('',*,*,#2329,.F.);
#3151=ORIENTED_EDGE('',*,*,#2202,.T.);
#3152=ORIENTED_EDGE('',*,*,#2235,.T.);
#3153=ORIENTED_EDGE('',*,*,#2064,.F.);
#3154=ORIENTED_EDGE('',*,*,#2329,.T.);
#3155=ORIENTED_EDGE('',*,*,#2330,.T.);
#3156=ORIENTED_EDGE('',*,*,#2331,.F.);
#3157=ORIENTED_EDGE('',*,*,#2065,.F.);
#3158=ORIENTED_EDGE('',*,*,#2331,.T.);
#3159=ORIENTED_EDGE('',*,*,#2332,.T.);
#3160=ORIENTED_EDGE('',*,*,#2325,.F.);
#3161=ORIENTED_EDGE('',*,*,#2266,.T.);
#3162=ORIENTED_EDGE('',*,*,#2268,.T.);
#3163=ORIENTED_EDGE('',*,*,#2332,.F.);
#3164=ORIENTED_EDGE('',*,*,#2330,.F.);
#3165=ORIENTED_EDGE('',*,*,#2328,.F.);
#3166=ORIENTED_EDGE('',*,*,#2326,.F.);
#3167=ORIENTED_EDGE('',*,*,#2091,.F.);
#3168=ORIENTED_EDGE('',*,*,#2333,.T.);
#3169=ORIENTED_EDGE('',*,*,#2184,.F.);
#3170=ORIENTED_EDGE('',*,*,#2333,.F.);
#3171=ORIENTED_EDGE('',*,*,#2193,.F.);
#3172=ORIENTED_EDGE('',*,*,#2183,.F.);
#3173=ORIENTED_EDGE('',*,*,#2167,.F.);
#3174=ORIENTED_EDGE('',*,*,#2080,.T.);
#3175=ORIENTED_EDGE('',*,*,#2188,.F.);
#3176=ORIENTED_EDGE('',*,*,#2334,.T.);
#3177=ORIENTED_EDGE('',*,*,#2335,.F.);
#3178=ORIENTED_EDGE('',*,*,#2334,.F.);
#3179=ORIENTED_EDGE('',*,*,#2035,.T.);
#3180=ORIENTED_EDGE('',*,*,#2336,.F.);
#3181=ORIENTED_EDGE('',*,*,#2337,.F.);
#3182=ORIENTED_EDGE('',*,*,#2103,.T.);
#3183=ORIENTED_EDGE('',*,*,#2040,.T.);
#3184=ORIENTED_EDGE('',*,*,#2098,.F.);
#3185=ORIENTED_EDGE('',*,*,#2338,.F.);
#3186=ORIENTED_EDGE('',*,*,#2339,.T.);
#3187=ORIENTED_EDGE('',*,*,#2041,.T.);
#3188=ORIENTED_EDGE('',*,*,#2339,.F.);
#3189=ORIENTED_EDGE('',*,*,#2340,.F.);
#3190=ORIENTED_EDGE('',*,*,#2341,.T.);
#3191=ORIENTED_EDGE('',*,*,#2042,.T.);
#3192=ORIENTED_EDGE('',*,*,#2341,.F.);
#3193=ORIENTED_EDGE('',*,*,#2342,.F.);
#3194=ORIENTED_EDGE('',*,*,#2336,.T.);
#3195=ORIENTED_EDGE('',*,*,#2027,.T.);
#3196=ORIENTED_EDGE('',*,*,#2343,.F.);
#3197=ORIENTED_EDGE('',*,*,#2344,.F.);
#3198=ORIENTED_EDGE('',*,*,#2112,.T.);
#3199=ORIENTED_EDGE('',*,*,#2032,.T.);
#3200=ORIENTED_EDGE('',*,*,#2107,.F.);
#3201=ORIENTED_EDGE('',*,*,#2345,.F.);
#3202=ORIENTED_EDGE('',*,*,#2346,.T.);
#3203=ORIENTED_EDGE('',*,*,#2033,.T.);
#3204=ORIENTED_EDGE('',*,*,#2346,.F.);
#3205=ORIENTED_EDGE('',*,*,#2347,.F.);
#3206=ORIENTED_EDGE('',*,*,#2348,.T.);
#3207=ORIENTED_EDGE('',*,*,#2034,.T.);
#3208=ORIENTED_EDGE('',*,*,#2348,.F.);
#3209=ORIENTED_EDGE('',*,*,#2349,.F.);
#3210=ORIENTED_EDGE('',*,*,#2343,.T.);
#3211=ORIENTED_EDGE('',*,*,#2019,.T.);
#3212=ORIENTED_EDGE('',*,*,#2350,.F.);
#3213=ORIENTED_EDGE('',*,*,#2351,.F.);
#3214=ORIENTED_EDGE('',*,*,#2121,.T.);
#3215=ORIENTED_EDGE('',*,*,#2024,.T.);
#3216=ORIENTED_EDGE('',*,*,#2116,.F.);
#3217=ORIENTED_EDGE('',*,*,#2352,.F.);
#3218=ORIENTED_EDGE('',*,*,#2353,.T.);
#3219=ORIENTED_EDGE('',*,*,#2025,.T.);
#3220=ORIENTED_EDGE('',*,*,#2353,.F.);
#3221=ORIENTED_EDGE('',*,*,#2354,.F.);
#3222=ORIENTED_EDGE('',*,*,#2355,.T.);
#3223=ORIENTED_EDGE('',*,*,#2026,.T.);
#3224=ORIENTED_EDGE('',*,*,#2355,.F.);
#3225=ORIENTED_EDGE('',*,*,#2356,.F.);
#3226=ORIENTED_EDGE('',*,*,#2350,.T.);
#3227=ORIENTED_EDGE('',*,*,#2011,.T.);
#3228=ORIENTED_EDGE('',*,*,#2357,.F.);
#3229=ORIENTED_EDGE('',*,*,#2358,.F.);
#3230=ORIENTED_EDGE('',*,*,#2130,.T.);
#3231=ORIENTED_EDGE('',*,*,#2016,.T.);
#3232=ORIENTED_EDGE('',*,*,#2125,.F.);
#3233=ORIENTED_EDGE('',*,*,#2359,.F.);
#3234=ORIENTED_EDGE('',*,*,#2360,.T.);
#3235=ORIENTED_EDGE('',*,*,#2017,.T.);
#3236=ORIENTED_EDGE('',*,*,#2360,.F.);
#3237=ORIENTED_EDGE('',*,*,#2361,.F.);
#3238=ORIENTED_EDGE('',*,*,#2362,.T.);
#3239=ORIENTED_EDGE('',*,*,#2018,.T.);
#3240=ORIENTED_EDGE('',*,*,#2362,.F.);
#3241=ORIENTED_EDGE('',*,*,#2363,.F.);
#3242=ORIENTED_EDGE('',*,*,#2357,.T.);
#3243=ORIENTED_EDGE('',*,*,#1932,.F.);
#3244=ORIENTED_EDGE('',*,*,#2364,.T.);
#3245=ORIENTED_EDGE('',*,*,#2365,.F.);
#3246=ORIENTED_EDGE('',*,*,#2366,.F.);
#3247=ORIENTED_EDGE('',*,*,#2364,.F.);
#3248=ORIENTED_EDGE('',*,*,#2367,.F.);
#3249=ORIENTED_EDGE('',*,*,#2368,.T.);
#3250=ORIENTED_EDGE('',*,*,#2137,.F.);
#3251=ORIENTED_EDGE('',*,*,#2369,.F.);
#3252=ORIENTED_EDGE('',*,*,#2370,.F.);
#3253=ORIENTED_EDGE('',*,*,#2365,.T.);
#3254=ORIENTED_EDGE('',*,*,#2366,.T.);
#3255=ORIENTED_EDGE('',*,*,#2157,.F.);
#3256=ORIENTED_EDGE('',*,*,#2371,.T.);
#3257=ORIENTED_EDGE('',*,*,#2372,.F.);
#3258=ORIENTED_EDGE('',*,*,#2373,.F.);
#3259=ORIENTED_EDGE('',*,*,#2371,.F.);
#3260=ORIENTED_EDGE('',*,*,#2190,.F.);
#3261=ORIENTED_EDGE('',*,*,#2195,.F.);
#3262=ORIENTED_EDGE('',*,*,#2173,.F.);
#3263=ORIENTED_EDGE('',*,*,#2374,.F.);
#3264=ORIENTED_EDGE('',*,*,#2375,.F.);
#3265=ORIENTED_EDGE('',*,*,#2372,.T.);
#3266=ORIENTED_EDGE('',*,*,#2373,.T.);
#3267=ORIENTED_EDGE('',*,*,#2376,.F.);
#3268=ORIENTED_EDGE('',*,*,#2377,.T.);
#3269=ORIENTED_EDGE('',*,*,#2141,.T.);
#3270=ORIENTED_EDGE('',*,*,#2192,.T.);
#3271=ORIENTED_EDGE('',*,*,#2335,.T.);
#3272=ORIENTED_EDGE('',*,*,#2063,.F.);
#3273=ORIENTED_EDGE('',*,*,#2378,.T.);
#3274=ORIENTED_EDGE('',*,*,#2379,.F.);
#3275=ORIENTED_EDGE('',*,*,#2380,.F.);
#3276=ORIENTED_EDGE('',*,*,#2378,.F.);
#3277=ORIENTED_EDGE('',*,*,#2381,.F.);
#3278=ORIENTED_EDGE('',*,*,#2382,.T.);
#3279=ORIENTED_EDGE('',*,*,#2163,.F.);
#3280=ORIENTED_EDGE('',*,*,#2383,.F.);
#3281=ORIENTED_EDGE('',*,*,#2384,.F.);
#3282=ORIENTED_EDGE('',*,*,#2379,.T.);
#3283=ORIENTED_EDGE('',*,*,#2380,.T.);
#3284=ORIENTED_EDGE('',*,*,#2092,.F.);
#3285=ORIENTED_EDGE('',*,*,#2385,.T.);
#3286=ORIENTED_EDGE('',*,*,#2179,.F.);
#3287=ORIENTED_EDGE('',*,*,#2180,.F.);
#3288=ORIENTED_EDGE('',*,*,#2385,.F.);
#3289=ORIENTED_EDGE('',*,*,#2386,.F.);
#3290=ORIENTED_EDGE('',*,*,#2369,.T.);
#3291=ORIENTED_EDGE('',*,*,#2142,.T.);
#3292=ORIENTED_EDGE('',*,*,#2377,.F.);
#3293=ORIENTED_EDGE('',*,*,#2387,.F.);
#3294=ORIENTED_EDGE('',*,*,#2374,.T.);
#3295=ORIENTED_EDGE('',*,*,#2172,.F.);
#3296=ORIENTED_EDGE('',*,*,#2164,.F.);
#3297=ORIENTED_EDGE('',*,*,#2382,.F.);
#3298=ORIENTED_EDGE('',*,*,#2388,.F.);
#3299=ORIENTED_EDGE('',*,*,#2383,.T.);
#3300=ORIENTED_EDGE('',*,*,#2162,.F.);
#3301=ORIENTED_EDGE('',*,*,#2169,.T.);
#3302=ORIENTED_EDGE('',*,*,#2182,.F.);
#3303=ORIENTED_EDGE('',*,*,#2389,.F.);
#3304=ORIENTED_EDGE('',*,*,#2177,.T.);
#3305=ORIENTED_EDGE('',*,*,#2158,.F.);
#3306=ORIENTED_EDGE('',*,*,#2368,.F.);
#3307=ORIENTED_EDGE('',*,*,#2367,.T.);
#3308=ORIENTED_EDGE('',*,*,#2370,.T.);
#3309=ORIENTED_EDGE('',*,*,#2386,.T.);
#3310=ORIENTED_EDGE('',*,*,#2376,.T.);
#3311=ORIENTED_EDGE('',*,*,#2375,.T.);
#3312=ORIENTED_EDGE('',*,*,#2387,.T.);
#3313=ORIENTED_EDGE('',*,*,#2381,.T.);
#3314=ORIENTED_EDGE('',*,*,#2384,.T.);
#3315=ORIENTED_EDGE('',*,*,#2388,.T.);
#3316=ORIENTED_EDGE('',*,*,#2181,.T.);
#3317=ORIENTED_EDGE('',*,*,#2178,.T.);
#3318=ORIENTED_EDGE('',*,*,#2389,.T.);
#3319=ORIENTED_EDGE('',*,*,#2358,.T.);
#3320=ORIENTED_EDGE('',*,*,#2363,.T.);
#3321=ORIENTED_EDGE('',*,*,#2361,.T.);
#3322=ORIENTED_EDGE('',*,*,#2359,.T.);
#3323=ORIENTED_EDGE('',*,*,#2124,.T.);
#3324=ORIENTED_EDGE('',*,*,#2127,.T.);
#3325=ORIENTED_EDGE('',*,*,#2129,.T.);
#3326=ORIENTED_EDGE('',*,*,#2131,.T.);
#3327=ORIENTED_EDGE('',*,*,#2351,.T.);
#3328=ORIENTED_EDGE('',*,*,#2356,.T.);
#3329=ORIENTED_EDGE('',*,*,#2354,.T.);
#3330=ORIENTED_EDGE('',*,*,#2352,.T.);
#3331=ORIENTED_EDGE('',*,*,#2115,.T.);
#3332=ORIENTED_EDGE('',*,*,#2118,.T.);
#3333=ORIENTED_EDGE('',*,*,#2120,.T.);
#3334=ORIENTED_EDGE('',*,*,#2122,.T.);
#3335=ORIENTED_EDGE('',*,*,#2344,.T.);
#3336=ORIENTED_EDGE('',*,*,#2349,.T.);
#3337=ORIENTED_EDGE('',*,*,#2347,.T.);
#3338=ORIENTED_EDGE('',*,*,#2345,.T.);
#3339=ORIENTED_EDGE('',*,*,#2106,.T.);
#3340=ORIENTED_EDGE('',*,*,#2109,.T.);
#3341=ORIENTED_EDGE('',*,*,#2111,.T.);
#3342=ORIENTED_EDGE('',*,*,#2113,.T.);
#3343=ORIENTED_EDGE('',*,*,#2337,.T.);
#3344=ORIENTED_EDGE('',*,*,#2342,.T.);
#3345=ORIENTED_EDGE('',*,*,#2340,.T.);
#3346=ORIENTED_EDGE('',*,*,#2338,.T.);
#3347=ORIENTED_EDGE('',*,*,#2097,.T.);
#3348=ORIENTED_EDGE('',*,*,#2100,.T.);
#3349=ORIENTED_EDGE('',*,*,#2102,.T.);
#3350=ORIENTED_EDGE('',*,*,#2104,.T.);
#3351=ORIENTED_EDGE('',*,*,#2243,.T.);
#3352=ORIENTED_EDGE('',*,*,#2240,.T.);
#3353=ORIENTED_EDGE('',*,*,#2237,.T.);
#3354=ORIENTED_EDGE('',*,*,#2234,.T.);
#3355=ORIENTED_EDGE('',*,*,#2231,.T.);
#3356=ORIENTED_EDGE('',*,*,#2228,.T.);
#3357=ORIENTED_EDGE('',*,*,#2225,.T.);
#3358=ORIENTED_EDGE('',*,*,#2222,.T.);
#3359=ORIENTED_EDGE('',*,*,#2219,.T.);
#3360=ORIENTED_EDGE('',*,*,#2216,.T.);
#3361=ORIENTED_EDGE('',*,*,#2213,.T.);
#3362=ORIENTED_EDGE('',*,*,#2210,.T.);
#3363=ORIENTED_EDGE('',*,*,#2207,.T.);
#3364=ORIENTED_EDGE('',*,*,#2204,.T.);
#3365=ORIENTED_EDGE('',*,*,#2201,.T.);
#3366=ORIENTED_EDGE('',*,*,#2198,.T.);
#3367=ORIENTED_EDGE('',*,*,#2135,.F.);
#3368=ORIENTED_EDGE('',*,*,#1927,.T.);
#3369=ORIENTED_EDGE('',*,*,#2007,.T.);
#3370=ORIENTED_EDGE('',*,*,#2010,.F.);
#3371=ORIENTED_EDGE('',*,*,#2008,.F.);
#3372=ORIENTED_EDGE('',*,*,#1931,.T.);
#3373=ORIENTED_EDGE('',*,*,#2095,.F.);
#3374=ORIENTED_EDGE('',*,*,#2082,.T.);
#3375=ORIENTED_EDGE('',*,*,#2075,.F.);
#3376=ORIENTED_EDGE('',*,*,#2062,.T.);
#3377=ORIENTED_EDGE('',*,*,#2171,.F.);
#3378=ORIENTED_EDGE('',*,*,#2148,.T.);
#3379=ORIENTED_EDGE('',*,*,#1941,.T.);
#3380=ORIENTED_EDGE('',*,*,#1978,.T.);
#3381=ORIENTED_EDGE('',*,*,#1975,.T.);
#3382=ORIENTED_EDGE('',*,*,#1972,.T.);
#3383=ORIENTED_EDGE('',*,*,#1969,.T.);
#3384=ORIENTED_EDGE('',*,*,#1966,.T.);
#3385=ORIENTED_EDGE('',*,*,#1963,.T.);
#3386=ORIENTED_EDGE('',*,*,#1960,.T.);
#3387=ORIENTED_EDGE('',*,*,#1957,.T.);
#3388=ORIENTED_EDGE('',*,*,#1954,.T.);
#3389=ORIENTED_EDGE('',*,*,#1951,.T.);
#3390=ORIENTED_EDGE('',*,*,#1948,.T.);
#3391=ORIENTED_EDGE('',*,*,#1945,.T.);
#3392=CYLINDRICAL_SURFACE('',#3658,3.5);
#3393=CYLINDRICAL_SURFACE('',#3673,2.00000000000001);
#3394=CYLINDRICAL_SURFACE('',#3677,50.);
#3395=CYLINDRICAL_SURFACE('',#3681,1.99999999999999);
#3396=CYLINDRICAL_SURFACE('',#3685,50.);
#3397=CYLINDRICAL_SURFACE('',#3689,2.00000000000001);
#3398=CYLINDRICAL_SURFACE('',#3693,50.);
#3399=CYLINDRICAL_SURFACE('',#3748,45.);
#3400=CYLINDRICAL_SURFACE('',#3757,45.);
#3401=CYLINDRICAL_SURFACE('',#3776,45.);
#3402=CYLINDRICAL_SURFACE('',#3780,60.);
#3403=CYLINDRICAL_SURFACE('',#3786,60.);
#3404=CYLINDRICAL_SURFACE('',#3792,57.5);
#3405=CYLINDRICAL_SURFACE('',#3794,45.);
#3406=CYLINDRICAL_SURFACE('',#3796,57.5);
#3407=CYLINDRICAL_SURFACE('',#3806,30.);
#3408=CYLINDRICAL_SURFACE('',#3809,30.);
#3409=CYLINDRICAL_SURFACE('',#3812,3.);
#3410=CYLINDRICAL_SURFACE('',#3815,3.);
#3411=CYLINDRICAL_SURFACE('',#3818,3.);
#3412=CYLINDRICAL_SURFACE('',#3821,3.);
#3413=CYLINDRICAL_SURFACE('',#3824,3.);
#3414=CYLINDRICAL_SURFACE('',#3827,3.);
#3415=CYLINDRICAL_SURFACE('',#3830,3.);
#3416=CYLINDRICAL_SURFACE('',#3833,3.);
#3417=CYLINDRICAL_SURFACE('',#3836,3.);
#3418=CYLINDRICAL_SURFACE('',#3839,3.);
#3419=CYLINDRICAL_SURFACE('',#3842,3.);
#3420=CYLINDRICAL_SURFACE('',#3845,3.);
#3421=CYLINDRICAL_SURFACE('',#3848,3.);
#3422=CYLINDRICAL_SURFACE('',#3851,3.);
#3423=CYLINDRICAL_SURFACE('',#3854,3.);
#3424=CYLINDRICAL_SURFACE('',#3857,3.);
#3425=CYLINDRICAL_SURFACE('',#3860,3.);
#3426=CYLINDRICAL_SURFACE('',#3862,3.);
#3427=CYLINDRICAL_SURFACE('',#3864,3.);
#3428=CYLINDRICAL_SURFACE('',#3866,3.);
#3429=CYLINDRICAL_SURFACE('',#3868,3.);
#3430=CYLINDRICAL_SURFACE('',#3870,3.);
#3431=CYLINDRICAL_SURFACE('',#3872,3.);
#3432=CYLINDRICAL_SURFACE('',#3873,3.);
#3433=CYLINDRICAL_SURFACE('',#3874,3.);
#3434=CYLINDRICAL_SURFACE('',#3876,3.);
#3435=CYLINDRICAL_SURFACE('',#3878,3.);
#3436=CYLINDRICAL_SURFACE('',#3880,3.);
#3437=CYLINDRICAL_SURFACE('',#3882,3.);
#3438=CYLINDRICAL_SURFACE('',#3884,3.);
#3439=CYLINDRICAL_SURFACE('',#3886,3.);
#3440=CYLINDRICAL_SURFACE('',#3888,3.);
#3441=CYLINDRICAL_SURFACE('',#3928,12.5);
#3442=CYLINDRICAL_SURFACE('',#3930,12.5);
#3443=CYLINDRICAL_SURFACE('',#3948,11.);
#3444=CYLINDRICAL_SURFACE('',#3952,11.);
#3445=CYLINDRICAL_SURFACE('',#3956,11.);
#3446=CYLINDRICAL_SURFACE('',#3960,11.);
#3447=CYLINDRICAL_SURFACE('',#3961,35.);
#3448=CYLINDRICAL_SURFACE('',#3963,35.);
#3449=CYLINDRICAL_SURFACE('',#3965,35.);
#3450=CYLINDRICAL_SURFACE('',#3967,35.);
#3451=ADVANCED_FACE('',(#231),#3392,.F.);
#3452=ADVANCED_FACE('',(#232),#97,.F.);
#3453=ADVANCED_FACE('',(#233),#98,.F.);
#3454=ADVANCED_FACE('',(#234),#99,.F.);
#3455=ADVANCED_FACE('',(#235),#100,.F.);
#3456=ADVANCED_FACE('',(#236),#101,.F.);
#3457=ADVANCED_FACE('',(#237),#102,.F.);
#3458=ADVANCED_FACE('',(#238,#23,#24),#103,.F.);
#3459=ADVANCED_FACE('',(#239),#104,.T.);
#3460=ADVANCED_FACE('',(#240,#25,#26,#27),#105,.T.);
#3461=ADVANCED_FACE('',(#241),#106,.F.);
#3462=ADVANCED_FACE('',(#242),#107,.F.);
#3463=ADVANCED_FACE('',(#243),#3393,.F.);
#3464=ADVANCED_FACE('',(#244),#108,.F.);
#3465=ADVANCED_FACE('',(#245),#3394,.F.);
#3466=ADVANCED_FACE('',(#246),#109,.F.);
#3467=ADVANCED_FACE('',(#247),#3395,.F.);
#3468=ADVANCED_FACE('',(#248),#110,.F.);
#3469=ADVANCED_FACE('',(#249),#3396,.F.);
#3470=ADVANCED_FACE('',(#250),#111,.F.);
#3471=ADVANCED_FACE('',(#251),#3397,.F.);
#3472=ADVANCED_FACE('',(#252),#112,.F.);
#3473=ADVANCED_FACE('',(#253),#3398,.F.);
#3474=ADVANCED_FACE('',(#254),#113,.T.);
#3475=ADVANCED_FACE('',(#255),#114,.F.);
#3476=ADVANCED_FACE('',(#256),#115,.F.);
#3477=ADVANCED_FACE('',(#257),#116,.F.);
#3478=ADVANCED_FACE('',(#258),#117,.F.);
#3479=ADVANCED_FACE('',(#259,#28,#29),#118,.F.);
#3480=ADVANCED_FACE('',(#260),#119,.F.);
#3481=ADVANCED_FACE('',(#261),#120,.F.);
#3482=ADVANCED_FACE('',(#262),#121,.F.);
#3483=ADVANCED_FACE('',(#263),#122,.T.);
#3484=ADVANCED_FACE('',(#264),#123,.T.);
#3485=ADVANCED_FACE('',(#265,#30,#31,#32),#124,.T.);
#3486=ADVANCED_FACE('',(#266),#125,.F.);
#3487=ADVANCED_FACE('',(#267),#126,.F.);
#3488=ADVANCED_FACE('',(#268),#127,.F.);
#3489=ADVANCED_FACE('',(#269),#128,.F.);
#3490=ADVANCED_FACE('',(#270),#129,.F.);
#3491=ADVANCED_FACE('',(#271),#130,.F.);
#3492=ADVANCED_FACE('',(#272),#131,.F.);
#3493=ADVANCED_FACE('',(#273),#132,.F.);
#3494=ADVANCED_FACE('',(#274),#133,.F.);
#3495=ADVANCED_FACE('',(#275),#134,.F.);
#3496=ADVANCED_FACE('',(#276),#135,.F.);
#3497=ADVANCED_FACE('',(#277),#136,.F.);
#3498=ADVANCED_FACE('',(#278),#137,.F.);
#3499=ADVANCED_FACE('',(#279),#138,.F.);
#3500=ADVANCED_FACE('',(#280),#139,.F.);
#3501=ADVANCED_FACE('',(#281),#140,.F.);
#3502=ADVANCED_FACE('',(#282),#141,.F.);
#3503=ADVANCED_FACE('',(#283),#142,.F.);
#3504=ADVANCED_FACE('',(#284),#143,.F.);
#3505=ADVANCED_FACE('',(#285),#144,.F.);
#3506=ADVANCED_FACE('',(#286,#33,#34,#35),#145,.T.);
#3507=ADVANCED_FACE('',(#287),#3399,.T.);
#3508=ADVANCED_FACE('',(#288,#36,#37,#38,#39),#146,.T.);
#3509=ADVANCED_FACE('',(#289),#3400,.T.);
#3510=ADVANCED_FACE('',(#290),#147,.F.);
#3511=ADVANCED_FACE('',(#291),#148,.F.);
#3512=ADVANCED_FACE('',(#292),#149,.F.);
#3513=ADVANCED_FACE('',(#293),#150,.F.);
#3514=ADVANCED_FACE('',(#294),#151,.F.);
#3515=ADVANCED_FACE('',(#295),#152,.F.);
#3516=ADVANCED_FACE('',(#296),#153,.F.);
#3517=ADVANCED_FACE('',(#297),#154,.F.);
#3518=ADVANCED_FACE('',(#298),#155,.F.);
#3519=ADVANCED_FACE('',(#299),#156,.F.);
#3520=ADVANCED_FACE('',(#300),#157,.F.);
#3521=ADVANCED_FACE('',(#301),#158,.F.);
#3522=ADVANCED_FACE('',(#302),#159,.F.);
#3523=ADVANCED_FACE('',(#303),#160,.F.);
#3524=ADVANCED_FACE('',(#304),#161,.F.);
#3525=ADVANCED_FACE('',(#305),#162,.F.);
#3526=ADVANCED_FACE('',(#306),#3401,.T.);
#3527=ADVANCED_FACE('',(#307),#163,.T.);
#3528=ADVANCED_FACE('',(#308),#3402,.F.);
#3529=ADVANCED_FACE('',(#309,#40,#41,#42),#164,.T.);
#3530=ADVANCED_FACE('',(#310),#3403,.F.);
#3531=ADVANCED_FACE('',(#311),#165,.T.);
#3532=ADVANCED_FACE('',(#312),#3404,.F.);
#3533=ADVANCED_FACE('',(#313),#3405,.T.);
#3534=ADVANCED_FACE('',(#314),#3406,.F.);
#3535=ADVANCED_FACE('',(#315,#43),#166,.T.);
#3536=ADVANCED_FACE('',(#316,#44),#167,.T.);
#3537=ADVANCED_FACE('',(#317),#3407,.T.);
#3538=ADVANCED_FACE('',(#318),#168,.T.);
#3539=ADVANCED_FACE('',(#319),#3408,.T.);
#3540=ADVANCED_FACE('',(#320),#169,.T.);
#3541=ADVANCED_FACE('',(#321),#170,.T.);
#3542=ADVANCED_FACE('',(#322),#3409,.F.);
#3543=ADVANCED_FACE('',(#323),#3410,.F.);
#3544=ADVANCED_FACE('',(#324),#3411,.F.);
#3545=ADVANCED_FACE('',(#325),#3412,.F.);
#3546=ADVANCED_FACE('',(#326),#3413,.F.);
#3547=ADVANCED_FACE('',(#327),#3414,.F.);
#3548=ADVANCED_FACE('',(#328),#3415,.F.);
#3549=ADVANCED_FACE('',(#329),#3416,.F.);
#3550=ADVANCED_FACE('',(#330),#3417,.F.);
#3551=ADVANCED_FACE('',(#331),#3418,.F.);
#3552=ADVANCED_FACE('',(#332),#3419,.F.);
#3553=ADVANCED_FACE('',(#333),#3420,.F.);
#3554=ADVANCED_FACE('',(#334),#3421,.F.);
#3555=ADVANCED_FACE('',(#335),#3422,.F.);
#3556=ADVANCED_FACE('',(#336),#3423,.F.);
#3557=ADVANCED_FACE('',(#337),#3424,.F.);
#3558=ADVANCED_FACE('',(#338),#3425,.F.);
#3559=ADVANCED_FACE('',(#339),#3426,.F.);
#3560=ADVANCED_FACE('',(#340),#3427,.F.);
#3561=ADVANCED_FACE('',(#341),#3428,.F.);
#3562=ADVANCED_FACE('',(#342),#3429,.F.);
#3563=ADVANCED_FACE('',(#343),#3430,.F.);
#3564=ADVANCED_FACE('',(#344),#3431,.F.);
#3565=ADVANCED_FACE('',(#345),#3432,.F.);
#3566=ADVANCED_FACE('',(#346),#3433,.F.);
#3567=ADVANCED_FACE('',(#347),#3434,.F.);
#3568=ADVANCED_FACE('',(#348),#3435,.F.);
#3569=ADVANCED_FACE('',(#349),#3436,.F.);
#3570=ADVANCED_FACE('',(#350),#3437,.F.);
#3571=ADVANCED_FACE('',(#351),#3438,.F.);
#3572=ADVANCED_FACE('',(#352),#3439,.F.);
#3573=ADVANCED_FACE('',(#353),#3440,.F.);
#3574=ADVANCED_FACE('',(#354),#171,.F.);
#3575=ADVANCED_FACE('',(#355,#45,#46),#172,.F.);
#3576=ADVANCED_FACE('',(#356),#173,.F.);
#3577=ADVANCED_FACE('',(#357,#47,#48),#174,.F.);
#3578=ADVANCED_FACE('',(#358),#175,.F.);
#3579=ADVANCED_FACE('',(#359),#176,.F.);
#3580=ADVANCED_FACE('',(#360,#49,#50),#177,.F.);
#3581=ADVANCED_FACE('',(#361),#178,.F.);
#3582=ADVANCED_FACE('',(#362,#51,#52),#179,.F.);
#3583=ADVANCED_FACE('',(#363),#180,.F.);
#3584=ADVANCED_FACE('',(#364),#181,.F.);
#3585=ADVANCED_FACE('',(#365,#53,#54),#182,.F.);
#3586=ADVANCED_FACE('',(#366),#183,.F.);
#3587=ADVANCED_FACE('',(#367,#55,#56),#184,.F.);
#3588=ADVANCED_FACE('',(#368),#185,.F.);
#3589=ADVANCED_FACE('',(#369),#186,.F.);
#3590=ADVANCED_FACE('',(#370,#57,#58),#187,.F.);
#3591=ADVANCED_FACE('',(#371),#188,.F.);
#3592=ADVANCED_FACE('',(#372,#59,#60),#189,.F.);
#3593=ADVANCED_FACE('',(#373),#190,.F.);
#3594=ADVANCED_FACE('',(#374),#191,.F.);
#3595=ADVANCED_FACE('',(#375,#61,#62),#192,.F.);
#3596=ADVANCED_FACE('',(#376),#193,.F.);
#3597=ADVANCED_FACE('',(#377),#194,.F.);
#3598=ADVANCED_FACE('',(#378,#63,#64),#195,.F.);
#3599=ADVANCED_FACE('',(#379),#196,.F.);
#3600=ADVANCED_FACE('',(#380,#65,#66),#197,.F.);
#3601=ADVANCED_FACE('',(#381),#198,.F.);
#3602=ADVANCED_FACE('',(#382),#199,.F.);
#3603=ADVANCED_FACE('',(#383,#67,#68),#200,.F.);
#3604=ADVANCED_FACE('',(#384),#201,.F.);
#3605=ADVANCED_FACE('',(#385,#69,#70),#202,.F.);
#3606=ADVANCED_FACE('',(#386),#203,.F.);
#3607=ADVANCED_FACE('',(#387),#204,.F.);
#3608=ADVANCED_FACE('',(#388,#71,#72),#205,.F.);
#3609=ADVANCED_FACE('',(#389),#206,.F.);
#3610=ADVANCED_FACE('',(#390,#73,#74),#207,.F.);
#3611=ADVANCED_FACE('',(#391),#208,.F.);
#3612=ADVANCED_FACE('',(#392),#3441,.F.);
#3613=ADVANCED_FACE('',(#393),#209,.T.);
#3614=ADVANCED_FACE('',(#394),#3442,.F.);
#3615=ADVANCED_FACE('',(#395),#210,.F.);
#3616=ADVANCED_FACE('',(#396),#211,.F.);
#3617=ADVANCED_FACE('',(#397),#212,.F.);
#3618=ADVANCED_FACE('',(#398),#213,.F.);
#3619=ADVANCED_FACE('',(#399),#214,.F.);
#3620=ADVANCED_FACE('',(#400),#215,.F.);
#3621=ADVANCED_FACE('',(#401),#216,.F.);
#3622=ADVANCED_FACE('',(#402),#217,.F.);
#3623=ADVANCED_FACE('',(#403),#218,.F.);
#3624=ADVANCED_FACE('',(#404),#219,.F.);
#3625=ADVANCED_FACE('',(#405),#220,.F.);
#3626=ADVANCED_FACE('',(#406),#221,.F.);
#3627=ADVANCED_FACE('',(#407),#222,.F.);
#3628=ADVANCED_FACE('',(#408),#223,.F.);
#3629=ADVANCED_FACE('',(#409),#224,.F.);
#3630=ADVANCED_FACE('',(#410),#225,.F.);
#3631=ADVANCED_FACE('',(#411),#3443,.F.);
#3632=ADVANCED_FACE('',(#412),#226,.T.);
#3633=ADVANCED_FACE('',(#413),#3444,.F.);
#3634=ADVANCED_FACE('',(#414,#75),#227,.T.);
#3635=ADVANCED_FACE('',(#415),#3445,.F.);
#3636=ADVANCED_FACE('',(#416),#228,.T.);
#3637=ADVANCED_FACE('',(#417),#3446,.F.);
#3638=ADVANCED_FACE('',(#418),#3447,.F.);
#3639=ADVANCED_FACE('',(#419),#3448,.F.);
#3640=ADVANCED_FACE('',(#420),#3449,.F.);
#3641=ADVANCED_FACE('',(#421),#3450,.F.);
#3642=ADVANCED_FACE('',(#422,#76,#77,#78,#79,#80,#81,#82,#83,#84,#85,#86,
#87,#88,#89,#90,#91,#92,#93,#94,#95),#229,.F.);
#3643=ADVANCED_FACE('',(#423,#96),#230,.F.);
#3644=CLOSED_SHELL('',(#3451,#3452,#3453,#3454,#3455,#3456,#3457,#3458,
#3459,#3460,#3461,#3462,#3463,#3464,#3465,#3466,#3467,#3468,#3469,#3470,
#3471,#3472,#3473,#3474,#3475,#3476,#3477,#3478,#3479,#3480,#3481,#3482,
#3483,#3484,#3485,#3486,#3487,#3488,#3489,#3490,#3491,#3492,#3493,#3494,
#3495,#3496,#3497,#3498,#3499,#3500,#3501,#3502,#3503,#3504,#3505,#3506,
#3507,#3508,#3509,#3510,#3511,#3512,#3513,#3514,#3515,#3516,#3517,#3518,
#3519,#3520,#3521,#3522,#3523,#3524,#3525,#3526,#3527,#3528,#3529,#3530,
#3531,#3532,#3533,#3534,#3535,#3536,#3537,#3538,#3539,#3540,#3541,#3542,
#3543,#3544,#3545,#3546,#3547,#3548,#3549,#3550,#3551,#3552,#3553,#3554,
#3555,#3556,#3557,#3558,#3559,#3560,#3561,#3562,#3563,#3564,#3565,#3566,
#3567,#3568,#3569,#3570,#3571,#3572,#3573,#3574,#3575,#3576,#3577,#3578,
#3579,#3580,#3581,#3582,#3583,#3584,#3585,#3586,#3587,#3588,#3589,#3590,
#3591,#3592,#3593,#3594,#3595,#3596,#3597,#3598,#3599,#3600,#3601,#3602,
#3603,#3604,#3605,#3606,#3607,#3608,#3609,#3610,#3611,#3612,#3613,#3614,
#3615,#3616,#3617,#3618,#3619,#3620,#3621,#3622,#3623,#3624,#3625,#3626,
#3627,#3628,#3629,#3630,#3631,#3632,#3633,#3634,#3635,#3636,#3637,#3638,
#3639,#3640,#3641,#3642,#3643));
#3645=DERIVED_UNIT_ELEMENT(#3647,1.);
#3646=DERIVED_UNIT_ELEMENT(#6140,-3.);
#3647=(
MASS_UNIT()
NAMED_UNIT(*)
SI_UNIT(.KILO.,.GRAM.)
);
#3648=DERIVED_UNIT((#3645,#3646));
#3649=MEASURE_REPRESENTATION_ITEM('density measure',
POSITIVE_RATIO_MEASURE(7850.),#3648);
#3650=PROPERTY_DEFINITION_REPRESENTATION(#3655,#3652);
#3651=PROPERTY_DEFINITION_REPRESENTATION(#3656,#3653);
#3652=REPRESENTATION('material name',(#3654),#6137);
#3653=REPRESENTATION('density',(#3649),#6137);
#3654=DESCRIPTIVE_REPRESENTATION_ITEM('Steel','Steel');
#3655=PROPERTY_DEFINITION('material property','material name',#6147);
#3656=PROPERTY_DEFINITION('material property','density of part',#6147);
#3657=AXIS2_PLACEMENT_3D('',#4972,#3971,#3972);
#3658=AXIS2_PLACEMENT_3D('',#4973,#3973,#3974);
#3659=AXIS2_PLACEMENT_3D('',#4975,#3975,#3976);
#3660=AXIS2_PLACEMENT_3D('',#4978,#3978,#3979);
#3661=AXIS2_PLACEMENT_3D('',#4979,#3980,#3981);
#3662=AXIS2_PLACEMENT_3D('',#4988,#3986,#3987);
#3663=AXIS2_PLACEMENT_3D('',#4994,#3991,#3992);
#3664=AXIS2_PLACEMENT_3D('',#5000,#3996,#3997);
#3665=AXIS2_PLACEMENT_3D('',#5003,#4000,#4001);
#3666=AXIS2_PLACEMENT_3D('',#5012,#4006,#4007);
#3667=AXIS2_PLACEMENT_3D('',#5018,#4011,#4012);
#3668=AXIS2_PLACEMENT_3D('',#5026,#4017,#4018);
#3669=AXIS2_PLACEMENT_3D('',#5040,#4026,#4027);
#3670=AXIS2_PLACEMENT_3D('',#5060,#4038,#4039);
#3671=AXIS2_PLACEMENT_3D('',#5077,#4048,#4049);
#3672=AXIS2_PLACEMENT_3D('',#5086,#4054,#4055);
#3673=AXIS2_PLACEMENT_3D('',#5092,#4059,#4060);
#3674=AXIS2_PLACEMENT_3D('',#5094,#4061,#4062);
#3675=AXIS2_PLACEMENT_3D('',#5097,#4064,#4065);
#3676=AXIS2_PLACEMENT_3D('',#5098,#4066,#4067);
#3677=AXIS2_PLACEMENT_3D('',#5104,#4071,#4072);
#3678=AXIS2_PLACEMENT_3D('',#5106,#4073,#4074);
#3679=AXIS2_PLACEMENT_3D('',#5109,#4076,#4077);
#3680=AXIS2_PLACEMENT_3D('',#5110,#4078,#4079);
#3681=AXIS2_PLACEMENT_3D('',#5116,#4083,#4084);
#3682=AXIS2_PLACEMENT_3D('',#5118,#4085,#4086);
#3683=AXIS2_PLACEMENT_3D('',#5121,#4088,#4089);
#3684=AXIS2_PLACEMENT_3D('',#5122,#4090,#4091);
#3685=AXIS2_PLACEMENT_3D('',#5128,#4095,#4096);
#3686=AXIS2_PLACEMENT_3D('',#5130,#4097,#4098);
#3687=AXIS2_PLACEMENT_3D('',#5133,#4100,#4101);
#3688=AXIS2_PLACEMENT_3D('',#5134,#4102,#4103);
#3689=AXIS2_PLACEMENT_3D('',#5140,#4107,#4108);
#3690=AXIS2_PLACEMENT_3D('',#5142,#4109,#4110);
#3691=AXIS2_PLACEMENT_3D('',#5145,#4112,#4113);
#3692=AXIS2_PLACEMENT_3D('',#5146,#4114,#4115);
#3693=AXIS2_PLACEMENT_3D('',#5152,#4119,#4120);
#3694=AXIS2_PLACEMENT_3D('',#5153,#4121,#4122);
#3695=AXIS2_PLACEMENT_3D('',#5154,#4123,#4124);
#3696=AXIS2_PLACEMENT_3D('',#5155,#4125,#4126);
#3697=AXIS2_PLACEMENT_3D('',#5156,#4127,#4128);
#3698=AXIS2_PLACEMENT_3D('',#5173,#4137,#4138);
#3699=AXIS2_PLACEMENT_3D('',#5176,#4141,#4142);
#3700=AXIS2_PLACEMENT_3D('',#5182,#4146,#4147);
#3701=AXIS2_PLACEMENT_3D('',#5188,#4151,#4152);
#3702=AXIS2_PLACEMENT_3D('',#5194,#4156,#4157);
#3703=AXIS2_PLACEMENT_3D('',#5196,#4158,#4159);
#3704=AXIS2_PLACEMENT_3D('',#5197,#4160,#4161);
#3705=AXIS2_PLACEMENT_3D('',#5200,#4164,#4165);
#3706=AXIS2_PLACEMENT_3D('',#5204,#4168,#4169);
#3707=AXIS2_PLACEMENT_3D('',#5206,#4171,#4172);
#3708=AXIS2_PLACEMENT_3D('',#5210,#4175,#4176);
#3709=AXIS2_PLACEMENT_3D('',#5214,#4179,#4180);
#3710=AXIS2_PLACEMENT_3D('',#5216,#4182,#4183);
#3711=AXIS2_PLACEMENT_3D('',#5233,#4192,#4193);
#3712=AXIS2_PLACEMENT_3D('',#5250,#4202,#4203);
#3713=AXIS2_PLACEMENT_3D('',#5267,#4212,#4213);
#3714=AXIS2_PLACEMENT_3D('',#5284,#4222,#4223);
#3715=AXIS2_PLACEMENT_3D('',#5286,#4224,#4225);
#3716=AXIS2_PLACEMENT_3D('',#5287,#4226,#4227);
#3717=AXIS2_PLACEMENT_3D('',#5289,#4228,#4229);
#3718=AXIS2_PLACEMENT_3D('',#5290,#4230,#4231);
#3719=AXIS2_PLACEMENT_3D('',#5292,#4232,#4233);
#3720=AXIS2_PLACEMENT_3D('',#5293,#4234,#4235);
#3721=AXIS2_PLACEMENT_3D('',#5295,#4236,#4237);
#3722=AXIS2_PLACEMENT_3D('',#5296,#4238,#4239);
#3723=AXIS2_PLACEMENT_3D('',#5298,#4240,#4241);
#3724=AXIS2_PLACEMENT_3D('',#5299,#4242,#4243);
#3725=AXIS2_PLACEMENT_3D('',#5301,#4244,#4245);
#3726=AXIS2_PLACEMENT_3D('',#5302,#4246,#4247);
#3727=AXIS2_PLACEMENT_3D('',#5304,#4248,#4249);
#3728=AXIS2_PLACEMENT_3D('',#5305,#4250,#4251);
#3729=AXIS2_PLACEMENT_3D('',#5307,#4252,#4253);
#3730=AXIS2_PLACEMENT_3D('',#5308,#4254,#4255);
#3731=AXIS2_PLACEMENT_3D('',#5310,#4256,#4257);
#3732=AXIS2_PLACEMENT_3D('',#5311,#4258,#4259);
#3733=AXIS2_PLACEMENT_3D('',#5313,#4260,#4261);
#3734=AXIS2_PLACEMENT_3D('',#5314,#4262,#4263);
#3735=AXIS2_PLACEMENT_3D('',#5316,#4264,#4265);
#3736=AXIS2_PLACEMENT_3D('',#5317,#4266,#4267);
#3737=AXIS2_PLACEMENT_3D('',#5319,#4268,#4269);
#3738=AXIS2_PLACEMENT_3D('',#5320,#4270,#4271);
#3739=AXIS2_PLACEMENT_3D('',#5322,#4272,#4273);
#3740=AXIS2_PLACEMENT_3D('',#5323,#4274,#4275);
#3741=AXIS2_PLACEMENT_3D('',#5325,#4276,#4277);
#3742=AXIS2_PLACEMENT_3D('',#5326,#4278,#4279);
#3743=AXIS2_PLACEMENT_3D('',#5328,#4280,#4281);
#3744=AXIS2_PLACEMENT_3D('',#5329,#4282,#4283);
#3745=AXIS2_PLACEMENT_3D('',#5331,#4284,#4285);
#3746=AXIS2_PLACEMENT_3D('',#5332,#4286,#4287);
#3747=AXIS2_PLACEMENT_3D('',#5342,#4292,#4293);
#3748=AXIS2_PLACEMENT_3D('',#5359,#4302,#4303);
#3749=AXIS2_PLACEMENT_3D('',#5380,#4305,#4306);
#3750=AXIS2_PLACEMENT_3D('',#5381,#4307,#4308);
#3751=AXIS2_PLACEMENT_3D('',#5382,#4309,#4310);
#3752=AXIS2_PLACEMENT_3D('',#5387,#4312,#4313);
#3753=AXIS2_PLACEMENT_3D('',#5391,#4315,#4316);
#3754=AXIS2_PLACEMENT_3D('',#5394,#4318,#4319);
#3755=AXIS2_PLACEMENT_3D('',#5413,#4329,#4330);
#3756=AXIS2_PLACEMENT_3D('',#5415,#4331,#4332);
#3757=AXIS2_PLACEMENT_3D('',#5416,#4333,#4334);
#3758=AXIS2_PLACEMENT_3D('',#5418,#4335,#4336);
#3759=AXIS2_PLACEMENT_3D('',#5435,#4337,#4338);
#3760=AXIS2_PLACEMENT_3D('',#5436,#4339,#4340);
#3761=AXIS2_PLACEMENT_3D('',#5442,#4344,#4345);
#3762=AXIS2_PLACEMENT_3D('',#5446,#4348,#4349);
#3763=AXIS2_PLACEMENT_3D('',#5450,#4352,#4353);
#3764=AXIS2_PLACEMENT_3D('',#5454,#4356,#4357);
#3765=AXIS2_PLACEMENT_3D('',#5460,#4361,#4362);
#3766=AXIS2_PLACEMENT_3D('',#5464,#4365,#4366);
#3767=AXIS2_PLACEMENT_3D('',#5468,#4369,#4370);
#3768=AXIS2_PLACEMENT_3D('',#5472,#4373,#4374);
#3769=AXIS2_PLACEMENT_3D('',#5478,#4378,#4379);
#3770=AXIS2_PLACEMENT_3D('',#5482,#4382,#4383);
#3771=AXIS2_PLACEMENT_3D('',#5486,#4386,#4387);
#3772=AXIS2_PLACEMENT_3D('',#5490,#4390,#4391);
#3773=AXIS2_PLACEMENT_3D('',#5496,#4395,#4396);
#3774=AXIS2_PLACEMENT_3D('',#5500,#4399,#4400);
#3775=AXIS2_PLACEMENT_3D('',#5504,#4403,#4404);
#3776=AXIS2_PLACEMENT_3D('',#5508,#4407,#4408);
#3777=AXIS2_PLACEMENT_3D('',#5529,#4410,#4411);
#3778=AXIS2_PLACEMENT_3D('',#5530,#4412,#4413);
#3779=AXIS2_PLACEMENT_3D('',#5531,#4414,#4415);
#3780=AXIS2_PLACEMENT_3D('',#5537,#4419,#4420);
#3781=AXIS2_PLACEMENT_3D('',#5539,#4421,#4422);
#3782=AXIS2_PLACEMENT_3D('',#5543,#4424,#4425);
#3783=AXIS2_PLACEMENT_3D('',#5566,#4426,#4427);
#3784=AXIS2_PLACEMENT_3D('',#5571,#4429,#4430);
#3785=AXIS2_PLACEMENT_3D('',#5595,#4443,#4444);
#3786=AXIS2_PLACEMENT_3D('',#5596,#4445,#4446);
#3787=AXIS2_PLACEMENT_3D('',#5621,#4447,#4448);
#3788=AXIS2_PLACEMENT_3D('',#5623,#4450,#4451);
#3789=AXIS2_PLACEMENT_3D('',#5627,#4453,#4454);
#3790=AXIS2_PLACEMENT_3D('',#5631,#4456,#4457);
#3791=AXIS2_PLACEMENT_3D('',#5634,#4459,#4460);
#3792=AXIS2_PLACEMENT_3D('',#5635,#4461,#4462);
#3793=AXIS2_PLACEMENT_3D('',#5639,#4464,#4465);
#3794=AXIS2_PLACEMENT_3D('',#5658,#4466,#4467);
#3795=AXIS2_PLACEMENT_3D('',#5675,#4468,#4469);
#3796=AXIS2_PLACEMENT_3D('',#5676,#4470,#4471);
#3797=AXIS2_PLACEMENT_3D('',#5697,#4472,#4473);
#3798=AXIS2_PLACEMENT_3D('',#5699,#4475,#4476);
#3799=AXIS2_PLACEMENT_3D('',#5702,#4477,#4478);
#3800=AXIS2_PLACEMENT_3D('',#5709,#4482,#4483);
#3801=AXIS2_PLACEMENT_3D('',#5710,#4484,#4485);
#3802=AXIS2_PLACEMENT_3D('',#5716,#4489,#4490);
#3803=AXIS2_PLACEMENT_3D('',#5717,#4491,#4492);
#3804=AXIS2_PLACEMENT_3D('',#5720,#4493,#4494);
#3805=AXIS2_PLACEMENT_3D('',#5724,#4497,#4498);
#3806=AXIS2_PLACEMENT_3D('',#5725,#4499,#4500);
#3807=AXIS2_PLACEMENT_3D('',#5729,#4502,#4503);
#3808=AXIS2_PLACEMENT_3D('',#5731,#4505,#4506);
#3809=AXIS2_PLACEMENT_3D('',#5733,#4508,#4509);
#3810=AXIS2_PLACEMENT_3D('',#5736,#4512,#4513);
#3811=AXIS2_PLACEMENT_3D('',#5737,#4514,#4515);
#3812=AXIS2_PLACEMENT_3D('',#5739,#4517,#4518);
#3813=AXIS2_PLACEMENT_3D('',#5741,#4519,#4520);
#3814=AXIS2_PLACEMENT_3D('',#5744,#4522,#4523);
#3815=AXIS2_PLACEMENT_3D('',#5745,#4524,#4525);
#3816=AXIS2_PLACEMENT_3D('',#5747,#4526,#4527);
#3817=AXIS2_PLACEMENT_3D('',#5750,#4529,#4530);
#3818=AXIS2_PLACEMENT_3D('',#5751,#4531,#4532);
#3819=AXIS2_PLACEMENT_3D('',#5753,#4533,#4534);
#3820=AXIS2_PLACEMENT_3D('',#5756,#4536,#4537);
#3821=AXIS2_PLACEMENT_3D('',#5757,#4538,#4539);
#3822=AXIS2_PLACEMENT_3D('',#5759,#4540,#4541);
#3823=AXIS2_PLACEMENT_3D('',#5762,#4543,#4544);
#3824=AXIS2_PLACEMENT_3D('',#5763,#4545,#4546);
#3825=AXIS2_PLACEMENT_3D('',#5765,#4547,#4548);
#3826=AXIS2_PLACEMENT_3D('',#5768,#4550,#4551);
#3827=AXIS2_PLACEMENT_3D('',#5769,#4552,#4553);
#3828=AXIS2_PLACEMENT_3D('',#5771,#4554,#4555);
#3829=AXIS2_PLACEMENT_3D('',#5774,#4557,#4558);
#3830=AXIS2_PLACEMENT_3D('',#5775,#4559,#4560);
#3831=AXIS2_PLACEMENT_3D('',#5777,#4561,#4562);
#3832=AXIS2_PLACEMENT_3D('',#5780,#4564,#4565);
#3833=AXIS2_PLACEMENT_3D('',#5781,#4566,#4567);
#3834=AXIS2_PLACEMENT_3D('',#5783,#4568,#4569);
#3835=AXIS2_PLACEMENT_3D('',#5786,#4571,#4572);
#3836=AXIS2_PLACEMENT_3D('',#5787,#4573,#4574);
#3837=AXIS2_PLACEMENT_3D('',#5789,#4575,#4576);
#3838=AXIS2_PLACEMENT_3D('',#5792,#4578,#4579);
#3839=AXIS2_PLACEMENT_3D('',#5793,#4580,#4581);
#3840=AXIS2_PLACEMENT_3D('',#5795,#4582,#4583);
#3841=AXIS2_PLACEMENT_3D('',#5798,#4585,#4586);
#3842=AXIS2_PLACEMENT_3D('',#5799,#4587,#4588);
#3843=AXIS2_PLACEMENT_3D('',#5801,#4589,#4590);
#3844=AXIS2_PLACEMENT_3D('',#5804,#4592,#4593);
#3845=AXIS2_PLACEMENT_3D('',#5805,#4594,#4595);
#3846=AXIS2_PLACEMENT_3D('',#5807,#4596,#4597);
#3847=AXIS2_PLACEMENT_3D('',#5810,#4599,#4600);
#3848=AXIS2_PLACEMENT_3D('',#5811,#4601,#4602);
#3849=AXIS2_PLACEMENT_3D('',#5813,#4603,#4604);
#3850=AXIS2_PLACEMENT_3D('',#5816,#4606,#4607);
#3851=AXIS2_PLACEMENT_3D('',#5817,#4608,#4609);
#3852=AXIS2_PLACEMENT_3D('',#5819,#4610,#4611);
#3853=AXIS2_PLACEMENT_3D('',#5822,#4613,#4614);
#3854=AXIS2_PLACEMENT_3D('',#5823,#4615,#4616);
#3855=AXIS2_PLACEMENT_3D('',#5825,#4617,#4618);
#3856=AXIS2_PLACEMENT_3D('',#5828,#4620,#4621);
#3857=AXIS2_PLACEMENT_3D('',#5829,#4622,#4623);
#3858=AXIS2_PLACEMENT_3D('',#5831,#4624,#4625);
#3859=AXIS2_PLACEMENT_3D('',#5834,#4627,#4628);
#3860=AXIS2_PLACEMENT_3D('',#5835,#4629,#4630);
#3861=AXIS2_PLACEMENT_3D('',#5837,#4631,#4632);
#3862=AXIS2_PLACEMENT_3D('',#5839,#4634,#4635);
#3863=AXIS2_PLACEMENT_3D('',#5841,#4636,#4637);
#3864=AXIS2_PLACEMENT_3D('',#5843,#4639,#4640);
#3865=AXIS2_PLACEMENT_3D('',#5845,#4641,#4642);
#3866=AXIS2_PLACEMENT_3D('',#5847,#4644,#4645);
#3867=AXIS2_PLACEMENT_3D('',#5849,#4646,#4647);
#3868=AXIS2_PLACEMENT_3D('',#5851,#4649,#4650);
#3869=AXIS2_PLACEMENT_3D('',#5853,#4651,#4652);
#3870=AXIS2_PLACEMENT_3D('',#5855,#4654,#4655);
#3871=AXIS2_PLACEMENT_3D('',#5857,#4656,#4657);
#3872=AXIS2_PLACEMENT_3D('',#5859,#4659,#4660);
#3873=AXIS2_PLACEMENT_3D('',#5861,#4662,#4663);
#3874=AXIS2_PLACEMENT_3D('',#5863,#4665,#4666);
#3875=AXIS2_PLACEMENT_3D('',#5865,#4667,#4668);
#3876=AXIS2_PLACEMENT_3D('',#5867,#4670,#4671);
#3877=AXIS2_PLACEMENT_3D('',#5869,#4672,#4673);
#3878=AXIS2_PLACEMENT_3D('',#5871,#4675,#4676);
#3879=AXIS2_PLACEMENT_3D('',#5873,#4677,#4678);
#3880=AXIS2_PLACEMENT_3D('',#5875,#4680,#4681);
#3881=AXIS2_PLACEMENT_3D('',#5877,#4682,#4683);
#3882=AXIS2_PLACEMENT_3D('',#5879,#4685,#4686);
#3883=AXIS2_PLACEMENT_3D('',#5881,#4687,#4688);
#3884=AXIS2_PLACEMENT_3D('',#5883,#4690,#4691);
#3885=AXIS2_PLACEMENT_3D('',#5885,#4692,#4693);
#3886=AXIS2_PLACEMENT_3D('',#5887,#4695,#4696);
#3887=AXIS2_PLACEMENT_3D('',#5889,#4697,#4698);
#3888=AXIS2_PLACEMENT_3D('',#5891,#4700,#4701);
#3889=AXIS2_PLACEMENT_3D('',#5893,#4702,#4703);
#3890=AXIS2_PLACEMENT_3D('',#5895,#4705,#4706);
#3891=AXIS2_PLACEMENT_3D('',#5901,#4710,#4711);
#3892=AXIS2_PLACEMENT_3D('',#5905,#4714,#4715);
#3893=AXIS2_PLACEMENT_3D('',#5909,#4718,#4719);
#3894=AXIS2_PLACEMENT_3D('',#5911,#4721,#4722);
#3895=AXIS2_PLACEMENT_3D('',#5912,#4723,#4724);
#3896=AXIS2_PLACEMENT_3D('',#5918,#4728,#4729);
#3897=AXIS2_PLACEMENT_3D('',#5922,#4732,#4733);
#3898=AXIS2_PLACEMENT_3D('',#5926,#4736,#4737);
#3899=AXIS2_PLACEMENT_3D('',#5928,#4739,#4740);
#3900=AXIS2_PLACEMENT_3D('',#5929,#4741,#4742);
#3901=AXIS2_PLACEMENT_3D('',#5935,#4746,#4747);
#3902=AXIS2_PLACEMENT_3D('',#5939,#4750,#4751);
#3903=AXIS2_PLACEMENT_3D('',#5943,#4754,#4755);
#3904=AXIS2_PLACEMENT_3D('',#5945,#4757,#4758);
#3905=AXIS2_PLACEMENT_3D('',#5946,#4759,#4760);
#3906=AXIS2_PLACEMENT_3D('',#5952,#4764,#4765);
#3907=AXIS2_PLACEMENT_3D('',#5956,#4768,#4769);
#3908=AXIS2_PLACEMENT_3D('',#5960,#4772,#4773);
#3909=AXIS2_PLACEMENT_3D('',#5962,#4775,#4776);
#3910=AXIS2_PLACEMENT_3D('',#5963,#4777,#4778);
#3911=AXIS2_PLACEMENT_3D('',#5967,#4781,#4782);
#3912=AXIS2_PLACEMENT_3D('',#5969,#4784,#4785);
#3913=AXIS2_PLACEMENT_3D('',#5970,#4786,#4787);
#3914=AXIS2_PLACEMENT_3D('',#5976,#4791,#4792);
#3915=AXIS2_PLACEMENT_3D('',#5980,#4795,#4796);
#3916=AXIS2_PLACEMENT_3D('',#5984,#4799,#4800);
#3917=AXIS2_PLACEMENT_3D('',#5986,#4802,#4803);
#3918=AXIS2_PLACEMENT_3D('',#5987,#4804,#4805);
#3919=AXIS2_PLACEMENT_3D('',#5993,#4809,#4810);
#3920=AXIS2_PLACEMENT_3D('',#5997,#4813,#4814);
#3921=AXIS2_PLACEMENT_3D('',#6001,#4817,#4818);
#3922=AXIS2_PLACEMENT_3D('',#6003,#4820,#4821);
#3923=AXIS2_PLACEMENT_3D('',#6004,#4822,#4823);
#3924=AXIS2_PLACEMENT_3D('',#6010,#4827,#4828);
#3925=AXIS2_PLACEMENT_3D('',#6014,#4831,#4832);
#3926=AXIS2_PLACEMENT_3D('',#6018,#4835,#4836);
#3927=AXIS2_PLACEMENT_3D('',#6020,#4838,#4839);
#3928=AXIS2_PLACEMENT_3D('',#6021,#4840,#4841);
#3929=AXIS2_PLACEMENT_3D('',#6023,#4843,#4844);
#3930=AXIS2_PLACEMENT_3D('',#6024,#4845,#4846);
#3931=AXIS2_PLACEMENT_3D('',#6027,#4848,#4849);
#3932=AXIS2_PLACEMENT_3D('',#6028,#4850,#4851);
#3933=AXIS2_PLACEMENT_3D('',#6032,#4854,#4855);
#3934=AXIS2_PLACEMENT_3D('',#6036,#4858,#4859);
#3935=AXIS2_PLACEMENT_3D('',#6040,#4862,#4863);
#3936=AXIS2_PLACEMENT_3D('',#6042,#4865,#4866);
#3937=AXIS2_PLACEMENT_3D('',#6046,#4869,#4870);
#3938=AXIS2_PLACEMENT_3D('',#6050,#4873,#4874);
#3939=AXIS2_PLACEMENT_3D('',#6054,#4877,#4878);
#3940=AXIS2_PLACEMENT_3D('',#6056,#4880,#4881);
#3941=AXIS2_PLACEMENT_3D('',#6060,#4884,#4885);
#3942=AXIS2_PLACEMENT_3D('',#6064,#4888,#4889);
#3943=AXIS2_PLACEMENT_3D('',#6068,#4892,#4893);
#3944=AXIS2_PLACEMENT_3D('',#6070,#4895,#4896);
#3945=AXIS2_PLACEMENT_3D('',#6074,#4899,#4900);
#3946=AXIS2_PLACEMENT_3D('',#6078,#4903,#4904);
#3947=AXIS2_PLACEMENT_3D('',#6082,#4907,#4908);
#3948=AXIS2_PLACEMENT_3D('',#6084,#4910,#4911);
#3949=AXIS2_PLACEMENT_3D('',#6088,#4913,#4914);
#3950=AXIS2_PLACEMENT_3D('',#6089,#4915,#4916);
#3951=AXIS2_PLACEMENT_3D('',#6090,#4917,#4918);
#3952=AXIS2_PLACEMENT_3D('',#6097,#4923,#4924);
#3953=AXIS2_PLACEMENT_3D('',#6101,#4926,#4927);
#3954=AXIS2_PLACEMENT_3D('',#6102,#4928,#4929);
#3955=AXIS2_PLACEMENT_3D('',#6103,#4930,#4931);
#3956=AXIS2_PLACEMENT_3D('',#6110,#4936,#4937);
#3957=AXIS2_PLACEMENT_3D('',#6114,#4939,#4940);
#3958=AXIS2_PLACEMENT_3D('',#6115,#4941,#4942);
#3959=AXIS2_PLACEMENT_3D('',#6116,#4943,#4944);
#3960=AXIS2_PLACEMENT_3D('',#6123,#4949,#4950);
#3961=AXIS2_PLACEMENT_3D('',#6125,#4952,#4953);
#3962=AXIS2_PLACEMENT_3D('',#6126,#4954,#4955);
#3963=AXIS2_PLACEMENT_3D('',#6127,#4956,#4957);
#3964=AXIS2_PLACEMENT_3D('',#6128,#4958,#4959);
#3965=AXIS2_PLACEMENT_3D('',#6129,#4960,#4961);
#3966=AXIS2_PLACEMENT_3D('',#6130,#4962,#4963);
#3967=AXIS2_PLACEMENT_3D('',#6131,#4964,#4965);
#3968=AXIS2_PLACEMENT_3D('',#6132,#4966,#4967);
#3969=AXIS2_PLACEMENT_3D('',#6133,#4968,#4969);
#3970=AXIS2_PLACEMENT_3D('',#6134,#4970,#4971);
#3971=DIRECTION('axis',(0.,0.,1.));
#3972=DIRECTION('refdir',(1.,0.,0.));
#3973=DIRECTION('center_axis',(0.,1.,0.));
#3974=DIRECTION('ref_axis',(1.,0.,0.));
#3975=DIRECTION('center_axis',(0.,1.,0.));
#3976=DIRECTION('ref_axis',(1.,0.,0.));
#3977=DIRECTION('',(0.,1.,0.));
#3978=DIRECTION('center_axis',(0.,-1.,0.));
#3979=DIRECTION('ref_axis',(1.,0.,0.));
#3980=DIRECTION('center_axis',(-1.,0.,0.));
#3981=DIRECTION('ref_axis',(0.,0.,1.));
#3982=DIRECTION('',(0.,0.,-1.));
#3983=DIRECTION('',(0.,1.,0.));
#3984=DIRECTION('',(0.,0.,1.));
#3985=DIRECTION('',(0.,1.,0.));
#3986=DIRECTION('center_axis',(0.,0.,-1.));
#3987=DIRECTION('ref_axis',(-1.,0.,0.));
#3988=DIRECTION('',(1.,0.,0.));
#3989=DIRECTION('',(-1.,0.,0.));
#3990=DIRECTION('',(0.,1.,0.));
#3991=DIRECTION('center_axis',(1.,0.,0.));
#3992=DIRECTION('ref_axis',(0.,0.,-1.));
#3993=DIRECTION('',(0.,0.,1.));
#3994=DIRECTION('',(0.,0.,-1.));
#3995=DIRECTION('',(0.,1.,0.));
#3996=DIRECTION('center_axis',(0.,0.,1.));
#3997=DIRECTION('ref_axis',(1.,0.,0.));
#3998=DIRECTION('',(-1.,0.,0.));
#3999=DIRECTION('',(1.,0.,0.));
#4000=DIRECTION('center_axis',(1.,0.,0.));
#4001=DIRECTION('ref_axis',(0.,0.,-1.));
#4002=DIRECTION('',(0.,0.,1.));
#4003=DIRECTION('',(0.,1.,0.));
#4004=DIRECTION('',(0.,0.,-1.));
#4005=DIRECTION('',(0.,1.,0.));
#4006=DIRECTION('center_axis',(0.,0.,1.));
#4007=DIRECTION('ref_axis',(1.,0.,0.));
#4008=DIRECTION('',(-1.,0.,0.));
#4009=DIRECTION('',(1.,0.,0.));
#4010=DIRECTION('',(0.,1.,0.));
#4011=DIRECTION('center_axis',(0.,-1.,0.));
#4012=DIRECTION('ref_axis',(-1.,0.,0.));
#4013=DIRECTION('',(0.,0.,-1.));
#4014=DIRECTION('',(-1.,0.,0.));
#4015=DIRECTION('',(0.,0.,1.));
#4016=DIRECTION('',(-1.,0.,0.));
#4017=DIRECTION('center_axis',(0.,0.,1.));
#4018=DIRECTION('ref_axis',(1.,0.,0.));
#4019=DIRECTION('',(0.,-1.,0.));
#4020=DIRECTION('',(0.,1.,0.));
#4021=DIRECTION('',(1.,0.,0.));
#4022=DIRECTION('',(0.,-1.,0.));
#4023=DIRECTION('',(1.,0.,0.));
#4024=DIRECTION('',(0.,1.,0.));
#4025=DIRECTION('',(1.,0.,0.));
#4026=DIRECTION('center_axis',(0.,-1.,0.));
#4027=DIRECTION('ref_axis',(1.,0.,0.));
#4028=DIRECTION('',(0.,0.,1.));
#4029=DIRECTION('',(0.,0.,-1.));
#4030=DIRECTION('',(1.,0.,0.));
#4031=DIRECTION('',(0.,0.,1.));
#4032=DIRECTION('',(0.,0.,-1.));
#4033=DIRECTION('',(-1.,0.,0.));
#4034=DIRECTION('',(0.,0.,-1.));
#4035=DIRECTION('',(1.,0.,0.));
#4036=DIRECTION('',(0.,0.,1.));
#4037=DIRECTION('',(-1.,0.,0.));
#4038=DIRECTION('center_axis',(0.,1.,0.));
#4039=DIRECTION('ref_axis',(1.,0.,0.));
#4040=DIRECTION('',(0.,0.,1.));
#4041=DIRECTION('',(1.,0.,0.));
#4042=DIRECTION('',(0.,0.,-1.));
#4043=DIRECTION('',(-1.,0.,0.));
#4044=DIRECTION('',(0.,0.,1.));
#4045=DIRECTION('',(1.,0.,0.));
#4046=DIRECTION('',(0.,0.,-1.));
#4047=DIRECTION('',(-1.,0.,0.));
#4048=DIRECTION('center_axis',(-1.77635683940025E-16,-1.,0.));
#4049=DIRECTION('ref_axis',(1.,-1.77635683940025E-16,0.));
#4050=DIRECTION('',(1.,-1.77635683940025E-16,0.));
#4051=DIRECTION('',(0.,0.,1.));
#4052=DIRECTION('',(1.,-1.77635683940025E-16,0.));
#4053=DIRECTION('',(0.,0.,1.));
#4054=DIRECTION('center_axis',(-1.,0.,0.));
#4055=DIRECTION('ref_axis',(0.,-1.,0.));
#4056=DIRECTION('',(0.,-1.,0.));
#4057=DIRECTION('',(0.,0.,1.));
#4058=DIRECTION('',(0.,-1.,0.));
#4059=DIRECTION('center_axis',(0.,0.,1.));
#4060=DIRECTION('ref_axis',(-1.,6.6613381477509E-15,0.));
#4061=DIRECTION('center_axis',(0.,0.,1.));
#4062=DIRECTION('ref_axis',(-1.,6.6613381477509E-15,0.));
#4063=DIRECTION('',(0.,0.,1.));
#4064=DIRECTION('center_axis',(0.,0.,1.));
#4065=DIRECTION('ref_axis',(-1.,6.6613381477509E-15,0.));
#4066=DIRECTION('center_axis',(-7.11479922297312E-16,1.,0.));
#4067=DIRECTION('ref_axis',(-1.,-7.11479922297312E-16,0.));
#4068=DIRECTION('',(-1.,-7.11479922297312E-16,0.));
#4069=DIRECTION('',(0.,0.,1.));
#4070=DIRECTION('',(-1.,-7.11479922297312E-16,0.));
#4071=DIRECTION('center_axis',(0.,0.,1.));
#4072=DIRECTION('ref_axis',(-0.835164654424503,0.55,0.));
#4073=DIRECTION('center_axis',(0.,0.,1.));
#4074=DIRECTION('ref_axis',(-0.835164654424503,0.55,0.));
#4075=DIRECTION('',(0.,0.,1.));
#4076=DIRECTION('center_axis',(0.,0.,1.));
#4077=DIRECTION('ref_axis',(-0.835164654424503,0.55,0.));
#4078=DIRECTION('center_axis',(-1.,2.04250030722125E-15,0.));
#4079=DIRECTION('ref_axis',(-2.04250030722125E-15,-1.,0.));
#4080=DIRECTION('',(-2.04250030722125E-15,-1.,0.));
#4081=DIRECTION('',(0.,0.,1.));
#4082=DIRECTION('',(-2.04250030722125E-15,-1.,0.));
#4083=DIRECTION('center_axis',(0.,0.,1.));
#4084=DIRECTION('ref_axis',(-1.,0.,0.));
#4085=DIRECTION('center_axis',(0.,0.,1.));
#4086=DIRECTION('ref_axis',(-1.,0.,0.));
#4087=DIRECTION('',(0.,0.,1.));
#4088=DIRECTION('center_axis',(0.,0.,1.));
#4089=DIRECTION('ref_axis',(-1.,0.,0.));
#4090=DIRECTION('center_axis',(0.,1.,0.));
#4091=DIRECTION('ref_axis',(-1.,0.,0.));
#4092=DIRECTION('',(-1.,0.,0.));
#4093=DIRECTION('',(0.,0.,1.));
#4094=DIRECTION('',(-1.,0.,0.));
#4095=DIRECTION('center_axis',(0.,0.,1.));
#4096=DIRECTION('ref_axis',(0.,1.,0.));
#4097=DIRECTION('center_axis',(0.,0.,1.));
#4098=DIRECTION('ref_axis',(0.,1.,0.));
#4099=DIRECTION('',(0.,0.,1.));
#4100=DIRECTION('center_axis',(0.,0.,1.));
#4101=DIRECTION('ref_axis',(0.,1.,0.));
#4102=DIRECTION('center_axis',(-1.91862120164818E-15,1.,0.));
#4103=DIRECTION('ref_axis',(-1.,-1.91862120164818E-15,0.));
#4104=DIRECTION('',(-1.,-1.91862120164818E-15,0.));
#4105=DIRECTION('',(0.,0.,1.));
#4106=DIRECTION('',(-1.,-1.91862120164818E-15,0.));
#4107=DIRECTION('center_axis',(0.,0.,1.));
#4108=DIRECTION('ref_axis',(4.4408920985006E-15,1.,0.));
#4109=DIRECTION('center_axis',(0.,0.,1.));
#4110=DIRECTION('ref_axis',(4.4408920985006E-15,1.,0.));
#4111=DIRECTION('',(0.,0.,1.));
#4112=DIRECTION('center_axis',(0.,0.,1.));
#4113=DIRECTION('ref_axis',(4.4408920985006E-15,1.,0.));
#4114=DIRECTION('center_axis',(1.,9.34924652315921E-16,0.));
#4115=DIRECTION('ref_axis',(-9.34924652315921E-16,1.,0.));
#4116=DIRECTION('',(-9.34924652315921E-16,1.,0.));
#4117=DIRECTION('',(0.,0.,1.));
#4118=DIRECTION('',(-9.34924652315921E-16,1.,0.));
#4119=DIRECTION('center_axis',(0.,0.,1.));
#4120=DIRECTION('ref_axis',(0.924986486387774,0.38,0.));
#4121=DIRECTION('center_axis',(0.,0.,1.));
#4122=DIRECTION('ref_axis',(0.924986486387774,0.38,0.));
#4123=DIRECTION('center_axis',(0.,0.,1.));
#4124=DIRECTION('ref_axis',(0.924986486387774,0.38,0.));
#4125=DIRECTION('center_axis',(0.,0.,-1.));
#4126=DIRECTION('ref_axis',(1.,0.,0.));
#4127=DIRECTION('center_axis',(0.,1.,0.));
#4128=DIRECTION('ref_axis',(0.,0.,1.));
#4129=DIRECTION('',(-1.,0.,0.));
#4130=DIRECTION('',(0.,0.,-1.));
#4131=DIRECTION('',(1.,0.,0.));
#4132=DIRECTION('',(0.,0.,1.));
#4133=DIRECTION('',(-1.,0.,0.));
#4134=DIRECTION('',(0.,0.,-1.));
#4135=DIRECTION('',(1.,0.,0.));
#4136=DIRECTION('',(0.,0.,-1.));
#4137=DIRECTION('center_axis',(0.,0.,1.));
#4138=DIRECTION('ref_axis',(1.,0.,0.));
#4139=DIRECTION('',(0.,1.,0.));
#4140=DIRECTION('',(0.,1.,0.));
#4141=DIRECTION('center_axis',(-0.923879532511287,-0.38268343236509,0.));
#4142=DIRECTION('ref_axis',(0.,0.,1.));
#4143=DIRECTION('',(0.,0.,1.));
#4144=DIRECTION('',(-0.38268343236509,0.923879532511287,0.));
#4145=DIRECTION('',(-0.38268343236509,0.923879532511287,0.));
#4146=DIRECTION('center_axis',(-0.923879532511287,-0.38268343236509,0.));
#4147=DIRECTION('ref_axis',(0.,0.,1.));
#4148=DIRECTION('',(-0.38268343236509,0.923879532511287,0.));
#4149=DIRECTION('',(0.,0.,1.));
#4150=DIRECTION('',(-0.38268343236509,0.923879532511287,0.));
#4151=DIRECTION('center_axis',(0.,0.,-1.));
#4152=DIRECTION('ref_axis',(-0.923879532511287,-0.38268343236509,0.));
#4153=DIRECTION('',(0.,-1.,0.));
#4154=DIRECTION('',(-0.38268343236509,0.923879532511287,0.));
#4155=DIRECTION('',(-0.923879532511287,-0.38268343236509,0.));
#4156=DIRECTION('center_axis',(0.,0.,-1.));
#4157=DIRECTION('ref_axis',(-1.,0.,0.));
#4158=DIRECTION('center_axis',(0.,0.,-1.));
#4159=DIRECTION('ref_axis',(-1.,0.,0.));
#4160=DIRECTION('center_axis',(1.,0.,0.));
#4161=DIRECTION('ref_axis',(0.,-1.,0.));
#4162=DIRECTION('',(0.,1.,0.));
#4163=DIRECTION('',(0.,-1.,0.));
#4164=DIRECTION('center_axis',(-1.,0.,0.));
#4165=DIRECTION('ref_axis',(0.,1.,0.));
#4166=DIRECTION('',(0.,1.,0.));
#4167=DIRECTION('',(0.,0.,1.));
#4168=DIRECTION('center_axis',(0.,0.,-1.));
#4169=DIRECTION('ref_axis',(-1.,0.,0.));
#4170=DIRECTION('',(-1.,0.,0.));
#4171=DIRECTION('center_axis',(1.,0.,0.));
#4172=DIRECTION('ref_axis',(0.,0.,1.));
#4173=DIRECTION('',(0.,0.,1.));
#4174=DIRECTION('',(0.,-1.,0.));
#4175=DIRECTION('center_axis',(-1.,0.,0.));
#4176=DIRECTION('ref_axis',(0.,0.,-1.));
#4177=DIRECTION('',(0.,-1.,0.));
#4178=DIRECTION('',(0.,0.,1.));
#4179=DIRECTION('center_axis',(0.,-1.,0.));
#4180=DIRECTION('ref_axis',(0.,0.,-1.));
#4181=DIRECTION('',(1.,0.,0.));
#4182=DIRECTION('center_axis',(0.,0.,-1.));
#4183=DIRECTION('ref_axis',(1.,0.,0.));
#4184=DIRECTION('',(0.,-1.,0.));
#4185=DIRECTION('',(1.,0.,0.));
#4186=DIRECTION('',(-1.93715144924953E-7,-0.999999999999981,0.));
#4187=DIRECTION('',(1.,0.,0.));
#4188=DIRECTION('',(0.,1.,0.));
#4189=DIRECTION('',(-1.,0.,0.));
#4190=DIRECTION('',(1.9371505327604E-7,-0.999999999999981,0.));
#4191=DIRECTION('',(-1.,0.,0.));
#4192=DIRECTION('center_axis',(0.,0.,-1.));
#4193=DIRECTION('ref_axis',(1.,0.,0.));
#4194=DIRECTION('',(0.,1.,0.));
#4195=DIRECTION('',(1.,0.,0.));
#4196=DIRECTION('',(0.,1.,0.));
#4197=DIRECTION('',(-1.,0.,0.));
#4198=DIRECTION('',(0.,-1.,0.));
#4199=DIRECTION('',(1.,0.,0.));
#4200=DIRECTION('',(0.,-1.,0.));
#4201=DIRECTION('',(1.,0.,0.));
#4202=DIRECTION('center_axis',(0.,0.,-1.));
#4203=DIRECTION('ref_axis',(1.,0.,0.));
#4204=DIRECTION('',(-1.,0.,0.));
#4205=DIRECTION('',(0.,-1.,0.));
#4206=DIRECTION('',(-0.999999999999981,1.9371513909628E-7,0.));
#4207=DIRECTION('',(0.,-1.,0.));
#4208=DIRECTION('',(1.,0.,0.));
#4209=DIRECTION('',(0.,1.,0.));
#4210=DIRECTION('',(-0.999999999999981,-1.93715051055594E-7,0.));
#4211=DIRECTION('',(0.,1.,0.));
#4212=DIRECTION('center_axis',(0.,0.,-1.));
#4213=DIRECTION('ref_axis',(1.,0.,0.));
#4214=DIRECTION('',(0.,1.,0.));
#4215=DIRECTION('',(-1.,0.,0.));
#4216=DIRECTION('',(0.,-1.,0.));
#4217=DIRECTION('',(1.,0.,0.));
#4218=DIRECTION('',(0.,1.,0.));
#4219=DIRECTION('',(1.,0.,0.));
#4220=DIRECTION('',(0.,1.,0.));
#4221=DIRECTION('',(-1.,0.,0.));
#4222=DIRECTION('center_axis',(0.,0.,-1.));
#4223=DIRECTION('ref_axis',(1.,0.,0.));
#4224=DIRECTION('center_axis',(0.,0.,-1.));
#4225=DIRECTION('ref_axis',(-1.,0.,0.));
#4226=DIRECTION('center_axis',(0.,0.,-1.));
#4227=DIRECTION('ref_axis',(1.,0.,0.));
#4228=DIRECTION('center_axis',(0.,0.,-1.));
#4229=DIRECTION('ref_axis',(-1.,0.,0.));
#4230=DIRECTION('center_axis',(0.,0.,-1.));
#4231=DIRECTION('ref_axis',(1.,0.,0.));
#4232=DIRECTION('center_axis',(0.,0.,-1.));
#4233=DIRECTION('ref_axis',(-1.,0.,0.));
#4234=DIRECTION('center_axis',(0.,0.,-1.));
#4235=DIRECTION('ref_axis',(1.,0.,0.));
#4236=DIRECTION('center_axis',(0.,0.,-1.));
#4237=DIRECTION('ref_axis',(-1.,0.,0.));
#4238=DIRECTION('center_axis',(0.,0.,-1.));
#4239=DIRECTION('ref_axis',(1.,0.,0.));
#4240=DIRECTION('center_axis',(0.,0.,-1.));
#4241=DIRECTION('ref_axis',(-1.,0.,0.));
#4242=DIRECTION('center_axis',(0.,0.,-1.));
#4243=DIRECTION('ref_axis',(1.,0.,0.));
#4244=DIRECTION('center_axis',(0.,0.,-1.));
#4245=DIRECTION('ref_axis',(-1.,0.,0.));
#4246=DIRECTION('center_axis',(0.,0.,-1.));
#4247=DIRECTION('ref_axis',(1.,0.,0.));
#4248=DIRECTION('center_axis',(0.,0.,-1.));
#4249=DIRECTION('ref_axis',(-1.,0.,0.));
#4250=DIRECTION('center_axis',(0.,0.,-1.));
#4251=DIRECTION('ref_axis',(1.,0.,0.));
#4252=DIRECTION('center_axis',(0.,0.,-1.));
#4253=DIRECTION('ref_axis',(-1.,0.,0.));
#4254=DIRECTION('center_axis',(0.,0.,-1.));
#4255=DIRECTION('ref_axis',(1.,0.,0.));
#4256=DIRECTION('center_axis',(0.,0.,-1.));
#4257=DIRECTION('ref_axis',(-1.,0.,0.));
#4258=DIRECTION('center_axis',(0.,0.,-1.));
#4259=DIRECTION('ref_axis',(1.,0.,0.));
#4260=DIRECTION('center_axis',(0.,0.,-1.));
#4261=DIRECTION('ref_axis',(-1.,0.,0.));
#4262=DIRECTION('center_axis',(0.,0.,-1.));
#4263=DIRECTION('ref_axis',(1.,0.,0.));
#4264=DIRECTION('center_axis',(0.,0.,-1.));
#4265=DIRECTION('ref_axis',(-1.,0.,0.));
#4266=DIRECTION('center_axis',(0.,0.,-1.));
#4267=DIRECTION('ref_axis',(1.,0.,0.));
#4268=DIRECTION('center_axis',(0.,0.,-1.));
#4269=DIRECTION('ref_axis',(-1.,0.,0.));
#4270=DIRECTION('center_axis',(0.,0.,-1.));
#4271=DIRECTION('ref_axis',(1.,0.,0.));
#4272=DIRECTION('center_axis',(0.,0.,-1.));
#4273=DIRECTION('ref_axis',(-1.,0.,0.));
#4274=DIRECTION('center_axis',(0.,0.,-1.));
#4275=DIRECTION('ref_axis',(1.,0.,0.));
#4276=DIRECTION('center_axis',(0.,0.,-1.));
#4277=DIRECTION('ref_axis',(-1.,0.,0.));
#4278=DIRECTION('center_axis',(0.,0.,-1.));
#4279=DIRECTION('ref_axis',(1.,0.,0.));
#4280=DIRECTION('center_axis',(0.,0.,-1.));
#4281=DIRECTION('ref_axis',(-1.,0.,0.));
#4282=DIRECTION('center_axis',(0.,0.,-1.));
#4283=DIRECTION('ref_axis',(1.,0.,0.));
#4284=DIRECTION('center_axis',(0.,0.,-1.));
#4285=DIRECTION('ref_axis',(-1.,0.,0.));
#4286=DIRECTION('center_axis',(0.,1.,0.));
#4287=DIRECTION('ref_axis',(-1.,0.,0.));
#4288=DIRECTION('',(0.,0.,-1.));
#4289=DIRECTION('',(-1.,0.,0.));
#4290=DIRECTION('',(0.,0.,1.));
#4291=DIRECTION('',(1.,0.,0.));
#4292=DIRECTION('center_axis',(0.,-1.,0.));
#4293=DIRECTION('ref_axis',(-1.,0.,0.));
#4294=DIRECTION('',(0.,0.,-1.));
#4295=DIRECTION('',(1.,0.,0.));
#4296=DIRECTION('',(0.,0.,1.));
#4297=DIRECTION('',(-1.,0.,0.));
#4298=DIRECTION('',(-3.53146933034736E-55,0.,1.));
#4299=DIRECTION('',(-1.,0.,0.));
#4300=DIRECTION('',(0.,0.,-1.));
#4301=DIRECTION('',(1.,0.,0.));
#4302=DIRECTION('center_axis',(0.,0.,1.));
#4303=DIRECTION('ref_axis',(-0.707106781186548,0.707106781186548,0.));
#4304=DIRECTION('',(0.,0.,1.));
#4305=DIRECTION('center_axis',(0.,0.,-1.));
#4306=DIRECTION('ref_axis',(-0.707106781186548,0.707106781186548,0.));
#4307=DIRECTION('center_axis',(0.,0.,1.));
#4308=DIRECTION('ref_axis',(-0.707106781186548,0.707106781186548,0.));
#4309=DIRECTION('center_axis',(-1.,0.,0.));
#4310=DIRECTION('ref_axis',(0.,-1.,0.));
#4311=DIRECTION('',(0.,0.,-1.));
#4312=DIRECTION('center_axis',(-1.,0.,0.));
#4313=DIRECTION('ref_axis',(0.,0.707106781186547,-0.707106781186547));
#4314=DIRECTION('',(0.,0.,1.));
#4315=DIRECTION('center_axis',(1.,0.,0.));
#4316=DIRECTION('ref_axis',(0.,-0.707106781186547,0.707106781186547));
#4317=DIRECTION('',(0.,0.,1.));
#4318=DIRECTION('center_axis',(-1.,0.,0.));
#4319=DIRECTION('ref_axis',(0.,-0.707106781186547,-0.707106781186547));
#4320=DIRECTION('',(0.,1.,0.));
#4321=DIRECTION('',(0.,-1.27805299433931E-26,1.));
#4322=DIRECTION('',(0.,-1.,0.));
#4323=DIRECTION('',(0.,0.,-1.));
#4324=DIRECTION('',(0.,1.,0.));
#4325=DIRECTION('',(0.,0.,1.));
#4326=DIRECTION('',(0.,-1.,0.));
#4327=DIRECTION('',(0.,0.,-1.));
#4328=DIRECTION('',(0.,1.,0.));
#4329=DIRECTION('center_axis',(1.,0.,0.));
#4330=DIRECTION('ref_axis',(0.,-1.,0.));
#4331=DIRECTION('center_axis',(1.,0.,0.));
#4332=DIRECTION('ref_axis',(0.,-1.,0.));
#4333=DIRECTION('center_axis',(0.,0.,1.));
#4334=DIRECTION('ref_axis',(-0.707106781186548,-0.707106781186548,0.));
#4335=DIRECTION('center_axis',(0.,0.,-1.));
#4336=DIRECTION('ref_axis',(-0.707106781186548,-0.707106781186548,0.));
#4337=DIRECTION('center_axis',(0.,0.,1.));
#4338=DIRECTION('ref_axis',(-0.707106781186548,-0.707106781186548,0.));
#4339=DIRECTION('center_axis',(-1.,0.,0.));
#4340=DIRECTION('ref_axis',(0.,1.,0.));
#4341=DIRECTION('',(0.,0.,-1.));
#4342=DIRECTION('',(0.,1.,0.));
#4343=DIRECTION('',(0.,0.,-1.));
#4344=DIRECTION('center_axis',(0.,1.,0.));
#4345=DIRECTION('ref_axis',(1.,0.,0.));
#4346=DIRECTION('',(0.,0.,-1.));
#4347=DIRECTION('',(1.,0.,0.));
#4348=DIRECTION('center_axis',(1.,0.,0.));
#4349=DIRECTION('ref_axis',(0.,-1.,0.));
#4350=DIRECTION('',(0.,0.,-1.));
#4351=DIRECTION('',(0.,-1.,0.));
#4352=DIRECTION('center_axis',(0.,-1.,0.));
#4353=DIRECTION('ref_axis',(-1.,0.,0.));
#4354=DIRECTION('',(0.,0.,-1.));
#4355=DIRECTION('',(-1.,0.,0.));
#4356=DIRECTION('center_axis',(0.,1.,0.));
#4357=DIRECTION('ref_axis',(1.,0.,0.));
#4358=DIRECTION('',(0.,0.,-1.));
#4359=DIRECTION('',(1.,0.,0.));
#4360=DIRECTION('',(0.,0.,-1.));
#4361=DIRECTION('center_axis',(1.,0.,0.));
#4362=DIRECTION('ref_axis',(0.,-1.,0.));
#4363=DIRECTION('',(0.,0.,-1.));
#4364=DIRECTION('',(0.,-1.,0.));
#4365=DIRECTION('center_axis',(-1.9371513909628E-7,-0.999999999999981,0.));
#4366=DIRECTION('ref_axis',(-0.999999999999981,1.9371513909628E-7,0.));
#4367=DIRECTION('',(0.,0.,-1.));
#4368=DIRECTION('',(-0.999999999999981,1.9371513909628E-7,0.));
#4369=DIRECTION('center_axis',(1.,0.,0.));
#4370=DIRECTION('ref_axis',(0.,-1.,0.));
#4371=DIRECTION('',(0.,0.,-1.));
#4372=DIRECTION('',(0.,-1.,0.));
#4373=DIRECTION('center_axis',(1.,0.,0.));
#4374=DIRECTION('ref_axis',(0.,-1.,0.));
#4375=DIRECTION('',(0.,0.,-1.));
#4376=DIRECTION('',(0.,-1.,0.));
#4377=DIRECTION('',(0.,0.,-1.));
#4378=DIRECTION('center_axis',(0.,-1.,0.));
#4379=DIRECTION('ref_axis',(-1.,0.,0.));
#4380=DIRECTION('',(0.,0.,-1.));
#4381=DIRECTION('',(-1.,0.,0.));
#4382=DIRECTION('center_axis',(-1.,0.,0.));
#4383=DIRECTION('ref_axis',(0.,1.,0.));
#4384=DIRECTION('',(0.,0.,-1.));
#4385=DIRECTION('',(0.,1.,0.));
#4386=DIRECTION('center_axis',(0.,1.,0.));
#4387=DIRECTION('ref_axis',(1.,0.,0.));
#4388=DIRECTION('',(0.,0.,-1.));
#4389=DIRECTION('',(1.,0.,0.));
#4390=DIRECTION('center_axis',(-1.,0.,0.));
#4391=DIRECTION('ref_axis',(0.,1.,0.));
#4392=DIRECTION('',(0.,0.,-1.));
#4393=DIRECTION('',(0.,1.,0.));
#4394=DIRECTION('',(0.,0.,-1.));
#4395=DIRECTION('center_axis',(0.,1.,0.));
#4396=DIRECTION('ref_axis',(1.,0.,0.));
#4397=DIRECTION('',(0.,0.,-1.));
#4398=DIRECTION('',(1.,0.,0.));
#4399=DIRECTION('center_axis',(0.999999999999981,-1.93715144924953E-7,0.));
#4400=DIRECTION('ref_axis',(-1.93715144924953E-7,-0.999999999999981,0.));
#4401=DIRECTION('',(0.,0.,-1.));
#4402=DIRECTION('',(-1.93715144924953E-7,-0.999999999999981,0.));
#4403=DIRECTION('center_axis',(0.,1.,0.));
#4404=DIRECTION('ref_axis',(1.,0.,0.));
#4405=DIRECTION('',(0.,0.,-1.));
#4406=DIRECTION('',(1.,0.,0.));
#4407=DIRECTION('center_axis',(0.,0.,1.));
#4408=DIRECTION('ref_axis',(0.707106781186548,-0.707106781186548,0.));
#4409=DIRECTION('',(0.,0.,1.));
#4410=DIRECTION('center_axis',(0.,0.,-1.));
#4411=DIRECTION('ref_axis',(0.707106781186548,-0.707106781186548,0.));
#4412=DIRECTION('center_axis',(0.,0.,1.));
#4413=DIRECTION('ref_axis',(0.707106781186548,-0.707106781186548,0.));
#4414=DIRECTION('center_axis',(0.,0.,1.));
#4415=DIRECTION('ref_axis',(-1.,0.,0.));
#4416=DIRECTION('',(1.,0.,0.));
#4417=DIRECTION('',(-1.,0.,0.));
#4418=DIRECTION('',(1.,0.,0.));
#4419=DIRECTION('center_axis',(-1.,0.,0.));
#4420=DIRECTION('ref_axis',(0.,0.707106781186547,-0.707106781186547));
#4421=DIRECTION('center_axis',(1.,0.,0.));
#4422=DIRECTION('ref_axis',(0.,0.707106781186547,-0.707106781186547));
#4423=DIRECTION('',(-1.,0.,0.));
#4424=DIRECTION('center_axis',(-1.,-1.61486985400023E-16,0.));
#4425=DIRECTION('ref_axis',(0.,0.707106781186547,-0.707106781186547));
#4426=DIRECTION('center_axis',(1.,0.,0.));
#4427=DIRECTION('ref_axis',(0.,1.,0.));
#4428=DIRECTION('',(0.,0.,-1.));
#4429=DIRECTION('center_axis',(1.,0.,0.));
#4430=DIRECTION('ref_axis',(0.,-0.707106781186547,-0.707106781186547));
#4431=DIRECTION('',(0.,0.,1.));
#4432=DIRECTION('',(0.,1.,0.));
#4433=DIRECTION('',(0.,0.,1.));
#4434=DIRECTION('',(0.,-1.,0.));
#4435=DIRECTION('',(0.,0.,1.));
#4436=DIRECTION('',(0.,1.,0.));
#4437=DIRECTION('',(0.,0.,-1.));
#4438=DIRECTION('',(0.,-1.,0.));
#4439=DIRECTION('',(0.,0.,-1.));
#4440=DIRECTION('',(0.,-1.,0.));
#4441=DIRECTION('',(0.,0.,1.));
#4442=DIRECTION('',(0.,1.,0.));
#4443=DIRECTION('center_axis',(-1.,0.,0.));
#4444=DIRECTION('ref_axis',(0.,1.,0.));
#4445=DIRECTION('center_axis',(-1.,0.,0.));
#4446=DIRECTION('ref_axis',(0.,0.707106781186547,-0.707106781186547));
#4447=DIRECTION('center_axis',(1.,0.,0.));
#4448=DIRECTION('ref_axis',(0.,0.707106781186547,-0.707106781186547));
#4449=DIRECTION('',(-1.,0.,0.));
#4450=DIRECTION('center_axis',(0.,0.,1.));
#4451=DIRECTION('ref_axis',(-1.,0.,0.));
#4452=DIRECTION('',(-1.,0.,0.));
#4453=DIRECTION('center_axis',(0.,0.,-1.));
#4454=DIRECTION('ref_axis',(1.01506105108586E-15,1.,0.));
#4455=DIRECTION('',(1.,0.,0.));
#4456=DIRECTION('center_axis',(0.,0.,-1.));
#4457=DIRECTION('ref_axis',(1.,-1.01506105108586E-15,0.));
#4458=DIRECTION('',(-1.,0.,0.));
#4459=DIRECTION('center_axis',(0.,0.,-1.));
#4460=DIRECTION('ref_axis',(0.707106781186548,0.707106781186548,0.));
#4461=DIRECTION('center_axis',(1.,0.,0.));
#4462=DIRECTION('ref_axis',(0.,-0.707106781186547,-0.707106781186547));
#4463=DIRECTION('',(1.,0.,0.));
#4464=DIRECTION('center_axis',(1.,0.,0.));
#4465=DIRECTION('ref_axis',(0.,-0.707106781186547,-0.707106781186547));
#4466=DIRECTION('center_axis',(0.,0.,1.));
#4467=DIRECTION('ref_axis',(0.707106781186548,0.707106781186548,0.));
#4468=DIRECTION('center_axis',(0.,0.,1.));
#4469=DIRECTION('ref_axis',(0.707106781186548,0.707106781186548,0.));
#4470=DIRECTION('center_axis',(1.,0.,0.));
#4471=DIRECTION('ref_axis',(0.,-0.707106781186547,-0.707106781186547));
#4472=DIRECTION('center_axis',(-1.,-1.61486985400023E-16,0.));
#4473=DIRECTION('ref_axis',(0.,-0.707106781186547,-0.707106781186547));
#4474=DIRECTION('',(1.,0.,0.));
#4475=DIRECTION('center_axis',(1.,0.,0.));
#4476=DIRECTION('ref_axis',(0.,1.,0.));
#4477=DIRECTION('center_axis',(-1.,0.,0.));
#4478=DIRECTION('ref_axis',(0.,0.707106781186547,0.707106781186547));
#4479=DIRECTION('',(0.,0.,1.));
#4480=DIRECTION('',(0.,0.,1.));
#4481=DIRECTION('',(0.,-1.,0.));
#4482=DIRECTION('center_axis',(-1.,0.,0.));
#4483=DIRECTION('ref_axis',(0.,-1.,0.));
#4484=DIRECTION('center_axis',(-1.,0.,0.));
#4485=DIRECTION('ref_axis',(0.,-1.,0.));
#4486=DIRECTION('',(0.,-1.,0.));
#4487=DIRECTION('',(0.,0.,1.));
#4488=DIRECTION('',(0.,0.,1.));
#4489=DIRECTION('center_axis',(-1.,0.,0.));
#4490=DIRECTION('ref_axis',(0.,-1.,0.));
#4491=DIRECTION('center_axis',(1.,1.35465101762251E-8,0.));
#4492=DIRECTION('ref_axis',(-1.35465101762251E-8,1.,0.));
#4493=DIRECTION('center_axis',(-1.,-1.35465101762251E-8,0.));
#4494=DIRECTION('ref_axis',(-9.57882920702137E-9,0.707106781186547,0.707106781186547));
#4495=DIRECTION('',(0.,0.,1.));
#4496=DIRECTION('',(0.,0.,1.));
#4497=DIRECTION('center_axis',(-1.,-1.35465101762251E-8,0.));
#4498=DIRECTION('ref_axis',(-1.35465101762251E-8,1.,0.));
#4499=DIRECTION('center_axis',(1.,0.,0.));
#4500=DIRECTION('ref_axis',(0.,-0.707106781186547,0.707106781186547));
#4501=DIRECTION('',(-1.,0.,0.));
#4502=DIRECTION('center_axis',(1.,1.61486985400023E-16,0.));
#4503=DIRECTION('ref_axis',(0.,-0.707106781186547,0.707106781186547));
#4504=DIRECTION('',(1.,0.,0.));
#4505=DIRECTION('center_axis',(0.,-1.,0.));
#4506=DIRECTION('ref_axis',(1.,0.,0.));
#4507=DIRECTION('',(0.,0.,1.));
#4508=DIRECTION('center_axis',(1.,0.,0.));
#4509=DIRECTION('ref_axis',(0.,-0.707106781186547,0.707106781186547));
#4510=DIRECTION('',(-1.,0.,0.));
#4511=DIRECTION('',(1.,0.,0.));
#4512=DIRECTION('center_axis',(0.,-1.,0.));
#4513=DIRECTION('ref_axis',(1.,0.,0.));
#4514=DIRECTION('center_axis',(0.,1.,0.));
#4515=DIRECTION('ref_axis',(-1.,0.,0.));
#4516=DIRECTION('',(0.,0.,1.));
#4517=DIRECTION('center_axis',(0.,0.,1.));
#4518=DIRECTION('ref_axis',(-1.,0.,0.));
#4519=DIRECTION('center_axis',(0.,0.,1.));
#4520=DIRECTION('ref_axis',(-1.,0.,0.));
#4521=DIRECTION('',(0.,0.,1.));
#4522=DIRECTION('center_axis',(0.,0.,-1.));
#4523=DIRECTION('ref_axis',(-1.,0.,0.));
#4524=DIRECTION('center_axis',(0.,0.,1.));
#4525=DIRECTION('ref_axis',(-1.,0.,0.));
#4526=DIRECTION('center_axis',(0.,0.,1.));
#4527=DIRECTION('ref_axis',(-1.,0.,0.));
#4528=DIRECTION('',(0.,0.,1.));
#4529=DIRECTION('center_axis',(0.,0.,-1.));
#4530=DIRECTION('ref_axis',(-1.,0.,0.));
#4531=DIRECTION('center_axis',(0.,0.,1.));
#4532=DIRECTION('ref_axis',(-1.,0.,0.));
#4533=DIRECTION('center_axis',(0.,0.,1.));
#4534=DIRECTION('ref_axis',(-1.,0.,0.));
#4535=DIRECTION('',(0.,0.,1.));
#4536=DIRECTION('center_axis',(0.,0.,-1.));
#4537=DIRECTION('ref_axis',(-1.,0.,0.));
#4538=DIRECTION('center_axis',(0.,0.,1.));
#4539=DIRECTION('ref_axis',(-1.,0.,0.));
#4540=DIRECTION('center_axis',(0.,0.,1.));
#4541=DIRECTION('ref_axis',(-1.,0.,0.));
#4542=DIRECTION('',(0.,0.,1.));
#4543=DIRECTION('center_axis',(0.,0.,-1.));
#4544=DIRECTION('ref_axis',(-1.,0.,0.));
#4545=DIRECTION('center_axis',(0.,0.,1.));
#4546=DIRECTION('ref_axis',(-1.,0.,0.));
#4547=DIRECTION('center_axis',(0.,0.,1.));
#4548=DIRECTION('ref_axis',(-1.,0.,0.));
#4549=DIRECTION('',(0.,0.,1.));
#4550=DIRECTION('center_axis',(0.,0.,-1.));
#4551=DIRECTION('ref_axis',(-1.,0.,0.));
#4552=DIRECTION('center_axis',(0.,0.,1.));
#4553=DIRECTION('ref_axis',(-1.,0.,0.));
#4554=DIRECTION('center_axis',(0.,0.,1.));
#4555=DIRECTION('ref_axis',(-1.,0.,0.));
#4556=DIRECTION('',(0.,0.,1.));
#4557=DIRECTION('center_axis',(0.,0.,-1.));
#4558=DIRECTION('ref_axis',(-1.,0.,0.));
#4559=DIRECTION('center_axis',(0.,0.,1.));
#4560=DIRECTION('ref_axis',(-1.,0.,0.));
#4561=DIRECTION('center_axis',(0.,0.,1.));
#4562=DIRECTION('ref_axis',(-1.,0.,0.));
#4563=DIRECTION('',(0.,0.,1.));
#4564=DIRECTION('center_axis',(0.,0.,-1.));
#4565=DIRECTION('ref_axis',(-1.,0.,0.));
#4566=DIRECTION('center_axis',(0.,0.,1.));
#4567=DIRECTION('ref_axis',(-1.,0.,0.));
#4568=DIRECTION('center_axis',(0.,0.,1.));
#4569=DIRECTION('ref_axis',(-1.,0.,0.));
#4570=DIRECTION('',(0.,0.,1.));
#4571=DIRECTION('center_axis',(0.,0.,-1.));
#4572=DIRECTION('ref_axis',(-1.,0.,0.));
#4573=DIRECTION('center_axis',(0.,0.,1.));
#4574=DIRECTION('ref_axis',(-1.,0.,0.));
#4575=DIRECTION('center_axis',(0.,0.,1.));
#4576=DIRECTION('ref_axis',(-1.,0.,0.));
#4577=DIRECTION('',(0.,0.,1.));
#4578=DIRECTION('center_axis',(0.,0.,-1.));
#4579=DIRECTION('ref_axis',(-1.,0.,0.));
#4580=DIRECTION('center_axis',(0.,0.,1.));
#4581=DIRECTION('ref_axis',(-1.,0.,0.));
#4582=DIRECTION('center_axis',(0.,0.,1.));
#4583=DIRECTION('ref_axis',(-1.,0.,0.));
#4584=DIRECTION('',(0.,0.,1.));
#4585=DIRECTION('center_axis',(0.,0.,-1.));
#4586=DIRECTION('ref_axis',(-1.,0.,0.));
#4587=DIRECTION('center_axis',(0.,0.,1.));
#4588=DIRECTION('ref_axis',(-1.,0.,0.));
#4589=DIRECTION('center_axis',(0.,0.,1.));
#4590=DIRECTION('ref_axis',(-1.,0.,0.));
#4591=DIRECTION('',(0.,0.,1.));
#4592=DIRECTION('center_axis',(0.,0.,-1.));
#4593=DIRECTION('ref_axis',(-1.,0.,0.));
#4594=DIRECTION('center_axis',(0.,0.,1.));
#4595=DIRECTION('ref_axis',(-1.,0.,0.));
#4596=DIRECTION('center_axis',(0.,0.,1.));
#4597=DIRECTION('ref_axis',(-1.,0.,0.));
#4598=DIRECTION('',(0.,0.,1.));
#4599=DIRECTION('center_axis',(0.,0.,-1.));
#4600=DIRECTION('ref_axis',(-1.,0.,0.));
#4601=DIRECTION('center_axis',(0.,0.,1.));
#4602=DIRECTION('ref_axis',(-1.,0.,0.));
#4603=DIRECTION('center_axis',(0.,0.,1.));
#4604=DIRECTION('ref_axis',(-1.,0.,0.));
#4605=DIRECTION('',(0.,0.,1.));
#4606=DIRECTION('center_axis',(0.,0.,-1.));
#4607=DIRECTION('ref_axis',(-1.,0.,0.));
#4608=DIRECTION('center_axis',(0.,0.,1.));
#4609=DIRECTION('ref_axis',(-1.,0.,0.));
#4610=DIRECTION('center_axis',(0.,0.,1.));
#4611=DIRECTION('ref_axis',(-1.,0.,0.));
#4612=DIRECTION('',(0.,0.,1.));
#4613=DIRECTION('center_axis',(0.,0.,-1.));
#4614=DIRECTION('ref_axis',(-1.,0.,0.));
#4615=DIRECTION('center_axis',(0.,0.,1.));
#4616=DIRECTION('ref_axis',(-1.,0.,0.));
#4617=DIRECTION('center_axis',(0.,0.,1.));
#4618=DIRECTION('ref_axis',(-1.,0.,0.));
#4619=DIRECTION('',(0.,0.,1.));
#4620=DIRECTION('center_axis',(0.,0.,-1.));
#4621=DIRECTION('ref_axis',(-1.,0.,0.));
#4622=DIRECTION('center_axis',(0.,0.,1.));
#4623=DIRECTION('ref_axis',(-1.,0.,0.));
#4624=DIRECTION('center_axis',(0.,0.,1.));
#4625=DIRECTION('ref_axis',(-1.,0.,0.));
#4626=DIRECTION('',(0.,0.,1.));
#4627=DIRECTION('center_axis',(0.,0.,-1.));
#4628=DIRECTION('ref_axis',(-1.,0.,0.));
#4629=DIRECTION('center_axis',(0.,0.,-1.));
#4630=DIRECTION('ref_axis',(-1.,0.,0.));
#4631=DIRECTION('center_axis',(0.,0.,-1.));
#4632=DIRECTION('ref_axis',(-1.,0.,0.));
#4633=DIRECTION('',(0.,0.,-1.));
#4634=DIRECTION('center_axis',(0.,0.,-1.));
#4635=DIRECTION('ref_axis',(-1.,0.,0.));
#4636=DIRECTION('center_axis',(0.,0.,-1.));
#4637=DIRECTION('ref_axis',(-1.,0.,0.));
#4638=DIRECTION('',(0.,0.,-1.));
#4639=DIRECTION('center_axis',(0.,0.,-1.));
#4640=DIRECTION('ref_axis',(-1.,0.,0.));
#4641=DIRECTION('center_axis',(0.,0.,-1.));
#4642=DIRECTION('ref_axis',(-1.,0.,0.));
#4643=DIRECTION('',(0.,0.,-1.));
#4644=DIRECTION('center_axis',(0.,0.,-1.));
#4645=DIRECTION('ref_axis',(-1.,0.,0.));
#4646=DIRECTION('center_axis',(0.,0.,-1.));
#4647=DIRECTION('ref_axis',(-1.,0.,0.));
#4648=DIRECTION('',(0.,0.,-1.));
#4649=DIRECTION('center_axis',(0.,0.,-1.));
#4650=DIRECTION('ref_axis',(-1.,0.,0.));
#4651=DIRECTION('center_axis',(0.,0.,-1.));
#4652=DIRECTION('ref_axis',(-1.,0.,0.));
#4653=DIRECTION('',(0.,0.,-1.));
#4654=DIRECTION('center_axis',(0.,0.,-1.));
#4655=DIRECTION('ref_axis',(-1.,0.,0.));
#4656=DIRECTION('center_axis',(0.,0.,-1.));
#4657=DIRECTION('ref_axis',(-1.,0.,0.));
#4658=DIRECTION('',(0.,0.,-1.));
#4659=DIRECTION('center_axis',(0.,0.,-1.));
#4660=DIRECTION('ref_axis',(-1.,0.,0.));
#4661=DIRECTION('',(0.,0.,-1.));
#4662=DIRECTION('center_axis',(0.,0.,-1.));
#4663=DIRECTION('ref_axis',(-1.,0.,0.));
#4664=DIRECTION('',(0.,0.,-1.));
#4665=DIRECTION('center_axis',(0.,0.,-1.));
#4666=DIRECTION('ref_axis',(-1.,0.,0.));
#4667=DIRECTION('center_axis',(0.,0.,-1.));
#4668=DIRECTION('ref_axis',(-1.,0.,0.));
#4669=DIRECTION('',(0.,0.,-1.));
#4670=DIRECTION('center_axis',(0.,0.,-1.));
#4671=DIRECTION('ref_axis',(-1.,0.,0.));
#4672=DIRECTION('center_axis',(0.,0.,-1.));
#4673=DIRECTION('ref_axis',(-1.,0.,0.));
#4674=DIRECTION('',(0.,0.,-1.));
#4675=DIRECTION('center_axis',(0.,0.,-1.));
#4676=DIRECTION('ref_axis',(-1.,0.,0.));
#4677=DIRECTION('center_axis',(0.,0.,-1.));
#4678=DIRECTION('ref_axis',(-1.,0.,0.));
#4679=DIRECTION('',(0.,0.,-1.));
#4680=DIRECTION('center_axis',(0.,0.,-1.));
#4681=DIRECTION('ref_axis',(-1.,0.,0.));
#4682=DIRECTION('center_axis',(0.,0.,-1.));
#4683=DIRECTION('ref_axis',(-1.,0.,0.));
#4684=DIRECTION('',(0.,0.,-1.));
#4685=DIRECTION('center_axis',(0.,0.,-1.));
#4686=DIRECTION('ref_axis',(-1.,0.,0.));
#4687=DIRECTION('center_axis',(0.,0.,-1.));
#4688=DIRECTION('ref_axis',(-1.,0.,0.));
#4689=DIRECTION('',(0.,0.,-1.));
#4690=DIRECTION('center_axis',(0.,0.,-1.));
#4691=DIRECTION('ref_axis',(-1.,0.,0.));
#4692=DIRECTION('center_axis',(0.,0.,-1.));
#4693=DIRECTION('ref_axis',(-1.,0.,0.));
#4694=DIRECTION('',(0.,0.,-1.));
#4695=DIRECTION('center_axis',(0.,0.,-1.));
#4696=DIRECTION('ref_axis',(-1.,0.,0.));
#4697=DIRECTION('center_axis',(0.,0.,-1.));
#4698=DIRECTION('ref_axis',(-1.,0.,0.));
#4699=DIRECTION('',(0.,0.,-1.));
#4700=DIRECTION('center_axis',(0.,0.,-1.));
#4701=DIRECTION('ref_axis',(-1.,0.,0.));
#4702=DIRECTION('center_axis',(0.,0.,-1.));
#4703=DIRECTION('ref_axis',(-1.,0.,0.));
#4704=DIRECTION('',(0.,0.,-1.));
#4705=DIRECTION('center_axis',(-0.923879532511287,-0.38268343236509,0.));
#4706=DIRECTION('ref_axis',(3.8417321708322E-55,-9.27476190982813E-55,-1.));
#4707=DIRECTION('',(0.38268343236509,-0.923879532511287,0.));
#4708=DIRECTION('',(3.8417321708322E-55,-9.27476190982813E-55,-1.));
#4709=DIRECTION('',(0.38268343236509,-0.923879532511287,0.));
#4710=DIRECTION('center_axis',(0.,0.,-1.));
#4711=DIRECTION('ref_axis',(0.923879532511287,0.38268343236509,0.));
#4712=DIRECTION('',(0.923879532511287,0.38268343236509,0.));
#4713=DIRECTION('',(0.38268343236509,-0.923879532511287,0.));
#4714=DIRECTION('center_axis',(0.923879532511287,0.38268343236509,3.26265223399926E-55));
#4715=DIRECTION('ref_axis',(2.03015419181821E-39,-4.90122578359611E-39,
1.));
#4716=DIRECTION('',(2.03015419181821E-39,-4.90122578359611E-39,1.));
#4717=DIRECTION('',(0.38268343236509,-0.923879532511287,0.));
#4718=DIRECTION('center_axis',(0.,0.,1.));
#4719=DIRECTION('ref_axis',(-0.923879532511287,-0.38268343236509,0.));
#4720=DIRECTION('',(-0.923879532511287,-0.38268343236509,0.));
#4721=DIRECTION('center_axis',(0.38268343236509,-0.923879532511287,0.));
#4722=DIRECTION('ref_axis',(0.,0.,-1.));
#4723=DIRECTION('center_axis',(-0.382683432365165,-0.923879532511256,0.));
#4724=DIRECTION('ref_axis',(0.,0.,-1.));
#4725=DIRECTION('',(0.923879532511256,-0.382683432365165,0.));
#4726=DIRECTION('',(0.,0.,-1.));
#4727=DIRECTION('',(0.923879532511256,-0.382683432365165,0.));
#4728=DIRECTION('center_axis',(0.,0.,-1.));
#4729=DIRECTION('ref_axis',(0.382683432365165,0.923879532511256,0.));
#4730=DIRECTION('',(0.382683432365165,0.923879532511256,0.));
#4731=DIRECTION('',(0.923879532511256,-0.382683432365165,0.));
#4732=DIRECTION('center_axis',(0.382683432365165,0.923879532511256,1.18076700293481E-26));
#4733=DIRECTION('ref_axis',(-1.33904937679993E-13,5.5465241255777E-14,1.));
#4734=DIRECTION('',(-1.33904937679993E-13,5.5465241255777E-14,1.));
#4735=DIRECTION('',(0.923879532511256,-0.382683432365165,0.));
#4736=DIRECTION('center_axis',(0.,0.,1.));
#4737=DIRECTION('ref_axis',(-0.38268343236509,-0.923879532511287,0.));
#4738=DIRECTION('',(-0.38268343236509,-0.923879532511287,0.));
#4739=DIRECTION('center_axis',(0.923879532511256,-0.382683432365165,0.));
#4740=DIRECTION('ref_axis',(0.,0.,-1.));
#4741=DIRECTION('center_axis',(0.38268343236509,-0.923879532511287,0.));
#4742=DIRECTION('ref_axis',(0.,0.,-1.));
#4743=DIRECTION('',(0.923879532511287,0.38268343236509,0.));
#4744=DIRECTION('',(0.,0.,-1.));
#4745=DIRECTION('',(0.923879532511287,0.38268343236509,0.));
#4746=DIRECTION('center_axis',(0.,0.,-1.));
#4747=DIRECTION('ref_axis',(-0.38268343236509,0.923879532511287,0.));
#4748=DIRECTION('',(-0.38268343236509,0.923879532511287,0.));
#4749=DIRECTION('',(0.923879532511287,0.38268343236509,0.));
#4750=DIRECTION('center_axis',(-0.38268343236509,0.923879532511287,0.));
#4751=DIRECTION('ref_axis',(0.,0.,1.));
#4752=DIRECTION('',(0.,0.,1.));
#4753=DIRECTION('',(0.923879532511287,0.38268343236509,0.));
#4754=DIRECTION('center_axis',(0.,0.,1.));
#4755=DIRECTION('ref_axis',(0.38268343236509,-0.923879532511287,0.));
#4756=DIRECTION('',(0.38268343236509,-0.923879532511287,0.));
#4757=DIRECTION('center_axis',(0.923879532511287,0.38268343236509,0.));
#4758=DIRECTION('ref_axis',(0.,0.,-1.));
#4759=DIRECTION('center_axis',(0.923879532511287,-0.38268343236509,0.));
#4760=DIRECTION('ref_axis',(0.,0.,-1.));
#4761=DIRECTION('',(0.38268343236509,0.923879532511287,0.));
#4762=DIRECTION('',(0.,0.,-1.));
#4763=DIRECTION('',(0.38268343236509,0.923879532511287,0.));
#4764=DIRECTION('center_axis',(0.,0.,-1.));
#4765=DIRECTION('ref_axis',(-0.923879532511287,0.38268343236509,0.));
#4766=DIRECTION('',(-0.923879532511287,0.38268343236509,0.));
#4767=DIRECTION('',(0.38268343236509,0.923879532511287,0.));
#4768=DIRECTION('center_axis',(-0.923879532511287,0.38268343236509,0.));
#4769=DIRECTION('ref_axis',(0.,0.,1.));
#4770=DIRECTION('',(0.,0.,1.));
#4771=DIRECTION('',(0.38268343236509,0.923879532511287,0.));
#4772=DIRECTION('center_axis',(0.,0.,1.));
#4773=DIRECTION('ref_axis',(0.923879532511287,-0.38268343236509,0.));
#4774=DIRECTION('',(0.923879532511287,-0.38268343236509,0.));
#4775=DIRECTION('center_axis',(0.38268343236509,0.923879532511287,0.));
#4776=DIRECTION('ref_axis',(0.,0.,1.));
#4777=DIRECTION('center_axis',(0.923879532511287,0.38268343236509,0.));
#4778=DIRECTION('ref_axis',(0.,0.,-1.));
#4779=DIRECTION('',(-0.38268343236509,0.923879532511287,0.));
#4780=DIRECTION('',(0.,0.,-1.));
#4781=DIRECTION('center_axis',(0.,0.,1.));
#4782=DIRECTION('ref_axis',(0.923879532511287,0.38268343236509,0.));
#4783=DIRECTION('',(0.923879532511287,0.38268343236509,0.));
#4784=DIRECTION('center_axis',(-0.38268343236509,0.923879532511287,0.));
#4785=DIRECTION('ref_axis',(0.,0.,1.));
#4786=DIRECTION('center_axis',(0.382683432366381,0.923879532510752,0.));
#4787=DIRECTION('ref_axis',(0.,0.,-1.));
#4788=DIRECTION('',(-0.923879532510752,0.382683432366381,0.));
#4789=DIRECTION('',(0.,0.,-1.));
#4790=DIRECTION('',(-0.923879532510752,0.382683432366381,0.));
#4791=DIRECTION('center_axis',(0.,0.,-1.));
#4792=DIRECTION('ref_axis',(-0.382683432366381,-0.923879532510752,0.));
#4793=DIRECTION('',(-0.382683432366381,-0.923879532510752,0.));
#4794=DIRECTION('',(-0.923879532510752,0.382683432366381,0.));
#4795=DIRECTION('center_axis',(-0.382683432366381,-0.923879532510752,0.));
#4796=DIRECTION('ref_axis',(0.,0.,1.));
#4797=DIRECTION('',(0.,0.,1.));
#4798=DIRECTION('',(-0.923879532510752,0.382683432366381,0.));
#4799=DIRECTION('center_axis',(0.,0.,1.));
#4800=DIRECTION('ref_axis',(0.382683432366381,0.923879532510752,0.));
#4801=DIRECTION('',(0.382683432366381,0.923879532510752,0.));
#4802=DIRECTION('center_axis',(-0.923879532510752,0.382683432366381,0.));
#4803=DIRECTION('ref_axis',(0.,0.,1.));
#4804=DIRECTION('center_axis',(0.382683432365089,-0.923879532511287,0.));
#4805=DIRECTION('ref_axis',(0.,0.,1.));
#4806=DIRECTION('',(-0.923879532511287,-0.382683432365089,0.));
#4807=DIRECTION('',(0.,0.,1.));
#4808=DIRECTION('',(-0.923879532511287,-0.382683432365089,0.));
#4809=DIRECTION('center_axis',(0.,0.,1.));
#4810=DIRECTION('ref_axis',(-0.382683432365089,0.923879532511287,0.));
#4811=DIRECTION('',(-0.382683432365089,0.923879532511287,0.));
#4812=DIRECTION('',(-0.923879532511287,-0.382683432365089,0.));
#4813=DIRECTION('center_axis',(-0.382683432365089,0.923879532511287,0.));
#4814=DIRECTION('ref_axis',(0.,0.,-1.));
#4815=DIRECTION('',(0.,0.,-1.));
#4816=DIRECTION('',(-0.923879532511287,-0.382683432365089,0.));
#4817=DIRECTION('center_axis',(0.,0.,-1.));
#4818=DIRECTION('ref_axis',(0.382683432365089,-0.923879532511287,0.));
#4819=DIRECTION('',(0.382683432365089,-0.923879532511287,0.));
#4820=DIRECTION('center_axis',(-0.923879532511287,-0.382683432365089,0.));
#4821=DIRECTION('ref_axis',(0.,0.,1.));
#4822=DIRECTION('center_axis',(0.923879532511287,-0.38268343236509,0.));
#4823=DIRECTION('ref_axis',(0.,0.,1.));
#4824=DIRECTION('',(-0.38268343236509,-0.923879532511287,0.));
#4825=DIRECTION('',(0.,0.,1.));
#4826=DIRECTION('',(-0.38268343236509,-0.923879532511287,0.));
#4827=DIRECTION('center_axis',(0.,0.,1.));
#4828=DIRECTION('ref_axis',(-0.923879532511287,0.38268343236509,0.));
#4829=DIRECTION('',(-0.923879532511287,0.38268343236509,0.));
#4830=DIRECTION('',(-0.38268343236509,-0.923879532511287,0.));
#4831=DIRECTION('center_axis',(-0.923879532511287,0.38268343236509,0.));
#4832=DIRECTION('ref_axis',(0.,0.,-1.));
#4833=DIRECTION('',(0.,0.,-1.));
#4834=DIRECTION('',(-0.38268343236509,-0.923879532511287,0.));
#4835=DIRECTION('center_axis',(0.,0.,-1.));
#4836=DIRECTION('ref_axis',(0.923879532511287,-0.38268343236509,0.));
#4837=DIRECTION('',(0.923879532511287,-0.38268343236509,0.));
#4838=DIRECTION('center_axis',(-0.38268343236509,-0.923879532511287,0.));
#4839=DIRECTION('ref_axis',(0.,0.,-1.));
#4840=DIRECTION('center_axis',(1.,0.,0.));
#4841=DIRECTION('ref_axis',(0.,-1.,0.));
#4842=DIRECTION('',(1.,0.,0.));
#4843=DIRECTION('center_axis',(0.,1.,0.));
#4844=DIRECTION('ref_axis',(-1.,0.,0.));
#4845=DIRECTION('center_axis',(-1.,0.,0.));
#4846=DIRECTION('ref_axis',(0.,1.,0.));
#4847=DIRECTION('',(-1.,0.,0.));
#4848=DIRECTION('center_axis',(1.,1.61486985400023E-16,0.));
#4849=DIRECTION('ref_axis',(0.,1.,0.));
#4850=DIRECTION('center_axis',(-1.,0.,0.));
#4851=DIRECTION('ref_axis',(0.,1.,0.));
#4852=DIRECTION('',(0.,0.,-1.));
#4853=DIRECTION('',(0.,1.,0.));
#4854=DIRECTION('center_axis',(0.,1.,0.));
#4855=DIRECTION('ref_axis',(1.,0.,0.));
#4856=DIRECTION('',(1.,0.,0.));
#4857=DIRECTION('',(0.,0.,-1.));
#4858=DIRECTION('center_axis',(-1.,0.,0.));
#4859=DIRECTION('ref_axis',(0.,1.,0.));
#4860=DIRECTION('',(0.,1.,0.));
#4861=DIRECTION('',(0.,0.,-1.));
#4862=DIRECTION('center_axis',(0.,-1.,0.));
#4863=DIRECTION('ref_axis',(-1.,0.,0.));
#4864=DIRECTION('',(-1.,0.,0.));
#4865=DIRECTION('center_axis',(0.,-1.,0.));
#4866=DIRECTION('ref_axis',(-1.,0.,0.));
#4867=DIRECTION('',(0.,0.,-1.));
#4868=DIRECTION('',(-1.,0.,0.));
#4869=DIRECTION('center_axis',(-1.,0.,0.));
#4870=DIRECTION('ref_axis',(0.,1.,0.));
#4871=DIRECTION('',(0.,1.,0.));
#4872=DIRECTION('',(0.,0.,-1.));
#4873=DIRECTION('center_axis',(1.93715051055594E-7,-0.999999999999981,0.));
#4874=DIRECTION('ref_axis',(-0.999999999999981,-1.93715051055594E-7,0.));
#4875=DIRECTION('',(-0.999999999999981,-1.93715051055594E-7,0.));
#4876=DIRECTION('',(0.,0.,-1.));
#4877=DIRECTION('center_axis',(-1.,0.,0.));
#4878=DIRECTION('ref_axis',(0.,1.,0.));
#4879=DIRECTION('',(0.,1.,0.));
#4880=DIRECTION('center_axis',(-1.,0.,0.));
#4881=DIRECTION('ref_axis',(0.,1.,0.));
#4882=DIRECTION('',(0.,0.,-1.));
#4883=DIRECTION('',(0.,1.,0.));
#4884=DIRECTION('center_axis',(0.,1.,0.));
#4885=DIRECTION('ref_axis',(1.,0.,0.));
#4886=DIRECTION('',(1.,0.,0.));
#4887=DIRECTION('',(0.,0.,-1.));
#4888=DIRECTION('center_axis',(1.,0.,0.));
#4889=DIRECTION('ref_axis',(0.,-1.,0.));
#4890=DIRECTION('',(0.,-1.,0.));
#4891=DIRECTION('',(0.,0.,-1.));
#4892=DIRECTION('center_axis',(0.,1.,0.));
#4893=DIRECTION('ref_axis',(1.,0.,0.));
#4894=DIRECTION('',(1.,0.,0.));
#4895=DIRECTION('center_axis',(1.,0.,0.));
#4896=DIRECTION('ref_axis',(0.,-1.,0.));
#4897=DIRECTION('',(0.,0.,-1.));
#4898=DIRECTION('',(0.,-1.,0.));
#4899=DIRECTION('center_axis',(0.,-1.,0.));
#4900=DIRECTION('ref_axis',(-1.,0.,0.));
#4901=DIRECTION('',(-1.,0.,0.));
#4902=DIRECTION('',(0.,0.,-1.));
#4903=DIRECTION('center_axis',(0.999999999999981,1.9371505327604E-7,0.));
#4904=DIRECTION('ref_axis',(1.9371505327604E-7,-0.999999999999981,0.));
#4905=DIRECTION('',(1.9371505327604E-7,-0.999999999999981,0.));
#4906=DIRECTION('',(0.,0.,-1.));
#4907=DIRECTION('center_axis',(0.,-1.,0.));
#4908=DIRECTION('ref_axis',(-1.,0.,0.));
#4909=DIRECTION('',(-1.,0.,0.));
#4910=DIRECTION('center_axis',(0.,1.,0.));
#4911=DIRECTION('ref_axis',(1.,0.,0.));
#4912=DIRECTION('',(0.,1.,0.));
#4913=DIRECTION('center_axis',(0.,-1.,0.));
#4914=DIRECTION('ref_axis',(1.,0.,0.));
#4915=DIRECTION('center_axis',(0.,-1.,0.));
#4916=DIRECTION('ref_axis',(1.,0.,0.));
#4917=DIRECTION('center_axis',(0.,1.,0.));
#4918=DIRECTION('ref_axis',(-1.,0.,0.));
#4919=DIRECTION('',(1.,0.,0.));
#4920=DIRECTION('',(0.,0.,1.));
#4921=DIRECTION('',(0.,0.,1.));
#4922=DIRECTION('',(1.,0.,0.));
#4923=DIRECTION('center_axis',(-1.,0.,0.));
#4924=DIRECTION('ref_axis',(0.,1.,0.));
#4925=DIRECTION('',(-1.,0.,0.));
#4926=DIRECTION('center_axis',(1.,1.61486985400023E-16,0.));
#4927=DIRECTION('ref_axis',(0.,1.,0.));
#4928=DIRECTION('center_axis',(1.,1.61486985400023E-16,0.));
#4929=DIRECTION('ref_axis',(0.,1.,0.));
#4930=DIRECTION('center_axis',(-1.,-1.61486985400023E-16,0.));
#4931=DIRECTION('ref_axis',(1.61486985400023E-16,-1.,0.));
#4932=DIRECTION('',(0.,0.,1.));
#4933=DIRECTION('',(-1.61486985400023E-16,1.,0.));
#4934=DIRECTION('',(-1.61486985400023E-16,1.,0.));
#4935=DIRECTION('',(0.,0.,1.));
#4936=DIRECTION('center_axis',(0.,-1.,0.));
#4937=DIRECTION('ref_axis',(-1.,0.,0.));
#4938=DIRECTION('',(0.,-1.,0.));
#4939=DIRECTION('center_axis',(0.,1.,0.));
#4940=DIRECTION('ref_axis',(-1.,0.,0.));
#4941=DIRECTION('center_axis',(0.,1.,0.));
#4942=DIRECTION('ref_axis',(-1.,0.,0.));
#4943=DIRECTION('center_axis',(0.,-1.,0.));
#4944=DIRECTION('ref_axis',(1.,0.,0.));
#4945=DIRECTION('',(-1.,0.,0.));
#4946=DIRECTION('',(0.,0.,1.));
#4947=DIRECTION('',(0.,0.,1.));
#4948=DIRECTION('',(-1.,0.,0.));
#4949=DIRECTION('center_axis',(1.,0.,0.));
#4950=DIRECTION('ref_axis',(0.,-1.,0.));
#4951=DIRECTION('',(1.,0.,0.));
#4952=DIRECTION('center_axis',(0.,0.,1.));
#4953=DIRECTION('ref_axis',(-2.53765262771464E-16,-1.,0.));
#4954=DIRECTION('center_axis',(0.,0.,1.));
#4955=DIRECTION('ref_axis',(-2.53765262771464E-16,-1.,0.));
#4956=DIRECTION('center_axis',(0.,0.,1.));
#4957=DIRECTION('ref_axis',(1.,-1.01506105108586E-15,0.));
#4958=DIRECTION('center_axis',(0.,0.,1.));
#4959=DIRECTION('ref_axis',(1.,-1.01506105108586E-15,0.));
#4960=DIRECTION('center_axis',(0.,0.,1.));
#4961=DIRECTION('ref_axis',(1.01506105108586E-15,1.,0.));
#4962=DIRECTION('center_axis',(0.,0.,1.));
#4963=DIRECTION('ref_axis',(1.01506105108586E-15,1.,0.));
#4964=DIRECTION('center_axis',(0.,0.,1.));
#4965=DIRECTION('ref_axis',(-1.,-5.07530525542928E-16,0.));
#4966=DIRECTION('center_axis',(0.,0.,1.));
#4967=DIRECTION('ref_axis',(-1.,-5.07530525542928E-16,0.));
#4968=DIRECTION('center_axis',(0.,0.,-1.));
#4969=DIRECTION('ref_axis',(-1.,0.,0.));
#4970=DIRECTION('center_axis',(0.,0.,1.));
#4971=DIRECTION('ref_axis',(1.,0.,0.));
#4972=CARTESIAN_POINT('',(0.,0.,0.));
#4973=CARTESIAN_POINT('Origin',(15.500000372529,-120.,16.0000001197824));
#4974=CARTESIAN_POINT('',(12.000000372529,-120.,16.0000001197824));
#4975=CARTESIAN_POINT('Origin',(15.500000372529,-120.,16.0000001197824));
#4976=CARTESIAN_POINT('',(12.000000372529,-119.,16.0000001197824));
#4977=CARTESIAN_POINT('',(12.000000372529,-120.,16.0000001197824));
#4978=CARTESIAN_POINT('Origin',(15.500000372529,-119.,16.0000001197824));
#4979=CARTESIAN_POINT('Origin',(-2.74999962747097,-120.,22.2500003576279));
#4980=CARTESIAN_POINT('',(-2.74999962747097,-119.,26.2500003576279));
#4981=CARTESIAN_POINT('',(-2.74999962747097,-119.,22.2500003576279));
#4982=CARTESIAN_POINT('',(-2.74999962747097,-119.,26.6250003576279));
#4983=CARTESIAN_POINT('',(-2.74999962747097,-120.,26.2500003576279));
#4984=CARTESIAN_POINT('',(-2.74999962747097,-120.,26.2500003576279));
#4985=CARTESIAN_POINT('',(-2.74999962747097,-120.,22.2500003576279));
#4986=CARTESIAN_POINT('',(-2.74999962747097,-120.,19.8750002682209));
#4987=CARTESIAN_POINT('',(-2.74999962747097,-120.,22.2500003576279));
#4988=CARTESIAN_POINT('Origin',(1.25000037252903,-120.,22.2500003576279));
#4989=CARTESIAN_POINT('',(1.25000037252903,-119.,22.2500003576279));
#4990=CARTESIAN_POINT('',(13.125,-119.,22.2500003576279));
#4991=CARTESIAN_POINT('',(1.25000037252903,-120.,22.2500003576279));
#4992=CARTESIAN_POINT('',(0.625000182539224,-120.,22.2500003576279));
#4993=CARTESIAN_POINT('',(1.25000037252903,-120.,22.2500003576279));
#4994=CARTESIAN_POINT('Origin',(1.25000037252903,-120.,26.2500003576279));
#4995=CARTESIAN_POINT('',(1.25000037252903,-119.,26.2500003576279));
#4996=CARTESIAN_POINT('',(1.25000037252903,-119.,28.6250003576279));
#4997=CARTESIAN_POINT('',(1.25000037252903,-120.,26.2500003576279));
#4998=CARTESIAN_POINT('',(1.25000037252903,-120.,21.8750002682209));
#4999=CARTESIAN_POINT('',(1.25000037252903,-120.,26.2500003576279));
#5000=CARTESIAN_POINT('Origin',(-2.74999962747097,-120.,26.2500003576279));
#5001=CARTESIAN_POINT('',(11.125,-119.,26.2500003576279));
#5002=CARTESIAN_POINT('',(-1.37499981746078,-120.,26.2500003576279));
#5003=CARTESIAN_POINT('Origin',(6.00000037252903,-120.,16.0000001197824));
#5004=CARTESIAN_POINT('',(6.00000037252903,-119.,5.00000011978241));
#5005=CARTESIAN_POINT('',(6.00000037252903,-119.,16.0000001197824));
#5006=CARTESIAN_POINT('',(6.00000037252903,-119.,23.5000002387051));
#5007=CARTESIAN_POINT('',(6.00000037252903,-120.,5.00000011978241));
#5008=CARTESIAN_POINT('',(6.00000037252903,-120.,5.00000011978241));
#5009=CARTESIAN_POINT('',(6.00000037252903,-120.,16.0000001197824));
#5010=CARTESIAN_POINT('',(6.00000037252903,-120.,16.7500001492982));
#5011=CARTESIAN_POINT('',(6.00000037252903,-120.,16.0000001197824));
#5012=CARTESIAN_POINT('Origin',(-24.999999627471,-120.,16.0000001197824));
#5013=CARTESIAN_POINT('',(-24.999999627471,-119.,16.0000001197824));
#5014=CARTESIAN_POINT('',(-6.66133814775094E-15,-119.,16.0000001197824));
#5015=CARTESIAN_POINT('',(-24.999999627471,-120.,16.0000001197824));
#5016=CARTESIAN_POINT('',(-12.4999998174608,-120.,16.0000001197824));
#5017=CARTESIAN_POINT('',(-24.999999627471,-120.,16.0000001197824));
#5018=CARTESIAN_POINT('Origin',(24.999999627471,-119.,31.0000003576279));
#5019=CARTESIAN_POINT('',(-25.000000372529,-119.,34.0000003576279));
#5020=CARTESIAN_POINT('',(-25.000000372529,-119.,31.0000003576279));
#5021=CARTESIAN_POINT('',(24.999999627471,-119.,34.0000003576279));
#5022=CARTESIAN_POINT('',(25.5,-119.,34.0000003576279));
#5023=CARTESIAN_POINT('',(24.999999627471,-119.,5.00000035762787));
#5024=CARTESIAN_POINT('',(24.999999627471,-119.,31.0000003576279));
#5025=CARTESIAN_POINT('',(-25.000000372529,-119.,5.00000035762787));
#5026=CARTESIAN_POINT('Origin',(26.000000372529,-100.,34.0000003576279));
#5027=CARTESIAN_POINT('',(24.999999627471,-100.,34.0000003576279));
#5028=CARTESIAN_POINT('',(24.999999627471,-100.499998871237,34.0000003576279));
#5029=CARTESIAN_POINT('',(-24.9999994412065,-100.,34.0000003576279));
#5030=CARTESIAN_POINT('',(-24.9999994412065,-100.499998871237,34.0000003576279));
#5031=CARTESIAN_POINT('',(-26.0000003874302,-100.,34.0000003576279));
#5032=CARTESIAN_POINT('',(-36.9999998137355,-100.,34.0000003576279));
#5033=CARTESIAN_POINT('',(-26.0000003874302,-120.,34.0000003576279));
#5034=CARTESIAN_POINT('',(-26.0000003874302,-100.,34.0000003576279));
#5035=CARTESIAN_POINT('',(26.000000372529,-120.,34.0000003576279));
#5036=CARTESIAN_POINT('',(-26.0000003874302,-120.,34.0000003576279));
#5037=CARTESIAN_POINT('',(26.000000372529,-100.,34.0000003576279));
#5038=CARTESIAN_POINT('',(26.000000372529,-100.,34.0000003576279));
#5039=CARTESIAN_POINT('',(-36.9999998137355,-100.,34.0000003576279));
#5040=CARTESIAN_POINT('Origin',(-100.,-100.,4.));
#5041=CARTESIAN_POINT('',(-26.000000372529,-100.,4.00000035762787));
#5042=CARTESIAN_POINT('',(-26.0000003874302,-100.,17.5000001788139));
#5043=CARTESIAN_POINT('',(-24.9999994412065,-100.,31.0000003576279));
#5044=CARTESIAN_POINT('',(-24.9999994412065,-100.,17.5000001788139));
#5045=CARTESIAN_POINT('',(24.999999627471,-100.,31.0000003576279));
#5046=CARTESIAN_POINT('',(-36.9999998137355,-100.,31.0000003576279));
#5047=CARTESIAN_POINT('',(24.999999627471,-100.,17.5000001788139));
#5048=CARTESIAN_POINT('',(26.000000372529,-100.,4.00000005960464));
#5049=CARTESIAN_POINT('',(26.000000372529,-100.,17.5000001788139));
#5050=CARTESIAN_POINT('',(55.,-100.,4.));
#5051=CARTESIAN_POINT('',(100.,-100.,4.));
#5052=CARTESIAN_POINT('',(55.,-100.,74.));
#5053=CARTESIAN_POINT('',(55.,-100.,4.));
#5054=CARTESIAN_POINT('',(-55.,-100.,74.));
#5055=CARTESIAN_POINT('',(-100.,-100.,74.));
#5056=CARTESIAN_POINT('',(-55.,-100.,4.));
#5057=CARTESIAN_POINT('',(-55.,-100.,4.));
#5058=CARTESIAN_POINT('',(100.,-100.,4.));
#5059=CARTESIAN_POINT('',(-11.488,-100.,45.0000006705523));
#5060=CARTESIAN_POINT('Origin',(-0.488,-100.,45.0000006705523));
#5061=CARTESIAN_POINT('',(28.3318500323945,-100.,13.5000002086163));
#5062=CARTESIAN_POINT('',(28.3318500323945,-100.,26.5000002086163));
#5063=CARTESIAN_POINT('',(28.3318500323945,-100.,8.75000010430813));
#5064=CARTESIAN_POINT('',(53.3686640173578,-100.,26.5000002086163));
#5065=CARTESIAN_POINT('',(-18.6087707544065,-100.,26.5000002086163));
#5066=CARTESIAN_POINT('',(53.3686640173578,-100.,13.5000002086163));
#5067=CARTESIAN_POINT('',(53.3686640173579,-100.,15.2500001043081));
#5068=CARTESIAN_POINT('',(-7.92364202114722,-100.,13.5000002086163));
#5069=CARTESIAN_POINT('',(-54.5106335667764,-100.,13.5000002086163));
#5070=CARTESIAN_POINT('',(-54.5106335667764,-100.,26.5000002086163));
#5071=CARTESIAN_POINT('',(-54.5106335667764,-100.,8.75000010430814));
#5072=CARTESIAN_POINT('',(-29.473819581813,-100.,26.5000002086163));
#5073=CARTESIAN_POINT('',(-92.5636558398533,-100.,26.5000002086163));
#5074=CARTESIAN_POINT('',(-29.473819581813,-100.,13.5000002086163));
#5075=CARTESIAN_POINT('',(-29.473819581813,-100.,15.2500001043081));
#5076=CARTESIAN_POINT('',(-81.878527106594,-100.,13.5000002086163));
#5077=CARTESIAN_POINT('Origin',(-50.,-50.,4.));
#5078=CARTESIAN_POINT('',(-50.,-50.,4.));
#5079=CARTESIAN_POINT('',(-1.11022302462516E-14,-50.,4.));
#5080=CARTESIAN_POINT('',(-25.,-50.,4.));
#5081=CARTESIAN_POINT('',(-50.,-50.,6.));
#5082=CARTESIAN_POINT('',(-50.,-50.,4.));
#5083=CARTESIAN_POINT('',(-8.88178419700125E-15,-50.,6.));
#5084=CARTESIAN_POINT('',(0.,-50.,6.));
#5085=CARTESIAN_POINT('',(-1.11022302462516E-14,-50.,4.));
#5086=CARTESIAN_POINT('Origin',(-50.,25.5,4.));
#5087=CARTESIAN_POINT('',(-50.,25.5,4.));
#5088=CARTESIAN_POINT('',(-50.,12.75,4.));
#5089=CARTESIAN_POINT('',(-50.,25.5,6.));
#5090=CARTESIAN_POINT('',(-50.,25.5,4.));
#5091=CARTESIAN_POINT('',(-50.,-50.,6.));
#5092=CARTESIAN_POINT('Origin',(-48.,25.5,4.));
#5093=CARTESIAN_POINT('',(-48.,27.5,4.));
#5094=CARTESIAN_POINT('Origin',(-48.,25.5,4.));
#5095=CARTESIAN_POINT('',(-48.,27.5,6.));
#5096=CARTESIAN_POINT('',(-48.,27.5,4.));
#5097=CARTESIAN_POINT('Origin',(-48.,25.5,6.));
#5098=CARTESIAN_POINT('Origin',(-41.7582327212252,27.5,4.));
#5099=CARTESIAN_POINT('',(-41.7582327212252,27.5,4.));
#5100=CARTESIAN_POINT('',(-20.8791163606126,27.5,4.));
#5101=CARTESIAN_POINT('',(-41.7582327212252,27.5,6.));
#5102=CARTESIAN_POINT('',(-41.7582327212252,27.5,4.));
#5103=CARTESIAN_POINT('',(-48.,27.5,6.));
#5104=CARTESIAN_POINT('Origin',(0.,0.,4.));
#5105=CARTESIAN_POINT('',(-20.,45.8257569495584,4.));
#5106=CARTESIAN_POINT('Origin',(0.,0.,4.));
#5107=CARTESIAN_POINT('',(-20.,45.8257569495584,6.));
#5108=CARTESIAN_POINT('',(-20.,45.8257569495584,4.));
#5109=CARTESIAN_POINT('Origin',(0.,0.,6.));
#5110=CARTESIAN_POINT('Origin',(-20.,48.,4.));
#5111=CARTESIAN_POINT('',(-20.,48.,4.));
#5112=CARTESIAN_POINT('',(-20.0000000000001,24.,4.));
#5113=CARTESIAN_POINT('',(-20.,48.,6.));
#5114=CARTESIAN_POINT('',(-20.,48.,4.));
#5115=CARTESIAN_POINT('',(-20.,48.,6.));
#5116=CARTESIAN_POINT('Origin',(-18.,48.,4.));
#5117=CARTESIAN_POINT('',(-18.,50.,4.));
#5118=CARTESIAN_POINT('Origin',(-18.,48.,4.));
#5119=CARTESIAN_POINT('',(-18.,50.,6.));
#5120=CARTESIAN_POINT('',(-18.,50.,4.));
#5121=CARTESIAN_POINT('Origin',(-18.,48.,6.));
#5122=CARTESIAN_POINT('Origin',(0.,50.,4.));
#5123=CARTESIAN_POINT('',(0.,50.,4.));
#5124=CARTESIAN_POINT('',(0.,50.,4.));
#5125=CARTESIAN_POINT('',(0.,50.,6.));
#5126=CARTESIAN_POINT('',(0.,50.,4.));
#5127=CARTESIAN_POINT('',(0.,50.,6.));
#5128=CARTESIAN_POINT('Origin',(0.,0.,4.));
#5129=CARTESIAN_POINT('',(39.6200706713151,30.5,4.));
#5130=CARTESIAN_POINT('Origin',(0.,0.,4.));
#5131=CARTESIAN_POINT('',(39.6200706713151,30.5,6.));
#5132=CARTESIAN_POINT('',(39.6200706713151,30.5,4.));
#5133=CARTESIAN_POINT('Origin',(0.,0.,6.));
#5134=CARTESIAN_POINT('Origin',(44.2493243193887,30.5,4.));
#5135=CARTESIAN_POINT('',(44.2493243193887,30.5,4.));
#5136=CARTESIAN_POINT('',(22.1246621596943,30.5,4.));
#5137=CARTESIAN_POINT('',(44.2493243193887,30.5,6.));
#5138=CARTESIAN_POINT('',(44.2493243193887,30.5,4.));
#5139=CARTESIAN_POINT('',(44.2493243193887,30.5,6.));
#5140=CARTESIAN_POINT('Origin',(44.2493243193887,28.5,4.));
#5141=CARTESIAN_POINT('',(46.2493243193887,28.5,4.));
#5142=CARTESIAN_POINT('Origin',(44.2493243193887,28.5,4.));
#5143=CARTESIAN_POINT('',(46.2493243193887,28.5,6.));
#5144=CARTESIAN_POINT('',(46.2493243193887,28.5,4.));
#5145=CARTESIAN_POINT('Origin',(44.2493243193887,28.5,6.));
#5146=CARTESIAN_POINT('Origin',(46.2493243193887,19.,4.));
#5147=CARTESIAN_POINT('',(46.2493243193887,19.,4.));
#5148=CARTESIAN_POINT('',(46.2493243193887,9.50000000000002,4.));
#5149=CARTESIAN_POINT('',(46.2493243193887,19.,6.));
#5150=CARTESIAN_POINT('',(46.2493243193887,19.,4.));
#5151=CARTESIAN_POINT('',(46.2493243193887,19.,6.));
#5152=CARTESIAN_POINT('Origin',(0.,0.,4.));
#5153=CARTESIAN_POINT('Origin',(0.,0.,4.));
#5154=CARTESIAN_POINT('Origin',(0.,0.,6.));
#5155=CARTESIAN_POINT('Origin',(0.,0.,6.));
#5156=CARTESIAN_POINT('Origin',(-24.9999994412065,-89.9999977424741,31.0000003576279));
#5157=CARTESIAN_POINT('',(24.999999627471,-89.9999977424741,26.5000002086163));
#5158=CARTESIAN_POINT('',(24.1897134735657,-89.9999977424741,26.5000002086163));
#5159=CARTESIAN_POINT('',(18.8912295249903,-89.9999977424741,26.5000002086163));
#5160=CARTESIAN_POINT('',(24.999999627471,-89.9999977424741,31.0000003576279));
#5161=CARTESIAN_POINT('',(24.999999627471,-89.9999977424741,31.0000003576279));
#5162=CARTESIAN_POINT('',(-24.9999994412065,-89.9999977424741,31.0000003576279));
#5163=CARTESIAN_POINT('',(0.500000465661288,-89.9999977424741,31.0000003576279));
#5164=CARTESIAN_POINT('',(-24.9999994412065,-89.9999977424741,5.00000035762787));
#5165=CARTESIAN_POINT('',(-24.9999994412065,-89.9999977424741,31.0000003576279));
#5166=CARTESIAN_POINT('',(24.999999627471,-89.9999977424741,5.00000035762787));
#5167=CARTESIAN_POINT('',(-24.9999994412065,-89.9999977424741,5.00000035762787));
#5168=CARTESIAN_POINT('',(24.999999627471,-89.9999977424741,13.5000002086163));
#5169=CARTESIAN_POINT('',(24.999999627471,-89.9999977424741,31.0000003576279));
#5170=CARTESIAN_POINT('',(24.1897134735657,-89.9999977424741,13.5000002086163));
#5171=CARTESIAN_POINT('',(29.5763582582495,-89.9999977424741,13.5000002086163));
#5172=CARTESIAN_POINT('',(24.1897134735657,-89.9999977424741,22.2500002831221));
#5173=CARTESIAN_POINT('Origin',(-24.9999994412065,-100.999997742474,31.0000003576279));
#5174=CARTESIAN_POINT('',(-24.9999994412065,-100.999997742474,31.0000003576279));
#5175=CARTESIAN_POINT('',(24.999999627471,-100.999997742474,31.0000003576279));
#5176=CARTESIAN_POINT('Origin',(62.782458491187,-183.171126173222,13.5000002086163));
#5177=CARTESIAN_POINT('',(24.999999627471,-91.9562015646354,13.5000002086163));
#5178=CARTESIAN_POINT('',(24.999999627471,-91.9562015646354,26.5000002086163));
#5179=CARTESIAN_POINT('',(24.999999627471,-91.9562015646354,22.2500002831221));
#5180=CARTESIAN_POINT('',(62.782458491187,-183.171126173222,26.5000002086163));
#5181=CARTESIAN_POINT('',(62.782458491187,-183.171126173222,13.5000002086163));
#5182=CARTESIAN_POINT('Origin',(62.782458491187,-183.171126173222,13.5000002086163));
#5183=CARTESIAN_POINT('',(16.8604466073762,-72.3055822718677,13.5000002086163));
#5184=CARTESIAN_POINT('',(62.782458491187,-183.171126173222,13.5000002086163));
#5185=CARTESIAN_POINT('',(16.8604466073762,-72.3055822718677,26.5000002086163));
#5186=CARTESIAN_POINT('',(16.8604466073762,-72.3055822718677,26.5000002086163));
#5187=CARTESIAN_POINT('',(62.782458491187,-183.171126173222,26.5000002086163));
#5188=CARTESIAN_POINT('Origin',(84.1527159577056,-174.319275699185,13.5000002086163));
#5189=CARTESIAN_POINT('',(24.999999627471,-137.65963672083,13.5000002086163));
#5190=CARTESIAN_POINT('',(38.2307040738948,-63.4537317978308,13.5000002086163));
#5191=CARTESIAN_POINT('',(84.1527159577056,-174.319275699185,13.5000002086163));
#5192=CARTESIAN_POINT('',(16.8604466073762,-72.3055822718677,13.5000002086163));
#5193=CARTESIAN_POINT('',(38.0613479734174,-71.2608752803928,13.5000002086163));
#5194=CARTESIAN_POINT('Origin',(35.0613479734174,-71.2608752803928,13.5000002086163));
#5195=CARTESIAN_POINT('',(27.6184869678223,-75.5864499388874,13.5000002086163));
#5196=CARTESIAN_POINT('Origin',(24.6184869678224,-75.5864499388874,13.5000002086163));
#5197=CARTESIAN_POINT('Origin',(24.999999627471,-100.999997742474,31.0000003576279));
#5198=CARTESIAN_POINT('',(24.999999627471,-142.085561957848,26.5000002086163));
#5199=CARTESIAN_POINT('',(24.999999627471,-119.,5.00000035762787));
#5200=CARTESIAN_POINT('Origin',(-25.000000372529,-119.,31.0000003576279));
#5201=CARTESIAN_POINT('',(-24.999999627471,-120.,5.00000011978241));
#5202=CARTESIAN_POINT('',(-24.9999994412065,-100.999997742474,5.00000035762787));
#5203=CARTESIAN_POINT('',(-24.999999627471,-120.,11.2500001492982));
#5204=CARTESIAN_POINT('Origin',(-3.72529034287084E-7,-109.999998871237,
5.00000035762787));
#5205=CARTESIAN_POINT('',(3.00000018253922,-120.,5.00000011978241));
#5206=CARTESIAN_POINT('Origin',(26.000000372529,-100.,4.00000005960464));
#5207=CARTESIAN_POINT('',(26.000000372529,-120.,4.00000005960464));
#5208=CARTESIAN_POINT('',(26.000000372529,-120.,24.0000003576279));
#5209=CARTESIAN_POINT('',(26.000000372529,-100.,4.00000005960464));
#5210=CARTESIAN_POINT('Origin',(-26.000000372529,-100.,31.0000003576279));
#5211=CARTESIAN_POINT('',(-26.000000372529,-120.,4.00000035762787));
#5212=CARTESIAN_POINT('',(-26.000000372529,-100.,4.00000035762787));
#5213=CARTESIAN_POINT('',(-26.0000003874302,-120.,31.0000003576279));
#5214=CARTESIAN_POINT('Origin',(-7.45057793238857E-9,-120.,17.5000001788139));
#5215=CARTESIAN_POINT('',(-26.000000372529,-120.,4.00000035762787));
#5216=CARTESIAN_POINT('Origin',(0.,0.,13.));
#5217=CARTESIAN_POINT('',(-45.0000007748604,56.0000009834766,13.));
#5218=CARTESIAN_POINT('',(-45.0000007748604,51.0000009089708,13.));
#5219=CARTESIAN_POINT('',(-45.0000007748604,28.0000004917383,13.));
#5220=CARTESIAN_POINT('',(-57.0000007748604,56.0000009834766,13.));
#5221=CARTESIAN_POINT('',(-28.5000003874302,56.0000009834766,13.));
#5222=CARTESIAN_POINT('',(-57.,60.,13.));
#5223=CARTESIAN_POINT('',(-57.0000058114533,30.0000055208828,13.));
#5224=CARTESIAN_POINT('',(-80.,60.,13.));
#5225=CARTESIAN_POINT('',(-40.,60.,13.));
#5226=CARTESIAN_POINT('',(-80.,47.,13.));
#5227=CARTESIAN_POINT('',(-80.,23.5,13.));
#5228=CARTESIAN_POINT('',(-57.,47.,13.));
#5229=CARTESIAN_POINT('',(-28.5,47.,13.));
#5230=CARTESIAN_POINT('',(-57.0000007748604,51.0000009089708,13.));
#5231=CARTESIAN_POINT('',(-56.9999958351254,25.4999949336073,13.));
#5232=CARTESIAN_POINT('',(-22.5000003874302,51.0000009089708,13.));
#5233=CARTESIAN_POINT('Origin',(0.,0.,13.));
#5234=CARTESIAN_POINT('',(-56.,-57.,13.));
#5235=CARTESIAN_POINT('',(-56.,-45.,13.));
#5236=CARTESIAN_POINT('',(-56.,-28.5,13.));
#5237=CARTESIAN_POINT('',(-60.,-57.,13.));
#5238=CARTESIAN_POINT('',(-30.,-57.,13.));
#5239=CARTESIAN_POINT('',(-60.,-80.,13.));
#5240=CARTESIAN_POINT('',(-60.,-40.,13.));
#5241=CARTESIAN_POINT('',(-47.,-80.,13.));
#5242=CARTESIAN_POINT('',(-23.5,-80.,13.));
#5243=CARTESIAN_POINT('',(-47.,-57.,13.));
#5244=CARTESIAN_POINT('',(-47.,-28.5,13.));
#5245=CARTESIAN_POINT('',(-51.,-57.,13.));
#5246=CARTESIAN_POINT('',(-25.5,-57.,13.));
#5247=CARTESIAN_POINT('',(-51.,-45.,13.));
#5248=CARTESIAN_POINT('',(-51.,-22.5,13.));
#5249=CARTESIAN_POINT('',(-28.,-45.,13.));
#5250=CARTESIAN_POINT('Origin',(0.,0.,13.));
#5251=CARTESIAN_POINT('',(56.0000009089708,45.0000005960464,13.));
#5252=CARTESIAN_POINT('',(51.0000009089708,45.0000005960464,13.));
#5253=CARTESIAN_POINT('',(28.0000004544854,45.0000005960464,13.));
#5254=CARTESIAN_POINT('',(56.0000009089708,57.0000007748604,13.));
#5255=CARTESIAN_POINT('',(56.0000009089708,28.5000003874302,13.));
#5256=CARTESIAN_POINT('',(60.,57.,13.));
#5257=CARTESIAN_POINT('',(30.0000055208826,57.0000058114531,13.));
#5258=CARTESIAN_POINT('',(60.,80.,13.));
#5259=CARTESIAN_POINT('',(60.,40.,13.));
#5260=CARTESIAN_POINT('',(47.,80.,13.));
#5261=CARTESIAN_POINT('',(23.5,80.,13.));
#5262=CARTESIAN_POINT('',(47.,57.,13.));
#5263=CARTESIAN_POINT('',(47.,28.5,13.));
#5264=CARTESIAN_POINT('',(51.0000009089708,57.0000007748604,13.));
#5265=CARTESIAN_POINT('',(25.4999949336073,56.9999958351254,13.));
#5266=CARTESIAN_POINT('',(51.0000009089708,22.5000002980232,13.));
#5267=CARTESIAN_POINT('Origin',(0.,0.,13.));
#5268=CARTESIAN_POINT('',(57.,-60.,13.));
#5269=CARTESIAN_POINT('',(57.,-56.,13.));
#5270=CARTESIAN_POINT('',(57.,-30.,13.));
#5271=CARTESIAN_POINT('',(80.,-60.,13.));
#5272=CARTESIAN_POINT('',(40.,-60.,13.));
#5273=CARTESIAN_POINT('',(80.,-47.,13.));
#5274=CARTESIAN_POINT('',(80.,-23.5,13.));
#5275=CARTESIAN_POINT('',(57.,-47.,13.));
#5276=CARTESIAN_POINT('',(28.5,-47.,13.));
#5277=CARTESIAN_POINT('',(57.,-51.,13.));
#5278=CARTESIAN_POINT('',(57.,-25.5,13.));
#5279=CARTESIAN_POINT('',(45.,-51.,13.));
#5280=CARTESIAN_POINT('',(22.5,-51.,13.));
#5281=CARTESIAN_POINT('',(45.,-56.,13.));
#5282=CARTESIAN_POINT('',(45.,-28.,13.));
#5283=CARTESIAN_POINT('',(28.5,-56.,13.));
#5284=CARTESIAN_POINT('Origin',(0.,0.,13.));
#5285=CARTESIAN_POINT('',(-32.060417539725,71.2603227261817,13.));
#5286=CARTESIAN_POINT('Origin',(-35.060417539725,71.2603227261817,13.));
#5287=CARTESIAN_POINT('Origin',(0.,0.,13.));
#5288=CARTESIAN_POINT('',(-21.6175565341302,75.5858973846762,13.));
#5289=CARTESIAN_POINT('Origin',(-24.6175565341302,75.5858973846762,13.));
#5290=CARTESIAN_POINT('Origin',(0.,0.,13.));
#5291=CARTESIAN_POINT('',(28.5939344136114,75.1716838223029,13.));
#5292=CARTESIAN_POINT('Origin',(25.5939344136114,75.1716838223029,13.));
#5293=CARTESIAN_POINT('Origin',(0.,0.,13.));
#5294=CARTESIAN_POINT('',(39.0369469064779,70.8464748868685,13.));
#5295=CARTESIAN_POINT('Origin',(36.0369469064779,70.8464748868685,13.));
#5296=CARTESIAN_POINT('Origin',(0.,0.,13.));
#5297=CARTESIAN_POINT('',(74.2523835813442,35.0570108411489,13.));
#5298=CARTESIAN_POINT('Origin',(71.2523835813442,35.0570108411489,13.));
#5299=CARTESIAN_POINT('Origin',(0.,0.,13.));
#5300=CARTESIAN_POINT('',(78.5866388786281,24.6177454738708,13.));
#5301=CARTESIAN_POINT('Origin',(75.5866388786281,24.6177454738708,13.));
#5302=CARTESIAN_POINT('Origin',(0.,0.,13.));
#5303=CARTESIAN_POINT('',(78.1727910393339,-25.5938969611578,13.));
#5304=CARTESIAN_POINT('Origin',(75.1727910393339,-25.5938969611578,13.));
#5305=CARTESIAN_POINT('Origin',(0.,0.,13.));
#5306=CARTESIAN_POINT('',(73.8555312965494,-36.0402021177822,13.));
#5307=CARTESIAN_POINT('Origin',(70.8555312965494,-36.0402021177822,13.));
#5308=CARTESIAN_POINT('Origin',(0.,0.,13.));
#5309=CARTESIAN_POINT('',(38.0613479734174,-71.2608752803928,13.));
#5310=CARTESIAN_POINT('Origin',(35.0613479734174,-71.2608752803928,13.));
#5311=CARTESIAN_POINT('Origin',(0.,0.,13.));
#5312=CARTESIAN_POINT('',(27.6184869678223,-75.5864499388874,13.));
#5313=CARTESIAN_POINT('Origin',(24.6184869678224,-75.5864499388874,13.));
#5314=CARTESIAN_POINT('Origin',(0.,0.,13.));
#5315=CARTESIAN_POINT('',(-22.5965996182357,-75.1809170153033,13.));
#5316=CARTESIAN_POINT('Origin',(-25.5965996182357,-75.1809170153033,13.));
#5317=CARTESIAN_POINT('Origin',(0.,0.,13.));
#5318=CARTESIAN_POINT('',(-33.0394606238306,-70.8553423568087,13.));
#5319=CARTESIAN_POINT('Origin',(-36.0394606238306,-70.8553423568087,13.));
#5320=CARTESIAN_POINT('Origin',(0.,0.,13.));
#5321=CARTESIAN_POINT('',(-68.2601337864412,-35.0611590336767,13.));
#5322=CARTESIAN_POINT('Origin',(-71.2601337864412,-35.0611590336767,13.));
#5323=CARTESIAN_POINT('Origin',(0.,0.,13.));
#5324=CARTESIAN_POINT('',(-72.5857084449358,-24.6182980280818,13.));
#5325=CARTESIAN_POINT('Origin',(-75.5857084449358,-24.6182980280818,13.));
#5326=CARTESIAN_POINT('Origin',(0.,0.,13.));
#5327=CARTESIAN_POINT('',(-72.1801755213565,25.5967885579682,13.));
#5328=CARTESIAN_POINT('Origin',(-75.1801755213565,25.5967885579682,13.));
#5329=CARTESIAN_POINT('Origin',(0.,0.,13.));
#5330=CARTESIAN_POINT('',(-67.8546008628571,36.0396495635711,13.));
#5331=CARTESIAN_POINT('Origin',(-70.8546008628571,36.0396495635711,13.));
#5332=CARTESIAN_POINT('Origin',(100.,100.,4.));
#5333=CARTESIAN_POINT('',(-55.,100.,74.));
#5334=CARTESIAN_POINT('',(-55.,100.,4.));
#5335=CARTESIAN_POINT('',(-55.,100.,4.));
#5336=CARTESIAN_POINT('',(55.,100.,74.));
#5337=CARTESIAN_POINT('',(100.,100.,74.));
#5338=CARTESIAN_POINT('',(55.,100.,4.));
#5339=CARTESIAN_POINT('',(55.,100.,4.));
#5340=CARTESIAN_POINT('',(-100.,100.,4.));
#5341=CARTESIAN_POINT('',(11.488,100.,45.));
#5342=CARTESIAN_POINT('Origin',(0.488,100.,45.));
#5343=CARTESIAN_POINT('',(29.4790992288857,100.,26.5000003874302));
#5344=CARTESIAN_POINT('',(29.4790992288857,100.,13.5000003874302));
#5345=CARTESIAN_POINT('',(29.4790992288857,100.,15.2500001937151));
#5346=CARTESIAN_POINT('',(54.5159132138491,100.,13.5000003874302));
#5347=CARTESIAN_POINT('',(81.8789529684881,100.,13.5000003874302));
#5348=CARTESIAN_POINT('',(54.5159132138491,100.,26.5000003874302));
#5349=CARTESIAN_POINT('',(54.5159132138491,100.,8.7500001937151));
#5350=CARTESIAN_POINT('',(92.5640817017474,100.,26.5000003874302));
#5351=CARTESIAN_POINT('',(-28.3311484741504,100.,13.5000002086163));
#5352=CARTESIAN_POINT('',(-28.3311484741504,100.,26.5000002086163));
#5353=CARTESIAN_POINT('',(-28.3311484741504,100.,8.75000010430814));
#5354=CARTESIAN_POINT('',(-53.3679624591138,100.,26.5000002086163));
#5355=CARTESIAN_POINT('',(18.6092359712526,100.,26.5000002086163));
#5356=CARTESIAN_POINT('',(-53.3679624591138,100.,13.5000002086163));
#5357=CARTESIAN_POINT('',(-53.3679624591138,100.,15.2500001043081));
#5358=CARTESIAN_POINT('',(7.92410723799336,100.,13.5000002086163));
#5359=CARTESIAN_POINT('Origin',(-55.,55.,4.));
#5360=CARTESIAN_POINT('',(-100.,55.,4.));
#5361=CARTESIAN_POINT('',(-100.,55.,84.0658350974743));
#5362=CARTESIAN_POINT('',(-100.,55.,4.));
#5363=CARTESIAN_POINT('',(-86.1247489949718,87.5,74.));
#5364=CARTESIAN_POINT('Ctrl Pts',(-100.,55.,84.0658350974743));
#5365=CARTESIAN_POINT('Ctrl Pts',(-100.,56.3255659914199,83.157610091096));
#5366=CARTESIAN_POINT('Ctrl Pts',(-99.940931976165,57.727002739583,82.2800984062185));
#5367=CARTESIAN_POINT('Ctrl Pts',(-99.6336515825225,61.0222760427622,80.4150640967355));
#5368=CARTESIAN_POINT('Ctrl Pts',(-99.3373808504303,62.9470836589839,79.4628789984005));
#5369=CARTESIAN_POINT('Ctrl Pts',(-98.4628838081501,66.8295066913082,77.8023432808573));
#5370=CARTESIAN_POINT('Ctrl Pts',(-97.8835354965388,68.7896896525919,77.092625498035));
#5371=CARTESIAN_POINT('Ctrl Pts',(-96.4615522556565,72.6094532031371,75.9256378400524));
#5372=CARTESIAN_POINT('Ctrl Pts',(-95.6186970057481,74.4687916138389,75.4678438144476));
#5373=CARTESIAN_POINT('Ctrl Pts',(-93.8011228032789,77.8691615841783,74.7871351320994));
#5374=CARTESIAN_POINT('Ctrl Pts',(-92.7684948074585,79.5475303865785,74.5288359296686));
#5375=CARTESIAN_POINT('Ctrl Pts',(-90.4294370199948,82.8171788762781,74.1674046046522));
#5376=CARTESIAN_POINT('Ctrl Pts',(-89.122947099038,84.4083538344466,74.0637144230713));
#5377=CARTESIAN_POINT('Ctrl Pts',(-87.1956607619626,86.4484142620183,74.0070259778946));
#5378=CARTESIAN_POINT('Ctrl Pts',(-86.6661756038245,86.981484083085,74.));
#5379=CARTESIAN_POINT('Ctrl Pts',(-86.1247489949718,87.5,74.));
#5380=CARTESIAN_POINT('Origin',(-55.,55.,74.));
#5381=CARTESIAN_POINT('Origin',(-55.,55.,4.));
#5382=CARTESIAN_POINT('Origin',(-100.,100.,4.));
#5383=CARTESIAN_POINT('',(-100.,-55.,85.2660282759552));
#5384=CARTESIAN_POINT('',(-100.,-55.,4.));
#5385=CARTESIAN_POINT('',(-100.,-55.,4.));
#5386=CARTESIAN_POINT('',(-100.,-30.,134.));
#5387=CARTESIAN_POINT('Origin',(-100.,-90.,134.));
#5388=CARTESIAN_POINT('',(-100.,-30.,144.));
#5389=CARTESIAN_POINT('',(-100.,-30.,74.));
#5390=CARTESIAN_POINT('',(-100.,30.,144.));
#5391=CARTESIAN_POINT('Origin',(-100.,0.,144.));
#5392=CARTESIAN_POINT('',(-100.,30.,131.5));
#5393=CARTESIAN_POINT('',(-100.,30.,74.));
#5394=CARTESIAN_POINT('Origin',(-100.,87.5,131.5));
#5395=CARTESIAN_POINT('',(-100.,-100.,4.));
#5396=CARTESIAN_POINT('',(-100.,54.511129643361,13.5000002086163));
#5397=CARTESIAN_POINT('',(-100.,54.5111296433611,26.5000002086163));
#5398=CARTESIAN_POINT('',(-100.,54.5111296433611,8.75000010430814));
#5399=CARTESIAN_POINT('',(-100.,29.4743156583968,26.5000002086163));
#5400=CARTESIAN_POINT('',(-100.,92.5637503097239,26.5000002086163));
#5401=CARTESIAN_POINT('',(-100.,29.4743156583968,13.5000002086163));
#5402=CARTESIAN_POINT('',(-100.,29.4743156583968,15.2500001043081));
#5403=CARTESIAN_POINT('',(-100.,81.8786215764646,13.5000002086163));
#5404=CARTESIAN_POINT('',(-100.,-28.3319682295051,13.5000002011657));
#5405=CARTESIAN_POINT('',(-100.,-28.3319682295051,26.5000002011657));
#5406=CARTESIAN_POINT('',(-100.,-28.3319682295051,8.75000010058284));
#5407=CARTESIAN_POINT('',(-100.,-53.3687822144684,26.5000002011657));
#5408=CARTESIAN_POINT('',(-100.,18.6088652242768,26.5000002011657));
#5409=CARTESIAN_POINT('',(-100.,-53.3687822144684,13.5000002011657));
#5410=CARTESIAN_POINT('',(-100.,-53.3687822144685,15.2500001005828));
#5411=CARTESIAN_POINT('',(-100.,7.92373649101751,13.5000002011657));
#5412=CARTESIAN_POINT('',(-100.,12.5,149.));
#5413=CARTESIAN_POINT('Origin',(-100.,-1.35308431126191E-14,149.));
#5414=CARTESIAN_POINT('',(-100.,11.488,45.0000006705523));
#5415=CARTESIAN_POINT('Origin',(-100.,0.488,45.0000006705523));
#5416=CARTESIAN_POINT('Origin',(-55.,-55.,4.));
#5417=CARTESIAN_POINT('',(-83.2842712474619,-90.,74.));
#5418=CARTESIAN_POINT('Origin',(-55.,-55.,74.));
#5419=CARTESIAN_POINT('Ctrl Pts',(-83.2842712474619,-90.,74.));
#5420=CARTESIAN_POINT('Ctrl Pts',(-84.8392925878512,-88.7433529889382,74.));
#5421=CARTESIAN_POINT('Ctrl Pts',(-86.3363661129865,-87.3596296061727,74.0398917345853));
#5422=CARTESIAN_POINT('Ctrl Pts',(-89.1393808195345,-84.3892759265781,74.2441116317129));
#5423=CARTESIAN_POINT('Ctrl Pts',(-90.4437762898481,-82.7986136210603,74.4108853324157));
#5424=CARTESIAN_POINT('Ctrl Pts',(-92.7767186784186,-79.5345414204813,74.8967282680608));
#5425=CARTESIAN_POINT('Ctrl Pts',(-93.8053424966509,-77.8612672607406,75.2163399972857));
#5426=CARTESIAN_POINT('Ctrl Pts',(-95.6209781157241,-74.4645240478432,76.0183018647017));
#5427=CARTESIAN_POINT('Ctrl Pts',(-96.4642669559206,-72.6030082170132,76.5420825747362));
#5428=CARTESIAN_POINT('Ctrl Pts',(-97.8853827489245,-68.7838774945371,77.8400165251542));
#5429=CARTESIAN_POINT('Ctrl Pts',(-98.4634571533756,-66.8265255748924,78.6146725424453));
#5430=CARTESIAN_POINT('Ctrl Pts',(-99.3358538642374,-62.9542980892646,80.3989323059139));
#5431=CARTESIAN_POINT('Ctrl Pts',(-99.6312943733199,-61.0369843706378,81.4099193713621));
#5432=CARTESIAN_POINT('Ctrl Pts',(-99.9404424854905,-57.7405465378208,83.3815578454121));
#5433=CARTESIAN_POINT('Ctrl Pts',(-100.,-56.3311022444012,84.3100508149379));
#5434=CARTESIAN_POINT('Ctrl Pts',(-100.,-55.,85.2660282759552));
#5435=CARTESIAN_POINT('Origin',(-55.,-55.,4.));
#5436=CARTESIAN_POINT('Origin',(57.,-51.,34.));
#5437=CARTESIAN_POINT('',(57.,-47.,34.));
#5438=CARTESIAN_POINT('',(57.,-47.,34.));
#5439=CARTESIAN_POINT('',(57.,-51.,34.));
#5440=CARTESIAN_POINT('',(57.,-25.5,34.));
#5441=CARTESIAN_POINT('',(57.,-51.,34.));
#5442=CARTESIAN_POINT('Origin',(57.,-47.,34.));
#5443=CARTESIAN_POINT('',(80.,-47.,34.));
#5444=CARTESIAN_POINT('',(80.,-47.,34.));
#5445=CARTESIAN_POINT('',(28.5,-47.,34.));
#5446=CARTESIAN_POINT('Origin',(80.,-47.,34.));
#5447=CARTESIAN_POINT('',(80.,-60.,34.));
#5448=CARTESIAN_POINT('',(80.,-60.,34.));
#5449=CARTESIAN_POINT('',(80.,-23.5,34.));
#5450=CARTESIAN_POINT('Origin',(80.,-60.,34.));
#5451=CARTESIAN_POINT('',(57.,-60.,34.));
#5452=CARTESIAN_POINT('',(57.,-60.,34.));
#5453=CARTESIAN_POINT('',(40.,-60.,34.));
#5454=CARTESIAN_POINT('Origin',(47.,80.,34.));
#5455=CARTESIAN_POINT('',(60.,80.,34.));
#5456=CARTESIAN_POINT('',(60.,80.,34.));
#5457=CARTESIAN_POINT('',(47.,80.,34.));
#5458=CARTESIAN_POINT('',(23.5,80.,34.));
#5459=CARTESIAN_POINT('',(47.,80.,34.));
#5460=CARTESIAN_POINT('Origin',(60.,80.,34.));
#5461=CARTESIAN_POINT('',(60.,57.,34.));
#5462=CARTESIAN_POINT('',(60.,57.,34.));
#5463=CARTESIAN_POINT('',(60.,40.,34.));
#5464=CARTESIAN_POINT('Origin',(60.,57.,34.));
#5465=CARTESIAN_POINT('',(56.0000009089708,57.0000007748604,34.));
#5466=CARTESIAN_POINT('',(56.0000009089708,57.0000007748604,34.));
#5467=CARTESIAN_POINT('',(30.0000055208826,57.0000058114531,34.));
#5468=CARTESIAN_POINT('Origin',(56.0000009089708,57.0000007748604,34.));
#5469=CARTESIAN_POINT('',(56.0000009089708,45.0000005960464,34.));
#5470=CARTESIAN_POINT('',(56.0000009089708,45.0000005960464,34.));
#5471=CARTESIAN_POINT('',(56.0000009089708,28.5000003874302,34.));
#5472=CARTESIAN_POINT('Origin',(-47.,-57.,34.));
#5473=CARTESIAN_POINT('',(-47.,-80.,34.));
#5474=CARTESIAN_POINT('',(-47.,-80.,34.));
#5475=CARTESIAN_POINT('',(-47.,-57.,34.));
#5476=CARTESIAN_POINT('',(-47.,-28.5,34.));
#5477=CARTESIAN_POINT('',(-47.,-57.,34.));
#5478=CARTESIAN_POINT('Origin',(-47.,-80.,34.));
#5479=CARTESIAN_POINT('',(-60.,-80.,34.));
#5480=CARTESIAN_POINT('',(-60.,-80.,34.));
#5481=CARTESIAN_POINT('',(-23.5,-80.,34.));
#5482=CARTESIAN_POINT('Origin',(-60.,-80.,34.));
#5483=CARTESIAN_POINT('',(-60.,-57.,34.));
#5484=CARTESIAN_POINT('',(-60.,-57.,34.));
#5485=CARTESIAN_POINT('',(-60.,-40.,34.));
#5486=CARTESIAN_POINT('Origin',(-60.,-57.,34.));
#5487=CARTESIAN_POINT('',(-56.,-57.,34.));
#5488=CARTESIAN_POINT('',(-56.,-57.,34.));
#5489=CARTESIAN_POINT('',(-30.,-57.,34.));
#5490=CARTESIAN_POINT('Origin',(-80.,47.,34.));
#5491=CARTESIAN_POINT('',(-80.,60.,34.));
#5492=CARTESIAN_POINT('',(-80.,60.,34.));
#5493=CARTESIAN_POINT('',(-80.,47.,34.));
#5494=CARTESIAN_POINT('',(-80.,23.5,34.));
#5495=CARTESIAN_POINT('',(-80.,47.,34.));
#5496=CARTESIAN_POINT('Origin',(-80.,60.,34.));
#5497=CARTESIAN_POINT('',(-57.,60.,34.));
#5498=CARTESIAN_POINT('',(-57.,60.,34.));
#5499=CARTESIAN_POINT('',(-40.,60.,34.));
#5500=CARTESIAN_POINT('Origin',(-57.,60.,34.));
#5501=CARTESIAN_POINT('',(-57.0000007748604,56.0000009834766,34.));
#5502=CARTESIAN_POINT('',(-57.0000007748604,56.0000009834766,34.));
#5503=CARTESIAN_POINT('',(-57.0000058114533,30.0000055208828,34.));
#5504=CARTESIAN_POINT('Origin',(-57.0000007748604,56.0000009834766,34.));
#5505=CARTESIAN_POINT('',(-45.0000007748604,56.0000009834766,34.));
#5506=CARTESIAN_POINT('',(-45.0000007748604,56.0000009834766,34.));
#5507=CARTESIAN_POINT('',(-28.5000003874302,56.0000009834766,34.));
#5508=CARTESIAN_POINT('Origin',(55.,-55.,4.));
#5509=CARTESIAN_POINT('',(100.,-55.,4.));
#5510=CARTESIAN_POINT('',(100.,-55.,85.2660282759552));
#5511=CARTESIAN_POINT('',(100.,-55.,4.));
#5512=CARTESIAN_POINT('',(83.2842712474619,-90.,74.));
#5513=CARTESIAN_POINT('Ctrl Pts',(100.,-55.,85.2660282759552));
#5514=CARTESIAN_POINT('Ctrl Pts',(100.,-56.3311022444012,84.3100508149379));
#5515=CARTESIAN_POINT('Ctrl Pts',(99.9404424854905,-57.7405465378208,83.3815578454121));
#5516=CARTESIAN_POINT('Ctrl Pts',(99.6312943733199,-61.0369843706378,81.4099193713621));
#5517=CARTESIAN_POINT('Ctrl Pts',(99.3358538642374,-62.9542980892646,80.3989323059139));
#5518=CARTESIAN_POINT('Ctrl Pts',(98.4634571533757,-66.8265255748924,78.6146725424453));
#5519=CARTESIAN_POINT('Ctrl Pts',(97.8853827489245,-68.7838774945371,77.8400165251542));
#5520=CARTESIAN_POINT('Ctrl Pts',(96.4642669559206,-72.6030082170132,76.5420825747362));
#5521=CARTESIAN_POINT('Ctrl Pts',(95.620978115724,-74.4645240478432,76.0183018647017));
#5522=CARTESIAN_POINT('Ctrl Pts',(93.8053424966509,-77.8612672607406,75.2163399972857));
#5523=CARTESIAN_POINT('Ctrl Pts',(92.7767186784186,-79.5345414204813,74.8967282680608));
#5524=CARTESIAN_POINT('Ctrl Pts',(90.4437762898481,-82.7986136210603,74.4108853324157));
#5525=CARTESIAN_POINT('Ctrl Pts',(89.1393808195345,-84.3892759265781,74.2441116317129));
#5526=CARTESIAN_POINT('Ctrl Pts',(86.3363661129865,-87.3596296061727,74.0398917345853));
#5527=CARTESIAN_POINT('Ctrl Pts',(84.8392925878512,-88.7433529889382,74.));
#5528=CARTESIAN_POINT('Ctrl Pts',(83.2842712474619,-90.,74.));
#5529=CARTESIAN_POINT('Origin',(55.,-55.,74.));
#5530=CARTESIAN_POINT('Origin',(55.,-55.,4.));
#5531=CARTESIAN_POINT('Origin',(0.,0.,74.));
#5532=CARTESIAN_POINT('',(55.,-90.,74.));
#5533=CARTESIAN_POINT('',(45.,-90.,74.));
#5534=CARTESIAN_POINT('',(-55.,-90.,74.));
#5535=CARTESIAN_POINT('',(-55.,-90.,74.));
#5536=CARTESIAN_POINT('',(-50.,-90.,74.));
#5537=CARTESIAN_POINT('Origin',(45.,-90.,134.));
#5538=CARTESIAN_POINT('',(100.000001217326,-30.,134.));
#5539=CARTESIAN_POINT('Origin',(100.,-90.,134.));
#5540=CARTESIAN_POINT('',(90.,-30.,134.));
#5541=CARTESIAN_POINT('',(45.,-30.,134.));
#5542=CARTESIAN_POINT('',(90.,-55.,85.2660282759552));
#5543=CARTESIAN_POINT('Origin',(90.,-90.,134.));
#5544=CARTESIAN_POINT('Ctrl Pts',(90.,-54.999999999985,85.266028275966));
#5545=CARTESIAN_POINT('Ctrl Pts',(90.0000000000002,-55.459154574717,84.9362704182106));
#5546=CARTESIAN_POINT('Ctrl Pts',(89.9909528284019,-55.9267494280665,84.6103068244086));
#5547=CARTESIAN_POINT('Ctrl Pts',(89.9134803221962,-57.8600909712198,83.3035889880021));
#5548=CARTESIAN_POINT('Ctrl Pts',(89.7595388776826,-59.3860852222154,82.3675059132223));
#5549=CARTESIAN_POINT('Ctrl Pts',(89.2274505409062,-62.4796339283261,80.654375461436));
#5550=CARTESIAN_POINT('Ctrl Pts',(88.8485882513296,-64.0487644786296,79.8763292111432));
#5551=CARTESIAN_POINT('Ctrl Pts',(87.8717070047522,-67.1267449825682,78.5053825171163));
#5552=CARTESIAN_POINT('Ctrl Pts',(87.2734263608461,-68.6353867701137,77.9122012116517));
#5553=CARTESIAN_POINT('Ctrl Pts',(85.8024832781647,-71.7207618766471,76.8251587508402));
#5554=CARTESIAN_POINT('Ctrl Pts',(84.7852445417724,-73.495391115378,76.2885380988783));
#5555=CARTESIAN_POINT('Ctrl Pts',(82.4109404329516,-76.860481125687,75.4306565658819));
#5556=CARTESIAN_POINT('Ctrl Pts',(81.0532917039337,-78.4497355447511,75.106281565461));
#5557=CARTESIAN_POINT('Ctrl Pts',(78.1521159269451,-81.3388032352317,74.6079073562345));
#5558=CARTESIAN_POINT('Ctrl Pts',(76.4045063249204,-82.7868561407904,74.4213119538872));
#5559=CARTESIAN_POINT('Ctrl Pts',(72.5945760994005,-85.342925985595,74.1672232379424));
#5560=CARTESIAN_POINT('Ctrl Pts',(70.5324067853702,-86.4510382313443,74.0984215919544));
#5561=CARTESIAN_POINT('Ctrl Pts',(66.2285379223069,-88.2316629982168,74.0194432344259));
#5562=CARTESIAN_POINT('Ctrl Pts',(63.9833571115633,-88.9056579244992,74.0083512758011));
#5563=CARTESIAN_POINT('Ctrl Pts',(59.4672232891045,-89.7899160732859,73.9987386302907));
#5564=CARTESIAN_POINT('Ctrl Pts',(57.196235639678,-90.,74.));
#5565=CARTESIAN_POINT('Ctrl Pts',(55.,-90.,74.));
#5566=CARTESIAN_POINT('Origin',(100.,-100.,4.));
#5567=CARTESIAN_POINT('',(100.,55.,84.0658350974743));
#5568=CARTESIAN_POINT('',(100.,55.,4.));
#5569=CARTESIAN_POINT('',(100.,55.,4.));
#5570=CARTESIAN_POINT('',(100.000001217326,30.,131.5));
#5571=CARTESIAN_POINT('Origin',(100.,87.5,131.5));
#5572=CARTESIAN_POINT('',(100.000001217326,30.,74.));
#5573=CARTESIAN_POINT('',(100.000001217326,30.,74.));
#5574=CARTESIAN_POINT('',(100.000001217326,-30.,74.));
#5575=CARTESIAN_POINT('',(100.,-100.,74.));
#5576=CARTESIAN_POINT('',(100.000001217326,-30.,74.));
#5577=CARTESIAN_POINT('',(100.,100.,4.));
#5578=CARTESIAN_POINT('',(100.,-54.4100628264718,13.5000002086163));
#5579=CARTESIAN_POINT('',(100.,-54.4100628264718,26.5000002086163));
#5580=CARTESIAN_POINT('',(100.,-54.4100628264718,8.75000010430813));
#5581=CARTESIAN_POINT('',(100.,-29.373248841494,26.5000002086163));
#5582=CARTESIAN_POINT('',(100.,-92.519100211049,26.5000002086163));
#5583=CARTESIAN_POINT('',(100.,-29.373248841494,13.5000002086163));
#5584=CARTESIAN_POINT('',(100.,-29.373248841494,15.2500001043081));
#5585=CARTESIAN_POINT('',(100.,-81.8339714777959,13.5000002086163));
#5586=CARTESIAN_POINT('',(100.,53.3637239240707,26.5000003874302));
#5587=CARTESIAN_POINT('',(100.,53.3637239240707,13.5000003874302));
#5588=CARTESIAN_POINT('',(100.,53.3637239240707,15.2500001937151));
#5589=CARTESIAN_POINT('',(100.,28.3269099391073,13.5000003874302));
#5590=CARTESIAN_POINT('',(100.,-7.92756905148767,13.5000003874302));
#5591=CARTESIAN_POINT('',(100.,28.3269099391073,26.5000003874302));
#5592=CARTESIAN_POINT('',(100.,28.3269099391073,8.7500001937151));
#5593=CARTESIAN_POINT('',(100.,-18.6126977847469,26.5000003874302));
#5594=CARTESIAN_POINT('',(100.,-11.488,45.0000006705523));
#5595=CARTESIAN_POINT('Origin',(100.,-0.488,45.0000006705523));
#5596=CARTESIAN_POINT('Origin',(-50.,-90.,134.));
#5597=CARTESIAN_POINT('',(-90.,-55.,85.2660282759552));
#5598=CARTESIAN_POINT('Ctrl Pts',(-55.,-90.,74.));
#5599=CARTESIAN_POINT('Ctrl Pts',(-57.196235639678,-90.,74.));
#5600=CARTESIAN_POINT('Ctrl Pts',(-59.4672232891045,-89.7899160732859,73.9987386302907));
#5601=CARTESIAN_POINT('Ctrl Pts',(-63.9833571115633,-88.9056579244992,74.0083512758011));
#5602=CARTESIAN_POINT('Ctrl Pts',(-66.2285379223069,-88.2316629982168,74.0194432344259));
#5603=CARTESIAN_POINT('Ctrl Pts',(-70.5324067853702,-86.4510382313443,74.0984215919544));
#5604=CARTESIAN_POINT('Ctrl Pts',(-72.5945760994005,-85.342925985595,74.1672232379424));
#5605=CARTESIAN_POINT('Ctrl Pts',(-76.4045063249204,-82.7868561407904,74.4213119538872));
#5606=CARTESIAN_POINT('Ctrl Pts',(-78.1521159269451,-81.3388032352317,74.6079073562345));
#5607=CARTESIAN_POINT('Ctrl Pts',(-81.0532917039337,-78.4497355447511,75.106281565461));
#5608=CARTESIAN_POINT('Ctrl Pts',(-82.4109404329516,-76.860481125687,75.4306565658819));
#5609=CARTESIAN_POINT('Ctrl Pts',(-84.7852445417724,-73.495391115378,76.2885380988783));
#5610=CARTESIAN_POINT('Ctrl Pts',(-85.8024832781647,-71.7207618766471,76.8251587508402));
#5611=CARTESIAN_POINT('Ctrl Pts',(-87.2734263608461,-68.6353867701137,77.9122012116517));
#5612=CARTESIAN_POINT('Ctrl Pts',(-87.8717070047522,-67.1267449825682,78.5053825171163));
#5613=CARTESIAN_POINT('Ctrl Pts',(-88.8485882513296,-64.0487644786296,79.8763292111432));
#5614=CARTESIAN_POINT('Ctrl Pts',(-89.2274505409062,-62.4796339283261,80.654375461436));
#5615=CARTESIAN_POINT('Ctrl Pts',(-89.7595388776826,-59.3860852222154,82.3675059132223));
#5616=CARTESIAN_POINT('Ctrl Pts',(-89.9134803221962,-57.8600909712198,83.3035889880021));
#5617=CARTESIAN_POINT('Ctrl Pts',(-89.9909528284015,-55.926749428076,84.6103068244022));
#5618=CARTESIAN_POINT('Ctrl Pts',(-89.9999999999999,-55.4591545747357,84.9362704181976));
#5619=CARTESIAN_POINT('Ctrl Pts',(-90.,-55.0000000000125,85.2660282759462));
#5620=CARTESIAN_POINT('',(-89.9999985098839,-30.,134.));
#5621=CARTESIAN_POINT('Origin',(-90.,-90.,134.));
#5622=CARTESIAN_POINT('',(-50.,-30.,134.));
#5623=CARTESIAN_POINT('Origin',(0.,0.,74.));
#5624=CARTESIAN_POINT('',(-67.9903810567666,87.5,74.));
#5625=CARTESIAN_POINT('',(-44.9999992549419,87.5,74.));
#5626=CARTESIAN_POINT('',(-55.,90.,74.));
#5627=CARTESIAN_POINT('Origin',(-55.,55.,74.));
#5628=CARTESIAN_POINT('',(55.,90.,74.));
#5629=CARTESIAN_POINT('',(55.,90.,74.));
#5630=CARTESIAN_POINT('',(67.9903810567666,87.5,74.));
#5631=CARTESIAN_POINT('Origin',(55.,55.,74.));
#5632=CARTESIAN_POINT('',(86.1247489949718,87.5,74.));
#5633=CARTESIAN_POINT('',(50.000000608663,87.5,74.));
#5634=CARTESIAN_POINT('Origin',(55.,55.,74.));
#5635=CARTESIAN_POINT('Origin',(-44.9999992549419,87.5,131.5));
#5636=CARTESIAN_POINT('',(-89.9999985098839,30.,131.5));
#5637=CARTESIAN_POINT('',(-44.9999992549419,30.,131.5));
#5638=CARTESIAN_POINT('',(-90.,55.,84.0658350974743));
#5639=CARTESIAN_POINT('Origin',(-90.,87.5,131.5));
#5640=CARTESIAN_POINT('Ctrl Pts',(-90.,55.,84.0658350974743));
#5641=CARTESIAN_POINT('Ctrl Pts',(-90.,55.6762474555345,83.6024972828414));
#5642=CARTESIAN_POINT('Ctrl Pts',(-89.9803541750314,56.3636084583158,83.1528581584885));
#5643=CARTESIAN_POINT('Ctrl Pts',(-89.8386442958283,58.7688372276713,81.6518853890702));
#5644=CARTESIAN_POINT('Ctrl Pts',(-89.6068284478232,60.5280197320196,80.6812666312521));
#5645=CARTESIAN_POINT('Ctrl Pts',(-88.8641049643324,64.0229691576797,78.9751448980897));
#5646=CARTESIAN_POINT('Ctrl Pts',(-88.3527221346258,65.7585092709147,78.2393842278066));
#5647=CARTESIAN_POINT('Ctrl Pts',(-87.022037341305,69.2651054473223,76.9323777720183));
#5648=CARTESIAN_POINT('Ctrl Pts',(-86.0747042069035,71.2577397056533,76.3067273358572));
#5649=CARTESIAN_POINT('Ctrl Pts',(-83.765628865395,75.0621520590034,75.3269788782356));
#5650=CARTESIAN_POINT('Ctrl Pts',(-82.402885983428,76.8723346449217,74.9690484625539));
#5651=CARTESIAN_POINT('Ctrl Pts',(-79.4465527043071,80.1564327720387,74.4436545600553));
#5652=CARTESIAN_POINT('Ctrl Pts',(-77.6498299962823,81.7955598310721,74.2652246044188));
#5653=CARTESIAN_POINT('Ctrl Pts',(-73.6909245847892,84.6928638561545,74.0501946156357));
#5654=CARTESIAN_POINT('Ctrl Pts',(-71.5289424271305,85.9511916680031,74.0119380971717));
#5655=CARTESIAN_POINT('Ctrl Pts',(-68.8392273928947,87.1509916036896,74.0007554366957));
#5656=CARTESIAN_POINT('Ctrl Pts',(-68.4164447391128,87.3297006280577,74.));
#5657=CARTESIAN_POINT('Ctrl Pts',(-67.9903810567666,87.5,74.));
#5658=CARTESIAN_POINT('Origin',(55.,55.,4.));
#5659=CARTESIAN_POINT('Ctrl Pts',(86.1247489949718,87.5,74.));
#5660=CARTESIAN_POINT('Ctrl Pts',(86.6661756038245,86.981484083085,74.));
#5661=CARTESIAN_POINT('Ctrl Pts',(87.1956607619626,86.4484142620183,74.0070259778946));
#5662=CARTESIAN_POINT('Ctrl Pts',(89.122947099038,84.4083538344465,74.0637144230713));
#5663=CARTESIAN_POINT('Ctrl Pts',(90.4294370199948,82.8171788762781,74.1674046046522));
#5664=CARTESIAN_POINT('Ctrl Pts',(92.7684948074585,79.5475303865785,74.5288359296686));
#5665=CARTESIAN_POINT('Ctrl Pts',(93.8011228032789,77.8691615841782,74.7871351320995));
#5666=CARTESIAN_POINT('Ctrl Pts',(95.6186970057481,74.4687916138389,75.4678438144476));
#5667=CARTESIAN_POINT('Ctrl Pts',(96.4615522556565,72.6094532031371,75.9256378400524));
#5668=CARTESIAN_POINT('Ctrl Pts',(97.8835354965388,68.7896896525919,77.092625498035));
#5669=CARTESIAN_POINT('Ctrl Pts',(98.4628838081501,66.8295066913082,77.8023432808573));
#5670=CARTESIAN_POINT('Ctrl Pts',(99.3373808504303,62.9470836589839,79.4628789984005));
#5671=CARTESIAN_POINT('Ctrl Pts',(99.6336515825225,61.0222760427622,80.4150640967355));
#5672=CARTESIAN_POINT('Ctrl Pts',(99.940931976165,57.727002739583,82.2800984062185));
#5673=CARTESIAN_POINT('Ctrl Pts',(100.,56.3255659914199,83.157610091096));
#5674=CARTESIAN_POINT('Ctrl Pts',(100.,55.,84.0658350974743));
#5675=CARTESIAN_POINT('Origin',(55.,55.,4.));
#5676=CARTESIAN_POINT('Origin',(50.000000608663,87.5,131.5));
#5677=CARTESIAN_POINT('',(90.,55.,84.0658350974743));
#5678=CARTESIAN_POINT('Ctrl Pts',(67.9903810568227,87.4999999999775,74.));
#5679=CARTESIAN_POINT('Ctrl Pts',(68.4164447391499,87.3297006280419,74.0000000000001));
#5680=CARTESIAN_POINT('Ctrl Pts',(68.8392273929131,87.1509916036813,74.0007554366958));
#5681=CARTESIAN_POINT('Ctrl Pts',(71.5289424271305,85.9511916680032,74.0119380971717));
#5682=CARTESIAN_POINT('Ctrl Pts',(73.6909245847892,84.6928638561545,74.0501946156357));
#5683=CARTESIAN_POINT('Ctrl Pts',(77.6498299962823,81.7955598310721,74.2652246044188));
#5684=CARTESIAN_POINT('Ctrl Pts',(79.4465527043071,80.1564327720387,74.4436545600553));
#5685=CARTESIAN_POINT('Ctrl Pts',(82.402885983428,76.8723346449217,74.9690484625539));
#5686=CARTESIAN_POINT('Ctrl Pts',(83.765628865395,75.0621520590034,75.3269788782356));
#5687=CARTESIAN_POINT('Ctrl Pts',(86.0747042069035,71.2577397056533,76.3067273358572));
#5688=CARTESIAN_POINT('Ctrl Pts',(87.022037341305,69.2651054473223,76.9323777720183));
#5689=CARTESIAN_POINT('Ctrl Pts',(88.3527221346258,65.7585092709147,78.2393842278066));
#5690=CARTESIAN_POINT('Ctrl Pts',(88.8641049643324,64.0229691576797,78.9751448980897));
#5691=CARTESIAN_POINT('Ctrl Pts',(89.6068284478232,60.5280197320196,80.6812666312521));
#5692=CARTESIAN_POINT('Ctrl Pts',(89.8386442958283,58.7688372276713,81.6518853890702));
#5693=CARTESIAN_POINT('Ctrl Pts',(89.9803541750314,56.3636084583158,83.1528581584885));
#5694=CARTESIAN_POINT('Ctrl Pts',(90.,55.6762474555346,83.6024972828414));
#5695=CARTESIAN_POINT('Ctrl Pts',(90.,55.,84.0658350974743));
#5696=CARTESIAN_POINT('',(90.,30.,131.5));
#5697=CARTESIAN_POINT('Origin',(90.,87.5,131.5));
#5698=CARTESIAN_POINT('',(50.000000608663,30.,131.5));
#5699=CARTESIAN_POINT('Origin',(-90.,-55.,34.));
#5700=CARTESIAN_POINT('',(-89.9999985098839,-30.,144.));
#5701=CARTESIAN_POINT('',(-89.9999985098839,30.,144.));
#5702=CARTESIAN_POINT('Origin',(-90.,1.77635683940025E-14,144.));
#5703=CARTESIAN_POINT('',(-89.9999985098839,-30.,74.));
#5704=CARTESIAN_POINT('',(-90.,-55.,34.));
#5705=CARTESIAN_POINT('',(-90.,-55.,34.));
#5706=CARTESIAN_POINT('',(-90.,0.488,34.));
#5707=CARTESIAN_POINT('',(-90.,-27.5,34.));
#5708=CARTESIAN_POINT('',(-90.,11.488,45.0000006705523));
#5709=CARTESIAN_POINT('Origin',(-90.,0.488,45.0000006705523));
#5710=CARTESIAN_POINT('Origin',(-90.,0.488,45.0000006705523));
#5711=CARTESIAN_POINT('',(-90.,55.,34.));
#5712=CARTESIAN_POINT('',(-90.,-27.5,34.));
#5713=CARTESIAN_POINT('',(-90.,55.,34.));
#5714=CARTESIAN_POINT('',(-89.9999985098839,30.,74.));
#5715=CARTESIAN_POINT('',(-90.,12.5,149.));
#5716=CARTESIAN_POINT('Origin',(-90.,-1.35308431126191E-14,149.));
#5717=CARTESIAN_POINT('Origin',(100.000001151453,-30.,74.));
#5718=CARTESIAN_POINT('',(100.000001217326,-30.,144.));
#5719=CARTESIAN_POINT('',(100.000001217326,30.,144.));
#5720=CARTESIAN_POINT('Origin',(100.000000745058,0.,144.));
#5721=CARTESIAN_POINT('',(100.000001217326,-30.,74.));
#5722=CARTESIAN_POINT('',(100.000001217326,30.,74.));
#5723=CARTESIAN_POINT('',(100.000000745058,-12.5,149.));
#5724=CARTESIAN_POINT('Origin',(100.000000745058,4.49986253228847E-21,149.));
#5725=CARTESIAN_POINT('Origin',(92.5000003043315,0.,144.));
#5726=CARTESIAN_POINT('',(90.,30.,144.));
#5727=CARTESIAN_POINT('',(97.5000009129945,30.,144.));
#5728=CARTESIAN_POINT('',(90.,-30.,144.));
#5729=CARTESIAN_POINT('Origin',(90.,0.,144.));
#5730=CARTESIAN_POINT('',(92.5000003043315,-30.,144.));
#5731=CARTESIAN_POINT('Origin',(90.,-30.,74.));
#5732=CARTESIAN_POINT('',(90.,-30.,74.));
#5733=CARTESIAN_POINT('Origin',(-97.499999627471,0.,144.));
#5734=CARTESIAN_POINT('',(-92.4999988824129,30.,144.));
#5735=CARTESIAN_POINT('',(-97.499999627471,-30.,144.));
#5736=CARTESIAN_POINT('Origin',(-100.,-30.,74.));
#5737=CARTESIAN_POINT('Origin',(100.000001217326,30.,74.));
#5738=CARTESIAN_POINT('',(90.,30.,74.));
#5739=CARTESIAN_POINT('Origin',(75.1727910393339,-25.5938969611578,11.0000003874302));
#5740=CARTESIAN_POINT('',(78.1727910393339,-25.5938969611578,26.5000002086163));
#5741=CARTESIAN_POINT('Origin',(75.1727910393339,-25.5938969611578,26.5000002086163));
#5742=CARTESIAN_POINT('',(78.1727910393339,-25.5938969611578,34.));
#5743=CARTESIAN_POINT('',(78.1727910393339,-25.5938969611578,11.0000003874302));
#5744=CARTESIAN_POINT('Origin',(75.1727910393339,-25.5938969611578,34.));
#5745=CARTESIAN_POINT('Origin',(71.2523835813442,35.0570108411489,11.0000003874302));
#5746=CARTESIAN_POINT('',(74.2523835813442,35.0570108411489,26.5000003874302));
#5747=CARTESIAN_POINT('Origin',(71.2523835813442,35.0570108411489,26.5000003874302));
#5748=CARTESIAN_POINT('',(74.2523835813442,35.0570108411489,34.));
#5749=CARTESIAN_POINT('',(74.2523835813442,35.0570108411489,11.0000003874302));
#5750=CARTESIAN_POINT('Origin',(71.2523835813442,35.0570108411489,34.));
#5751=CARTESIAN_POINT('Origin',(25.5939344136114,75.1716838223029,11.0000003874302));
#5752=CARTESIAN_POINT('',(28.5939344136114,75.1716838223029,26.5000003874302));
#5753=CARTESIAN_POINT('Origin',(25.5939344136114,75.1716838223029,26.5000003874302));
#5754=CARTESIAN_POINT('',(28.5939344136114,75.1716838223029,34.));
#5755=CARTESIAN_POINT('',(28.5939344136114,75.1716838223029,11.0000003874302));
#5756=CARTESIAN_POINT('Origin',(25.5939344136114,75.1716838223029,34.));
#5757=CARTESIAN_POINT('Origin',(-35.060417539725,71.2603227261817,11.0000003874302));
#5758=CARTESIAN_POINT('',(-32.060417539725,71.2603227261817,26.5000002086163));
#5759=CARTESIAN_POINT('Origin',(-35.060417539725,71.2603227261817,26.5000002086163));
#5760=CARTESIAN_POINT('',(-32.060417539725,71.2603227261817,34.));
#5761=CARTESIAN_POINT('',(-32.060417539725,71.2603227261817,11.0000003874302));
#5762=CARTESIAN_POINT('Origin',(-35.060417539725,71.2603227261817,34.));
#5763=CARTESIAN_POINT('Origin',(-75.1801755213565,25.5967885579682,11.0000003874302));
#5764=CARTESIAN_POINT('',(-72.1801755213565,25.5967885579682,26.5000002086163));
#5765=CARTESIAN_POINT('Origin',(-75.1801755213565,25.5967885579682,26.5000002086163));
#5766=CARTESIAN_POINT('',(-72.1801755213565,25.5967885579682,34.));
#5767=CARTESIAN_POINT('',(-72.1801755213565,25.5967885579682,11.0000003874302));
#5768=CARTESIAN_POINT('Origin',(-75.1801755213565,25.5967885579682,34.));
#5769=CARTESIAN_POINT('Origin',(-71.2601337864412,-35.0611590336767,11.0000003874302));
#5770=CARTESIAN_POINT('',(-68.2601337864412,-35.0611590336767,26.5000002011657));
#5771=CARTESIAN_POINT('Origin',(-71.2601337864412,-35.0611590336767,26.5000002011657));
#5772=CARTESIAN_POINT('',(-68.2601337864412,-35.0611590336767,34.));
#5773=CARTESIAN_POINT('',(-68.2601337864412,-35.0611590336767,11.0000003874302));
#5774=CARTESIAN_POINT('Origin',(-71.2601337864412,-35.0611590336767,34.));
#5775=CARTESIAN_POINT('Origin',(-25.5965996182357,-75.1809170153033,11.0000003874302));
#5776=CARTESIAN_POINT('',(-22.5965996182357,-75.1809170153033,26.5000002086163));
#5777=CARTESIAN_POINT('Origin',(-25.5965996182357,-75.1809170153033,26.5000002086163));
#5778=CARTESIAN_POINT('',(-22.5965996182357,-75.1809170153033,34.));
#5779=CARTESIAN_POINT('',(-22.5965996182357,-75.1809170153033,11.0000003874302));
#5780=CARTESIAN_POINT('Origin',(-25.5965996182357,-75.1809170153033,34.));
#5781=CARTESIAN_POINT('Origin',(35.0613479734174,-71.2608752803928,11.0000003874302));
#5782=CARTESIAN_POINT('',(38.0613479734174,-71.2608752803928,26.5000002086163));
#5783=CARTESIAN_POINT('Origin',(35.0613479734174,-71.2608752803928,26.5000002086163));
#5784=CARTESIAN_POINT('',(38.0613479734174,-71.2608752803928,34.));
#5785=CARTESIAN_POINT('',(38.0613479734174,-71.2608752803928,11.0000003874302));
#5786=CARTESIAN_POINT('Origin',(35.0613479734174,-71.2608752803928,34.));
#5787=CARTESIAN_POINT('Origin',(24.6184869678224,-75.5864499388874,11.0000003874302));
#5788=CARTESIAN_POINT('',(27.6184869678223,-75.5864499388874,26.5000002086163));
#5789=CARTESIAN_POINT('Origin',(24.6184869678224,-75.5864499388874,26.5000002086163));
#5790=CARTESIAN_POINT('',(27.6184869678223,-75.5864499388874,34.));
#5791=CARTESIAN_POINT('',(27.6184869678223,-75.5864499388874,11.0000003874302));
#5792=CARTESIAN_POINT('Origin',(24.6184869678224,-75.5864499388874,34.));
#5793=CARTESIAN_POINT('Origin',(-36.0394606238306,-70.8553423568087,11.0000003874302));
#5794=CARTESIAN_POINT('',(-33.0394606238306,-70.8553423568087,26.5000002086163));
#5795=CARTESIAN_POINT('Origin',(-36.0394606238306,-70.8553423568087,26.5000002086163));
#5796=CARTESIAN_POINT('',(-33.0394606238306,-70.8553423568087,34.));
#5797=CARTESIAN_POINT('',(-33.0394606238306,-70.8553423568087,11.0000003874302));
#5798=CARTESIAN_POINT('Origin',(-36.0394606238306,-70.8553423568087,34.));
#5799=CARTESIAN_POINT('Origin',(-75.5857084449358,-24.6182980280818,11.0000003874302));
#5800=CARTESIAN_POINT('',(-72.5857084449358,-24.6182980280818,26.5000002011657));
#5801=CARTESIAN_POINT('Origin',(-75.5857084449358,-24.6182980280818,26.5000002011657));
#5802=CARTESIAN_POINT('',(-72.5857084449358,-24.6182980280818,34.));
#5803=CARTESIAN_POINT('',(-72.5857084449358,-24.6182980280818,11.0000003874302));
#5804=CARTESIAN_POINT('Origin',(-75.5857084449358,-24.6182980280818,34.));
#5805=CARTESIAN_POINT('Origin',(-70.8546008628571,36.0396495635711,11.0000003874302));
#5806=CARTESIAN_POINT('',(-67.8546008628571,36.0396495635711,26.5000002086163));
#5807=CARTESIAN_POINT('Origin',(-70.8546008628571,36.0396495635711,26.5000002086163));
#5808=CARTESIAN_POINT('',(-67.8546008628571,36.0396495635711,34.));
#5809=CARTESIAN_POINT('',(-67.8546008628571,36.0396495635711,11.0000003874302));
#5810=CARTESIAN_POINT('Origin',(-70.8546008628571,36.0396495635711,34.));
#5811=CARTESIAN_POINT('Origin',(-24.6175565341302,75.5858973846762,11.0000003874302));
#5812=CARTESIAN_POINT('',(-21.6175565341302,75.5858973846762,26.5000002086163));
#5813=CARTESIAN_POINT('Origin',(-24.6175565341302,75.5858973846762,26.5000002086163));
#5814=CARTESIAN_POINT('',(-21.6175565341302,75.5858973846762,34.));
#5815=CARTESIAN_POINT('',(-21.6175565341302,75.5858973846762,11.0000003874302));
#5816=CARTESIAN_POINT('Origin',(-24.6175565341302,75.5858973846762,34.));
#5817=CARTESIAN_POINT('Origin',(36.0369469064779,70.8464748868685,11.0000003874302));
#5818=CARTESIAN_POINT('',(39.0369469064779,70.8464748868685,26.5000003874302));
#5819=CARTESIAN_POINT('Origin',(36.0369469064779,70.8464748868685,26.5000003874302));
#5820=CARTESIAN_POINT('',(39.0369469064779,70.8464748868685,34.));
#5821=CARTESIAN_POINT('',(39.0369469064779,70.8464748868685,11.0000003874302));
#5822=CARTESIAN_POINT('Origin',(36.0369469064779,70.8464748868685,34.));
#5823=CARTESIAN_POINT('Origin',(75.5866388786281,24.6177454738708,11.0000003874302));
#5824=CARTESIAN_POINT('',(78.5866388786281,24.6177454738708,26.5000003874302));
#5825=CARTESIAN_POINT('Origin',(75.5866388786281,24.6177454738708,26.5000003874302));
#5826=CARTESIAN_POINT('',(78.5866388786281,24.6177454738708,34.));
#5827=CARTESIAN_POINT('',(78.5866388786281,24.6177454738708,11.0000003874302));
#5828=CARTESIAN_POINT('Origin',(75.5866388786281,24.6177454738708,34.));
#5829=CARTESIAN_POINT('Origin',(70.8555312965494,-36.0402021177822,11.0000003874302));
#5830=CARTESIAN_POINT('',(73.8555312965494,-36.0402021177822,26.5000002086163));
#5831=CARTESIAN_POINT('Origin',(70.8555312965494,-36.0402021177822,26.5000002086163));
#5832=CARTESIAN_POINT('',(73.8555312965494,-36.0402021177822,34.));
#5833=CARTESIAN_POINT('',(73.8555312965494,-36.0402021177822,11.0000003874302));
#5834=CARTESIAN_POINT('Origin',(70.8555312965494,-36.0402021177822,34.));
#5835=CARTESIAN_POINT('Origin',(-70.8546008628571,36.0396495635711,26.0000003874302));
#5836=CARTESIAN_POINT('',(-67.8546008628571,36.0396495635711,13.5000002086163));
#5837=CARTESIAN_POINT('Origin',(-70.8546008628571,36.0396495635711,13.5000002086163));
#5838=CARTESIAN_POINT('',(-67.8546008628571,36.0396495635711,26.0000003874302));
#5839=CARTESIAN_POINT('Origin',(-75.1801755213565,25.5967885579682,26.0000003874302));
#5840=CARTESIAN_POINT('',(-72.1801755213565,25.5967885579682,13.5000002086163));
#5841=CARTESIAN_POINT('Origin',(-75.1801755213565,25.5967885579682,13.5000002086163));
#5842=CARTESIAN_POINT('',(-72.1801755213565,25.5967885579682,26.0000003874302));
#5843=CARTESIAN_POINT('Origin',(-75.5857084449358,-24.6182980280818,26.0000003874302));
#5844=CARTESIAN_POINT('',(-72.5857084449358,-24.6182980280818,13.5000002011657));
#5845=CARTESIAN_POINT('Origin',(-75.5857084449358,-24.6182980280818,13.5000002011657));
#5846=CARTESIAN_POINT('',(-72.5857084449358,-24.6182980280818,26.0000003874302));
#5847=CARTESIAN_POINT('Origin',(-71.2601337864412,-35.0611590336767,26.0000003874302));
#5848=CARTESIAN_POINT('',(-68.2601337864412,-35.0611590336767,13.5000002011657));
#5849=CARTESIAN_POINT('Origin',(-71.2601337864412,-35.0611590336767,13.5000002011657));
#5850=CARTESIAN_POINT('',(-68.2601337864412,-35.0611590336767,26.0000003874302));
#5851=CARTESIAN_POINT('Origin',(-36.0394606238306,-70.8553423568087,26.0000003874302));
#5852=CARTESIAN_POINT('',(-33.0394606238306,-70.8553423568087,13.5000002086163));
#5853=CARTESIAN_POINT('Origin',(-36.0394606238306,-70.8553423568087,13.5000002086163));
#5854=CARTESIAN_POINT('',(-33.0394606238306,-70.8553423568087,26.0000003874302));
#5855=CARTESIAN_POINT('Origin',(-25.5965996182357,-75.1809170153033,26.0000003874302));
#5856=CARTESIAN_POINT('',(-22.5965996182357,-75.1809170153033,13.5000002086163));
#5857=CARTESIAN_POINT('Origin',(-25.5965996182357,-75.1809170153033,13.5000002086163));
#5858=CARTESIAN_POINT('',(-22.5965996182357,-75.1809170153033,26.0000003874302));
#5859=CARTESIAN_POINT('Origin',(24.6184869678224,-75.5864499388874,26.0000003874302));
#5860=CARTESIAN_POINT('',(27.6184869678223,-75.5864499388874,26.0000003874302));
#5861=CARTESIAN_POINT('Origin',(35.0613479734174,-71.2608752803928,26.0000003874302));
#5862=CARTESIAN_POINT('',(38.0613479734174,-71.2608752803928,26.0000003874302));
#5863=CARTESIAN_POINT('Origin',(70.8555312965494,-36.0402021177822,26.0000003874302));
#5864=CARTESIAN_POINT('',(73.8555312965494,-36.0402021177822,13.5000002086163));
#5865=CARTESIAN_POINT('Origin',(70.8555312965494,-36.0402021177822,13.5000002086163));
#5866=CARTESIAN_POINT('',(73.8555312965494,-36.0402021177822,26.0000003874302));
#5867=CARTESIAN_POINT('Origin',(75.1727910393339,-25.5938969611578,26.0000003874302));
#5868=CARTESIAN_POINT('',(78.1727910393339,-25.5938969611578,13.5000002086163));
#5869=CARTESIAN_POINT('Origin',(75.1727910393339,-25.5938969611578,13.5000002086163));
#5870=CARTESIAN_POINT('',(78.1727910393339,-25.5938969611578,26.0000003874302));
#5871=CARTESIAN_POINT('Origin',(75.5866388786281,24.6177454738708,26.0000003874302));
#5872=CARTESIAN_POINT('',(78.5866388786281,24.6177454738708,13.5000003874302));
#5873=CARTESIAN_POINT('Origin',(75.5866388786281,24.6177454738708,13.5000003874302));
#5874=CARTESIAN_POINT('',(78.5866388786281,24.6177454738708,26.0000003874302));
#5875=CARTESIAN_POINT('Origin',(71.2523835813442,35.0570108411489,26.0000003874302));
#5876=CARTESIAN_POINT('',(74.2523835813442,35.0570108411489,13.5000003874302));
#5877=CARTESIAN_POINT('Origin',(71.2523835813442,35.0570108411489,13.5000003874302));
#5878=CARTESIAN_POINT('',(74.2523835813442,35.0570108411489,26.0000003874302));
#5879=CARTESIAN_POINT('Origin',(36.0369469064779,70.8464748868685,26.0000003874302));
#5880=CARTESIAN_POINT('',(39.0369469064779,70.8464748868685,13.5000003874302));
#5881=CARTESIAN_POINT('Origin',(36.0369469064779,70.8464748868685,13.5000003874302));
#5882=CARTESIAN_POINT('',(39.0369469064779,70.8464748868685,26.0000003874302));
#5883=CARTESIAN_POINT('Origin',(25.5939344136114,75.1716838223029,26.0000003874302));
#5884=CARTESIAN_POINT('',(28.5939344136114,75.1716838223029,13.5000003874302));
#5885=CARTESIAN_POINT('Origin',(25.5939344136114,75.1716838223029,13.5000003874302));
#5886=CARTESIAN_POINT('',(28.5939344136114,75.1716838223029,26.0000003874302));
#5887=CARTESIAN_POINT('Origin',(-24.6175565341302,75.5858973846762,26.0000003874302));
#5888=CARTESIAN_POINT('',(-21.6175565341302,75.5858973846762,13.5000002086163));
#5889=CARTESIAN_POINT('Origin',(-24.6175565341302,75.5858973846762,13.5000002086163));
#5890=CARTESIAN_POINT('',(-21.6175565341302,75.5858973846762,26.0000003874302));
#5891=CARTESIAN_POINT('Origin',(-35.060417539725,71.2603227261817,26.0000003874302));
#5892=CARTESIAN_POINT('',(-32.060417539725,71.2603227261817,13.5000002086163));
#5893=CARTESIAN_POINT('Origin',(-35.060417539725,71.2603227261817,13.5000002086163));
#5894=CARTESIAN_POINT('',(-32.060417539725,71.2603227261817,26.0000003874302));
#5895=CARTESIAN_POINT('Origin',(-84.1517855240133,174.318723144974,26.5000002086163));
#5896=CARTESIAN_POINT('',(-38.2297736402025,63.4531792436196,26.5000002086163));
#5897=CARTESIAN_POINT('',(-84.1517855240133,174.318723144974,26.5000002086163));
#5898=CARTESIAN_POINT('',(-38.2297736402025,63.4531792436196,13.5000002086163));
#5899=CARTESIAN_POINT('',(-38.2297736402025,63.4531792436196,13.5000002086163));
#5900=CARTESIAN_POINT('',(-84.1517855240133,174.318723144974,13.5000002086163));
#5901=CARTESIAN_POINT('Origin',(-84.1517855240133,174.318723144974,13.5000002086163));
#5902=CARTESIAN_POINT('',(-16.8595161736839,72.3050297176565,13.5000002086163));
#5903=CARTESIAN_POINT('',(-16.8595161736839,72.3050297176565,13.5000002086163));
#5904=CARTESIAN_POINT('',(-62.7815280574947,183.170573619011,13.5000002086163));
#5905=CARTESIAN_POINT('Origin',(-62.7815280574947,183.170573619011,13.5000002086163));
#5906=CARTESIAN_POINT('',(-16.8595161736839,72.3050297176565,26.5000002086163));
#5907=CARTESIAN_POINT('',(-16.8595161736839,72.3050297176565,26.5000002086163));
#5908=CARTESIAN_POINT('',(-62.7815280574947,183.170573619011,26.5000002086163));
#5909=CARTESIAN_POINT('Origin',(-62.7815280574947,183.170573619011,26.5000002086163));
#5910=CARTESIAN_POINT('',(-38.2297736402025,63.4531792436196,26.5000002086163));
#5911=CARTESIAN_POINT('Origin',(-27.5446449069432,67.879104480638,20.0000002086163));
#5912=CARTESIAN_POINT('Origin',(-182.766308515134,63.7572431529292,26.5000002086163));
#5913=CARTESIAN_POINT('',(-71.9007646137838,17.8352312691094,26.5000002086163));
#5914=CARTESIAN_POINT('',(-182.766308515134,63.7572431529292,26.5000002086163));
#5915=CARTESIAN_POINT('',(-71.9007646137838,17.8352312691094,13.5000002086163));
#5916=CARTESIAN_POINT('',(-71.9007646137837,17.8352312691094,13.5000002086163));
#5917=CARTESIAN_POINT('',(-182.766308515134,63.7572431529292,13.5000002086163));
#5918=CARTESIAN_POINT('Origin',(-182.766308515134,63.7572431529292,13.5000002086163));
#5919=CARTESIAN_POINT('',(-63.0489141397451,39.2054887356272,13.5000002086163));
#5920=CARTESIAN_POINT('',(-63.0489141397451,39.2054887356272,13.5000002086163));
#5921=CARTESIAN_POINT('',(-173.914458041096,85.1275006194471,13.5000002086163));
#5922=CARTESIAN_POINT('Origin',(-173.914458041096,85.1275006194471,13.5000002086163));
#5923=CARTESIAN_POINT('',(-63.0489141397469,39.205488735628,26.5000002086163));
#5924=CARTESIAN_POINT('',(-63.0489141397468,39.205488735628,26.5000002086163));
#5925=CARTESIAN_POINT('',(-173.914458041098,85.1275006194478,26.5000002086163));
#5926=CARTESIAN_POINT('Origin',(-173.914458041098,85.1275006194478,26.5000002086163));
#5927=CARTESIAN_POINT('',(-71.9007646137837,17.8352312691094,26.5000002086163));
#5928=CARTESIAN_POINT('Origin',(-67.4748393767645,28.5203600023683,20.0000002086163));
#5929=CARTESIAN_POINT('Origin',(-174.318534205234,-84.152527017965,26.5000002011657));
#5930=CARTESIAN_POINT('',(-63.4529903038792,-38.2305151341542,26.5000002011657));
#5931=CARTESIAN_POINT('',(-174.318534205234,-84.152527017965,26.5000002011657));
#5932=CARTESIAN_POINT('',(-63.4529903038792,-38.2305151341542,13.5000002011657));
#5933=CARTESIAN_POINT('',(-63.4529903038792,-38.2305151341542,13.5000002011657));
#5934=CARTESIAN_POINT('',(-174.318534205234,-84.152527017965,13.5000002011657));
#5935=CARTESIAN_POINT('Origin',(-174.318534205234,-84.152527017965,13.5000002011657));
#5936=CARTESIAN_POINT('',(-72.3048407779161,-16.8602576676356,13.5000002011657));
#5937=CARTESIAN_POINT('',(-72.3048407779161,-16.8602576676356,13.5000002011657));
#5938=CARTESIAN_POINT('',(-183.170384679271,-62.7822695514464,13.5000002011657));
#5939=CARTESIAN_POINT('Origin',(-183.170384679271,-62.7822695514464,13.5000002011657));
#5940=CARTESIAN_POINT('',(-72.3048407779161,-16.8602576676356,26.5000002011657));
#5941=CARTESIAN_POINT('',(-72.3048407779161,-16.8602576676356,26.5000002011657));
#5942=CARTESIAN_POINT('',(-183.170384679271,-62.7822695514464,26.5000002011657));
#5943=CARTESIAN_POINT('Origin',(-183.17038467927,-62.7822695514464,26.5000002011657));
#5944=CARTESIAN_POINT('',(-63.4529903038792,-38.2305151341542,26.5000002011657));
#5945=CARTESIAN_POINT('Origin',(-67.8789155408976,-27.5453864008949,20.0000002011657));
#5946=CARTESIAN_POINT('Origin',(-63.7570542131879,-182.767050009084,26.5000002086163));
#5947=CARTESIAN_POINT('',(-17.8350423293771,-71.9015061077299,26.5000002086163));
#5948=CARTESIAN_POINT('',(-63.7570542131879,-182.767050009084,26.5000002086163));
#5949=CARTESIAN_POINT('',(-17.8350423293771,-71.9015061077299,13.5000002086163));
#5950=CARTESIAN_POINT('',(-17.8350423293771,-71.9015061077299,13.5000002086163));
#5951=CARTESIAN_POINT('',(-63.7570542131879,-182.767050009084,13.5000002086163));
#5952=CARTESIAN_POINT('Origin',(-63.7570542131879,-182.767050009084,13.5000002086163));
#5953=CARTESIAN_POINT('',(-39.2052997958957,-63.049655633693,13.5000002086163));
#5954=CARTESIAN_POINT('',(-39.2052997958957,-63.049655633693,13.5000002086163));
#5955=CARTESIAN_POINT('',(-85.1273116797065,-173.915199535047,13.5000002086163));
#5956=CARTESIAN_POINT('Origin',(-85.1273116797065,-173.915199535047,13.5000002086163));
#5957=CARTESIAN_POINT('',(-39.2052997958957,-63.049655633693,26.5000002086163));
#5958=CARTESIAN_POINT('',(-39.2052997958957,-63.049655633693,26.5000002086163));
#5959=CARTESIAN_POINT('',(-85.1273116797065,-173.915199535047,26.5000002086163));
#5960=CARTESIAN_POINT('Origin',(-85.1273116797065,-173.915199535047,26.5000002086163));
#5961=CARTESIAN_POINT('',(-17.8350423293771,-71.9015061077299,26.5000002086163));
#5962=CARTESIAN_POINT('Origin',(-28.5201710626364,-67.4755808707114,20.0000002086163));
#5963=CARTESIAN_POINT('Origin',(84.1527159577056,-174.319275699185,26.5000002086163));
#5964=CARTESIAN_POINT('',(38.2307040738948,-63.4537317978308,26.5000002086163));
#5965=CARTESIAN_POINT('',(84.1527159577056,-174.319275699185,26.5000002086163));
#5966=CARTESIAN_POINT('',(38.2307040738948,-63.4537317978308,13.5000002086163));
#5967=CARTESIAN_POINT('Origin',(62.782458491187,-183.171126173222,26.5000002086163));
#5968=CARTESIAN_POINT('',(38.2307040738948,-63.4537317978308,26.5000002086163));
#5969=CARTESIAN_POINT('Origin',(27.5455753406355,-67.8796570348493,20.0000002086163));
#5970=CARTESIAN_POINT('Origin',(182.794715647364,-63.6679429555917,26.5000002086163));
#5971=CARTESIAN_POINT('',(71.9291717460741,-17.745931071626,26.5000002086163));
#5972=CARTESIAN_POINT('',(182.794715647364,-63.6679429555917,26.5000002086163));
#5973=CARTESIAN_POINT('',(71.9291717460741,-17.745931071626,13.5000002086163));
#5974=CARTESIAN_POINT('',(71.9291717460741,-17.745931071626,13.5000002086163));
#5975=CARTESIAN_POINT('',(182.794715647364,-63.6679429555917,13.5000002086163));
#5976=CARTESIAN_POINT('Origin',(182.794715647364,-63.6679429555917,13.5000002086163));
#5977=CARTESIAN_POINT('',(63.0773212720074,-39.1161885381322,13.5000002086163));
#5978=CARTESIAN_POINT('',(63.0773212720074,-39.1161885381322,13.5000002086163));
#5979=CARTESIAN_POINT('',(173.942865173298,-85.0382004220979,13.5000002086163));
#5980=CARTESIAN_POINT('Origin',(173.942865173298,-85.0382004220979,13.5000002086163));
#5981=CARTESIAN_POINT('',(63.0773212720074,-39.1161885381322,26.5000002086163));
#5982=CARTESIAN_POINT('',(63.0773212720074,-39.1161885381322,26.5000002086163));
#5983=CARTESIAN_POINT('',(173.942865173298,-85.0382004220979,26.5000002086163));
#5984=CARTESIAN_POINT('Origin',(173.942865173298,-85.0382004220979,26.5000002086163));
#5985=CARTESIAN_POINT('',(71.9291717460741,-17.745931071626,26.5000002086163));
#5986=CARTESIAN_POINT('Origin',(67.5032465090407,-28.4310598048791,20.0000002086163));
#5987=CARTESIAN_POINT('Origin',(183.16409123362,62.7746044305061,13.5000003874302));
#5988=CARTESIAN_POINT('',(72.2985473322655,16.8525925466954,13.5000003874302));
#5989=CARTESIAN_POINT('',(183.16409123362,62.7746044305061,13.5000003874302));
#5990=CARTESIAN_POINT('',(72.2985473322655,16.8525925466954,26.5000003874302));
#5991=CARTESIAN_POINT('',(72.2985473322655,16.8525925466954,26.5000003874302));
#5992=CARTESIAN_POINT('',(183.16409123362,62.7746044305061,26.5000003874302));
#5993=CARTESIAN_POINT('Origin',(183.16409123362,62.7746044305061,26.5000003874302));
#5994=CARTESIAN_POINT('',(63.4466968582286,38.2228500132139,26.5000003874302));
#5995=CARTESIAN_POINT('',(63.4466968582286,38.2228500132139,26.5000003874302));
#5996=CARTESIAN_POINT('',(174.312240759583,84.1448618970247,26.5000003874302));
#5997=CARTESIAN_POINT('Origin',(174.312240759583,84.1448618970247,26.5000003874302));
#5998=CARTESIAN_POINT('',(63.4466968582286,38.2228500132139,13.5000003874302));
#5999=CARTESIAN_POINT('',(63.4466968582286,38.2228500132139,13.5000003874302));
#6000=CARTESIAN_POINT('',(174.312240759583,84.1448618970247,13.5000003874302));
#6001=CARTESIAN_POINT('Origin',(174.312240759583,84.1448618970247,13.5000003874302));
#6002=CARTESIAN_POINT('',(72.2985473322655,16.8525925466954,13.5000003874302));
#6003=CARTESIAN_POINT('Origin',(67.8726220952471,27.5377212799547,20.0000003874302));
#6004=CARTESIAN_POINT('Origin',(85.1281634034947,173.904509582601,13.5000003874302));
#6005=CARTESIAN_POINT('',(39.2061515196839,63.0389656812464,13.5000003874302));
#6006=CARTESIAN_POINT('',(85.1281634034947,173.904509582601,13.5000003874302));
#6007=CARTESIAN_POINT('',(39.2061515196839,63.0389656812464,26.5000003874302));
#6008=CARTESIAN_POINT('',(39.2061515196839,63.0389656812464,26.5000003874302));
#6009=CARTESIAN_POINT('',(85.1281634034947,173.904509582601,26.5000003874302));
#6010=CARTESIAN_POINT('Origin',(85.1281634034947,173.904509582601,26.5000003874302));
#6011=CARTESIAN_POINT('',(17.8358940531654,71.8908161552833,26.5000003874302));
#6012=CARTESIAN_POINT('',(17.8358940531653,71.8908161552833,26.5000003874302));
#6013=CARTESIAN_POINT('',(63.7579059369762,182.756360056638,26.5000003874302));
#6014=CARTESIAN_POINT('Origin',(63.7579059369762,182.756360056638,26.5000003874302));
#6015=CARTESIAN_POINT('',(17.8358940531654,71.8908161552833,13.5000003874302));
#6016=CARTESIAN_POINT('',(17.8358940531653,71.8908161552833,13.5000003874302));
#6017=CARTESIAN_POINT('',(63.7579059369762,182.756360056638,13.5000003874302));
#6018=CARTESIAN_POINT('Origin',(63.7579059369762,182.756360056638,13.5000003874302));
#6019=CARTESIAN_POINT('',(39.2061515196839,63.0389656812464,13.5000003874302));
#6020=CARTESIAN_POINT('Origin',(28.5210227864246,67.4648909182648,20.0000003874302));
#6021=CARTESIAN_POINT('Origin',(-100.,-1.35308431126191E-14,149.));
#6022=CARTESIAN_POINT('',(-100.,12.5,149.));
#6023=CARTESIAN_POINT('Origin',(-89.9999985098839,30.,74.));
#6024=CARTESIAN_POINT('Origin',(100.000000745058,4.49986253228847E-21,149.));
#6025=CARTESIAN_POINT('',(90.,-12.5,149.));
#6026=CARTESIAN_POINT('',(100.000000745058,-12.5,149.));
#6027=CARTESIAN_POINT('Origin',(90.,4.49986253228847E-21,149.));
#6028=CARTESIAN_POINT('Origin',(57.,-60.,34.));
#6029=CARTESIAN_POINT('',(57.,-56.,34.));
#6030=CARTESIAN_POINT('',(57.,-56.,34.));
#6031=CARTESIAN_POINT('',(57.,-30.,34.));
#6032=CARTESIAN_POINT('Origin',(45.,-51.,34.));
#6033=CARTESIAN_POINT('',(45.,-51.,34.));
#6034=CARTESIAN_POINT('',(22.5,-51.,34.));
#6035=CARTESIAN_POINT('',(45.,-51.,34.));
#6036=CARTESIAN_POINT('Origin',(45.,-56.,34.));
#6037=CARTESIAN_POINT('',(45.,-56.,34.));
#6038=CARTESIAN_POINT('',(45.,-28.,34.));
#6039=CARTESIAN_POINT('',(45.,-56.,34.));
#6040=CARTESIAN_POINT('Origin',(57.,-56.,34.));
#6041=CARTESIAN_POINT('',(28.5,-56.,34.));
#6042=CARTESIAN_POINT('Origin',(56.0000009089708,45.0000005960464,34.));
#6043=CARTESIAN_POINT('',(51.0000009089708,45.0000005960464,34.));
#6044=CARTESIAN_POINT('',(51.0000009089708,45.0000005960464,34.));
#6045=CARTESIAN_POINT('',(28.0000004544854,45.0000005960464,34.));
#6046=CARTESIAN_POINT('Origin',(47.,57.,34.));
#6047=CARTESIAN_POINT('',(47.,57.,34.));
#6048=CARTESIAN_POINT('',(47.,28.5,34.));
#6049=CARTESIAN_POINT('',(47.,57.,34.));
#6050=CARTESIAN_POINT('Origin',(51.0000009089708,57.0000007748604,34.));
#6051=CARTESIAN_POINT('',(51.0000009089708,57.0000007748604,34.));
#6052=CARTESIAN_POINT('',(25.4999949336073,56.9999958351254,34.));
#6053=CARTESIAN_POINT('',(51.0000009089708,57.0000007748604,34.));
#6054=CARTESIAN_POINT('Origin',(51.0000009089708,45.0000005960464,34.));
#6055=CARTESIAN_POINT('',(51.0000009089708,22.5000002980232,34.));
#6056=CARTESIAN_POINT('Origin',(-56.,-57.,34.));
#6057=CARTESIAN_POINT('',(-56.,-45.,34.));
#6058=CARTESIAN_POINT('',(-56.,-45.,34.));
#6059=CARTESIAN_POINT('',(-56.,-28.5,34.));
#6060=CARTESIAN_POINT('Origin',(-51.,-57.,34.));
#6061=CARTESIAN_POINT('',(-51.,-57.,34.));
#6062=CARTESIAN_POINT('',(-25.5,-57.,34.));
#6063=CARTESIAN_POINT('',(-51.,-57.,34.));
#6064=CARTESIAN_POINT('Origin',(-51.,-45.,34.));
#6065=CARTESIAN_POINT('',(-51.,-45.,34.));
#6066=CARTESIAN_POINT('',(-51.,-22.5,34.));
#6067=CARTESIAN_POINT('',(-51.,-45.,34.));
#6068=CARTESIAN_POINT('Origin',(-56.,-45.,34.));
#6069=CARTESIAN_POINT('',(-28.,-45.,34.));
#6070=CARTESIAN_POINT('Origin',(-45.0000007748604,56.0000009834766,34.));
#6071=CARTESIAN_POINT('',(-45.0000007748604,51.0000009089708,34.));
#6072=CARTESIAN_POINT('',(-45.0000007748604,51.0000009089708,34.));
#6073=CARTESIAN_POINT('',(-45.0000007748604,28.0000004917383,34.));
#6074=CARTESIAN_POINT('Origin',(-57.,47.,34.));
#6075=CARTESIAN_POINT('',(-57.,47.,34.));
#6076=CARTESIAN_POINT('',(-28.5,47.,34.));
#6077=CARTESIAN_POINT('',(-57.,47.,34.));
#6078=CARTESIAN_POINT('Origin',(-57.0000007748604,51.0000009089708,34.));
#6079=CARTESIAN_POINT('',(-57.0000007748604,51.0000009089708,34.));
#6080=CARTESIAN_POINT('',(-56.9999958351254,25.4999949336073,34.));
#6081=CARTESIAN_POINT('',(-57.0000007748604,51.0000009089708,34.));
#6082=CARTESIAN_POINT('Origin',(-45.0000007748604,51.0000009089708,34.));
#6083=CARTESIAN_POINT('',(-22.5000003874302,51.0000009089708,34.));
#6084=CARTESIAN_POINT('Origin',(-0.488,-100.,45.0000006705523));
#6085=CARTESIAN_POINT('',(-11.488,-90.,45.0000006705523));
#6086=CARTESIAN_POINT('',(-11.488,-100.,45.0000006705523));
#6087=CARTESIAN_POINT('',(-0.488,-90.,34.));
#6088=CARTESIAN_POINT('Origin',(-0.488,-90.,45.0000006705523));
#6089=CARTESIAN_POINT('Origin',(-0.488,-90.,45.0000006705523));
#6090=CARTESIAN_POINT('Origin',(55.,-90.,34.));
#6091=CARTESIAN_POINT('',(-55.,-90.,34.));
#6092=CARTESIAN_POINT('',(27.5,-90.,34.));
#6093=CARTESIAN_POINT('',(-55.,-90.,34.));
#6094=CARTESIAN_POINT('',(55.,-90.,34.));
#6095=CARTESIAN_POINT('',(55.,-90.,34.));
#6096=CARTESIAN_POINT('',(27.5,-90.,34.));
#6097=CARTESIAN_POINT('Origin',(100.,-0.488,45.0000006705523));
#6098=CARTESIAN_POINT('',(90.,-11.488,45.0000006705523));
#6099=CARTESIAN_POINT('',(100.,-11.488,45.0000006705523));
#6100=CARTESIAN_POINT('',(90.,-0.488,34.));
#6101=CARTESIAN_POINT('Origin',(90.,-0.488,45.0000006705523));
#6102=CARTESIAN_POINT('Origin',(90.,-0.488,45.0000006705523));
#6103=CARTESIAN_POINT('Origin',(90.,55.,34.));
#6104=CARTESIAN_POINT('',(90.,55.,34.));
#6105=CARTESIAN_POINT('',(90.,55.,34.));
#6106=CARTESIAN_POINT('',(90.,27.5,34.));
#6107=CARTESIAN_POINT('',(90.,-55.,34.));
#6108=CARTESIAN_POINT('',(90.,27.5,34.));
#6109=CARTESIAN_POINT('',(90.,-55.,34.));
#6110=CARTESIAN_POINT('Origin',(0.488,100.,45.));
#6111=CARTESIAN_POINT('',(11.488,90.,45.));
#6112=CARTESIAN_POINT('',(11.488,100.,45.));
#6113=CARTESIAN_POINT('',(0.488,90.,34.));
#6114=CARTESIAN_POINT('Origin',(0.488,90.,45.));
#6115=CARTESIAN_POINT('Origin',(0.488,90.,45.));
#6116=CARTESIAN_POINT('Origin',(-55.,90.,34.));
#6117=CARTESIAN_POINT('',(55.,90.,34.));
#6118=CARTESIAN_POINT('',(-27.5,90.,34.));
#6119=CARTESIAN_POINT('',(55.,90.,34.));
#6120=CARTESIAN_POINT('',(-55.,90.,34.));
#6121=CARTESIAN_POINT('',(-55.,90.,34.));
#6122=CARTESIAN_POINT('',(-27.5,90.,34.));
#6123=CARTESIAN_POINT('Origin',(-100.,0.488,45.0000006705523));
#6124=CARTESIAN_POINT('',(-100.,11.488,45.0000006705523));
#6125=CARTESIAN_POINT('Origin',(55.,-55.,34.));
#6126=CARTESIAN_POINT('Origin',(55.,-55.,34.));
#6127=CARTESIAN_POINT('Origin',(55.,55.,34.));
#6128=CARTESIAN_POINT('Origin',(55.,55.,34.));
#6129=CARTESIAN_POINT('Origin',(-55.,55.,34.));
#6130=CARTESIAN_POINT('Origin',(-55.,55.,34.));
#6131=CARTESIAN_POINT('Origin',(-55.,-55.,34.));
#6132=CARTESIAN_POINT('Origin',(-55.,-55.,34.));
#6133=CARTESIAN_POINT('Origin',(0.,0.,34.));
#6134=CARTESIAN_POINT('Origin',(0.,0.,4.));
#6135=UNCERTAINTY_MEASURE_WITH_UNIT(LENGTH_MEASURE(0.01),#6139,
'DISTANCE_ACCURACY_VALUE',
'Maximum model space distance between geometric entities at asserted c
onnectivities');
#6136=UNCERTAINTY_MEASURE_WITH_UNIT(LENGTH_MEASURE(0.01),#6139,
'DISTANCE_ACCURACY_VALUE',
'Maximum model space distance between geometric entities at asserted c
onnectivities');
#6137=(
GEOMETRIC_REPRESENTATION_CONTEXT(3)
GLOBAL_UNCERTAINTY_ASSIGNED_CONTEXT((#6135))
GLOBAL_UNIT_ASSIGNED_CONTEXT((#6139,#6141,#6142))
REPRESENTATION_CONTEXT('','3D')
);
#6138=(
GEOMETRIC_REPRESENTATION_CONTEXT(3)
GLOBAL_UNCERTAINTY_ASSIGNED_CONTEXT((#6136))
GLOBAL_UNIT_ASSIGNED_CONTEXT((#6139,#6141,#6142))
REPRESENTATION_CONTEXT('','3D')
);
#6139=(
LENGTH_UNIT()
NAMED_UNIT(*)
SI_UNIT(.MILLI.,.METRE.)
);
#6140=(
LENGTH_UNIT()
NAMED_UNIT(*)
SI_UNIT($,.METRE.)
);
#6141=(
NAMED_UNIT(*)
PLANE_ANGLE_UNIT()
SI_UNIT($,.RADIAN.)
);
#6142=(
NAMED_UNIT(*)
SI_UNIT($,.STERADIAN.)
SOLID_ANGLE_UNIT()
);
#6143=SHAPE_DEFINITION_REPRESENTATION(#6144,#6145);
#6144=PRODUCT_DEFINITION_SHAPE('',$,#6147);
#6145=SHAPE_REPRESENTATION('',(#3657),#6137);
#6146=PRODUCT_DEFINITION_CONTEXT('part definition',#6151,'design');
#6147=PRODUCT_DEFINITION('2026-06-25-14-33-47-991',
'_light.e08890fd-5a30-4811-817c-8fcfcb4fc64b',#6148,#6146);
#6148=PRODUCT_DEFINITION_FORMATION('',$,#6153);
#6149=PRODUCT_RELATED_PRODUCT_CATEGORY(
'_light.e08890fd-5a30-4811-817c-8fcfcb4fc64b',
'_light.e08890fd-5a30-4811-817c-8fcfcb4fc64b',(#6153));
#6150=APPLICATION_PROTOCOL_DEFINITION('international standard',
'automotive_design',2009,#6151);
#6151=APPLICATION_CONTEXT(
'Core Data for Automotive Mechanical Design Process');
#6152=PRODUCT_CONTEXT('part definition',#6151,'mechanical');
#6153=PRODUCT('2026-06-25-14-33-47-991',
'_light.e08890fd-5a30-4811-817c-8fcfcb4fc64b',$,(#6152));
#6154=PRESENTATION_STYLE_ASSIGNMENT((#6155));
#6155=SURFACE_STYLE_USAGE(.BOTH.,#6156);
#6156=SURFACE_SIDE_STYLE('',(#6157));
#6157=SURFACE_STYLE_FILL_AREA(#6158);
#6158=FILL_AREA_STYLE('Steel - Satin',(#6159));
#6159=FILL_AREA_STYLE_COLOUR('Steel - Satin',#6160);
#6160=COLOUR_RGB('Steel - Satin',0.627450980392157,0.627450980392157,0.627450980392157);
ENDSEC;
END-ISO-10303-21;
