ISO-10303-21;
HEADER;
/* Generated by software containing ST-Developer
 * from STEP Tools, Inc. (www.steptools.com) 
 */

FILE_DESCRIPTION(
/* description */ (''),
/* implementation_level */ '2;1');

FILE_NAME(
/* name */ 'shadowless_servo.step',
/* time_stamp */ '2026-09-12T19:40:14-06:00',
/* author */ (''),
/* organization */ (''),
/* preprocessor_version */ 'ST-DEVELOPER v20.1',
/* originating_system */ 'Autodesk Translation Framework v15.8.0.0',
/* authorisation */ '');

FILE_SCHEMA (('AUTOMOTIVE_DESIGN { 1 0 10303 214 3 1 1 }'));
ENDSEC;

DATA;
#10=MECHANICAL_DESIGN_GEOMETRIC_PRESENTATION_REPRESENTATION('',(#17,#18),
#2583);
#11=SHAPE_REPRESENTATION_RELATIONSHIP('SRR','None',#2590,#12);
#12=ADVANCED_BREP_SHAPE_REPRESENTATION('',(#19,#20),#2582);
#13=ELLIPSE('',#1316,4.94974746830584,3.5);
#14=ELLIPSE('',#1317,4.94974746830585,3.5);
#15=ELLIPSE('',#1321,4.94974746830585,3.5);
#16=ELLIPSE('',#1322,4.94974746830585,3.5);
#17=STYLED_ITEM('',(#2599),#19);
#18=STYLED_ITEM('',(#2599),#20);
#19=MANIFOLD_SOLID_BREP('Body98',#1191);
#20=MANIFOLD_SOLID_BREP('Body160',#1192);
#21=TOROIDAL_SURFACE('',#1255,22.5,12.5);
#22=TOROIDAL_SURFACE('',#1259,22.5,12.5);
#23=TOROIDAL_SURFACE('',#1261,22.5,12.5);
#24=TOROIDAL_SURFACE('',#1266,22.5,12.5);
#25=TOROIDAL_SURFACE('',#1268,22.5,12.5);
#26=TOROIDAL_SURFACE('',#1272,22.5,12.5);
#27=TOROIDAL_SURFACE('',#1274,22.5,12.5);
#28=TOROIDAL_SURFACE('',#1279,22.5,12.5);
#29=B_SPLINE_SURFACE_WITH_KNOTS('',3,3,((#1880,#1881,#1882,#1883,#1884,
#1885),(#1886,#1887,#1888,#1889,#1890,#1891),(#1892,#1893,#1894,#1895,#1896,
#1897),(#1898,#1899,#1900,#1901,#1902,#1903),(#1904,#1905,#1906,#1907,#1908,
#1909)),.UNSPECIFIED.,.F.,.F.,.F.,(4,1,4),(4,1,1,4),(0.,0.571428571428571,
1.),(-1.36314124454251,-1.03739020905724,-0.820222852067063,-0.603055495076885),
 .UNSPECIFIED.);
#30=B_SPLINE_SURFACE_WITH_KNOTS('',3,3,((#1913,#1914,#1915,#1916,#1917,
#1918),(#1919,#1920,#1921,#1922,#1923,#1924),(#1925,#1926,#1927,#1928,#1929,
#1930),(#1931,#1932,#1933,#1934,#1935,#1936),(#1937,#1938,#1939,#1940,#1941,
#1942)),.UNSPECIFIED.,.F.,.F.,.F.,(4,1,4),(4,1,1,4),(0.,0.571428571428571,
1.),(-2.73777408659725,-2.41202310107895,-2.19485577740009,-1.97768845372122),
 .UNSPECIFIED.);
#31=B_SPLINE_SURFACE_WITH_KNOTS('',3,3,((#1946,#1947,#1948,#1949,#1950,
#1951),(#1952,#1953,#1954,#1955,#1956,#1957),(#1958,#1959,#1960,#1961,#1962,
#1963),(#1964,#1965,#1966,#1967,#1968,#1969),(#1970,#1971,#1972,#1973,#1974,
#1975)),.UNSPECIFIED.,.F.,.F.,.F.,(4,1,4),(4,1,1,4),(0.,0.571428571428571,
1.),(-2.73777403236221,-2.52060667537218,-2.30343931838215,-1.97768828289711),
 .UNSPECIFIED.);
#32=B_SPLINE_SURFACE_WITH_KNOTS('',3,3,((#1985,#1986,#1987,#1988,#1989,
#1990),(#1991,#1992,#1993,#1994,#1995,#1996),(#1997,#1998,#1999,#2000,#2001,
#2002),(#2003,#2004,#2005,#2006,#2007,#2008),(#2009,#2010,#2011,#2012,#2013,
#2014)),.UNSPECIFIED.,.F.,.F.,.F.,(4,1,4),(4,1,1,4),(0.,0.571428571428571,
1.),(-1.36314118143294,-1.0373901960913,-0.820222872530206,-0.603055548969114),
 .UNSPECIFIED.);
#33=B_SPLINE_SURFACE_WITH_KNOTS('',3,3,((#2094,#2095,#2096,#2097,#2098,
#2099,#2100,#2101,#2102,#2103,#2104,#2105),(#2106,#2107,#2108,#2109,#2110,
#2111,#2112,#2113,#2114,#2115,#2116,#2117),(#2118,#2119,#2120,#2121,#2122,
#2123,#2124,#2125,#2126,#2127,#2128,#2129),(#2130,#2131,#2132,#2133,#2134,
#2135,#2136,#2137,#2138,#2139,#2140,#2141),(#2142,#2143,#2144,#2145,#2146,
#2147,#2148,#2149,#2150,#2151,#2152,#2153),(#2154,#2155,#2156,#2157,#2158,
#2159,#2160,#2161,#2162,#2163,#2164,#2165),(#2166,#2167,#2168,#2169,#2170,
#2171,#2172,#2173,#2174,#2175,#2176,#2177)),.UNSPECIFIED.,.F.,.F.,.F.,(4,
1,1,1,4),(4,1,1,1,1,1,1,2,4),(0.,0.285714285714286,0.571428571428571,0.785714285714286,
1.),(6.79785119479968,7.36302971077999,7.9282082267603,8.49338674274061,
8.77597600073076,9.05856525872092,9.34115451671107,9.62374377470123,9.62610852766713),
 .UNSPECIFIED.);
#34=B_SPLINE_SURFACE_WITH_KNOTS('',3,3,((#2178,#2179,#2180,#2181,#2182,
#2183,#2184,#2185,#2186,#2187),(#2188,#2189,#2190,#2191,#2192,#2193,#2194,
#2195,#2196,#2197),(#2198,#2199,#2200,#2201,#2202,#2203,#2204,#2205,#2206,
#2207),(#2208,#2209,#2210,#2211,#2212,#2213,#2214,#2215,#2216,#2217),(#2218,
#2219,#2220,#2221,#2222,#2223,#2224,#2225,#2226,#2227),(#2228,#2229,#2230,
#2231,#2232,#2233,#2234,#2235,#2236,#2237)),.UNSPECIFIED.,.F.,.F.,.F.,(4,
1,1,4),(4,2,1,1,1,1,4),(0.,0.285714285714286,0.571428571428571,1.),(-0.00236475296590281,
0.,0.565178515980309,1.13035703196062,1.69553554794093,2.26071406392124,
2.82589257990155),.UNSPECIFIED.);
#35=B_SPLINE_SURFACE_WITH_KNOTS('',3,3,((#2281,#2282,#2283,#2284,#2285,
#2286,#2287,#2288,#2289,#2290),(#2291,#2292,#2293,#2294,#2295,#2296,#2297,
#2298,#2299,#2300),(#2301,#2302,#2303,#2304,#2305,#2306,#2307,#2308,#2309,
#2310),(#2311,#2312,#2313,#2314,#2315,#2316,#2317,#2318,#2319,#2320),(#2321,
#2322,#2323,#2324,#2325,#2326,#2327,#2328,#2329,#2330),(#2331,#2332,#2333,
#2334,#2335,#2336,#2337,#2338,#2339,#2340)),.UNSPECIFIED.,.F.,.F.,.F.,(4,
1,1,4),(4,2,1,1,1,1,4),(0.,0.285714285714286,0.571428571428571,1.),(-0.00236475296590281,
0.,0.565178515980309,1.13035703196062,1.69553554794093,2.26071406392124,
2.82589257990155),.UNSPECIFIED.);
#36=B_SPLINE_SURFACE_WITH_KNOTS('',3,3,((#2341,#2342,#2343,#2344,#2345,
#2346,#2347,#2348,#2349,#2350,#2351,#2352),(#2353,#2354,#2355,#2356,#2357,
#2358,#2359,#2360,#2361,#2362,#2363,#2364),(#2365,#2366,#2367,#2368,#2369,
#2370,#2371,#2372,#2373,#2374,#2375,#2376),(#2377,#2378,#2379,#2380,#2381,
#2382,#2383,#2384,#2385,#2386,#2387,#2388),(#2389,#2390,#2391,#2392,#2393,
#2394,#2395,#2396,#2397,#2398,#2399,#2400),(#2401,#2402,#2403,#2404,#2405,
#2406,#2407,#2408,#2409,#2410,#2411,#2412),(#2413,#2414,#2415,#2416,#2417,
#2418,#2419,#2420,#2421,#2422,#2423,#2424)),.UNSPECIFIED.,.F.,.F.,.F.,(4,
1,1,1,4),(4,1,1,1,1,1,1,2,4),(0.,0.285714285714286,0.571428571428571,0.785714285714286,
1.),(6.79785119479968,7.36302971077999,7.9282082267603,8.49338674274061,
8.77597600073076,9.05856525872092,9.34115451671107,9.62374377470123,9.62610852766713),
 .UNSPECIFIED.);
#37=CYLINDRICAL_SURFACE('',#1216,5.00000007450581);
#38=CYLINDRICAL_SURFACE('',#1221,6.50000350177287);
#39=CYLINDRICAL_SURFACE('',#1227,6.49999999999999);
#40=CYLINDRICAL_SURFACE('',#1231,6.50000365078448);
#41=CYLINDRICAL_SURFACE('',#1233,3.48);
#42=CYLINDRICAL_SURFACE('',#1234,3.48);
#43=CYLINDRICAL_SURFACE('',#1247,10.);
#44=CYLINDRICAL_SURFACE('',#1252,4.49999999999999);
#45=CYLINDRICAL_SURFACE('',#1254,4.49999999999999);
#46=CYLINDRICAL_SURFACE('',#1284,10.);
#47=CYLINDRICAL_SURFACE('',#1288,9.99999932944775);
#48=CYLINDRICAL_SURFACE('',#1291,10.0000001490116);
#49=CYLINDRICAL_SURFACE('',#1295,5.00000007450581);
#50=CYLINDRICAL_SURFACE('',#1301,5.);
#51=CYLINDRICAL_SURFACE('',#1309,6.50000365078448);
#52=CYLINDRICAL_SURFACE('',#1310,5.);
#53=CYLINDRICAL_SURFACE('',#1315,3.5);
#54=CYLINDRICAL_SURFACE('',#1320,3.5);
#55=CYLINDRICAL_SURFACE('',#1324,3.5);
#56=CYLINDRICAL_SURFACE('',#1326,3.5);
#57=CYLINDRICAL_SURFACE('',#1331,6.50000365078448);
#58=FACE_BOUND('',#143,.T.);
#59=FACE_BOUND('',#145,.T.);
#60=FACE_BOUND('',#147,.T.);
#61=FACE_BOUND('',#151,.T.);
#62=FACE_BOUND('',#155,.T.);
#63=FACE_BOUND('',#163,.T.);
#64=FACE_BOUND('',#195,.T.);
#65=FACE_BOUND('',#198,.T.);
#66=FACE_BOUND('',#201,.T.);
#67=FACE_BOUND('',#206,.T.);
#68=FACE_BOUND('',#208,.T.);
#69=FACE_BOUND('',#224,.T.);
#70=FACE_OUTER_BOUND('',#142,.T.);
#71=FACE_OUTER_BOUND('',#144,.T.);
#72=FACE_OUTER_BOUND('',#146,.T.);
#73=FACE_OUTER_BOUND('',#148,.T.);
#74=FACE_OUTER_BOUND('',#149,.T.);
#75=FACE_OUTER_BOUND('',#150,.T.);
#76=FACE_OUTER_BOUND('',#152,.T.);
#77=FACE_OUTER_BOUND('',#153,.T.);
#78=FACE_OUTER_BOUND('',#154,.T.);
#79=FACE_OUTER_BOUND('',#156,.T.);
#80=FACE_OUTER_BOUND('',#157,.T.);
#81=FACE_OUTER_BOUND('',#158,.T.);
#82=FACE_OUTER_BOUND('',#159,.T.);
#83=FACE_OUTER_BOUND('',#160,.T.);
#84=FACE_OUTER_BOUND('',#161,.T.);
#85=FACE_OUTER_BOUND('',#162,.T.);
#86=FACE_OUTER_BOUND('',#164,.T.);
#87=FACE_OUTER_BOUND('',#165,.T.);
#88=FACE_OUTER_BOUND('',#166,.T.);
#89=FACE_OUTER_BOUND('',#167,.T.);
#90=FACE_OUTER_BOUND('',#168,.T.);
#91=FACE_OUTER_BOUND('',#169,.T.);
#92=FACE_OUTER_BOUND('',#170,.T.);
#93=FACE_OUTER_BOUND('',#171,.T.);
#94=FACE_OUTER_BOUND('',#172,.T.);
#95=FACE_OUTER_BOUND('',#173,.T.);
#96=FACE_OUTER_BOUND('',#174,.T.);
#97=FACE_OUTER_BOUND('',#175,.T.);
#98=FACE_OUTER_BOUND('',#176,.T.);
#99=FACE_OUTER_BOUND('',#177,.T.);
#100=FACE_OUTER_BOUND('',#178,.T.);
#101=FACE_OUTER_BOUND('',#179,.T.);
#102=FACE_OUTER_BOUND('',#180,.T.);
#103=FACE_OUTER_BOUND('',#181,.T.);
#104=FACE_OUTER_BOUND('',#182,.T.);
#105=FACE_OUTER_BOUND('',#183,.T.);
#106=FACE_OUTER_BOUND('',#184,.T.);
#107=FACE_OUTER_BOUND('',#185,.T.);
#108=FACE_OUTER_BOUND('',#186,.T.);
#109=FACE_OUTER_BOUND('',#187,.T.);
#110=FACE_OUTER_BOUND('',#188,.T.);
#111=FACE_OUTER_BOUND('',#189,.T.);
#112=FACE_OUTER_BOUND('',#190,.T.);
#113=FACE_OUTER_BOUND('',#191,.T.);
#114=FACE_OUTER_BOUND('',#192,.T.);
#115=FACE_OUTER_BOUND('',#193,.T.);
#116=FACE_OUTER_BOUND('',#194,.T.);
#117=FACE_OUTER_BOUND('',#196,.T.);
#118=FACE_OUTER_BOUND('',#197,.T.);
#119=FACE_OUTER_BOUND('',#199,.T.);
#120=FACE_OUTER_BOUND('',#200,.T.);
#121=FACE_OUTER_BOUND('',#202,.T.);
#122=FACE_OUTER_BOUND('',#203,.T.);
#123=FACE_OUTER_BOUND('',#204,.T.);
#124=FACE_OUTER_BOUND('',#205,.T.);
#125=FACE_OUTER_BOUND('',#207,.T.);
#126=FACE_OUTER_BOUND('',#209,.T.);
#127=FACE_OUTER_BOUND('',#210,.T.);
#128=FACE_OUTER_BOUND('',#211,.T.);
#129=FACE_OUTER_BOUND('',#212,.T.);
#130=FACE_OUTER_BOUND('',#213,.T.);
#131=FACE_OUTER_BOUND('',#214,.T.);
#132=FACE_OUTER_BOUND('',#215,.T.);
#133=FACE_OUTER_BOUND('',#216,.T.);
#134=FACE_OUTER_BOUND('',#217,.T.);
#135=FACE_OUTER_BOUND('',#218,.T.);
#136=FACE_OUTER_BOUND('',#219,.T.);
#137=FACE_OUTER_BOUND('',#220,.T.);
#138=FACE_OUTER_BOUND('',#221,.T.);
#139=FACE_OUTER_BOUND('',#222,.T.);
#140=FACE_OUTER_BOUND('',#223,.T.);
#141=FACE_OUTER_BOUND('',#225,.T.);
#142=EDGE_LOOP('',(#748,#749,#750,#751,#752,#753));
#143=EDGE_LOOP('',(#754));
#144=EDGE_LOOP('',(#755,#756,#757,#758));
#145=EDGE_LOOP('',(#759));
#146=EDGE_LOOP('',(#760,#761,#762,#763));
#147=EDGE_LOOP('',(#764));
#148=EDGE_LOOP('',(#765,#766,#767,#768,#769,#770,#771,#772,#773,#774,#775));
#149=EDGE_LOOP('',(#776,#777,#778,#779));
#150=EDGE_LOOP('',(#780));
#151=EDGE_LOOP('',(#781));
#152=EDGE_LOOP('',(#782,#783,#784,#785));
#153=EDGE_LOOP('',(#786));
#154=EDGE_LOOP('',(#787));
#155=EDGE_LOOP('',(#788));
#156=EDGE_LOOP('',(#789,#790,#791,#792));
#157=EDGE_LOOP('',(#793));
#158=EDGE_LOOP('',(#794,#795,#796,#797,#798));
#159=EDGE_LOOP('',(#799,#800,#801,#802));
#160=EDGE_LOOP('',(#803,#804,#805,#806));
#161=EDGE_LOOP('',(#807,#808,#809,#810));
#162=EDGE_LOOP('',(#811,#812,#813,#814,#815,#816));
#163=EDGE_LOOP('',(#817));
#164=EDGE_LOOP('',(#818,#819,#820,#821,#822));
#165=EDGE_LOOP('',(#823,#824,#825,#826,#827));
#166=EDGE_LOOP('',(#828,#829));
#167=EDGE_LOOP('',(#830,#831,#832,#833,#834));
#168=EDGE_LOOP('',(#835,#836,#837,#838,#839));
#169=EDGE_LOOP('',(#840,#841));
#170=EDGE_LOOP('',(#842,#843,#844,#845,#846,#847,#848,#849,#850,#851,#852));
#171=EDGE_LOOP('',(#853,#854,#855,#856));
#172=EDGE_LOOP('',(#857,#858,#859,#860,#861));
#173=EDGE_LOOP('',(#862,#863,#864,#865));
#174=EDGE_LOOP('',(#866,#867,#868,#869));
#175=EDGE_LOOP('',(#870,#871,#872,#873));
#176=EDGE_LOOP('',(#874,#875,#876,#877));
#177=EDGE_LOOP('',(#878,#879,#880,#881));
#178=EDGE_LOOP('',(#882,#883,#884));
#179=EDGE_LOOP('',(#885,#886,#887));
#180=EDGE_LOOP('',(#888,#889,#890,#891));
#181=EDGE_LOOP('',(#892,#893,#894,#895));
#182=EDGE_LOOP('',(#896,#897,#898,#899));
#183=EDGE_LOOP('',(#900,#901,#902,#903));
#184=EDGE_LOOP('',(#904,#905,#906));
#185=EDGE_LOOP('',(#907,#908,#909));
#186=EDGE_LOOP('',(#910,#911,#912));
#187=EDGE_LOOP('',(#913,#914,#915));
#188=EDGE_LOOP('',(#916,#917,#918));
#189=EDGE_LOOP('',(#919,#920,#921,#922,#923,#924,#925,#926,#927,#928,#929));
#190=EDGE_LOOP('',(#930,#931,#932,#933,#934,#935,#936,#937,#938,#939,#940));
#191=EDGE_LOOP('',(#941,#942,#943));
#192=EDGE_LOOP('',(#944,#945,#946,#947));
#193=EDGE_LOOP('',(#948,#949,#950,#951));
#194=EDGE_LOOP('',(#952,#953,#954,#955,#956,#957,#958));
#195=EDGE_LOOP('',(#959));
#196=EDGE_LOOP('',(#960,#961,#962,#963));
#197=EDGE_LOOP('',(#964,#965,#966,#967,#968,#969,#970));
#198=EDGE_LOOP('',(#971));
#199=EDGE_LOOP('',(#972,#973,#974,#975));
#200=EDGE_LOOP('',(#976,#977,#978,#979));
#201=EDGE_LOOP('',(#980));
#202=EDGE_LOOP('',(#981,#982,#983,#984,#985,#986,#987,#988,#989,#990));
#203=EDGE_LOOP('',(#991,#992,#993,#994,#995,#996,#997,#998,#999,#1000));
#204=EDGE_LOOP('',(#1001,#1002,#1003,#1004));
#205=EDGE_LOOP('',(#1005,#1006,#1007,#1008));
#206=EDGE_LOOP('',(#1009));
#207=EDGE_LOOP('',(#1010,#1011,#1012,#1013));
#208=EDGE_LOOP('',(#1014));
#209=EDGE_LOOP('',(#1015,#1016,#1017,#1018));
#210=EDGE_LOOP('',(#1019,#1020,#1021,#1022));
#211=EDGE_LOOP('',(#1023,#1024,#1025,#1026));
#212=EDGE_LOOP('',(#1027,#1028,#1029,#1030));
#213=EDGE_LOOP('',(#1031,#1032,#1033,#1034));
#214=EDGE_LOOP('',(#1035,#1036,#1037,#1038));
#215=EDGE_LOOP('',(#1039,#1040,#1041,#1042));
#216=EDGE_LOOP('',(#1043,#1044,#1045,#1046));
#217=EDGE_LOOP('',(#1047,#1048,#1049,#1050));
#218=EDGE_LOOP('',(#1051,#1052,#1053,#1054));
#219=EDGE_LOOP('',(#1055,#1056,#1057,#1058));
#220=EDGE_LOOP('',(#1059,#1060,#1061,#1062));
#221=EDGE_LOOP('',(#1063,#1064,#1065,#1066));
#222=EDGE_LOOP('',(#1067,#1068,#1069,#1070));
#223=EDGE_LOOP('',(#1071,#1072,#1073,#1074,#1075,#1076));
#224=EDGE_LOOP('',(#1077));
#225=EDGE_LOOP('',(#1078,#1079,#1080,#1081,#1082,#1083));
#226=B_SPLINE_CURVE_WITH_KNOTS('',3,(#1680,#1681,#1682,#1683),
 .UNSPECIFIED.,.F.,.F.,(4,4),(0.518886965753781,0.519531234830484),
 .UNSPECIFIED.);
#227=B_SPLINE_CURVE_WITH_KNOTS('',3,(#1687,#1688,#1689,#1690),
 .UNSPECIFIED.,.F.,.F.,(4,4),(0.,0.000644277726839722),.UNSPECIFIED.);
#228=B_SPLINE_CURVE_WITH_KNOTS('',3,(#1763,#1764,#1765,#1766),
 .UNSPECIFIED.,.F.,.F.,(4,4),(-2.73777408659725,-2.48778036890329),
 .UNSPECIFIED.);
#229=B_SPLINE_CURVE_WITH_KNOTS('',3,(#1767,#1768,#1769,#1770,#1771),
 .UNSPECIFIED.,.F.,.F.,(4,1,4),(-0.852820561590721,-0.820222852067063,-0.603055547395813),
 .UNSPECIFIED.);
#230=B_SPLINE_CURVE_WITH_KNOTS('',3,(#1778,#1779,#1780,#1781,#1782,#1783,
#1784,#1785,#1786,#1787,#1788,#1789,#1790,#1791,#1792,#1793,#1794,#1795,
#1796,#1797),.UNSPECIFIED.,.F.,.F.,(4,2,2,2,2,2,2,2,2,4),(-1.04695952146143,
-0.977210363708345,-0.905776338853463,-0.761108104211782,-0.624171456683159,
-0.557050974683434,-0.511465855008196,-0.454923046663624,-0.417141957070807,
-0.390179149127752),.UNSPECIFIED.);
#231=B_SPLINE_CURVE_WITH_KNOTS('',3,(#1800,#1801,#1802,#1803,#1804,#1805,
#1806,#1807,#1808,#1809,#1810,#1811,#1812,#1813,#1814,#1815,#1816,#1817,
#1818,#1819),.UNSPECIFIED.,.F.,.F.,(4,2,2,2,2,2,2,2,2,4),(-0.70823705495395,
-0.687765223553132,-0.646426414569978,-0.592296635987253,-0.534577942478776,
-0.46795248860771,-0.360182127409477,-0.207062728172648,-0.0974768626216236,
-0.000644332297784253),.UNSPECIFIED.);
#232=B_SPLINE_CURVE_WITH_KNOTS('',3,(#1823,#1824,#1825,#1826,#1827,#1828,
#1829,#1830,#1831,#1832,#1833,#1834,#1835,#1836,#1837,#1838,#1839,#1840,
#1841,#1842),.UNSPECIFIED.,.F.,.F.,(4,2,2,2,2,2,2,2,2,4),(-1.00546602501621,
-0.960146718543373,-0.913842532401672,-0.819686800360253,-0.656208711936442,
-0.575140343958103,-0.525393210528142,-0.472016284578735,-0.427430383268475,
-0.390147759803331),.UNSPECIFIED.);
#233=B_SPLINE_CURVE_WITH_KNOTS('',3,(#1846,#1847,#1848,#1849,#1850,#1851,
#1852,#1853,#1854,#1855,#1856,#1857,#1858,#1859,#1860,#1861,#1862,#1863,
#1864,#1865),.UNSPECIFIED.,.F.,.F.,(4,2,2,2,2,2,2,2,2,4),(-0.841268980586077,
-0.825859755147528,-0.743163142578748,-0.652412502344622,-0.5551990293674,
-0.464455229789299,-0.359308882170241,-0.206797005546899,-0.0974297449471818,
-0.000644333374710218),.UNSPECIFIED.);
#234=B_SPLINE_CURVE_WITH_KNOTS('',3,(#1868,#1869,#1870,#1871),
 .UNSPECIFIED.,.F.,.F.,(4,4),(0.,0.000644278843525222),.UNSPECIFIED.);
#235=B_SPLINE_CURVE_WITH_KNOTS('',3,(#1874,#1875,#1876,#1877),
 .UNSPECIFIED.,.F.,.F.,(4,4),(0.518886975192062,0.519531245385584),
 .UNSPECIFIED.);
#236=B_SPLINE_CURVE_WITH_KNOTS('',3,(#1980,#1981,#1982,#1983,#1984),
 .UNSPECIFIED.,.F.,.F.,(4,1,4),(-2.7377739800131,-2.52060667537218,-2.48800882144034),
 .UNSPECIFIED.);
#237=B_SPLINE_CURVE_WITH_KNOTS('',3,(#2015,#2016,#2017,#2018,#2019),
 .UNSPECIFIED.,.F.,.F.,(4,1,4),(-0.853049266680452,-0.820222872530206,-0.603055601318223),
 .UNSPECIFIED.);
#238=B_SPLINE_CURVE_WITH_KNOTS('',3,(#2030,#2031,#2032,#2033,#2034,#2035,
#2036,#2037,#2038,#2039),.UNSPECIFIED.,.F.,.F.,(4,2,1,1,1,1,4),(-0.00236475296590281,
0.,0.565178515980309,1.13035703196062,1.69553554794093,2.26071406392124,
2.82589257990155),.UNSPECIFIED.);
#239=B_SPLINE_CURVE_WITH_KNOTS('',3,(#2041,#2042,#2043,#2044,#2045,#2046,
#2047,#2048,#2049,#2050,#2051,#2052),.UNSPECIFIED.,.F.,.F.,(4,1,1,1,1,1,
1,2,4),(6.79785119479968,7.36302971077999,7.9282082267603,8.49338674274061,
8.77597600073076,9.05856525872092,9.34115451671107,9.62374377470123,9.62610852766713),
 .UNSPECIFIED.);
#240=B_SPLINE_CURVE_WITH_KNOTS('',3,(#2070,#2071,#2072,#2073,#2074,#2075),
 .UNSPECIFIED.,.F.,.F.,(4,2,4),(12.1920777765833,12.3225116783333,12.6342971156251),
 .UNSPECIFIED.);
#241=B_SPLINE_CURVE_WITH_KNOTS('',3,(#2087,#2088,#2089,#2090,#2091,#2092),
 .UNSPECIFIED.,.F.,.F.,(4,2,4),(5.2154064178467E-8,0.311785452674748,0.442219339041773),
 .UNSPECIFIED.);
#242=B_SPLINE_CURVE_WITH_KNOTS('',3,(#2240,#2241,#2242,#2243,#2244,#2245,
#2246,#2247,#2248,#2249),.UNSPECIFIED.,.F.,.F.,(4,2,1,1,1,1,4),(-0.00236475296590281,
0.,0.565178515980309,1.13035703196062,1.69553554794093,2.26071406392124,
2.82589257990155),.UNSPECIFIED.);
#243=B_SPLINE_CURVE_WITH_KNOTS('',3,(#2257,#2258,#2259,#2260,#2261,#2262),
 .UNSPECIFIED.,.F.,.F.,(4,2,4),(6.31714855781252,6.62893388730434,6.75936774395678),
 .UNSPECIFIED.);
#244=B_SPLINE_CURVE_WITH_KNOTS('',3,(#2274,#2275,#2276,#2277,#2278,#2279),
 .UNSPECIFIED.,.F.,.F.,(4,2,4),(5.87492937166826,6.00536321293771,6.31714850565846),
 .UNSPECIFIED.);
#245=B_SPLINE_CURVE_WITH_KNOTS('',3,(#2425,#2426,#2427,#2428,#2429,#2430,
#2431,#2432,#2433,#2434,#2435,#2436),.UNSPECIFIED.,.F.,.F.,(4,1,1,1,1,1,
1,2,4),(6.79785119479968,7.36302971077999,7.9282082267603,8.49338674274061,
8.77597600073076,9.05856525872092,9.34115451671107,9.62374377470123,9.62610852766713),
 .UNSPECIFIED.);
#246=LINE('',#1678,#332);
#247=LINE('',#1685,#333);
#248=LINE('',#1691,#334);
#249=LINE('',#1699,#335);
#250=LINE('',#1701,#336);
#251=LINE('',#1702,#337);
#252=LINE('',#1710,#338);
#253=LINE('',#1712,#339);
#254=LINE('',#1713,#340);
#255=LINE('',#1717,#341);
#256=LINE('',#1719,#342);
#257=LINE('',#1721,#343);
#258=LINE('',#1723,#344);
#259=LINE('',#1725,#345);
#260=LINE('',#1727,#346);
#261=LINE('',#1729,#347);
#262=LINE('',#1731,#348);
#263=LINE('',#1732,#349);
#264=LINE('',#1735,#350);
#265=LINE('',#1745,#351);
#266=LINE('',#1755,#352);
#267=LINE('',#1759,#353);
#268=LINE('',#1761,#354);
#269=LINE('',#1774,#355);
#270=LINE('',#1799,#356);
#271=LINE('',#1844,#357);
#272=LINE('',#1866,#358);
#273=LINE('',#1873,#359);
#274=LINE('',#2025,#360);
#275=LINE('',#2057,#361);
#276=LINE('',#2059,#362);
#277=LINE('',#2062,#363);
#278=LINE('',#2239,#364);
#279=LINE('',#2437,#365);
#280=LINE('',#2440,#366);
#281=LINE('',#2441,#367);
#282=LINE('',#2443,#368);
#283=LINE('',#2446,#369);
#284=LINE('',#2447,#370);
#285=LINE('',#2451,#371);
#286=LINE('',#2452,#372);
#287=LINE('',#2454,#373);
#288=LINE('',#2455,#374);
#289=LINE('',#2456,#375);
#290=LINE('',#2458,#376);
#291=LINE('',#2469,#377);
#292=LINE('',#2473,#378);
#293=LINE('',#2477,#379);
#294=LINE('',#2478,#380);
#295=LINE('',#2483,#381);
#296=LINE('',#2485,#382);
#297=LINE('',#2487,#383);
#298=LINE('',#2489,#384);
#299=LINE('',#2491,#385);
#300=LINE('',#2493,#386);
#301=LINE('',#2495,#387);
#302=LINE('',#2497,#388);
#303=LINE('',#2498,#389);
#304=LINE('',#2501,#390);
#305=LINE('',#2503,#391);
#306=LINE('',#2505,#392);
#307=LINE('',#2507,#393);
#308=LINE('',#2509,#394);
#309=LINE('',#2511,#395);
#310=LINE('',#2513,#396);
#311=LINE('',#2515,#397);
#312=LINE('',#2516,#398);
#313=LINE('',#2520,#399);
#314=LINE('',#2522,#400);
#315=LINE('',#2527,#401);
#316=LINE('',#2533,#402);
#317=LINE('',#2535,#403);
#318=LINE('',#2539,#404);
#319=LINE('',#2541,#405);
#320=LINE('',#2543,#406);
#321=LINE('',#2544,#407);
#322=LINE('',#2548,#408);
#323=LINE('',#2549,#409);
#324=LINE('',#2550,#410);
#325=LINE('',#2552,#411);
#326=LINE('',#2557,#412);
#327=LINE('',#2561,#413);
#328=LINE('',#2562,#414);
#329=LINE('',#2563,#415);
#330=LINE('',#2568,#416);
#331=LINE('',#2571,#417);
#332=VECTOR('',#1338,10.);
#333=VECTOR('',#1339,10.);
#334=VECTOR('',#1340,10.);
#335=VECTOR('',#1347,10.);
#336=VECTOR('',#1348,10.);
#337=VECTOR('',#1349,10.);
#338=VECTOR('',#1356,10.);
#339=VECTOR('',#1357,10.);
#340=VECTOR('',#1358,10.);
#341=VECTOR('',#1363,10.);
#342=VECTOR('',#1364,10.);
#343=VECTOR('',#1365,10.);
#344=VECTOR('',#1366,10.);
#345=VECTOR('',#1367,10.);
#346=VECTOR('',#1368,10.);
#347=VECTOR('',#1369,10.);
#348=VECTOR('',#1370,10.);
#349=VECTOR('',#1371,10.);
#350=VECTOR('',#1374,5.00000007450581);
#351=VECTOR('',#1387,6.50000350177287);
#352=VECTOR('',#1400,6.49999999999999);
#353=VECTOR('',#1405,10.);
#354=VECTOR('',#1406,10.);
#355=VECTOR('',#1409,10.);
#356=VECTOR('',#1414,10.);
#357=VECTOR('',#1417,10.);
#358=VECTOR('',#1418,10.);
#359=VECTOR('',#1421,10.);
#360=VECTOR('',#1446,10.);
#361=VECTOR('',#1455,10.);
#362=VECTOR('',#1458,4.49999999999999);
#363=VECTOR('',#1463,4.49999999999999);
#364=VECTOR('',#1490,10.);
#365=VECTOR('',#1517,10.);
#366=VECTOR('',#1520,10.);
#367=VECTOR('',#1521,10.);
#368=VECTOR('',#1524,10.);
#369=VECTOR('',#1527,10.);
#370=VECTOR('',#1528,10.);
#371=VECTOR('',#1533,10.);
#372=VECTOR('',#1534,10.);
#373=VECTOR('',#1535,10.);
#374=VECTOR('',#1536,10.);
#375=VECTOR('',#1537,10.);
#376=VECTOR('',#1540,10.);
#377=VECTOR('',#1559,5.00000007450581);
#378=VECTOR('',#1562,10.);
#379=VECTOR('',#1565,10.);
#380=VECTOR('',#1566,10.);
#381=VECTOR('',#1571,10.);
#382=VECTOR('',#1572,10.);
#383=VECTOR('',#1573,10.);
#384=VECTOR('',#1574,10.);
#385=VECTOR('',#1575,10.);
#386=VECTOR('',#1576,10.);
#387=VECTOR('',#1577,10.);
#388=VECTOR('',#1578,10.);
#389=VECTOR('',#1579,10.);
#390=VECTOR('',#1582,10.);
#391=VECTOR('',#1583,10.);
#392=VECTOR('',#1584,10.);
#393=VECTOR('',#1585,10.);
#394=VECTOR('',#1586,10.);
#395=VECTOR('',#1587,10.);
#396=VECTOR('',#1588,10.);
#397=VECTOR('',#1589,10.);
#398=VECTOR('',#1590,10.);
#399=VECTOR('',#1595,5.);
#400=VECTOR('',#1598,10.);
#401=VECTOR('',#1605,10.);
#402=VECTOR('',#1614,5.);
#403=VECTOR('',#1617,10.);
#404=VECTOR('',#1620,10.);
#405=VECTOR('',#1621,10.);
#406=VECTOR('',#1622,10.);
#407=VECTOR('',#1623,10.);
#408=VECTOR('',#1626,10.);
#409=VECTOR('',#1627,10.);
#410=VECTOR('',#1628,10.);
#411=VECTOR('',#1631,10.);
#412=VECTOR('',#1640,10.);
#413=VECTOR('',#1643,10.);
#414=VECTOR('',#1644,10.);
#415=VECTOR('',#1645,10.);
#416=VECTOR('',#1654,10.);
#417=VECTOR('',#1659,10.);
#418=CIRCLE('',#1207,6.50000365078448);
#419=CIRCLE('',#1208,4.49999999999999);
#420=CIRCLE('',#1210,10.0000001490116);
#421=CIRCLE('',#1211,5.00000007450581);
#422=CIRCLE('',#1213,9.99999932944775);
#423=CIRCLE('',#1214,5.00000007450581);
#424=CIRCLE('',#1217,5.00000007450581);
#425=CIRCLE('',#1219,6.50000350177287);
#426=CIRCLE('',#1220,4.49999999999999);
#427=CIRCLE('',#1222,6.50000350177287);
#428=CIRCLE('',#1225,6.49999999999999);
#429=CIRCLE('',#1226,4.49999999999999);
#430=CIRCLE('',#1228,6.49999999999999);
#431=CIRCLE('',#1232,6.4999999999999);
#432=CIRCLE('',#1236,4.49999999999999);
#433=CIRCLE('',#1237,3.5);
#434=CIRCLE('',#1238,10.);
#435=CIRCLE('',#1239,10.);
#436=CIRCLE('',#1241,10.);
#437=CIRCLE('',#1242,10.);
#438=CIRCLE('',#1243,3.50000000000001);
#439=CIRCLE('',#1244,10.);
#440=CIRCLE('',#1246,10.);
#441=CIRCLE('',#1248,10.);
#442=CIRCLE('',#1249,10.);
#443=CIRCLE('',#1250,10.);
#444=CIRCLE('',#1251,10.);
#445=CIRCLE('',#1256,12.5);
#446=CIRCLE('',#1257,22.5);
#447=CIRCLE('',#1258,12.5);
#448=CIRCLE('',#1260,12.5);
#449=CIRCLE('',#1262,12.5);
#450=CIRCLE('',#1263,10.);
#451=CIRCLE('',#1264,12.5);
#452=CIRCLE('',#1265,22.5);
#453=CIRCLE('',#1267,10.);
#454=CIRCLE('',#1269,12.5);
#455=CIRCLE('',#1270,12.5);
#456=CIRCLE('',#1271,22.5);
#457=CIRCLE('',#1273,12.5);
#458=CIRCLE('',#1275,12.5);
#459=CIRCLE('',#1276,22.5);
#460=CIRCLE('',#1277,12.5);
#461=CIRCLE('',#1278,10.);
#462=CIRCLE('',#1280,10.);
#463=CIRCLE('',#1289,9.99999932944775);
#464=CIRCLE('',#1292,10.0000001490116);
#465=CIRCLE('',#1294,5.00000007450581);
#466=CIRCLE('',#1297,6.50000365078448);
#467=CIRCLE('',#1298,5.);
#468=CIRCLE('',#1302,5.);
#469=CIRCLE('',#1304,6.50000365078448);
#470=CIRCLE('',#1305,5.);
#471=CIRCLE('',#1307,6.50000365078448);
#472=CIRCLE('',#1308,5.);
#473=CIRCLE('',#1328,6.50000365078448);
#474=CIRCLE('',#1329,6.50000365078448);
#475=CIRCLE('',#1330,6.50000365078448);
#476=VERTEX_POINT('',#1674);
#477=VERTEX_POINT('',#1675);
#478=VERTEX_POINT('',#1677);
#479=VERTEX_POINT('',#1679);
#480=VERTEX_POINT('',#1684);
#481=VERTEX_POINT('',#1686);
#482=VERTEX_POINT('',#1692);
#483=VERTEX_POINT('',#1695);
#484=VERTEX_POINT('',#1696);
#485=VERTEX_POINT('',#1698);
#486=VERTEX_POINT('',#1700);
#487=VERTEX_POINT('',#1703);
#488=VERTEX_POINT('',#1706);
#489=VERTEX_POINT('',#1707);
#490=VERTEX_POINT('',#1709);
#491=VERTEX_POINT('',#1711);
#492=VERTEX_POINT('',#1714);
#493=VERTEX_POINT('',#1718);
#494=VERTEX_POINT('',#1720);
#495=VERTEX_POINT('',#1722);
#496=VERTEX_POINT('',#1724);
#497=VERTEX_POINT('',#1726);
#498=VERTEX_POINT('',#1728);
#499=VERTEX_POINT('',#1730);
#500=VERTEX_POINT('',#1734);
#501=VERTEX_POINT('',#1738);
#502=VERTEX_POINT('',#1740);
#503=VERTEX_POINT('',#1743);
#504=VERTEX_POINT('',#1748);
#505=VERTEX_POINT('',#1750);
#506=VERTEX_POINT('',#1753);
#507=VERTEX_POINT('',#1758);
#508=VERTEX_POINT('',#1760);
#509=VERTEX_POINT('',#1762);
#510=VERTEX_POINT('',#1773);
#511=VERTEX_POINT('',#1777);
#512=VERTEX_POINT('',#1798);
#513=VERTEX_POINT('',#1821);
#514=VERTEX_POINT('',#1822);
#515=VERTEX_POINT('',#1843);
#516=VERTEX_POINT('',#1845);
#517=VERTEX_POINT('',#1872);
#518=VERTEX_POINT('',#1878);
#519=VERTEX_POINT('',#1910);
#520=VERTEX_POINT('',#1976);
#521=VERTEX_POINT('',#1978);
#522=VERTEX_POINT('',#2024);
#523=VERTEX_POINT('',#2026);
#524=VERTEX_POINT('',#2028);
#525=VERTEX_POINT('',#2040);
#526=VERTEX_POINT('',#2053);
#527=VERTEX_POINT('',#2055);
#528=VERTEX_POINT('',#2065);
#529=VERTEX_POINT('',#2069);
#530=VERTEX_POINT('',#2078);
#531=VERTEX_POINT('',#2079);
#532=VERTEX_POINT('',#2081);
#533=VERTEX_POINT('',#2083);
#534=VERTEX_POINT('',#2238);
#535=VERTEX_POINT('',#2252);
#536=VERTEX_POINT('',#2256);
#537=VERTEX_POINT('',#2265);
#538=VERTEX_POINT('',#2266);
#539=VERTEX_POINT('',#2268);
#540=VERTEX_POINT('',#2270);
#541=VERTEX_POINT('',#2439);
#542=VERTEX_POINT('',#2445);
#543=VERTEX_POINT('',#2450);
#544=VERTEX_POINT('',#2453);
#545=VERTEX_POINT('',#2466);
#546=VERTEX_POINT('',#2471);
#547=VERTEX_POINT('',#2472);
#548=VERTEX_POINT('',#2474);
#549=VERTEX_POINT('',#2476);
#550=VERTEX_POINT('',#2479);
#551=VERTEX_POINT('',#2482);
#552=VERTEX_POINT('',#2484);
#553=VERTEX_POINT('',#2486);
#554=VERTEX_POINT('',#2488);
#555=VERTEX_POINT('',#2490);
#556=VERTEX_POINT('',#2492);
#557=VERTEX_POINT('',#2494);
#558=VERTEX_POINT('',#2496);
#559=VERTEX_POINT('',#2500);
#560=VERTEX_POINT('',#2502);
#561=VERTEX_POINT('',#2504);
#562=VERTEX_POINT('',#2506);
#563=VERTEX_POINT('',#2508);
#564=VERTEX_POINT('',#2510);
#565=VERTEX_POINT('',#2512);
#566=VERTEX_POINT('',#2514);
#567=VERTEX_POINT('',#2518);
#568=VERTEX_POINT('',#2524);
#569=VERTEX_POINT('',#2529);
#570=VERTEX_POINT('',#2537);
#571=VERTEX_POINT('',#2538);
#572=VERTEX_POINT('',#2540);
#573=VERTEX_POINT('',#2542);
#574=VERTEX_POINT('',#2546);
#575=VERTEX_POINT('',#2547);
#576=VERTEX_POINT('',#2559);
#577=VERTEX_POINT('',#2560);
#578=VERTEX_POINT('',#2574);
#579=VERTEX_POINT('',#2576);
#580=EDGE_CURVE('',#476,#477,#418,.T.);
#581=EDGE_CURVE('',#478,#476,#246,.T.);
#582=EDGE_CURVE('',#479,#478,#226,.T.);
#583=EDGE_CURVE('',#480,#479,#247,.T.);
#584=EDGE_CURVE('',#480,#481,#227,.F.);
#585=EDGE_CURVE('',#477,#481,#248,.T.);
#586=EDGE_CURVE('',#482,#482,#419,.T.);
#587=EDGE_CURVE('',#483,#484,#420,.T.);
#588=EDGE_CURVE('',#485,#483,#249,.T.);
#589=EDGE_CURVE('',#486,#485,#250,.T.);
#590=EDGE_CURVE('',#484,#486,#251,.T.);
#591=EDGE_CURVE('',#487,#487,#421,.T.);
#592=EDGE_CURVE('',#488,#489,#422,.T.);
#593=EDGE_CURVE('',#490,#488,#252,.T.);
#594=EDGE_CURVE('',#490,#491,#253,.T.);
#595=EDGE_CURVE('',#489,#491,#254,.T.);
#596=EDGE_CURVE('',#492,#492,#423,.T.);
#597=EDGE_CURVE('',#486,#490,#255,.T.);
#598=EDGE_CURVE('',#488,#493,#256,.T.);
#599=EDGE_CURVE('',#493,#494,#257,.T.);
#600=EDGE_CURVE('',#495,#494,#258,.T.);
#601=EDGE_CURVE('',#496,#495,#259,.T.);
#602=EDGE_CURVE('',#497,#496,#260,.T.);
#603=EDGE_CURVE('',#498,#497,#261,.T.);
#604=EDGE_CURVE('',#499,#498,#262,.T.);
#605=EDGE_CURVE('',#484,#499,#263,.T.);
#606=EDGE_CURVE('',#492,#500,#264,.T.);
#607=EDGE_CURVE('',#500,#500,#424,.T.);
#608=EDGE_CURVE('',#501,#501,#425,.T.);
#609=EDGE_CURVE('',#502,#502,#426,.T.);
#610=EDGE_CURVE('',#503,#503,#427,.T.);
#611=EDGE_CURVE('',#503,#501,#265,.T.);
#612=EDGE_CURVE('',#504,#504,#428,.T.);
#613=EDGE_CURVE('',#505,#505,#429,.T.);
#614=EDGE_CURVE('',#506,#506,#430,.T.);
#615=EDGE_CURVE('',#506,#504,#266,.T.);
#616=EDGE_CURVE('',#507,#476,#267,.T.);
#617=EDGE_CURVE('',#507,#508,#268,.T.);
#618=EDGE_CURVE('',#509,#508,#228,.T.);
#619=EDGE_CURVE('',#478,#509,#229,.T.);
#620=EDGE_CURVE('',#477,#510,#269,.T.);
#621=EDGE_CURVE('',#510,#507,#431,.T.);
#622=EDGE_CURVE('',#479,#511,#230,.T.);
#623=EDGE_CURVE('',#511,#512,#270,.T.);
#624=EDGE_CURVE('',#480,#512,#231,.F.);
#625=EDGE_CURVE('',#513,#514,#232,.T.);
#626=EDGE_CURVE('',#514,#515,#271,.T.);
#627=EDGE_CURVE('',#516,#515,#233,.F.);
#628=EDGE_CURVE('',#516,#513,#272,.T.);
#629=EDGE_CURVE('',#516,#508,#234,.F.);
#630=EDGE_CURVE('',#517,#510,#273,.T.);
#631=EDGE_CURVE('',#513,#517,#235,.T.);
#632=EDGE_CURVE('',#518,#518,#432,.T.);
#633=EDGE_CURVE('',#509,#519,#433,.T.);
#634=EDGE_CURVE('',#511,#519,#434,.T.);
#635=EDGE_CURVE('',#519,#515,#435,.T.);
#636=EDGE_CURVE('',#512,#511,#436,.T.);
#637=EDGE_CURVE('',#520,#512,#437,.T.);
#638=EDGE_CURVE('',#520,#521,#438,.T.);
#639=EDGE_CURVE('',#521,#481,#236,.T.);
#640=EDGE_CURVE('',#517,#521,#237,.T.);
#641=EDGE_CURVE('',#514,#520,#439,.T.);
#642=EDGE_CURVE('',#515,#514,#440,.T.);
#643=EDGE_CURVE('',#519,#522,#274,.T.);
#644=EDGE_CURVE('',#523,#522,#441,.T.);
#645=EDGE_CURVE('',#524,#523,#442,.T.);
#646=EDGE_CURVE('',#496,#524,#238,.T.);
#647=EDGE_CURVE('',#525,#496,#239,.T.);
#648=EDGE_CURVE('',#526,#525,#443,.T.);
#649=EDGE_CURVE('',#527,#526,#444,.T.);
#650=EDGE_CURVE('',#527,#520,#275,.T.);
#651=EDGE_CURVE('',#502,#518,#276,.T.);
#652=EDGE_CURVE('',#505,#482,#277,.T.);
#653=EDGE_CURVE('',#525,#495,#445,.T.);
#654=EDGE_CURVE('',#495,#528,#446,.T.);
#655=EDGE_CURVE('',#528,#526,#447,.T.);
#656=EDGE_CURVE('',#528,#529,#240,.T.);
#657=EDGE_CURVE('',#529,#527,#448,.T.);
#658=EDGE_CURVE('',#530,#531,#449,.T.);
#659=EDGE_CURVE('',#531,#532,#450,.T.);
#660=EDGE_CURVE('',#532,#533,#451,.T.);
#661=EDGE_CURVE('',#533,#530,#452,.T.);
#662=EDGE_CURVE('',#529,#533,#241,.T.);
#663=EDGE_CURVE('',#532,#527,#453,.T.);
#664=EDGE_CURVE('',#530,#534,#278,.T.);
#665=EDGE_CURVE('',#534,#531,#242,.T.);
#666=EDGE_CURVE('',#497,#524,#454,.T.);
#667=EDGE_CURVE('',#523,#535,#455,.T.);
#668=EDGE_CURVE('',#535,#497,#456,.T.);
#669=EDGE_CURVE('',#536,#535,#243,.T.);
#670=EDGE_CURVE('',#522,#536,#457,.T.);
#671=EDGE_CURVE('',#537,#538,#458,.T.);
#672=EDGE_CURVE('',#538,#539,#459,.T.);
#673=EDGE_CURVE('',#539,#540,#460,.T.);
#674=EDGE_CURVE('',#540,#537,#461,.T.);
#675=EDGE_CURVE('',#539,#536,#244,.T.);
#676=EDGE_CURVE('',#522,#540,#462,.T.);
#677=EDGE_CURVE('',#537,#534,#245,.T.);
#678=EDGE_CURVE('',#534,#538,#279,.T.);
#679=EDGE_CURVE('',#538,#541,#280,.T.);
#680=EDGE_CURVE('',#541,#539,#281,.T.);
#681=EDGE_CURVE('',#535,#498,#282,.T.);
#682=EDGE_CURVE('',#533,#542,#283,.T.);
#683=EDGE_CURVE('',#542,#530,#284,.T.);
#684=EDGE_CURVE('',#483,#543,#285,.T.);
#685=EDGE_CURVE('',#543,#541,#286,.T.);
#686=EDGE_CURVE('',#544,#542,#287,.T.);
#687=EDGE_CURVE('',#489,#544,#288,.T.);
#688=EDGE_CURVE('',#491,#485,#289,.T.);
#689=EDGE_CURVE('',#494,#528,#290,.T.);
#690=EDGE_CURVE('',#493,#544,#463,.T.);
#691=EDGE_CURVE('',#543,#499,#464,.T.);
#692=EDGE_CURVE('',#545,#545,#465,.T.);
#693=EDGE_CURVE('',#545,#487,#291,.T.);
#694=EDGE_CURVE('',#546,#547,#292,.T.);
#695=EDGE_CURVE('',#546,#548,#466,.T.);
#696=EDGE_CURVE('',#549,#548,#293,.T.);
#697=EDGE_CURVE('',#547,#549,#294,.T.);
#698=EDGE_CURVE('',#550,#550,#467,.T.);
#699=EDGE_CURVE('',#547,#551,#295,.T.);
#700=EDGE_CURVE('',#551,#552,#296,.T.);
#701=EDGE_CURVE('',#552,#553,#297,.T.);
#702=EDGE_CURVE('',#554,#553,#298,.T.);
#703=EDGE_CURVE('',#555,#554,#299,.T.);
#704=EDGE_CURVE('',#555,#556,#300,.T.);
#705=EDGE_CURVE('',#556,#557,#301,.T.);
#706=EDGE_CURVE('',#558,#557,#302,.T.);
#707=EDGE_CURVE('',#546,#558,#303,.T.);
#708=EDGE_CURVE('',#548,#559,#304,.T.);
#709=EDGE_CURVE('',#560,#559,#305,.T.);
#710=EDGE_CURVE('',#561,#560,#306,.T.);
#711=EDGE_CURVE('',#561,#562,#307,.T.);
#712=EDGE_CURVE('',#562,#563,#308,.T.);
#713=EDGE_CURVE('',#564,#563,#309,.T.);
#714=EDGE_CURVE('',#565,#564,#310,.T.);
#715=EDGE_CURVE('',#566,#565,#311,.T.);
#716=EDGE_CURVE('',#549,#566,#312,.T.);
#717=EDGE_CURVE('',#567,#567,#468,.T.);
#718=EDGE_CURVE('',#567,#550,#313,.T.);
#719=EDGE_CURVE('',#553,#564,#314,.T.);
#720=EDGE_CURVE('',#563,#554,#469,.T.);
#721=EDGE_CURVE('',#568,#568,#470,.T.);
#722=EDGE_CURVE('',#561,#556,#315,.T.);
#723=EDGE_CURVE('',#555,#562,#471,.T.);
#724=EDGE_CURVE('',#569,#569,#472,.T.);
#725=EDGE_CURVE('',#568,#569,#316,.T.);
#726=EDGE_CURVE('',#557,#560,#317,.T.);
#727=EDGE_CURVE('',#570,#571,#318,.T.);
#728=EDGE_CURVE('',#572,#570,#319,.T.);
#729=EDGE_CURVE('',#573,#572,#320,.T.);
#730=EDGE_CURVE('',#571,#573,#321,.T.);
#731=EDGE_CURVE('',#574,#575,#322,.T.);
#732=EDGE_CURVE('',#574,#572,#323,.T.);
#733=EDGE_CURVE('',#575,#570,#324,.T.);
#734=EDGE_CURVE('',#551,#566,#325,.T.);
#735=EDGE_CURVE('',#552,#575,#13,.F.);
#736=EDGE_CURVE('',#551,#574,#14,.T.);
#737=EDGE_CURVE('',#565,#552,#326,.T.);
#738=EDGE_CURVE('',#576,#577,#327,.T.);
#739=EDGE_CURVE('',#576,#571,#328,.T.);
#740=EDGE_CURVE('',#577,#573,#329,.T.);
#741=EDGE_CURVE('',#566,#577,#15,.F.);
#742=EDGE_CURVE('',#565,#576,#16,.T.);
#743=EDGE_CURVE('',#575,#576,#330,.T.);
#744=EDGE_CURVE('',#577,#574,#331,.T.);
#745=EDGE_CURVE('',#578,#558,#473,.T.);
#746=EDGE_CURVE('',#559,#579,#474,.T.);
#747=EDGE_CURVE('',#578,#579,#475,.T.);
#748=ORIENTED_EDGE('',*,*,#580,.F.);
#749=ORIENTED_EDGE('',*,*,#581,.F.);
#750=ORIENTED_EDGE('',*,*,#582,.F.);
#751=ORIENTED_EDGE('',*,*,#583,.F.);
#752=ORIENTED_EDGE('',*,*,#584,.T.);
#753=ORIENTED_EDGE('',*,*,#585,.F.);
#754=ORIENTED_EDGE('',*,*,#586,.F.);
#755=ORIENTED_EDGE('',*,*,#587,.F.);
#756=ORIENTED_EDGE('',*,*,#588,.F.);
#757=ORIENTED_EDGE('',*,*,#589,.F.);
#758=ORIENTED_EDGE('',*,*,#590,.F.);
#759=ORIENTED_EDGE('',*,*,#591,.F.);
#760=ORIENTED_EDGE('',*,*,#592,.F.);
#761=ORIENTED_EDGE('',*,*,#593,.F.);
#762=ORIENTED_EDGE('',*,*,#594,.T.);
#763=ORIENTED_EDGE('',*,*,#595,.F.);
#764=ORIENTED_EDGE('',*,*,#596,.F.);
#765=ORIENTED_EDGE('',*,*,#590,.T.);
#766=ORIENTED_EDGE('',*,*,#597,.T.);
#767=ORIENTED_EDGE('',*,*,#593,.T.);
#768=ORIENTED_EDGE('',*,*,#598,.T.);
#769=ORIENTED_EDGE('',*,*,#599,.T.);
#770=ORIENTED_EDGE('',*,*,#600,.F.);
#771=ORIENTED_EDGE('',*,*,#601,.F.);
#772=ORIENTED_EDGE('',*,*,#602,.F.);
#773=ORIENTED_EDGE('',*,*,#603,.F.);
#774=ORIENTED_EDGE('',*,*,#604,.F.);
#775=ORIENTED_EDGE('',*,*,#605,.F.);
#776=ORIENTED_EDGE('',*,*,#596,.T.);
#777=ORIENTED_EDGE('',*,*,#606,.T.);
#778=ORIENTED_EDGE('',*,*,#607,.F.);
#779=ORIENTED_EDGE('',*,*,#606,.F.);
#780=ORIENTED_EDGE('',*,*,#608,.F.);
#781=ORIENTED_EDGE('',*,*,#609,.T.);
#782=ORIENTED_EDGE('',*,*,#610,.F.);
#783=ORIENTED_EDGE('',*,*,#611,.T.);
#784=ORIENTED_EDGE('',*,*,#608,.T.);
#785=ORIENTED_EDGE('',*,*,#611,.F.);
#786=ORIENTED_EDGE('',*,*,#610,.T.);
#787=ORIENTED_EDGE('',*,*,#612,.F.);
#788=ORIENTED_EDGE('',*,*,#613,.T.);
#789=ORIENTED_EDGE('',*,*,#614,.F.);
#790=ORIENTED_EDGE('',*,*,#615,.T.);
#791=ORIENTED_EDGE('',*,*,#612,.T.);
#792=ORIENTED_EDGE('',*,*,#615,.F.);
#793=ORIENTED_EDGE('',*,*,#614,.T.);
#794=ORIENTED_EDGE('',*,*,#581,.T.);
#795=ORIENTED_EDGE('',*,*,#616,.F.);
#796=ORIENTED_EDGE('',*,*,#617,.T.);
#797=ORIENTED_EDGE('',*,*,#618,.F.);
#798=ORIENTED_EDGE('',*,*,#619,.F.);
#799=ORIENTED_EDGE('',*,*,#580,.T.);
#800=ORIENTED_EDGE('',*,*,#620,.T.);
#801=ORIENTED_EDGE('',*,*,#621,.T.);
#802=ORIENTED_EDGE('',*,*,#616,.T.);
#803=ORIENTED_EDGE('',*,*,#622,.T.);
#804=ORIENTED_EDGE('',*,*,#623,.T.);
#805=ORIENTED_EDGE('',*,*,#624,.F.);
#806=ORIENTED_EDGE('',*,*,#583,.T.);
#807=ORIENTED_EDGE('',*,*,#625,.T.);
#808=ORIENTED_EDGE('',*,*,#626,.T.);
#809=ORIENTED_EDGE('',*,*,#627,.F.);
#810=ORIENTED_EDGE('',*,*,#628,.T.);
#811=ORIENTED_EDGE('',*,*,#628,.F.);
#812=ORIENTED_EDGE('',*,*,#629,.T.);
#813=ORIENTED_EDGE('',*,*,#617,.F.);
#814=ORIENTED_EDGE('',*,*,#621,.F.);
#815=ORIENTED_EDGE('',*,*,#630,.F.);
#816=ORIENTED_EDGE('',*,*,#631,.F.);
#817=ORIENTED_EDGE('',*,*,#632,.F.);
#818=ORIENTED_EDGE('',*,*,#582,.T.);
#819=ORIENTED_EDGE('',*,*,#619,.T.);
#820=ORIENTED_EDGE('',*,*,#633,.T.);
#821=ORIENTED_EDGE('',*,*,#634,.F.);
#822=ORIENTED_EDGE('',*,*,#622,.F.);
#823=ORIENTED_EDGE('',*,*,#635,.F.);
#824=ORIENTED_EDGE('',*,*,#633,.F.);
#825=ORIENTED_EDGE('',*,*,#618,.T.);
#826=ORIENTED_EDGE('',*,*,#629,.F.);
#827=ORIENTED_EDGE('',*,*,#627,.T.);
#828=ORIENTED_EDGE('',*,*,#623,.F.);
#829=ORIENTED_EDGE('',*,*,#636,.F.);
#830=ORIENTED_EDGE('',*,*,#637,.F.);
#831=ORIENTED_EDGE('',*,*,#638,.T.);
#832=ORIENTED_EDGE('',*,*,#639,.T.);
#833=ORIENTED_EDGE('',*,*,#584,.F.);
#834=ORIENTED_EDGE('',*,*,#624,.T.);
#835=ORIENTED_EDGE('',*,*,#631,.T.);
#836=ORIENTED_EDGE('',*,*,#640,.T.);
#837=ORIENTED_EDGE('',*,*,#638,.F.);
#838=ORIENTED_EDGE('',*,*,#641,.F.);
#839=ORIENTED_EDGE('',*,*,#625,.F.);
#840=ORIENTED_EDGE('',*,*,#626,.F.);
#841=ORIENTED_EDGE('',*,*,#642,.F.);
#842=ORIENTED_EDGE('',*,*,#637,.T.);
#843=ORIENTED_EDGE('',*,*,#636,.T.);
#844=ORIENTED_EDGE('',*,*,#634,.T.);
#845=ORIENTED_EDGE('',*,*,#643,.T.);
#846=ORIENTED_EDGE('',*,*,#644,.F.);
#847=ORIENTED_EDGE('',*,*,#645,.F.);
#848=ORIENTED_EDGE('',*,*,#646,.F.);
#849=ORIENTED_EDGE('',*,*,#647,.F.);
#850=ORIENTED_EDGE('',*,*,#648,.F.);
#851=ORIENTED_EDGE('',*,*,#649,.F.);
#852=ORIENTED_EDGE('',*,*,#650,.T.);
#853=ORIENTED_EDGE('',*,*,#609,.F.);
#854=ORIENTED_EDGE('',*,*,#651,.T.);
#855=ORIENTED_EDGE('',*,*,#632,.T.);
#856=ORIENTED_EDGE('',*,*,#651,.F.);
#857=ORIENTED_EDGE('',*,*,#640,.F.);
#858=ORIENTED_EDGE('',*,*,#630,.T.);
#859=ORIENTED_EDGE('',*,*,#620,.F.);
#860=ORIENTED_EDGE('',*,*,#585,.T.);
#861=ORIENTED_EDGE('',*,*,#639,.F.);
#862=ORIENTED_EDGE('',*,*,#613,.F.);
#863=ORIENTED_EDGE('',*,*,#652,.T.);
#864=ORIENTED_EDGE('',*,*,#586,.T.);
#865=ORIENTED_EDGE('',*,*,#652,.F.);
#866=ORIENTED_EDGE('',*,*,#653,.T.);
#867=ORIENTED_EDGE('',*,*,#654,.T.);
#868=ORIENTED_EDGE('',*,*,#655,.T.);
#869=ORIENTED_EDGE('',*,*,#648,.T.);
#870=ORIENTED_EDGE('',*,*,#656,.T.);
#871=ORIENTED_EDGE('',*,*,#657,.T.);
#872=ORIENTED_EDGE('',*,*,#649,.T.);
#873=ORIENTED_EDGE('',*,*,#655,.F.);
#874=ORIENTED_EDGE('',*,*,#658,.T.);
#875=ORIENTED_EDGE('',*,*,#659,.T.);
#876=ORIENTED_EDGE('',*,*,#660,.T.);
#877=ORIENTED_EDGE('',*,*,#661,.T.);
#878=ORIENTED_EDGE('',*,*,#662,.T.);
#879=ORIENTED_EDGE('',*,*,#660,.F.);
#880=ORIENTED_EDGE('',*,*,#663,.T.);
#881=ORIENTED_EDGE('',*,*,#657,.F.);
#882=ORIENTED_EDGE('',*,*,#653,.F.);
#883=ORIENTED_EDGE('',*,*,#647,.T.);
#884=ORIENTED_EDGE('',*,*,#601,.T.);
#885=ORIENTED_EDGE('',*,*,#658,.F.);
#886=ORIENTED_EDGE('',*,*,#664,.T.);
#887=ORIENTED_EDGE('',*,*,#665,.T.);
#888=ORIENTED_EDGE('',*,*,#666,.T.);
#889=ORIENTED_EDGE('',*,*,#645,.T.);
#890=ORIENTED_EDGE('',*,*,#667,.T.);
#891=ORIENTED_EDGE('',*,*,#668,.T.);
#892=ORIENTED_EDGE('',*,*,#669,.T.);
#893=ORIENTED_EDGE('',*,*,#667,.F.);
#894=ORIENTED_EDGE('',*,*,#644,.T.);
#895=ORIENTED_EDGE('',*,*,#670,.T.);
#896=ORIENTED_EDGE('',*,*,#671,.T.);
#897=ORIENTED_EDGE('',*,*,#672,.T.);
#898=ORIENTED_EDGE('',*,*,#673,.T.);
#899=ORIENTED_EDGE('',*,*,#674,.T.);
#900=ORIENTED_EDGE('',*,*,#675,.T.);
#901=ORIENTED_EDGE('',*,*,#670,.F.);
#902=ORIENTED_EDGE('',*,*,#676,.T.);
#903=ORIENTED_EDGE('',*,*,#673,.F.);
#904=ORIENTED_EDGE('',*,*,#666,.F.);
#905=ORIENTED_EDGE('',*,*,#602,.T.);
#906=ORIENTED_EDGE('',*,*,#646,.T.);
#907=ORIENTED_EDGE('',*,*,#671,.F.);
#908=ORIENTED_EDGE('',*,*,#677,.T.);
#909=ORIENTED_EDGE('',*,*,#678,.T.);
#910=ORIENTED_EDGE('',*,*,#672,.F.);
#911=ORIENTED_EDGE('',*,*,#679,.T.);
#912=ORIENTED_EDGE('',*,*,#680,.T.);
#913=ORIENTED_EDGE('',*,*,#668,.F.);
#914=ORIENTED_EDGE('',*,*,#681,.T.);
#915=ORIENTED_EDGE('',*,*,#603,.T.);
#916=ORIENTED_EDGE('',*,*,#661,.F.);
#917=ORIENTED_EDGE('',*,*,#682,.T.);
#918=ORIENTED_EDGE('',*,*,#683,.T.);
#919=ORIENTED_EDGE('',*,*,#635,.T.);
#920=ORIENTED_EDGE('',*,*,#642,.T.);
#921=ORIENTED_EDGE('',*,*,#641,.T.);
#922=ORIENTED_EDGE('',*,*,#650,.F.);
#923=ORIENTED_EDGE('',*,*,#663,.F.);
#924=ORIENTED_EDGE('',*,*,#659,.F.);
#925=ORIENTED_EDGE('',*,*,#665,.F.);
#926=ORIENTED_EDGE('',*,*,#677,.F.);
#927=ORIENTED_EDGE('',*,*,#674,.F.);
#928=ORIENTED_EDGE('',*,*,#676,.F.);
#929=ORIENTED_EDGE('',*,*,#643,.F.);
#930=ORIENTED_EDGE('',*,*,#588,.T.);
#931=ORIENTED_EDGE('',*,*,#684,.T.);
#932=ORIENTED_EDGE('',*,*,#685,.T.);
#933=ORIENTED_EDGE('',*,*,#679,.F.);
#934=ORIENTED_EDGE('',*,*,#678,.F.);
#935=ORIENTED_EDGE('',*,*,#664,.F.);
#936=ORIENTED_EDGE('',*,*,#683,.F.);
#937=ORIENTED_EDGE('',*,*,#686,.F.);
#938=ORIENTED_EDGE('',*,*,#687,.F.);
#939=ORIENTED_EDGE('',*,*,#595,.T.);
#940=ORIENTED_EDGE('',*,*,#688,.T.);
#941=ORIENTED_EDGE('',*,*,#654,.F.);
#942=ORIENTED_EDGE('',*,*,#600,.T.);
#943=ORIENTED_EDGE('',*,*,#689,.T.);
#944=ORIENTED_EDGE('',*,*,#597,.F.);
#945=ORIENTED_EDGE('',*,*,#589,.T.);
#946=ORIENTED_EDGE('',*,*,#688,.F.);
#947=ORIENTED_EDGE('',*,*,#594,.F.);
#948=ORIENTED_EDGE('',*,*,#592,.T.);
#949=ORIENTED_EDGE('',*,*,#687,.T.);
#950=ORIENTED_EDGE('',*,*,#690,.F.);
#951=ORIENTED_EDGE('',*,*,#598,.F.);
#952=ORIENTED_EDGE('',*,*,#690,.T.);
#953=ORIENTED_EDGE('',*,*,#686,.T.);
#954=ORIENTED_EDGE('',*,*,#682,.F.);
#955=ORIENTED_EDGE('',*,*,#662,.F.);
#956=ORIENTED_EDGE('',*,*,#656,.F.);
#957=ORIENTED_EDGE('',*,*,#689,.F.);
#958=ORIENTED_EDGE('',*,*,#599,.F.);
#959=ORIENTED_EDGE('',*,*,#607,.T.);
#960=ORIENTED_EDGE('',*,*,#587,.T.);
#961=ORIENTED_EDGE('',*,*,#605,.T.);
#962=ORIENTED_EDGE('',*,*,#691,.F.);
#963=ORIENTED_EDGE('',*,*,#684,.F.);
#964=ORIENTED_EDGE('',*,*,#685,.F.);
#965=ORIENTED_EDGE('',*,*,#691,.T.);
#966=ORIENTED_EDGE('',*,*,#604,.T.);
#967=ORIENTED_EDGE('',*,*,#681,.F.);
#968=ORIENTED_EDGE('',*,*,#669,.F.);
#969=ORIENTED_EDGE('',*,*,#675,.F.);
#970=ORIENTED_EDGE('',*,*,#680,.F.);
#971=ORIENTED_EDGE('',*,*,#692,.T.);
#972=ORIENTED_EDGE('',*,*,#692,.F.);
#973=ORIENTED_EDGE('',*,*,#693,.T.);
#974=ORIENTED_EDGE('',*,*,#591,.T.);
#975=ORIENTED_EDGE('',*,*,#693,.F.);
#976=ORIENTED_EDGE('',*,*,#694,.F.);
#977=ORIENTED_EDGE('',*,*,#695,.T.);
#978=ORIENTED_EDGE('',*,*,#696,.F.);
#979=ORIENTED_EDGE('',*,*,#697,.F.);
#980=ORIENTED_EDGE('',*,*,#698,.T.);
#981=ORIENTED_EDGE('',*,*,#694,.T.);
#982=ORIENTED_EDGE('',*,*,#699,.T.);
#983=ORIENTED_EDGE('',*,*,#700,.T.);
#984=ORIENTED_EDGE('',*,*,#701,.T.);
#985=ORIENTED_EDGE('',*,*,#702,.F.);
#986=ORIENTED_EDGE('',*,*,#703,.F.);
#987=ORIENTED_EDGE('',*,*,#704,.T.);
#988=ORIENTED_EDGE('',*,*,#705,.T.);
#989=ORIENTED_EDGE('',*,*,#706,.F.);
#990=ORIENTED_EDGE('',*,*,#707,.F.);
#991=ORIENTED_EDGE('',*,*,#696,.T.);
#992=ORIENTED_EDGE('',*,*,#708,.T.);
#993=ORIENTED_EDGE('',*,*,#709,.F.);
#994=ORIENTED_EDGE('',*,*,#710,.F.);
#995=ORIENTED_EDGE('',*,*,#711,.T.);
#996=ORIENTED_EDGE('',*,*,#712,.T.);
#997=ORIENTED_EDGE('',*,*,#713,.F.);
#998=ORIENTED_EDGE('',*,*,#714,.F.);
#999=ORIENTED_EDGE('',*,*,#715,.F.);
#1000=ORIENTED_EDGE('',*,*,#716,.F.);
#1001=ORIENTED_EDGE('',*,*,#717,.F.);
#1002=ORIENTED_EDGE('',*,*,#718,.T.);
#1003=ORIENTED_EDGE('',*,*,#698,.F.);
#1004=ORIENTED_EDGE('',*,*,#718,.F.);
#1005=ORIENTED_EDGE('',*,*,#702,.T.);
#1006=ORIENTED_EDGE('',*,*,#719,.T.);
#1007=ORIENTED_EDGE('',*,*,#713,.T.);
#1008=ORIENTED_EDGE('',*,*,#720,.T.);
#1009=ORIENTED_EDGE('',*,*,#721,.T.);
#1010=ORIENTED_EDGE('',*,*,#722,.T.);
#1011=ORIENTED_EDGE('',*,*,#704,.F.);
#1012=ORIENTED_EDGE('',*,*,#723,.T.);
#1013=ORIENTED_EDGE('',*,*,#711,.F.);
#1014=ORIENTED_EDGE('',*,*,#724,.T.);
#1015=ORIENTED_EDGE('',*,*,#723,.F.);
#1016=ORIENTED_EDGE('',*,*,#703,.T.);
#1017=ORIENTED_EDGE('',*,*,#720,.F.);
#1018=ORIENTED_EDGE('',*,*,#712,.F.);
#1019=ORIENTED_EDGE('',*,*,#721,.F.);
#1020=ORIENTED_EDGE('',*,*,#725,.T.);
#1021=ORIENTED_EDGE('',*,*,#724,.F.);
#1022=ORIENTED_EDGE('',*,*,#725,.F.);
#1023=ORIENTED_EDGE('',*,*,#722,.F.);
#1024=ORIENTED_EDGE('',*,*,#710,.T.);
#1025=ORIENTED_EDGE('',*,*,#726,.F.);
#1026=ORIENTED_EDGE('',*,*,#705,.F.);
#1027=ORIENTED_EDGE('',*,*,#727,.F.);
#1028=ORIENTED_EDGE('',*,*,#728,.F.);
#1029=ORIENTED_EDGE('',*,*,#729,.F.);
#1030=ORIENTED_EDGE('',*,*,#730,.F.);
#1031=ORIENTED_EDGE('',*,*,#731,.F.);
#1032=ORIENTED_EDGE('',*,*,#732,.T.);
#1033=ORIENTED_EDGE('',*,*,#728,.T.);
#1034=ORIENTED_EDGE('',*,*,#733,.F.);
#1035=ORIENTED_EDGE('',*,*,#734,.F.);
#1036=ORIENTED_EDGE('',*,*,#699,.F.);
#1037=ORIENTED_EDGE('',*,*,#697,.T.);
#1038=ORIENTED_EDGE('',*,*,#716,.T.);
#1039=ORIENTED_EDGE('',*,*,#731,.T.);
#1040=ORIENTED_EDGE('',*,*,#735,.F.);
#1041=ORIENTED_EDGE('',*,*,#700,.F.);
#1042=ORIENTED_EDGE('',*,*,#736,.T.);
#1043=ORIENTED_EDGE('',*,*,#737,.F.);
#1044=ORIENTED_EDGE('',*,*,#714,.T.);
#1045=ORIENTED_EDGE('',*,*,#719,.F.);
#1046=ORIENTED_EDGE('',*,*,#701,.F.);
#1047=ORIENTED_EDGE('',*,*,#738,.F.);
#1048=ORIENTED_EDGE('',*,*,#739,.T.);
#1049=ORIENTED_EDGE('',*,*,#730,.T.);
#1050=ORIENTED_EDGE('',*,*,#740,.F.);
#1051=ORIENTED_EDGE('',*,*,#738,.T.);
#1052=ORIENTED_EDGE('',*,*,#741,.F.);
#1053=ORIENTED_EDGE('',*,*,#715,.T.);
#1054=ORIENTED_EDGE('',*,*,#742,.T.);
#1055=ORIENTED_EDGE('',*,*,#743,.F.);
#1056=ORIENTED_EDGE('',*,*,#733,.T.);
#1057=ORIENTED_EDGE('',*,*,#727,.T.);
#1058=ORIENTED_EDGE('',*,*,#739,.F.);
#1059=ORIENTED_EDGE('',*,*,#742,.F.);
#1060=ORIENTED_EDGE('',*,*,#737,.T.);
#1061=ORIENTED_EDGE('',*,*,#735,.T.);
#1062=ORIENTED_EDGE('',*,*,#743,.T.);
#1063=ORIENTED_EDGE('',*,*,#744,.F.);
#1064=ORIENTED_EDGE('',*,*,#740,.T.);
#1065=ORIENTED_EDGE('',*,*,#729,.T.);
#1066=ORIENTED_EDGE('',*,*,#732,.F.);
#1067=ORIENTED_EDGE('',*,*,#736,.F.);
#1068=ORIENTED_EDGE('',*,*,#734,.T.);
#1069=ORIENTED_EDGE('',*,*,#741,.T.);
#1070=ORIENTED_EDGE('',*,*,#744,.T.);
#1071=ORIENTED_EDGE('',*,*,#745,.T.);
#1072=ORIENTED_EDGE('',*,*,#706,.T.);
#1073=ORIENTED_EDGE('',*,*,#726,.T.);
#1074=ORIENTED_EDGE('',*,*,#709,.T.);
#1075=ORIENTED_EDGE('',*,*,#746,.T.);
#1076=ORIENTED_EDGE('',*,*,#747,.F.);
#1077=ORIENTED_EDGE('',*,*,#717,.T.);
#1078=ORIENTED_EDGE('',*,*,#747,.T.);
#1079=ORIENTED_EDGE('',*,*,#746,.F.);
#1080=ORIENTED_EDGE('',*,*,#708,.F.);
#1081=ORIENTED_EDGE('',*,*,#695,.F.);
#1082=ORIENTED_EDGE('',*,*,#707,.T.);
#1083=ORIENTED_EDGE('',*,*,#745,.F.);
#1084=PLANE('',#1206);
#1085=PLANE('',#1209);
#1086=PLANE('',#1212);
#1087=PLANE('',#1215);
#1088=PLANE('',#1218);
#1089=PLANE('',#1223);
#1090=PLANE('',#1224);
#1091=PLANE('',#1229);
#1092=PLANE('',#1230);
#1093=PLANE('',#1235);
#1094=PLANE('',#1240);
#1095=PLANE('',#1245);
#1096=PLANE('',#1253);
#1097=PLANE('',#1281);
#1098=PLANE('',#1282);
#1099=PLANE('',#1283);
#1100=PLANE('',#1285);
#1101=PLANE('',#1286);
#1102=PLANE('',#1287);
#1103=PLANE('',#1290);
#1104=PLANE('',#1293);
#1105=PLANE('',#1296);
#1106=PLANE('',#1299);
#1107=PLANE('',#1300);
#1108=PLANE('',#1303);
#1109=PLANE('',#1306);
#1110=PLANE('',#1311);
#1111=PLANE('',#1312);
#1112=PLANE('',#1313);
#1113=PLANE('',#1314);
#1114=PLANE('',#1318);
#1115=PLANE('',#1319);
#1116=PLANE('',#1323);
#1117=PLANE('',#1325);
#1118=PLANE('',#1327);
#1119=ADVANCED_FACE('',(#70,#58),#1084,.T.);
#1120=ADVANCED_FACE('',(#71,#59),#1085,.F.);
#1121=ADVANCED_FACE('',(#72,#60),#1086,.F.);
#1122=ADVANCED_FACE('',(#73),#1087,.T.);
#1123=ADVANCED_FACE('',(#74),#37,.F.);
#1124=ADVANCED_FACE('',(#75,#61),#1088,.F.);
#1125=ADVANCED_FACE('',(#76),#38,.T.);
#1126=ADVANCED_FACE('',(#77),#1089,.T.);
#1127=ADVANCED_FACE('',(#78,#62),#1090,.F.);
#1128=ADVANCED_FACE('',(#79),#39,.T.);
#1129=ADVANCED_FACE('',(#80),#1091,.T.);
#1130=ADVANCED_FACE('',(#81),#1092,.T.);
#1131=ADVANCED_FACE('',(#82),#40,.T.);
#1132=ADVANCED_FACE('',(#83),#41,.F.);
#1133=ADVANCED_FACE('',(#84),#42,.F.);
#1134=ADVANCED_FACE('',(#85,#63),#1093,.T.);
#1135=ADVANCED_FACE('',(#86),#29,.T.);
#1136=ADVANCED_FACE('',(#87),#30,.T.);
#1137=ADVANCED_FACE('',(#88),#1094,.T.);
#1138=ADVANCED_FACE('',(#89),#31,.T.);
#1139=ADVANCED_FACE('',(#90),#32,.T.);
#1140=ADVANCED_FACE('',(#91),#1095,.T.);
#1141=ADVANCED_FACE('',(#92),#43,.T.);
#1142=ADVANCED_FACE('',(#93),#44,.T.);
#1143=ADVANCED_FACE('',(#94),#1096,.T.);
#1144=ADVANCED_FACE('',(#95),#45,.T.);
#1145=ADVANCED_FACE('',(#96),#21,.F.);
#1146=ADVANCED_FACE('',(#97),#22,.F.);
#1147=ADVANCED_FACE('',(#98),#23,.F.);
#1148=ADVANCED_FACE('',(#99),#24,.F.);
#1149=ADVANCED_FACE('',(#100),#33,.T.);
#1150=ADVANCED_FACE('',(#101),#34,.T.);
#1151=ADVANCED_FACE('',(#102),#25,.F.);
#1152=ADVANCED_FACE('',(#103),#26,.F.);
#1153=ADVANCED_FACE('',(#104),#27,.F.);
#1154=ADVANCED_FACE('',(#105),#28,.F.);
#1155=ADVANCED_FACE('',(#106),#35,.T.);
#1156=ADVANCED_FACE('',(#107),#36,.T.);
#1157=ADVANCED_FACE('',(#108),#1097,.T.);
#1158=ADVANCED_FACE('',(#109),#1098,.T.);
#1159=ADVANCED_FACE('',(#110),#1099,.T.);
#1160=ADVANCED_FACE('',(#111),#46,.T.);
#1161=ADVANCED_FACE('',(#112),#1100,.T.);
#1162=ADVANCED_FACE('',(#113),#1101,.T.);
#1163=ADVANCED_FACE('',(#114),#1102,.F.);
#1164=ADVANCED_FACE('',(#115),#47,.T.);
#1165=ADVANCED_FACE('',(#116,#64),#1103,.T.);
#1166=ADVANCED_FACE('',(#117),#48,.T.);
#1167=ADVANCED_FACE('',(#118,#65),#1104,.T.);
#1168=ADVANCED_FACE('',(#119),#49,.F.);
#1169=ADVANCED_FACE('',(#120,#66),#1105,.T.);
#1170=ADVANCED_FACE('',(#121),#1106,.T.);
#1171=ADVANCED_FACE('',(#122),#1107,.T.);
#1172=ADVANCED_FACE('',(#123),#50,.F.);
#1173=ADVANCED_FACE('',(#124,#67),#1108,.F.);
#1174=ADVANCED_FACE('',(#125,#68),#1109,.T.);
#1175=ADVANCED_FACE('',(#126),#51,.T.);
#1176=ADVANCED_FACE('',(#127),#52,.F.);
#1177=ADVANCED_FACE('',(#128),#1110,.T.);
#1178=ADVANCED_FACE('',(#129),#1111,.F.);
#1179=ADVANCED_FACE('',(#130),#1112,.F.);
#1180=ADVANCED_FACE('',(#131),#1113,.T.);
#1181=ADVANCED_FACE('',(#132),#53,.T.);
#1182=ADVANCED_FACE('',(#133),#1114,.T.);
#1183=ADVANCED_FACE('',(#134),#1115,.F.);
#1184=ADVANCED_FACE('',(#135),#54,.T.);
#1185=ADVANCED_FACE('',(#136),#1116,.F.);
#1186=ADVANCED_FACE('',(#137),#55,.T.);
#1187=ADVANCED_FACE('',(#138),#1117,.F.);
#1188=ADVANCED_FACE('',(#139),#56,.T.);
#1189=ADVANCED_FACE('',(#140,#69),#1118,.F.);
#1190=ADVANCED_FACE('',(#141),#57,.T.);
#1191=CLOSED_SHELL('',(#1119,#1120,#1121,#1122,#1123,#1124,#1125,#1126,
#1127,#1128,#1129,#1130,#1131,#1132,#1133,#1134,#1135,#1136,#1137,#1138,
#1139,#1140,#1141,#1142,#1143,#1144,#1145,#1146,#1147,#1148,#1149,#1150,
#1151,#1152,#1153,#1154,#1155,#1156,#1157,#1158,#1159,#1160,#1161,#1162,
#1163,#1164,#1165,#1166,#1167,#1168));
#1192=CLOSED_SHELL('',(#1169,#1170,#1171,#1172,#1173,#1174,#1175,#1176,
#1177,#1178,#1179,#1180,#1181,#1182,#1183,#1184,#1185,#1186,#1187,#1188,
#1189,#1190));
#1193=DERIVED_UNIT_ELEMENT(#1195,1.);
#1194=DERIVED_UNIT_ELEMENT(#2585,-3.);
#1195=(
MASS_UNIT()
NAMED_UNIT(*)
SI_UNIT(.KILO.,.GRAM.)
);
#1196=DERIVED_UNIT((#1193,#1194));
#1197=MEASURE_REPRESENTATION_ITEM('density measure',
POSITIVE_RATIO_MEASURE(7850.),#1196);
#1198=PROPERTY_DEFINITION_REPRESENTATION(#1203,#1200);
#1199=PROPERTY_DEFINITION_REPRESENTATION(#1204,#1201);
#1200=REPRESENTATION('material name',(#1202),#2582);
#1201=REPRESENTATION('density',(#1197),#2582);
#1202=DESCRIPTIVE_REPRESENTATION_ITEM('Steel','Steel');
#1203=PROPERTY_DEFINITION('material property','material name',#2592);
#1204=PROPERTY_DEFINITION('material property','density of part',#2592);
#1205=AXIS2_PLACEMENT_3D('',#1672,#1332,#1333);
#1206=AXIS2_PLACEMENT_3D('',#1673,#1334,#1335);
#1207=AXIS2_PLACEMENT_3D('',#1676,#1336,#1337);
#1208=AXIS2_PLACEMENT_3D('',#1693,#1341,#1342);
#1209=AXIS2_PLACEMENT_3D('',#1694,#1343,#1344);
#1210=AXIS2_PLACEMENT_3D('',#1697,#1345,#1346);
#1211=AXIS2_PLACEMENT_3D('',#1704,#1350,#1351);
#1212=AXIS2_PLACEMENT_3D('',#1705,#1352,#1353);
#1213=AXIS2_PLACEMENT_3D('',#1708,#1354,#1355);
#1214=AXIS2_PLACEMENT_3D('',#1715,#1359,#1360);
#1215=AXIS2_PLACEMENT_3D('',#1716,#1361,#1362);
#1216=AXIS2_PLACEMENT_3D('',#1733,#1372,#1373);
#1217=AXIS2_PLACEMENT_3D('',#1736,#1375,#1376);
#1218=AXIS2_PLACEMENT_3D('',#1737,#1377,#1378);
#1219=AXIS2_PLACEMENT_3D('',#1739,#1379,#1380);
#1220=AXIS2_PLACEMENT_3D('',#1741,#1381,#1382);
#1221=AXIS2_PLACEMENT_3D('',#1742,#1383,#1384);
#1222=AXIS2_PLACEMENT_3D('',#1744,#1385,#1386);
#1223=AXIS2_PLACEMENT_3D('',#1746,#1388,#1389);
#1224=AXIS2_PLACEMENT_3D('',#1747,#1390,#1391);
#1225=AXIS2_PLACEMENT_3D('',#1749,#1392,#1393);
#1226=AXIS2_PLACEMENT_3D('',#1751,#1394,#1395);
#1227=AXIS2_PLACEMENT_3D('',#1752,#1396,#1397);
#1228=AXIS2_PLACEMENT_3D('',#1754,#1398,#1399);
#1229=AXIS2_PLACEMENT_3D('',#1756,#1401,#1402);
#1230=AXIS2_PLACEMENT_3D('',#1757,#1403,#1404);
#1231=AXIS2_PLACEMENT_3D('',#1772,#1407,#1408);
#1232=AXIS2_PLACEMENT_3D('',#1775,#1410,#1411);
#1233=AXIS2_PLACEMENT_3D('',#1776,#1412,#1413);
#1234=AXIS2_PLACEMENT_3D('',#1820,#1415,#1416);
#1235=AXIS2_PLACEMENT_3D('',#1867,#1419,#1420);
#1236=AXIS2_PLACEMENT_3D('',#1879,#1422,#1423);
#1237=AXIS2_PLACEMENT_3D('',#1911,#1424,#1425);
#1238=AXIS2_PLACEMENT_3D('',#1912,#1426,#1427);
#1239=AXIS2_PLACEMENT_3D('',#1943,#1428,#1429);
#1240=AXIS2_PLACEMENT_3D('',#1944,#1430,#1431);
#1241=AXIS2_PLACEMENT_3D('',#1945,#1432,#1433);
#1242=AXIS2_PLACEMENT_3D('',#1977,#1434,#1435);
#1243=AXIS2_PLACEMENT_3D('',#1979,#1436,#1437);
#1244=AXIS2_PLACEMENT_3D('',#2020,#1438,#1439);
#1245=AXIS2_PLACEMENT_3D('',#2021,#1440,#1441);
#1246=AXIS2_PLACEMENT_3D('',#2022,#1442,#1443);
#1247=AXIS2_PLACEMENT_3D('',#2023,#1444,#1445);
#1248=AXIS2_PLACEMENT_3D('',#2027,#1447,#1448);
#1249=AXIS2_PLACEMENT_3D('',#2029,#1449,#1450);
#1250=AXIS2_PLACEMENT_3D('',#2054,#1451,#1452);
#1251=AXIS2_PLACEMENT_3D('',#2056,#1453,#1454);
#1252=AXIS2_PLACEMENT_3D('',#2058,#1456,#1457);
#1253=AXIS2_PLACEMENT_3D('',#2060,#1459,#1460);
#1254=AXIS2_PLACEMENT_3D('',#2061,#1461,#1462);
#1255=AXIS2_PLACEMENT_3D('',#2063,#1464,#1465);
#1256=AXIS2_PLACEMENT_3D('',#2064,#1466,#1467);
#1257=AXIS2_PLACEMENT_3D('',#2066,#1468,#1469);
#1258=AXIS2_PLACEMENT_3D('',#2067,#1470,#1471);
#1259=AXIS2_PLACEMENT_3D('',#2068,#1472,#1473);
#1260=AXIS2_PLACEMENT_3D('',#2076,#1474,#1475);
#1261=AXIS2_PLACEMENT_3D('',#2077,#1476,#1477);
#1262=AXIS2_PLACEMENT_3D('',#2080,#1478,#1479);
#1263=AXIS2_PLACEMENT_3D('',#2082,#1480,#1481);
#1264=AXIS2_PLACEMENT_3D('',#2084,#1482,#1483);
#1265=AXIS2_PLACEMENT_3D('',#2085,#1484,#1485);
#1266=AXIS2_PLACEMENT_3D('',#2086,#1486,#1487);
#1267=AXIS2_PLACEMENT_3D('',#2093,#1488,#1489);
#1268=AXIS2_PLACEMENT_3D('',#2250,#1491,#1492);
#1269=AXIS2_PLACEMENT_3D('',#2251,#1493,#1494);
#1270=AXIS2_PLACEMENT_3D('',#2253,#1495,#1496);
#1271=AXIS2_PLACEMENT_3D('',#2254,#1497,#1498);
#1272=AXIS2_PLACEMENT_3D('',#2255,#1499,#1500);
#1273=AXIS2_PLACEMENT_3D('',#2263,#1501,#1502);
#1274=AXIS2_PLACEMENT_3D('',#2264,#1503,#1504);
#1275=AXIS2_PLACEMENT_3D('',#2267,#1505,#1506);
#1276=AXIS2_PLACEMENT_3D('',#2269,#1507,#1508);
#1277=AXIS2_PLACEMENT_3D('',#2271,#1509,#1510);
#1278=AXIS2_PLACEMENT_3D('',#2272,#1511,#1512);
#1279=AXIS2_PLACEMENT_3D('',#2273,#1513,#1514);
#1280=AXIS2_PLACEMENT_3D('',#2280,#1515,#1516);
#1281=AXIS2_PLACEMENT_3D('',#2438,#1518,#1519);
#1282=AXIS2_PLACEMENT_3D('',#2442,#1522,#1523);
#1283=AXIS2_PLACEMENT_3D('',#2444,#1525,#1526);
#1284=AXIS2_PLACEMENT_3D('',#2448,#1529,#1530);
#1285=AXIS2_PLACEMENT_3D('',#2449,#1531,#1532);
#1286=AXIS2_PLACEMENT_3D('',#2457,#1538,#1539);
#1287=AXIS2_PLACEMENT_3D('',#2459,#1541,#1542);
#1288=AXIS2_PLACEMENT_3D('',#2460,#1543,#1544);
#1289=AXIS2_PLACEMENT_3D('',#2461,#1545,#1546);
#1290=AXIS2_PLACEMENT_3D('',#2462,#1547,#1548);
#1291=AXIS2_PLACEMENT_3D('',#2463,#1549,#1550);
#1292=AXIS2_PLACEMENT_3D('',#2464,#1551,#1552);
#1293=AXIS2_PLACEMENT_3D('',#2465,#1553,#1554);
#1294=AXIS2_PLACEMENT_3D('',#2467,#1555,#1556);
#1295=AXIS2_PLACEMENT_3D('',#2468,#1557,#1558);
#1296=AXIS2_PLACEMENT_3D('',#2470,#1560,#1561);
#1297=AXIS2_PLACEMENT_3D('',#2475,#1563,#1564);
#1298=AXIS2_PLACEMENT_3D('',#2480,#1567,#1568);
#1299=AXIS2_PLACEMENT_3D('',#2481,#1569,#1570);
#1300=AXIS2_PLACEMENT_3D('',#2499,#1580,#1581);
#1301=AXIS2_PLACEMENT_3D('',#2517,#1591,#1592);
#1302=AXIS2_PLACEMENT_3D('',#2519,#1593,#1594);
#1303=AXIS2_PLACEMENT_3D('',#2521,#1596,#1597);
#1304=AXIS2_PLACEMENT_3D('',#2523,#1599,#1600);
#1305=AXIS2_PLACEMENT_3D('',#2525,#1601,#1602);
#1306=AXIS2_PLACEMENT_3D('',#2526,#1603,#1604);
#1307=AXIS2_PLACEMENT_3D('',#2528,#1606,#1607);
#1308=AXIS2_PLACEMENT_3D('',#2530,#1608,#1609);
#1309=AXIS2_PLACEMENT_3D('',#2531,#1610,#1611);
#1310=AXIS2_PLACEMENT_3D('',#2532,#1612,#1613);
#1311=AXIS2_PLACEMENT_3D('',#2534,#1615,#1616);
#1312=AXIS2_PLACEMENT_3D('',#2536,#1618,#1619);
#1313=AXIS2_PLACEMENT_3D('',#2545,#1624,#1625);
#1314=AXIS2_PLACEMENT_3D('',#2551,#1629,#1630);
#1315=AXIS2_PLACEMENT_3D('',#2553,#1632,#1633);
#1316=AXIS2_PLACEMENT_3D('',#2554,#1634,#1635);
#1317=AXIS2_PLACEMENT_3D('',#2555,#1636,#1637);
#1318=AXIS2_PLACEMENT_3D('',#2556,#1638,#1639);
#1319=AXIS2_PLACEMENT_3D('',#2558,#1641,#1642);
#1320=AXIS2_PLACEMENT_3D('',#2564,#1646,#1647);
#1321=AXIS2_PLACEMENT_3D('',#2565,#1648,#1649);
#1322=AXIS2_PLACEMENT_3D('',#2566,#1650,#1651);
#1323=AXIS2_PLACEMENT_3D('',#2567,#1652,#1653);
#1324=AXIS2_PLACEMENT_3D('',#2569,#1655,#1656);
#1325=AXIS2_PLACEMENT_3D('',#2570,#1657,#1658);
#1326=AXIS2_PLACEMENT_3D('',#2572,#1660,#1661);
#1327=AXIS2_PLACEMENT_3D('',#2573,#1662,#1663);
#1328=AXIS2_PLACEMENT_3D('',#2575,#1664,#1665);
#1329=AXIS2_PLACEMENT_3D('',#2577,#1666,#1667);
#1330=AXIS2_PLACEMENT_3D('',#2578,#1668,#1669);
#1331=AXIS2_PLACEMENT_3D('',#2579,#1670,#1671);
#1332=DIRECTION('axis',(0.,0.,1.));
#1333=DIRECTION('refdir',(1.,0.,0.));
#1334=DIRECTION('center_axis',(-1.0587911839138E-22,-1.0587911839138E-22,
1.));
#1335=DIRECTION('ref_axis',(-2.77555756156289E-16,-1.,-1.0587911839138E-22));
#1336=DIRECTION('center_axis',(1.0587911839138E-22,1.0587911839138E-22,
-1.));
#1337=DIRECTION('ref_axis',(-0.000244140549966935,-0.999999970197695,-1.05904964622132E-22));
#1338=DIRECTION('',(-2.77555756156289E-16,-1.,-1.0587911839138E-22));
#1339=DIRECTION('',(1.,-4.44089209850063E-16,1.0587911839138E-22));
#1340=DIRECTION('',(2.77555756156289E-16,1.,1.0587911839138E-22));
#1341=DIRECTION('center_axis',(-1.0587911839138E-22,-1.0587911839138E-22,
1.));
#1342=DIRECTION('ref_axis',(-3.083952846181E-16,-1.,-1.0587911839138E-22));
#1343=DIRECTION('center_axis',(1.,0.,0.));
#1344=DIRECTION('ref_axis',(0.,-1.,0.));
#1345=DIRECTION('center_axis',(1.,0.,0.));
#1346=DIRECTION('ref_axis',(1.09999024821525E-22,9.93410761059494E-9,-1.));
#1347=DIRECTION('',(0.,1.,1.0587911839138E-22));
#1348=DIRECTION('',(0.,0.,-1.));
#1349=DIRECTION('',(0.,-1.,-1.0587911839138E-22));
#1350=DIRECTION('center_axis',(-1.,0.,0.));
#1351=DIRECTION('ref_axis',(4.44089203232618E-16,1.,1.0587911839138E-22));
#1352=DIRECTION('center_axis',(-1.,0.,0.));
#1353=DIRECTION('ref_axis',(0.,1.,0.));
#1354=DIRECTION('center_axis',(-1.,0.,0.));
#1355=DIRECTION('ref_axis',(-1.01727230750776E-22,9.93410842475835E-9,1.));
#1356=DIRECTION('',(0.,1.,1.0587911839138E-22));
#1357=DIRECTION('',(0.,0.,-1.));
#1358=DIRECTION('',(0.,-1.,-1.0587911839138E-22));
#1359=DIRECTION('center_axis',(1.,0.,0.));
#1360=DIRECTION('ref_axis',(4.44089203232618E-16,1.,1.0587911839138E-22));
#1361=DIRECTION('center_axis',(-1.0587911839138E-22,-1.0587911839138E-22,
1.));
#1362=DIRECTION('ref_axis',(2.77555756156289E-16,1.,1.0587911839138E-22));
#1363=DIRECTION('',(-1.,0.,-1.0587911839138E-22));
#1364=DIRECTION('',(-1.,4.44089209850063E-16,-1.0587911839138E-22));
#1365=DIRECTION('',(-2.77555756156289E-16,-1.,-1.0587911839138E-22));
#1366=DIRECTION('',(-1.,4.44089209850063E-16,-1.0587911839138E-22));
#1367=DIRECTION('',(-1.,4.44089209850063E-16,-1.0587911839138E-22));
#1368=DIRECTION('',(-1.,4.44089209850063E-16,-1.0587911839138E-22));
#1369=DIRECTION('',(-1.,4.44089209850063E-16,-1.0587911839138E-22));
#1370=DIRECTION('',(-2.77555756156289E-16,-1.,-1.0587911839138E-22));
#1371=DIRECTION('',(1.,-4.44089209850063E-16,1.0587911839138E-22));
#1372=DIRECTION('center_axis',(-1.,4.44089209850063E-16,-1.0587911839138E-22));
#1373=DIRECTION('ref_axis',(4.44089203232618E-16,1.,1.0587911839138E-22));
#1374=DIRECTION('',(-1.,4.44089209850063E-16,-1.0587911839138E-22));
#1375=DIRECTION('center_axis',(1.,-4.44089209850063E-16,1.0587911839138E-22));
#1376=DIRECTION('ref_axis',(-4.44089203232618E-16,-1.,-1.0587911839138E-22));
#1377=DIRECTION('center_axis',(1.0587911839138E-22,1.0587911839138E-22,
-1.));
#1378=DIRECTION('ref_axis',(2.77555756156289E-16,1.,1.0587911839138E-22));
#1379=DIRECTION('center_axis',(1.0587911839138E-22,1.0587911839138E-22,
-1.));
#1380=DIRECTION('ref_axis',(2.56205175348524E-16,1.,1.0587911839138E-22));
#1381=DIRECTION('center_axis',(1.0587911839138E-22,1.0587911839138E-22,
-1.));
#1382=DIRECTION('ref_axis',(3.083952846181E-16,1.,1.0587911839138E-22));
#1383=DIRECTION('center_axis',(1.0587911839138E-22,1.0587911839138E-22,
-1.));
#1384=DIRECTION('ref_axis',(2.56205175348524E-16,1.,1.0587911839138E-22));
#1385=DIRECTION('center_axis',(1.0587911839138E-22,1.0587911839138E-22,
-1.));
#1386=DIRECTION('ref_axis',(2.56205175348524E-16,1.,1.0587911839138E-22));
#1387=DIRECTION('',(-1.0587911839138E-22,-1.0587911839138E-22,1.));
#1388=DIRECTION('center_axis',(1.0587911839138E-22,1.0587911839138E-22,
-1.));
#1389=DIRECTION('ref_axis',(2.77555756156289E-16,1.,1.0587911839138E-22));
#1390=DIRECTION('center_axis',(-1.0587911839138E-22,-1.0587911839138E-22,
1.));
#1391=DIRECTION('ref_axis',(-2.77555756156289E-16,-1.,-1.0587911839138E-22));
#1392=DIRECTION('center_axis',(-1.0587911839138E-22,-1.0587911839138E-22,
1.));
#1393=DIRECTION('ref_axis',(-4.27008855625061E-16,-1.,-1.0587911839138E-22));
#1394=DIRECTION('center_axis',(-1.0587911839138E-22,-1.0587911839138E-22,
1.));
#1395=DIRECTION('ref_axis',(-3.083952846181E-16,-1.,-1.0587911839138E-22));
#1396=DIRECTION('center_axis',(-1.0587911839138E-22,-1.0587911839138E-22,
1.));
#1397=DIRECTION('ref_axis',(-4.27008855625061E-16,-1.,-1.0587911839138E-22));
#1398=DIRECTION('center_axis',(-1.0587911839138E-22,-1.0587911839138E-22,
1.));
#1399=DIRECTION('ref_axis',(-4.27008855625061E-16,-1.,-1.0587911839138E-22));
#1400=DIRECTION('',(1.0587911839138E-22,1.0587911839138E-22,-1.));
#1401=DIRECTION('center_axis',(-1.0587911839138E-22,-1.0587911839138E-22,
1.));
#1402=DIRECTION('ref_axis',(-2.77555756156289E-16,-1.,-1.0587911839138E-22));
#1403=DIRECTION('center_axis',(1.,-4.44089209850063E-16,1.0587911839138E-22));
#1404=DIRECTION('ref_axis',(-1.0587911839138E-22,-1.0587911839138E-22,1.));
#1405=DIRECTION('',(-1.0587911839138E-22,-1.0587911839138E-22,1.));
#1406=DIRECTION('',(2.77555756156289E-16,1.,1.0587911839138E-22));
#1407=DIRECTION('center_axis',(1.0587911839138E-22,1.0587911839138E-22,
-1.));
#1408=DIRECTION('ref_axis',(-0.000244140549966935,-0.999999970197695,-1.05904964622132E-22));
#1409=DIRECTION('',(1.0587911839138E-22,1.0587911839138E-22,-1.));
#1410=DIRECTION('center_axis',(-1.0587911839138E-22,-1.0587911839138E-22,
1.));
#1411=DIRECTION('ref_axis',(0.707106781186546,-0.707106781186549,-2.17014341690272E-37));
#1412=DIRECTION('center_axis',(1.,-4.44089209850063E-16,1.0587911839138E-22));
#1413=DIRECTION('ref_axis',(1.19636070780228E-16,0.707106781186546,-0.707106781186549));
#1414=DIRECTION('',(-1.,4.44089209850063E-16,-1.0587911839138E-22));
#1415=DIRECTION('center_axis',(-1.,4.44089209850063E-16,-1.0587911839138E-22));
#1416=DIRECTION('ref_axis',(1.1963613280278E-16,0.707106781186546,0.707106781186549));
#1417=DIRECTION('',(1.,-4.44089209850063E-16,1.0587911839138E-22));
#1418=DIRECTION('',(-1.,4.44089209850063E-16,-1.0587911839138E-22));
#1419=DIRECTION('center_axis',(1.0587911839138E-22,1.0587911839138E-22,
-1.));
#1420=DIRECTION('ref_axis',(2.77555756156289E-16,1.,1.0587911839138E-22));
#1421=DIRECTION('',(-2.77555756156289E-16,-1.,-1.0587911839138E-22));
#1422=DIRECTION('center_axis',(1.0587911839138E-22,1.0587911839138E-22,
-1.));
#1423=DIRECTION('ref_axis',(3.083952846181E-16,1.,1.0587911839138E-22));
#1424=DIRECTION('center_axis',(3.55527719843802E-23,-1.49482648481578E-7,
-0.999999999999989));
#1425=DIRECTION('ref_axis',(-1.,3.96508223080413E-16,-1.0587911839138E-22));
#1426=DIRECTION('center_axis',(2.77555756156289E-16,1.,1.0587911839138E-22));
#1427=DIRECTION('ref_axis',(-0.707106781186547,3.33066832519704E-16,0.707106781186548));
#1428=DIRECTION('center_axis',(2.77555756156289E-16,1.,1.0587911839138E-22));
#1429=DIRECTION('ref_axis',(0.707106781186547,-3.33066832519704E-16,-0.707106781186548));
#1430=DIRECTION('center_axis',(-2.77555756156289E-16,-1.,-1.0587911839138E-22));
#1431=DIRECTION('ref_axis',(-1.0587911839138E-22,-1.0587911839138E-22,1.));
#1432=DIRECTION('center_axis',(2.77555756156289E-16,1.,1.0587911839138E-22));
#1433=DIRECTION('ref_axis',(-0.707106781186547,3.33066832519704E-16,0.707106781186548));
#1434=DIRECTION('center_axis',(2.77555756156289E-16,1.,1.0587911839138E-22));
#1435=DIRECTION('ref_axis',(-0.707106781186547,3.33066832519704E-16,0.707106781186548));
#1436=DIRECTION('center_axis',(1.49568882993174E-7,-1.58818677621077E-22,
-0.999999999999989));
#1437=DIRECTION('ref_axis',(1.3481279584734E-15,1.,1.0587911839138E-22));
#1438=DIRECTION('center_axis',(2.77555756156289E-16,1.,1.0587911839138E-22));
#1439=DIRECTION('ref_axis',(0.707106781186547,-3.33066832519704E-16,-0.707106781186548));
#1440=DIRECTION('center_axis',(-2.77555756156289E-16,-1.,-1.0587911839138E-22));
#1441=DIRECTION('ref_axis',(-1.0587911839138E-22,-1.0587911839138E-22,1.));
#1442=DIRECTION('center_axis',(2.77555756156289E-16,1.,1.0587911839138E-22));
#1443=DIRECTION('ref_axis',(0.707106781186547,-3.33066832519704E-16,-0.707106781186548));
#1444=DIRECTION('center_axis',(-2.77555756156289E-16,-1.,-1.0587911839138E-22));
#1445=DIRECTION('ref_axis',(-0.707106781186547,3.33066832519704E-16,0.707106781186548));
#1446=DIRECTION('',(2.77555756156289E-16,1.,1.0587911839138E-22));
#1447=DIRECTION('center_axis',(2.77555756156289E-16,1.,1.0587911839138E-22));
#1448=DIRECTION('ref_axis',(1.,-4.44089209850063E-16,1.0587911839138E-22));
#1449=DIRECTION('center_axis',(2.77555756156289E-16,1.,1.0587911839138E-22));
#1450=DIRECTION('ref_axis',(0.707106781186547,-3.3306698225539E-16,0.707106781186548));
#1451=DIRECTION('center_axis',(2.77555756156289E-16,1.,1.0587911839138E-22));
#1452=DIRECTION('ref_axis',(-0.707106781186547,3.33066832519704E-16,0.707106781186548));
#1453=DIRECTION('center_axis',(2.77555756156289E-16,1.,1.0587911839138E-22));
#1454=DIRECTION('ref_axis',(-1.,4.44089209850063E-16,-1.0587911839138E-22));
#1455=DIRECTION('',(-2.77555756156289E-16,-1.,-1.0587911839138E-22));
#1456=DIRECTION('center_axis',(-1.0587911839138E-22,-1.0587911839138E-22,
1.));
#1457=DIRECTION('ref_axis',(3.083952846181E-16,1.,1.0587911839138E-22));
#1458=DIRECTION('',(-1.0587911839138E-22,-1.0587911839138E-22,1.));
#1459=DIRECTION('center_axis',(-1.,4.44089209850063E-16,-1.0587911839138E-22));
#1460=DIRECTION('ref_axis',(1.0587911839138E-22,1.0587911839138E-22,-1.));
#1461=DIRECTION('center_axis',(1.0587911839138E-22,1.0587911839138E-22,
-1.));
#1462=DIRECTION('ref_axis',(-3.083952846181E-16,-1.,-1.0587911839138E-22));
#1463=DIRECTION('',(1.0587911839138E-22,1.0587911839138E-22,-1.));
#1464=DIRECTION('center_axis',(-2.77555756156289E-16,-1.,-1.0587911839138E-22));
#1465=DIRECTION('ref_axis',(0.,0.,1.));
#1466=DIRECTION('center_axis',(0.444444444444444,-3.88578153465998E-16,
0.895806416477617));
#1467=DIRECTION('ref_axis',(0.895806416477617,-3.55271320822664E-16,-0.444444444444444));
#1468=DIRECTION('center_axis',(-2.77555756156289E-16,-1.,-1.0587911839138E-22));
#1469=DIRECTION('ref_axis',(-0.707106781186547,3.94745889443324E-16,0.707106781186548));
#1470=DIRECTION('center_axis',(-0.209644025156809,1.11022405988765E-16,
-0.977777777777779));
#1471=DIRECTION('ref_axis',(2.66453525910038E-16,1.,1.0587911839138E-22));
#1472=DIRECTION('center_axis',(-2.77555756156289E-16,-1.,-1.0587911839138E-22));
#1473=DIRECTION('ref_axis',(0.,0.,1.));
#1474=DIRECTION('center_axis',(1.0587911839138E-22,1.0587911839138E-22,
-1.));
#1475=DIRECTION('ref_axis',(2.66453525910038E-16,1.,1.0587911839138E-22));
#1476=DIRECTION('center_axis',(2.77555756156289E-16,1.,1.0587911839138E-22));
#1477=DIRECTION('ref_axis',(0.,0.,-1.));
#1478=DIRECTION('center_axis',(0.444444444444444,-2.22044510077838E-16,
-0.895806416477617));
#1479=DIRECTION('ref_axis',(2.66453525910038E-16,1.,1.0587911839138E-22));
#1480=DIRECTION('center_axis',(2.77555756156289E-16,1.,1.0587911839138E-22));
#1481=DIRECTION('ref_axis',(-0.707106762747301,2.22044679792876E-16,-0.707106799625793));
#1482=DIRECTION('center_axis',(-0.20964402515681,1.11022198936267E-16,0.977777777777779));
#1483=DIRECTION('ref_axis',(0.977777777777779,-5.32907074016999E-16,0.20964402515681));
#1484=DIRECTION('center_axis',(-2.77555756156289E-16,-1.,-1.0587911839138E-22));
#1485=DIRECTION('ref_axis',(-0.707106762747301,3.94746039179011E-16,-0.707106799625793));
#1486=DIRECTION('center_axis',(-2.77555756156289E-16,-1.,-1.0587911839138E-22));
#1487=DIRECTION('ref_axis',(0.,0.,1.));
#1488=DIRECTION('center_axis',(2.77555756156289E-16,1.,1.0587911839138E-22));
#1489=DIRECTION('ref_axis',(-1.,4.44089209850065E-16,-2.31795840793187E-8));
#1490=DIRECTION('',(1.,-4.44089209850063E-16,1.0587911839138E-22));
#1491=DIRECTION('center_axis',(2.77555756156289E-16,1.,1.0587911839138E-22));
#1492=DIRECTION('ref_axis',(0.,0.,-1.));
#1493=DIRECTION('center_axis',(-0.444444444444444,8.32666319996931E-17,
0.895806416477617));
#1494=DIRECTION('ref_axis',(-2.66453525910038E-16,1.,1.0587911839138E-22));
#1495=DIRECTION('center_axis',(0.209643957202345,-1.11022198936265E-16,
-0.977777792347802));
#1496=DIRECTION('ref_axis',(-0.977777792347802,5.32907074016992E-16,-0.209643957202345));
#1497=DIRECTION('center_axis',(-2.77555756156289E-16,-1.,-1.0587911839138E-22));
#1498=DIRECTION('ref_axis',(0.707106781186547,-3.94746039179009E-16,0.707106781186548));
#1499=DIRECTION('center_axis',(2.77555756156289E-16,1.,1.0587911839138E-22));
#1500=DIRECTION('ref_axis',(0.,0.,-1.));
#1501=DIRECTION('center_axis',(1.0587911839138E-22,1.0587911839138E-22,
-1.));
#1502=DIRECTION('ref_axis',(-1.,3.5527136788005E-16,-1.0587911839138E-22));
#1503=DIRECTION('center_axis',(-2.77555756156289E-16,-1.,-1.0587911839138E-22));
#1504=DIRECTION('ref_axis',(0.,0.,1.));
#1505=DIRECTION('center_axis',(-0.444444444444444,2.22044699772225E-16,
-0.895806416477617));
#1506=DIRECTION('ref_axis',(-0.895806416477617,3.55271320822664E-16,0.444444444444444));
#1507=DIRECTION('center_axis',(-2.77555756156289E-16,-1.,-1.0587911839138E-22));
#1508=DIRECTION('ref_axis',(0.707106762747301,-3.94745889443322E-16,-0.707106799625793));
#1509=DIRECTION('center_axis',(0.209643957202345,-1.11022405988766E-16,
0.977777792347802));
#1510=DIRECTION('ref_axis',(2.66453525910038E-16,1.,1.0587911839138E-22));
#1511=DIRECTION('center_axis',(2.77555756156289E-16,1.,1.0587911839138E-22));
#1512=DIRECTION('ref_axis',(0.707106762747301,-2.22044530057187E-16,-0.707106799625793));
#1513=DIRECTION('center_axis',(2.77555756156289E-16,1.,1.0587911839138E-22));
#1514=DIRECTION('ref_axis',(0.,0.,-1.));
#1515=DIRECTION('center_axis',(2.77555756156289E-16,1.,1.0587911839138E-22));
#1516=DIRECTION('ref_axis',(1.,-4.4408920985006E-16,-2.31795840793185E-8));
#1517=DIRECTION('',(1.,-4.44089209850063E-16,1.0587911839138E-22));
#1518=DIRECTION('center_axis',(-2.77555756156289E-16,-1.,-1.0587911839138E-22));
#1519=DIRECTION('ref_axis',(-1.0587911839138E-22,-1.0587911839138E-22,1.));
#1520=DIRECTION('',(1.,-4.44089209850063E-16,1.0587911839138E-22));
#1521=DIRECTION('',(-1.0587911839138E-22,-1.0587911839138E-22,1.));
#1522=DIRECTION('center_axis',(-2.77555756156289E-16,-1.,-1.0587911839138E-22));
#1523=DIRECTION('ref_axis',(-1.0587911839138E-22,-1.0587911839138E-22,1.));
#1524=DIRECTION('',(-1.0587911839138E-22,-1.0587911839138E-22,1.));
#1525=DIRECTION('center_axis',(-2.77555756156289E-16,-1.,-1.0587911839138E-22));
#1526=DIRECTION('ref_axis',(-1.0587911839138E-22,-1.0587911839138E-22,1.));
#1527=DIRECTION('',(1.0587911839138E-22,1.0587911839138E-22,-1.));
#1528=DIRECTION('',(1.,-4.44089209850063E-16,1.0587911839138E-22));
#1529=DIRECTION('center_axis',(-2.77555756156289E-16,-1.,-1.0587911839138E-22));
#1530=DIRECTION('ref_axis',(0.707106781186547,-3.33066832519704E-16,-0.707106781186548));
#1531=DIRECTION('center_axis',(1.0587911839138E-22,1.0587911839138E-22,
-1.));
#1532=DIRECTION('ref_axis',(-2.77555756156289E-16,-1.,-1.0587911839138E-22));
#1533=DIRECTION('',(1.,-4.44089209850063E-16,1.0587911839138E-22));
#1534=DIRECTION('',(-2.77555756156289E-16,-1.,-1.0587911839138E-22));
#1535=DIRECTION('',(-2.77555756156289E-16,-1.,-1.0587911839138E-22));
#1536=DIRECTION('',(-1.,4.44089209850063E-16,-1.0587911839138E-22));
#1537=DIRECTION('',(1.,0.,1.0587911839138E-22));
#1538=DIRECTION('center_axis',(-2.77555756156289E-16,-1.,-1.0587911839138E-22));
#1539=DIRECTION('ref_axis',(-1.0587911839138E-22,-1.0587911839138E-22,1.));
#1540=DIRECTION('',(1.0587911839138E-22,1.0587911839138E-22,-1.));
#1541=DIRECTION('center_axis',(-2.77555756156289E-16,-1.,-1.0587911839138E-22));
#1542=DIRECTION('ref_axis',(1.,-4.44089209850063E-16,1.0587911839138E-22));
#1543=DIRECTION('center_axis',(-1.,4.44089209850063E-16,-1.0587911839138E-22));
#1544=DIRECTION('ref_axis',(-1.01727230750776E-22,9.93410842475835E-9,1.));
#1545=DIRECTION('center_axis',(-1.,4.44089209850063E-16,-1.0587911839138E-22));
#1546=DIRECTION('ref_axis',(-1.01727230750776E-22,9.93410842475835E-9,1.));
#1547=DIRECTION('center_axis',(-1.,4.44089209850063E-16,-1.0587911839138E-22));
#1548=DIRECTION('ref_axis',(-2.77555756156289E-16,-1.,-1.0587911839138E-22));
#1549=DIRECTION('center_axis',(1.,-4.44089209850063E-16,1.0587911839138E-22));
#1550=DIRECTION('ref_axis',(4.44089200437472E-16,0.999999979509898,0.000202435677841659));
#1551=DIRECTION('center_axis',(1.,-4.44089209850063E-16,1.0587911839138E-22));
#1552=DIRECTION('ref_axis',(1.09999024821525E-22,9.93410761059494E-9,-1.));
#1553=DIRECTION('center_axis',(1.,-4.44089209850063E-16,1.0587911839138E-22));
#1554=DIRECTION('ref_axis',(2.77555756156289E-16,1.,1.0587911839138E-22));
#1555=DIRECTION('center_axis',(-1.,4.44089209850063E-16,-1.0587911839138E-22));
#1556=DIRECTION('ref_axis',(4.44089203232618E-16,1.,1.0587911839138E-22));
#1557=DIRECTION('center_axis',(-1.,4.44089209850063E-16,-1.0587911839138E-22));
#1558=DIRECTION('ref_axis',(4.44089203232618E-16,1.,1.0587911839138E-22));
#1559=DIRECTION('',(-1.,4.44089209850063E-16,-1.0587911839138E-22));
#1560=DIRECTION('center_axis',(-1.0587911839138E-22,-1.0587911839138E-22,
1.));
#1561=DIRECTION('ref_axis',(-2.77555756156289E-16,-1.,-1.0587911839138E-22));
#1562=DIRECTION('',(-1.,4.44089209850063E-16,-1.0587911839138E-22));
#1563=DIRECTION('center_axis',(-1.0587911839138E-22,-1.0587911839138E-22,
1.));
#1564=DIRECTION('ref_axis',(-0.000244140549966935,-0.999999970197695,-1.05904964622132E-22));
#1565=DIRECTION('',(1.,-4.44089209850063E-16,1.0587911839138E-22));
#1566=DIRECTION('',(2.77555756156289E-16,1.,1.0587911839138E-22));
#1567=DIRECTION('center_axis',(1.0587911839138E-22,1.0587911839138E-22,
-1.));
#1568=DIRECTION('ref_axis',(-2.77555756156289E-16,-1.,-1.0587911839138E-22));
#1569=DIRECTION('center_axis',(-2.77555756156289E-16,-1.,-1.0587911839138E-22));
#1570=DIRECTION('ref_axis',(-1.,4.44089209850063E-16,-1.0587911839138E-22));
#1571=DIRECTION('',(1.0587911839138E-22,1.0587911839138E-22,-1.));
#1572=DIRECTION('',(1.0587911839138E-22,1.0587911839138E-22,-1.));
#1573=DIRECTION('',(1.0587911839138E-22,1.0587911839138E-22,-1.));
#1574=DIRECTION('',(-1.,4.44089209850063E-16,-1.0587911839138E-22));
#1575=DIRECTION('',(1.0587911839138E-22,1.0587911839138E-22,-1.));
#1576=DIRECTION('',(-1.,4.44089209850063E-16,-1.0587911839138E-22));
#1577=DIRECTION('',(-1.0587911839138E-22,-1.0587911839138E-22,1.));
#1578=DIRECTION('',(-1.,4.44089209850063E-16,-1.0587911839138E-22));
#1579=DIRECTION('',(1.0587911839138E-22,1.0587911839138E-22,-1.));
#1580=DIRECTION('center_axis',(2.77555756156289E-16,1.,1.0587911839138E-22));
#1581=DIRECTION('ref_axis',(1.,-4.44089209850063E-16,1.0587911839138E-22));
#1582=DIRECTION('',(1.0587911839138E-22,1.0587911839138E-22,-1.));
#1583=DIRECTION('',(1.,-4.44089209850063E-16,1.0587911839138E-22));
#1584=DIRECTION('',(-1.0587911839138E-22,-1.0587911839138E-22,1.));
#1585=DIRECTION('',(1.,-4.44089209850063E-16,1.0587911839138E-22));
#1586=DIRECTION('',(1.0587911839138E-22,1.0587911839138E-22,-1.));
#1587=DIRECTION('',(1.,-4.44089209850063E-16,1.0587911839138E-22));
#1588=DIRECTION('',(1.0587911839138E-22,1.0587911839138E-22,-1.));
#1589=DIRECTION('',(1.0587911839138E-22,1.0587911839138E-22,-1.));
#1590=DIRECTION('',(1.0587911839138E-22,1.0587911839138E-22,-1.));
#1591=DIRECTION('center_axis',(1.0587911839138E-22,1.0587911839138E-22,
-1.));
#1592=DIRECTION('ref_axis',(-2.77555756156289E-16,-1.,-1.0587911839138E-22));
#1593=DIRECTION('center_axis',(-1.0587911839138E-22,-1.0587911839138E-22,
1.));
#1594=DIRECTION('ref_axis',(-2.77555756156289E-16,-1.,-1.0587911839138E-22));
#1595=DIRECTION('',(-1.0587911839138E-22,-1.0587911839138E-22,1.));
#1596=DIRECTION('center_axis',(-1.0587911839138E-22,-1.0587911839138E-22,
1.));
#1597=DIRECTION('ref_axis',(-2.77555756156289E-16,-1.,-1.0587911839138E-22));
#1598=DIRECTION('',(2.77555756156289E-16,1.,1.0587911839138E-22));
#1599=DIRECTION('center_axis',(1.0587911839138E-22,1.0587911839138E-22,
-1.));
#1600=DIRECTION('ref_axis',(-0.000244140549966935,-0.999999970197695,-1.05904964622132E-22));
#1601=DIRECTION('center_axis',(-1.0587911839138E-22,-1.0587911839138E-22,
1.));
#1602=DIRECTION('ref_axis',(-2.77555756156289E-16,-1.,-1.0587911839138E-22));
#1603=DIRECTION('center_axis',(-1.0587911839138E-22,-1.0587911839138E-22,
1.));
#1604=DIRECTION('ref_axis',(-2.77555756156289E-16,-1.,-1.0587911839138E-22));
#1605=DIRECTION('',(-2.77555756156289E-16,-1.,-1.0587911839138E-22));
#1606=DIRECTION('center_axis',(-1.0587911839138E-22,-1.0587911839138E-22,
1.));
#1607=DIRECTION('ref_axis',(-0.000244140549966935,-0.999999970197695,-1.05904964622132E-22));
#1608=DIRECTION('center_axis',(1.0587911839138E-22,1.0587911839138E-22,
-1.));
#1609=DIRECTION('ref_axis',(-2.77555756156289E-16,-1.,-1.0587911839138E-22));
#1610=DIRECTION('center_axis',(1.0587911839138E-22,1.0587911839138E-22,
-1.));
#1611=DIRECTION('ref_axis',(0.99999980943305,0.00061736039932717,1.0594446378913E-22));
#1612=DIRECTION('center_axis',(1.0587911839138E-22,1.0587911839138E-22,
-1.));
#1613=DIRECTION('ref_axis',(-2.77555756156289E-16,-1.,-1.0587911839138E-22));
#1614=DIRECTION('',(-1.0587911839138E-22,-1.0587911839138E-22,1.));
#1615=DIRECTION('center_axis',(1.,-4.44089209850063E-16,1.0587911839138E-22));
#1616=DIRECTION('ref_axis',(2.77555756156289E-16,1.,1.0587911839138E-22));
#1617=DIRECTION('',(2.77555756156289E-16,1.,1.0587911839138E-22));
#1618=DIRECTION('center_axis',(1.,-4.44089209850063E-16,1.0587911839138E-22));
#1619=DIRECTION('ref_axis',(1.0587911839138E-22,1.0587911839138E-22,-1.));
#1620=DIRECTION('',(2.77555756156289E-16,1.,1.0587911839138E-22));
#1621=DIRECTION('',(1.0587911839138E-22,1.0587911839138E-22,-1.));
#1622=DIRECTION('',(-2.77555756156289E-16,-1.,-1.0587911839138E-22));
#1623=DIRECTION('',(-1.0587911839138E-22,-1.0587911839138E-22,1.));
#1624=DIRECTION('center_axis',(-2.77555756156289E-16,-1.,-1.0587911839138E-22));
#1625=DIRECTION('ref_axis',(1.0587911839138E-22,1.0587911839138E-22,-1.));
#1626=DIRECTION('',(1.0587911839138E-22,1.0587911839138E-22,-1.));
#1627=DIRECTION('',(1.,-4.44089209850063E-16,1.0587911839138E-22));
#1628=DIRECTION('',(1.,-4.44089209850063E-16,1.0587911839138E-22));
#1629=DIRECTION('center_axis',(-1.,4.44089209850063E-16,-1.0587911839138E-22));
#1630=DIRECTION('ref_axis',(2.77555756156289E-16,1.,1.0587911839138E-22));
#1631=DIRECTION('',(2.77555756156289E-16,1.,1.0587911839138E-22));
#1632=DIRECTION('center_axis',(1.0587911839138E-22,1.0587911839138E-22,
-1.));
#1633=DIRECTION('ref_axis',(-0.707106781186546,0.707106781186549,4.03026634567641E-37));
#1634=DIRECTION('center_axis',(-2.77555725145013E-16,-0.707106781186546,
0.707106781186549));
#1635=DIRECTION('ref_axis',(2.80373684347664E-16,0.707106781186549,0.707106781186546));
#1636=DIRECTION('center_axis',(-3.33066938398823E-16,-0.707106781186546,
-0.707106781186549));
#1637=DIRECTION('ref_axis',(2.80373622325112E-16,0.707106781186549,-0.707106781186546));
#1638=DIRECTION('center_axis',(-1.,4.44089209850063E-16,-1.0587911839138E-22));
#1639=DIRECTION('ref_axis',(2.77555756156289E-16,1.,1.0587911839138E-22));
#1640=DIRECTION('',(-2.77555756156289E-16,-1.,-1.0587911839138E-22));
#1641=DIRECTION('center_axis',(2.77555756156289E-16,1.,1.0587911839138E-22));
#1642=DIRECTION('ref_axis',(-1.0587911839138E-22,-1.0587911839138E-22,1.));
#1643=DIRECTION('',(-1.0587911839138E-22,-1.0587911839138E-22,1.));
#1644=DIRECTION('',(1.,-4.44089209850063E-16,1.0587911839138E-22));
#1645=DIRECTION('',(1.,-4.44089209850063E-16,1.0587911839138E-22));
#1646=DIRECTION('center_axis',(-1.0587911839138E-22,-1.0587911839138E-22,
1.));
#1647=DIRECTION('ref_axis',(-0.707106781186546,-0.707106781186549,-1.49735685201196E-22));
#1648=DIRECTION('center_axis',(3.33066876376271E-16,0.707106781186546,-0.707106781186549));
#1649=DIRECTION('ref_axis',(-2.80373684347663E-16,-0.707106781186549,-0.707106781186546));
#1650=DIRECTION('center_axis',(3.33066938398823E-16,0.707106781186546,0.707106781186549));
#1651=DIRECTION('ref_axis',(-2.80373622325112E-16,-0.707106781186549,0.707106781186546));
#1652=DIRECTION('center_axis',(1.0587911839138E-22,1.0587911839138E-22,
-1.));
#1653=DIRECTION('ref_axis',(2.77555756156289E-16,1.,1.0587911839138E-22));
#1654=DIRECTION('',(2.77555756156289E-16,1.,1.0587911839138E-22));
#1655=DIRECTION('center_axis',(2.77555756156289E-16,1.,1.0587911839138E-22));
#1656=DIRECTION('ref_axis',(-0.707106781186548,3.56857325904529E-16,0.707106781186548));
#1657=DIRECTION('center_axis',(-1.0587911839138E-22,-1.0587911839138E-22,
1.));
#1658=DIRECTION('ref_axis',(-2.77555756156289E-16,-1.,-1.0587911839138E-22));
#1659=DIRECTION('',(-2.77555756156289E-16,-1.,-1.0587911839138E-22));
#1660=DIRECTION('center_axis',(-2.77555756156289E-16,-1.,-1.0587911839138E-22));
#1661=DIRECTION('ref_axis',(-0.707106781186548,3.56857475640214E-16,-0.707106781186548));
#1662=DIRECTION('center_axis',(-1.0587911839138E-22,-1.0587911839138E-22,
1.));
#1663=DIRECTION('ref_axis',(-2.77555756156289E-16,-1.,-1.0587911839138E-22));
#1664=DIRECTION('center_axis',(1.0587911839138E-22,1.0587911839138E-22,
-1.));
#1665=DIRECTION('ref_axis',(-0.000244140549966935,-0.999999970197695,-1.05904964622132E-22));
#1666=DIRECTION('center_axis',(1.0587911839138E-22,1.0587911839138E-22,
-1.));
#1667=DIRECTION('ref_axis',(-0.000244140549966935,-0.999999970197695,-1.05904964622132E-22));
#1668=DIRECTION('center_axis',(-1.0587911839138E-22,-1.0587911839138E-22,
1.));
#1669=DIRECTION('ref_axis',(-0.000244140549966935,-0.999999970197695,-1.05904964622132E-22));
#1670=DIRECTION('center_axis',(1.0587911839138E-22,1.0587911839138E-22,
-1.));
#1671=DIRECTION('ref_axis',(0.99999980943305,0.000617360399326926,1.0594446378913E-22));
#1672=CARTESIAN_POINT('',(0.,0.,0.));
#1673=CARTESIAN_POINT('Origin',(0.488188939740619,54.0387579100015,47.5000005215406));
#1674=CARTESIAN_POINT('',(6.9881889397406,53.0387579100015,47.5000005215406));
#1675=CARTESIAN_POINT('',(-6.01181106025944,53.0387579100015,47.5000005215406));
#1676=CARTESIAN_POINT('Origin',(0.488188939740584,53.0387579100015,47.5000005215406));
#1677=CARTESIAN_POINT('',(6.98818893974071,68.0523154247418,47.5000005215406));
#1678=CARTESIAN_POINT('',(6.98818893974064,57.9151078052148,47.5000005215406));
#1679=CARTESIAN_POINT('',(6.98819486640225,68.0587579100015,47.5000005215406));
#1680=CARTESIAN_POINT('Ctrl Pts',(6.98819438056998,68.0578968562067,47.5023062567571));
#1681=CARTESIAN_POINT('Ctrl Pts',(6.98819052678456,68.055749601745,47.5023069345638));
#1682=CARTESIAN_POINT('Ctrl Pts',(6.98818871263433,68.0536022700262,47.5023076126064));
#1683=CARTESIAN_POINT('Ctrl Pts',(6.98818893974064,68.0514548637771,47.5023082902665));
#1684=CARTESIAN_POINT('',(-6.01181698692098,68.0587579100015,47.5000005215406));
#1685=CARTESIAN_POINT('',(0.488188939740619,68.0587579100015,47.5000005215406));
#1686=CARTESIAN_POINT('',(-6.0118110602594,68.0523154247419,47.5000005215406));
#1687=CARTESIAN_POINT('Ctrl Pts',(-6.0118110602594,68.051455286229,47.5023068339981));
#1688=CARTESIAN_POINT('Ctrl Pts',(-6.01181083302213,68.0536027014585,47.5023061567031));
#1689=CARTESIAN_POINT('Ctrl Pts',(-6.01181264705286,68.0557500330978,47.5023054789829));
#1690=CARTESIAN_POINT('Ctrl Pts',(-6.01181650067858,68.0578972784192,47.5023048015925));
#1691=CARTESIAN_POINT('',(-6.01181106025944,57.7887579100015,47.5000005215406));
#1692=CARTESIAN_POINT('',(0.488188939740619,57.5387579100015,47.5000005215406));
#1693=CARTESIAN_POINT('Origin',(0.488188939740584,53.0387579100015,47.5000005215406));
#1694=CARTESIAN_POINT('Origin',(12.4881889397406,296.538757910002,55.));
#1695=CARTESIAN_POINT('',(12.4881889397406,286.538758307366,35.0000005215406));
#1696=CARTESIAN_POINT('',(12.4881889397406,286.534709593832,55.));
#1697=CARTESIAN_POINT('Origin',(12.4881889397406,286.538758208025,45.0000006705523));
#1698=CARTESIAN_POINT('',(12.4881889397406,256.538757910002,35.));
#1699=CARTESIAN_POINT('',(12.4881889397406,291.538758083848,35.0000005215406));
#1700=CARTESIAN_POINT('',(12.4881889397406,256.538757910002,55.));
#1701=CARTESIAN_POINT('',(12.4881889397406,256.538757910002,55.));
#1702=CARTESIAN_POINT('',(12.4881889397406,281.538757910002,55.));
#1703=CARTESIAN_POINT('',(12.4881889397406,281.538758133519,45.0000006705523));
#1704=CARTESIAN_POINT('Origin',(12.4881889397406,286.538758208025,45.0000006705523));
#1705=CARTESIAN_POINT('Origin',(-11.5118110602593,256.538757910002,55.));
#1706=CARTESIAN_POINT('',(-11.5118110602593,286.538758307366,55.));
#1707=CARTESIAN_POINT('',(-11.5118110602593,286.538758257695,35.0000013411045));
#1708=CARTESIAN_POINT('Origin',(-11.5118110602593,286.538758208025,45.0000006705523));
#1709=CARTESIAN_POINT('',(-11.5118110602593,256.538757910002,55.));
#1710=CARTESIAN_POINT('',(-11.5118110602593,261.538757910001,55.));
#1711=CARTESIAN_POINT('',(-11.5118110602593,256.538757910002,35.));
#1712=CARTESIAN_POINT('',(-11.5118110602593,256.538757910002,55.));
#1713=CARTESIAN_POINT('',(-11.5118110602593,271.538758083848,35.0000005215406));
#1714=CARTESIAN_POINT('',(-11.5118110602593,281.538758133519,45.0000006705523));
#1715=CARTESIAN_POINT('Origin',(-11.5118110602593,286.538758208025,45.0000006705523));
#1716=CARTESIAN_POINT('Origin',(-9.51181106025935,266.538757910001,55.));
#1717=CARTESIAN_POINT('',(1.48818893974063,256.538757910002,55.));
#1718=CARTESIAN_POINT('',(-21.5118110602593,286.538758307366,55.));
#1719=CARTESIAN_POINT('',(-9.51181106025935,286.538758307366,55.));
#1720=CARTESIAN_POINT('',(-21.5118110602593,246.538757910002,55.));
#1721=CARTESIAN_POINT('',(-21.5118110602593,266.538757910001,55.));
#1722=CARTESIAN_POINT('',(-19.6674554310056,246.538757910002,55.));
#1723=CARTESIAN_POINT('',(-21.5118110602593,246.538757910002,55.));
#1724=CARTESIAN_POINT('',(0.488188939740584,246.538757910001,55.));
#1725=CARTESIAN_POINT('',(-21.5118110602593,246.538757910002,55.));
#1726=CARTESIAN_POINT('',(20.6438333104872,246.538757910002,55.));
#1727=CARTESIAN_POINT('',(-21.5118110602593,246.538757910002,55.));
#1728=CARTESIAN_POINT('',(22.4881892675661,246.538757910002,55.));
#1729=CARTESIAN_POINT('',(-21.5118110602593,246.538757910002,55.));
#1730=CARTESIAN_POINT('',(22.4881889397406,286.534709593832,55.));
#1731=CARTESIAN_POINT('',(22.4881889397405,266.538757910001,55.));
#1732=CARTESIAN_POINT('',(10.4881889397407,286.534709593832,55.));
#1733=CARTESIAN_POINT('Origin',(10.4881889397407,286.538758208025,45.0000006705523));
#1734=CARTESIAN_POINT('',(-21.5118110602592,281.538758133519,45.0000006705523));
#1735=CARTESIAN_POINT('',(10.4881889397407,281.538758133519,45.0000006705523));
#1736=CARTESIAN_POINT('Origin',(-21.5118110602592,286.538758208025,45.0000006705523));
#1737=CARTESIAN_POINT('Origin',(0.488188939740584,53.0387579100015,38.5000005215407));
#1738=CARTESIAN_POINT('',(0.488188939740655,46.5387544082286,38.5000005215407));
#1739=CARTESIAN_POINT('Origin',(0.488188939740584,53.0387579100015,38.5000005215407));
#1740=CARTESIAN_POINT('',(0.488188939740619,48.5387579100016,38.5000005215407));
#1741=CARTESIAN_POINT('Origin',(0.488188939740584,53.0387579100015,38.5000005215407));
#1742=CARTESIAN_POINT('Origin',(0.488188939740584,53.0387579100015,38.5000005215407));
#1743=CARTESIAN_POINT('',(0.488188939740655,46.5387544082286,36.5000005215407));
#1744=CARTESIAN_POINT('Origin',(0.488188939740584,53.0387579100015,36.5000005215407));
#1745=CARTESIAN_POINT('',(0.488188939740581,46.5387544082286,38.5000005215407));
#1746=CARTESIAN_POINT('Origin',(0.488188939740584,53.0387579100015,36.5000005215407));
#1747=CARTESIAN_POINT('Origin',(0.488188939740584,53.0387579100015,51.5000005215407));
#1748=CARTESIAN_POINT('',(0.488188939740655,59.5387579100015,51.5000005215407));
#1749=CARTESIAN_POINT('Origin',(0.488188939740584,53.0387579100015,51.5000005215407));
#1750=CARTESIAN_POINT('',(0.488188939740619,57.5387579100015,51.5000005215407));
#1751=CARTESIAN_POINT('Origin',(0.488188939740584,53.0387579100015,51.5000005215407));
#1752=CARTESIAN_POINT('Origin',(0.488188939740584,53.0387579100015,51.5000005215407));
#1753=CARTESIAN_POINT('',(0.488188939740655,59.5387579100015,53.5000005215407));
#1754=CARTESIAN_POINT('Origin',(0.488188939740584,53.0387579100015,53.5000005215407));
#1755=CARTESIAN_POINT('',(0.488188939740586,59.5387579100015,51.5000005215407));
#1756=CARTESIAN_POINT('Origin',(0.488188939740584,53.0387579100015,53.5000005215407));
#1757=CARTESIAN_POINT('Origin',(6.98818893974064,61.5387579100016,38.5000005215407));
#1758=CARTESIAN_POINT('',(6.98818893974071,53.0387579100014,42.5000005215406));
#1759=CARTESIAN_POINT('',(6.9881889397406,53.0387579100015,47.5000005215406));
#1760=CARTESIAN_POINT('',(6.98818893974068,68.0523154135758,42.5000005215407));
#1761=CARTESIAN_POINT('',(6.98818893974071,57.7887579100015,42.5000005215406));
#1762=CARTESIAN_POINT('',(6.98818893974064,68.0387579100015,45.0000005231893));
#1763=CARTESIAN_POINT('Ctrl Pts',(6.98818893974065,68.0387579100015,45.0000005231893));
#1764=CARTESIAN_POINT('Ctrl Pts',(6.98818893974065,68.0387579100015,44.1666881308761));
#1765=CARTESIAN_POINT('Ctrl Pts',(6.98818893974065,68.030559263418,43.3340017383813));
#1766=CARTESIAN_POINT('Ctrl Pts',(6.98818893974064,68.0501920522531,42.4997076402192));
#1767=CARTESIAN_POINT('Ctrl Pts',(6.98818893974064,68.0514060437293,47.500020237949));
#1768=CARTESIAN_POINT('Ctrl Pts',(6.98818893974064,68.0490896644901,47.3913126025585));
#1769=CARTESIAN_POINT('Ctrl Pts',(6.98818893974064,68.0347326420883,46.5582706400998));
#1770=CARTESIAN_POINT('Ctrl Pts',(6.98818893974064,68.0387579083151,45.7238915395305));
#1771=CARTESIAN_POINT('Ctrl Pts',(6.98818893974064,68.0387579100014,45.0000005231893));
#1772=CARTESIAN_POINT('Origin',(0.488188939740584,53.0387579100015,51.0000005215407));
#1773=CARTESIAN_POINT('',(-6.01181106025944,53.0387579100015,42.5000005215406));
#1774=CARTESIAN_POINT('',(-6.01181106025944,53.0387579100015,48.2500005215407));
#1775=CARTESIAN_POINT('Origin',(0.488188939740726,53.0387579100013,42.5000005215406));
#1776=CARTESIAN_POINT('Origin',(0.488188939740619,68.0587579100015,50.9800005215407));
#1777=CARTESIAN_POINT('',(8.50314956112691,71.5387579100016,50.9800005215407));
#1778=CARTESIAN_POINT('Ctrl Pts',(6.98819486640235,68.0587579100016,47.5000005215407));
#1779=CARTESIAN_POINT('Ctrl Pts',(6.98862781594763,68.2940732482886,47.5000005215407));
#1780=CARTESIAN_POINT('Ctrl Pts',(7.01277225988361,68.5264866076959,47.523852514267));
#1781=CARTESIAN_POINT('Ctrl Pts',(7.10561726894248,68.9845372091954,47.6170747953595));
#1782=CARTESIAN_POINT('Ctrl Pts',(7.17444084062276,69.2052809131847,47.6865649369459));
#1783=CARTESIAN_POINT('Ctrl Pts',(7.43435108718366,69.8335856515614,47.9519855523721));
#1784=CARTESIAN_POINT('Ctrl Pts',(7.67610822496167,70.1925399672574,48.1999346878574));
#1785=CARTESIAN_POINT('Ctrl Pts',(8.18283042326982,70.7693744857752,48.7626778955891));
#1786=CARTESIAN_POINT('Ctrl Pts',(8.42894644200428,70.9756786728398,49.0559688931079));
#1787=CARTESIAN_POINT('Ctrl Pts',(8.68609374168628,71.1984118837694,49.4710339284138));
#1788=CARTESIAN_POINT('Ctrl Pts',(8.76516153738315,71.2678914909192,49.6231782831861));
#1789=CARTESIAN_POINT('Ctrl Pts',(8.84583083079115,71.3663950650809,49.8921765063306));
#1790=CARTESIAN_POINT('Ctrl Pts',(8.8640891060372,71.4014028418301,50.0044641708581));
#1791=CARTESIAN_POINT('Ctrl Pts',(8.85866308109495,71.468074073197,50.2663175600509));
#1792=CARTESIAN_POINT('Ctrl Pts',(8.82402023333572,71.4937061380148,50.4052079555735));
#1793=CARTESIAN_POINT('Ctrl Pts',(8.72692621172021,71.5225748676728,50.6324509849649));
#1794=CARTESIAN_POINT('Ctrl Pts',(8.67836428988628,71.530074130601,50.7203477299335));
#1795=CARTESIAN_POINT('Ctrl Pts',(8.58690933422623,71.5373442649374,50.8641100922487));
#1796=CARTESIAN_POINT('Ctrl Pts',(8.54581455836128,71.5387579100016,50.9228168688785));
#1797=CARTESIAN_POINT('Ctrl Pts',(8.50314956112621,71.5387579100015,50.9800005215418));
#1798=CARTESIAN_POINT('',(-7.52677168164567,71.5387579100015,50.9800005215407));
#1799=CARTESIAN_POINT('',(0.488188939740655,71.5387579100015,50.9800005215407));
#1800=CARTESIAN_POINT('Ctrl Pts',(-7.52677168164578,71.5387579100015,50.9800005215406));
#1801=CARTESIAN_POINT('Ctrl Pts',(-7.5554994821079,71.5387579100015,50.9414968142895));
#1802=CARTESIAN_POINT('Ctrl Pts',(-7.58342723185185,71.5381181411374,50.9024198139799));
#1803=CARTESIAN_POINT('Ctrl Pts',(-7.66411910797483,71.5340959167803,50.7829908871891));
#1804=CARTESIAN_POINT('Ctrl Pts',(-7.71436999855556,71.5285147650625,50.6994217606021));
#1805=CARTESIAN_POINT('Ctrl Pts',(-7.81187066313166,71.5073757057802,50.5000440853243));
#1806=CARTESIAN_POINT('Ctrl Pts',(-7.85319143146335,71.48938773517,50.382619313239));
#1807=CARTESIAN_POINT('Ctrl Pts',(-7.89363497599652,71.4358523335242,50.1294316251179));
#1808=CARTESIAN_POINT('Ctrl Pts',(-7.88818900405211,71.4014345165572,50.0030654597175));
#1809=CARTESIAN_POINT('Ctrl Pts',(-7.82994877693952,71.311186044579,49.7328380333332));
#1810=CARTESIAN_POINT('Ctrl Pts',(-7.77120918429428,71.2544916837521,49.5953947875596));
#1811=CARTESIAN_POINT('Ctrl Pts',(-7.59417754729359,71.0960774677326,49.2665321910691));
#1812=CARTESIAN_POINT('Ctrl Pts',(-7.44361669632102,70.9727477895201,49.0609611202893));
#1813=CARTESIAN_POINT('Ctrl Pts',(-7.04858682143488,70.6008376914151,48.5765205149164));
#1814=CARTESIAN_POINT('Ctrl Pts',(-6.7761815910681,70.3071182550614,48.2850503382105));
#1815=CARTESIAN_POINT('Ctrl Pts',(-6.3752957036645,69.6471371352614,47.8665257281849));
#1816=CARTESIAN_POINT('Ctrl Pts',(-6.23526387819613,69.3376293181463,47.724286094589));
#1817=CARTESIAN_POINT('Ctrl Pts',(-6.05756784352579,68.6968968808841,47.5447986204094));
#1818=CARTESIAN_POINT('Ctrl Pts',(-6.0124106738827,68.3814367295709,47.5000005215407));
#1819=CARTESIAN_POINT('Ctrl Pts',(-6.0118169869211,68.0587579100016,47.5000005215407));
#1820=CARTESIAN_POINT('Origin',(0.488188939740619,68.0587579100015,39.0200005215407));
#1821=CARTESIAN_POINT('',(-6.01181698694159,68.0587579100015,42.5000005215406));
#1822=CARTESIAN_POINT('',(-7.52677207076964,71.5387579100016,39.0200005215407));
#1823=CARTESIAN_POINT('Ctrl Pts',(-6.01181698694164,68.0587579100014,42.5000005215406));
#1824=CARTESIAN_POINT('Ctrl Pts',(-6.01213776545957,68.2331061115745,42.5000005215407));
#1825=CARTESIAN_POINT('Ctrl Pts',(-6.0254771771856,68.4062491297102,42.4869016171975));
#1826=CARTESIAN_POINT('Ctrl Pts',(-6.07745352260807,68.7510950416758,42.4349865981362));
#1827=CARTESIAN_POINT('Ctrl Pts',(-6.11630921754099,68.9205414476211,42.3959466998941));
#1828=CARTESIAN_POINT('Ctrl Pts',(-6.26740820839014,69.4165906321986,42.2430070610444));
#1829=CARTESIAN_POINT('Ctrl Pts',(-6.41200344729082,69.7179749768535,42.0957922693684));
#1830=CARTESIAN_POINT('Ctrl Pts',(-6.87600917303861,70.4496212489986,41.6093948911214));
#1831=CARTESIAN_POINT('Ctrl Pts',(-7.22423343444273,70.7757682064877,41.2332315482169));
#1832=CARTESIAN_POINT('Ctrl Pts',(-7.60227225268156,71.1064404462013,40.7122978244601));
#1833=CARTESIAN_POINT('Ctrl Pts',(-7.71606026765511,71.200231447319,40.5304931977392));
#1834=CARTESIAN_POINT('Ctrl Pts',(-7.83733960252885,71.3232204925668,40.2319258596646));
#1835=CARTESIAN_POINT('Ctrl Pts',(-7.87103509303961,71.3656594941552,40.1117965743245));
#1836=CARTESIAN_POINT('Ctrl Pts',(-7.89335824535566,71.441142077681,39.8504811891297));
#1837=CARTESIAN_POINT('Ctrl Pts',(-7.87768002585906,71.4706090377478,39.7184790812819));
#1838=CARTESIAN_POINT('Ctrl Pts',(-7.80176216030664,71.5108340053923,39.4741696808702));
#1839=CARTESIAN_POINT('Ctrl Pts',(-7.75093397425174,71.5228513234828,39.367518635458));
#1840=CARTESIAN_POINT('Ctrl Pts',(-7.64210982016925,71.5360443144938,39.181523571678));
#1841=CARTESIAN_POINT('Ctrl Pts',(-7.58579591572743,71.5387579100015,39.0991098553243));
#1842=CARTESIAN_POINT('Ctrl Pts',(-7.52677207076972,71.5387579100015,39.0200005215406));
#1843=CARTESIAN_POINT('',(8.50314995025095,71.5387579100015,39.0200005215407));
#1844=CARTESIAN_POINT('',(0.488188939740655,71.5387579100015,39.0200005215407));
#1845=CARTESIAN_POINT('',(6.98819486642297,68.0587579100015,42.5000005215406));
#1846=CARTESIAN_POINT('Ctrl Pts',(8.50314995025099,71.5387579100015,39.0200005215406));
#1847=CARTESIAN_POINT('Ctrl Pts',(8.5162043207774,71.5387579100015,39.0374972223409));
#1848=CARTESIAN_POINT('Ctrl Pts',(8.52907024354453,71.5386259391375,39.0550812027976));
#1849=CARTESIAN_POINT('Ctrl Pts',(8.60957811155718,71.5369209817292,39.167554358628));
#1850=CARTESIAN_POINT('Ctrl Pts',(8.67332013776341,71.5314958453335,39.2678161507566));
#1851=CARTESIAN_POINT('Ctrl Pts',(8.78270853523414,71.5093385508025,39.4858819468382));
#1852=CARTESIAN_POINT('Ctrl Pts',(8.82611763659046,71.4916261599138,39.6047158272586));
#1853=CARTESIAN_POINT('Ctrl Pts',(8.87002057354867,71.4381334255323,39.8618252305342));
#1854=CARTESIAN_POINT('Ctrl Pts',(8.86548603848908,71.4034220359259,39.9904646398321));
#1855=CARTESIAN_POINT('Ctrl Pts',(8.8130803237917,71.3211417562119,40.2378228581254));
#1856=CARTESIAN_POINT('Ctrl Pts',(8.7636868988346,71.2683368288496,40.3784350700862));
#1857=CARTESIAN_POINT('Ctrl Pts',(8.56010181370337,71.0874476613657,40.7480720023924));
#1858=CARTESIAN_POINT('Ctrl Pts',(8.41229370411565,70.9658150334258,40.9488633115942));
#1859=CARTESIAN_POINT('Ctrl Pts',(8.0203611310478,70.5960320468738,41.428562590208));
#1860=CARTESIAN_POINT('Ctrl Pts',(7.75024608497759,70.3038356778072,41.7173954549658));
#1861=CARTESIAN_POINT('Ctrl Pts',(7.35092545563756,69.6455259253042,42.134235041009));
#1862=CARTESIAN_POINT('Ctrl Pts',(7.21129451744449,69.3365416997714,42.2760666685164));
#1863=CARTESIAN_POINT('Ctrl Pts',(7.03390185685342,68.6965929534341,42.4552458704959));
#1864=CARTESIAN_POINT('Ctrl Pts',(6.98878826559826,68.3812797537635,42.5000005215407));
#1865=CARTESIAN_POINT('Ctrl Pts',(6.98819486642289,68.0587579100014,42.5000005215406));
#1866=CARTESIAN_POINT('',(0.488188939740619,68.0587579100015,42.5000005215406));
#1867=CARTESIAN_POINT('Origin',(0.488188939740619,54.0387579100015,42.5000005215406));
#1868=CARTESIAN_POINT('Ctrl Pts',(6.98818893974064,68.0501920522531,42.4997076402192));
#1869=CARTESIAN_POINT('Ctrl Pts',(6.98818842232653,68.0523385538373,42.4997100742756));
#1870=CARTESIAN_POINT('Ctrl Pts',(6.98818994496828,68.0544849727929,42.4997125084245));
#1871=CARTESIAN_POINT('Ctrl Pts',(6.98819350599417,68.0566313064001,42.4997149419));
#1872=CARTESIAN_POINT('',(-6.01181106025944,68.0523154135758,42.5000005215407));
#1873=CARTESIAN_POINT('',(-6.01181106025944,57.7887579100015,42.5000005215406));
#1874=CARTESIAN_POINT('Ctrl Pts',(-6.01181649895954,68.0578990686467,42.4977024167753));
#1875=CARTESIAN_POINT('Ctrl Pts',(-6.01181264591186,68.0557518108345,42.4977017408963));
#1876=CARTESIAN_POINT('Ctrl Pts',(-6.01181083247144,68.0536044758111,42.4977010647821));
#1877=CARTESIAN_POINT('Ctrl Pts',(-6.0118110602594,68.0514570663036,42.4977003890509));
#1878=CARTESIAN_POINT('',(0.488188939740619,48.5387579100016,42.5000005215406));
#1879=CARTESIAN_POINT('Origin',(0.488188939740584,53.0387579100015,42.5000005215406));
#1880=CARTESIAN_POINT('Ctrl Pts',(8.50314956112605,71.5387579100015,50.9800005215419));
#1881=CARTESIAN_POINT('Ctrl Pts',(8.86367202498054,71.5387579100015,50.4967943177114));
#1882=CARTESIAN_POINT('Ctrl Pts',(9.58449368568978,71.5387579100015,49.3699489168221));
#1883=CARTESIAN_POINT('Ctrl Pts',(10.3248344010449,71.5387579100014,47.1685177788356));
#1884=CARTESIAN_POINT('Ctrl Pts',(10.4881889397407,71.5387579100015,45.7238911899713));
#1885=CARTESIAN_POINT('Ctrl Pts',(10.4881889397407,71.5387579100015,45.));
#1886=CARTESIAN_POINT('Ctrl Pts',(7.97178276289842,71.2248369240428,51.1679977308673));
#1887=CARTESIAN_POINT('Ctrl Pts',(8.21735745647868,71.19767110291,50.6008362384792));
#1888=CARTESIAN_POINT('Ctrl Pts',(8.73081077853212,71.2939588586623,49.3802749808158));
#1889=CARTESIAN_POINT('Ctrl Pts',(9.30651708652436,71.4898537720439,47.169182697565));
#1890=CARTESIAN_POINT('Ctrl Pts',(9.44099138854405,71.5387579100015,45.7238911899713));
#1891=CARTESIAN_POINT('Ctrl Pts',(9.44099138854405,71.5387579100015,45.));
#1892=CARTESIAN_POINT('Ctrl Pts',(7.22515521242691,70.4497907171977,51.6321480441705));
#1893=CARTESIAN_POINT('Ctrl Pts',(7.28733282637625,70.2620468443513,50.912653108216));
#1894=CARTESIAN_POINT('Ctrl Pts',(7.42145593403536,70.3022096187604,49.4720142269825));
#1895=CARTESIAN_POINT('Ctrl Pts',(7.58771335573604,70.575873512761,47.1704856672891));
#1896=CARTESIAN_POINT('Ctrl Pts',(7.6279877507155,70.6599065743887,45.7238911899713));
#1897=CARTESIAN_POINT('Ctrl Pts',(7.6279877507155,70.6599065743887,45.));
#1898=CARTESIAN_POINT('Ctrl Pts',(6.98818893974064,69.4808059751381,52.2124419255427));
#1899=CARTESIAN_POINT('Ctrl Pts',(6.98807307685771,69.0308312360131,51.3396920811714));
#1900=CARTESIAN_POINT('Ctrl Pts',(6.98897199164416,68.7724784141876,49.6366382444788));
#1901=CARTESIAN_POINT('Ctrl Pts',(6.98779622798034,68.7937204864639,47.1735066094778));
#1902=CARTESIAN_POINT('Ctrl Pts',(6.98818893974064,68.8241560733989,45.7238911899713));
#1903=CARTESIAN_POINT('Ctrl Pts',(6.98818893974064,68.8241560733989,45.));
#1904=CARTESIAN_POINT('Ctrl Pts',(6.98818893974064,69.0656794053486,52.4610479128071));
#1905=CARTESIAN_POINT('Ctrl Pts',(6.98818893974064,68.50364956381,51.5225607797957));
#1906=CARTESIAN_POINT('Ctrl Pts',(6.98818893974064,68.116788343619,49.7069633907406));
#1907=CARTESIAN_POINT('Ctrl Pts',(6.98818893974064,68.0317580724406,47.1748542453328));
#1908=CARTESIAN_POINT('Ctrl Pts',(6.98818893974064,68.0387579100014,45.7238911899713));
#1909=CARTESIAN_POINT('Ctrl Pts',(6.98818893974064,68.0387579100014,45.));
#1910=CARTESIAN_POINT('',(10.4881889397406,71.5387579100015,45.));
#1911=CARTESIAN_POINT('Origin',(10.4881889397405,68.0387579100014,45.0000005231893));
#1912=CARTESIAN_POINT('Origin',(0.488188939740655,71.5387579100015,45.));
#1913=CARTESIAN_POINT('Ctrl Pts',(10.4881889397407,71.5387579100015,45.0000005231893));
#1914=CARTESIAN_POINT('Ctrl Pts',(10.4881889399197,71.5387579100015,43.914163904795));
#1915=CARTESIAN_POINT('Ctrl Pts',(10.1722990462067,71.5387579100014,42.1213895777964));
#1916=CARTESIAN_POINT('Ctrl Pts',(9.28618240945206,71.5387579100015,40.1552823413548));
#1917=CARTESIAN_POINT('Ctrl Pts',(8.74349826152523,71.5387579100015,39.3421380372272));
#1918=CARTESIAN_POINT('Ctrl Pts',(8.50314995025092,71.5387579100015,39.0200005215406));
#1919=CARTESIAN_POINT('Ctrl Pts',(9.44099138854405,71.5387579100015,45.0000005231893));
#1920=CARTESIAN_POINT('Ctrl Pts',(9.44099138868881,71.5387579100565,43.914163904795));
#1921=CARTESIAN_POINT('Ctrl Pts',(9.17963101307474,71.4401859396331,42.1281165002649));
#1922=CARTESIAN_POINT('Ctrl Pts',(8.51483658720702,71.2441699312997,40.116271797043));
#1923=CARTESIAN_POINT('Ctrl Pts',(8.13549949678852,71.2067263912488,39.2101110948414));
#1924=CARTESIAN_POINT('Ctrl Pts',(7.97178302851059,71.2248368939718,38.8320034026964));
#1925=CARTESIAN_POINT('Ctrl Pts',(7.62797641817771,70.6599216239919,45.0000005231893));
#1926=CARTESIAN_POINT('Ctrl Pts',(7.62797641822129,70.6599216240773,43.914163904795));
#1927=CARTESIAN_POINT('Ctrl Pts',(7.54922101924053,70.4907900010979,42.1282249627542));
#1928=CARTESIAN_POINT('Ctrl Pts',(7.36406676557593,70.2609359132022,39.9444756087882));
#1929=CARTESIAN_POINT('Ctrl Pts',(7.26660461990426,70.3246293672709,38.8475173445911));
#1930=CARTESIAN_POINT('Ctrl Pts',(7.22515287464589,70.4497918293277,38.367854041273));
#1931=CARTESIAN_POINT('Ctrl Pts',(6.98818893974065,68.8241560733989,45.0000005231893));
#1932=CARTESIAN_POINT('Ctrl Pts',(6.9881889397402,68.8241560734241,43.914163904795));
#1933=CARTESIAN_POINT('Ctrl Pts',(6.98772190727777,68.7568242145124,42.1128207377173));
#1934=CARTESIAN_POINT('Ctrl Pts',(6.98869835100443,68.8455363800001,39.675163767609));
#1935=CARTESIAN_POINT('Ctrl Pts',(6.98811169777548,69.1808225178609,38.3693927708078));
#1936=CARTESIAN_POINT('Ctrl Pts',(6.98818893974064,69.4808054896617,37.7875595380232));
#1937=CARTESIAN_POINT('Ctrl Pts',(6.98818893974065,68.0387579100015,45.0000005231893));
#1938=CARTESIAN_POINT('Ctrl Pts',(6.98818893974065,68.0387579100015,43.914163904795));
#1939=CARTESIAN_POINT('Ctrl Pts',(6.98818893974064,68.0155570436727,42.1062076874295));
#1940=CARTESIAN_POINT('Ctrl Pts',(6.98818893974064,68.2389397774756,39.5599838528346));
#1941=CARTESIAN_POINT('Ctrl Pts',(6.98818893974064,68.6909924544554,38.1646117094714));
#1942=CARTESIAN_POINT('Ctrl Pts',(6.98818893974064,69.0656787987298,37.5389536216764));
#1943=CARTESIAN_POINT('Origin',(0.488188939740655,71.5387579100015,45.0000005215406));
#1944=CARTESIAN_POINT('Origin',(0.488188939740655,71.5387579100015,45.));
#1945=CARTESIAN_POINT('Origin',(0.488188939740655,71.5387579100015,45.));
#1946=CARTESIAN_POINT('Ctrl Pts',(-9.51181106025934,71.5387579100015,45.));
#1947=CARTESIAN_POINT('Ctrl Pts',(-9.51181106025934,71.5387579100015,45.7238911899709));
#1948=CARTESIAN_POINT('Ctrl Pts',(-9.34845692744844,71.5387579100015,47.1685178827681));
#1949=CARTESIAN_POINT('Ctrl Pts',(-8.60811642829656,71.5387579100014,49.3699489378051));
#1950=CARTESIAN_POINT('Ctrl Pts',(-7.8872941455024,71.5387579100015,50.496794317707));
#1951=CARTESIAN_POINT('Ctrl Pts',(-7.52677168164567,71.5387579100015,50.9800005215407));
#1952=CARTESIAN_POINT('Ctrl Pts',(-8.46461350906276,71.5387579100014,45.));
#1953=CARTESIAN_POINT('Ctrl Pts',(-8.46461350906276,71.5387579100014,45.7238911899709));
#1954=CARTESIAN_POINT('Ctrl Pts',(-8.33013973281868,71.4898537460469,47.1691824022572));
#1955=CARTESIAN_POINT('Ctrl Pts',(-7.75443346526454,71.2939592623557,49.3802742231701));
#1956=CARTESIAN_POINT('Ctrl Pts',(-7.24097957699957,71.1976711029098,50.600836238474));
#1957=CARTESIAN_POINT('Ctrl Pts',(-6.99540488341777,71.2248369240428,51.1679977308659));
#1958=CARTESIAN_POINT('Ctrl Pts',(-6.65160715923746,70.6599101759188,45.));
#1959=CARTESIAN_POINT('Ctrl Pts',(-6.65160715923746,70.6599101759188,45.7238911899709));
#1960=CARTESIAN_POINT('Ctrl Pts',(-6.61133355191409,70.5758762571313,47.1704847472095));
#1961=CARTESIAN_POINT('Ctrl Pts',(-6.44507621878808,70.3022120771301,49.4720121437696));
#1962=CARTESIAN_POINT('Ctrl Pts',(-6.31095437140966,70.2620471589615,50.9126529197987));
#1963=CARTESIAN_POINT('Ctrl Pts',(-6.24877675745991,70.4497910318088,51.6321478557579));
#1964=CARTESIAN_POINT('Ctrl Pts',(-6.0118110602594,68.8241560733989,45.));
#1965=CARTESIAN_POINT('Ctrl Pts',(-6.0118110602594,68.8241560733989,45.7238911899709));
#1966=CARTESIAN_POINT('Ctrl Pts',(-6.01141833374341,68.7937209479494,47.1735054166812));
#1967=CARTESIAN_POINT('Ctrl Pts',(-6.01259394703667,68.7724788695315,49.6366356249276));
#1968=CARTESIAN_POINT('Ctrl Pts',(-6.01169519737647,69.0308312360096,51.3396920811634));
#1969=CARTESIAN_POINT('Ctrl Pts',(-6.0118110602594,69.480805975137,52.2124419255405));
#1970=CARTESIAN_POINT('Ctrl Pts',(-6.0118110602594,68.0387579100015,45.));
#1971=CARTESIAN_POINT('Ctrl Pts',(-6.0118110602594,68.0387579100015,45.7238911899709));
#1972=CARTESIAN_POINT('Ctrl Pts',(-6.0118110602594,68.0317585274413,47.1748529114324));
#1973=CARTESIAN_POINT('Ctrl Pts',(-6.01181106025941,68.1167889711947,49.7069605425743));
#1974=CARTESIAN_POINT('Ctrl Pts',(-6.0118110602594,68.5036495638056,51.5225607797871));
#1975=CARTESIAN_POINT('Ctrl Pts',(-6.0118110602594,69.0656794053473,52.4610479128047));
#1976=CARTESIAN_POINT('',(-9.51181106025927,71.5387579100015,45.));
#1977=CARTESIAN_POINT('Origin',(0.488188939740655,71.5387579100015,45.));
#1978=CARTESIAN_POINT('',(-6.01181106025937,68.0387579100016,45.0000005234911));
#1979=CARTESIAN_POINT('Origin',(-9.51181106025935,68.0387579100015,45.));
#1980=CARTESIAN_POINT('Ctrl Pts',(-6.0118110602594,68.0387579100015,45.0000005234911));
#1981=CARTESIAN_POINT('Ctrl Pts',(-6.0118110602594,68.0387579083142,45.7238915397313));
#1982=CARTESIAN_POINT('Ctrl Pts',(-6.0118110602594,68.034732901412,46.5582703555558));
#1983=CARTESIAN_POINT('Ctrl Pts',(-6.0118110602594,68.0490900865386,47.3913121866844));
#1984=CARTESIAN_POINT('Ctrl Pts',(-6.0118110602594,68.0514064966159,47.5000202279947));
#1985=CARTESIAN_POINT('Ctrl Pts',(-7.52677207076957,71.5387579100015,39.0200005215406));
#1986=CARTESIAN_POINT('Ctrl Pts',(-7.88729454169233,71.5387579100015,39.5032068004467));
#1987=CARTESIAN_POINT('Ctrl Pts',(-8.60811931798709,71.5387579100014,40.6300520658053));
#1988=CARTESIAN_POINT('Ctrl Pts',(-9.34845870438456,71.5387579100015,42.8314825356924));
#1989=CARTESIAN_POINT('Ctrl Pts',(-9.51181106040054,71.5387579100015,44.2761094449501));
#1990=CARTESIAN_POINT('Ctrl Pts',(-9.51181106025934,71.5387579100015,45.0000005234911));
#1991=CARTESIAN_POINT('Ctrl Pts',(-6.99540514902927,71.2248368939718,38.8320034026963));
#1992=CARTESIAN_POINT('Ctrl Pts',(-7.24097985417852,71.1976711395851,39.3991649472241));
#1993=CARTESIAN_POINT('Ctrl Pts',(-7.75443605714248,71.2939610370817,40.6197300908012));
#1994=CARTESIAN_POINT('Ctrl Pts',(-8.33014200924496,71.4898536510127,42.8308197099502));
#1995=CARTESIAN_POINT('Ctrl Pts',(-8.46461350917693,71.5387579100449,44.2761094449501));
#1996=CARTESIAN_POINT('Ctrl Pts',(-8.46461350906275,71.5387579100014,45.0000005234911));
#1997=CARTESIAN_POINT('Ctrl Pts',(-6.24877438669666,70.4497921619703,38.3678542404818));
#1998=CARTESIAN_POINT('Ctrl Pts',(-6.31095200527603,70.2620484667962,39.0873492034641));
#1999=CARTESIAN_POINT('Ctrl Pts',(-6.44506849462162,70.3022225676633,40.5279978358439));
#2000=CARTESIAN_POINT('Ctrl Pts',(-6.61132541189516,70.5758879135724,42.8295200157125));
#2001=CARTESIAN_POINT('Ctrl Pts',(-6.65159567130636,70.6599254319971,44.2761094449501));
#2002=CARTESIAN_POINT('Ctrl Pts',(-6.651595671272,70.6599254319297,45.0000005234911));
#2003=CARTESIAN_POINT('Ctrl Pts',(-6.0118110602594,69.4808054896618,37.787559538023));
#2004=CARTESIAN_POINT('Ctrl Pts',(-6.01169519731036,69.0308310269541,38.6603093969102));
#2005=CARTESIAN_POINT('Ctrl Pts',(-6.01259324585803,68.7724807932843,40.3633766965824));
#2006=CARTESIAN_POINT('Ctrl Pts',(-6.01141827155974,68.7937229148625,42.8265005065517));
#2007=CARTESIAN_POINT('Ctrl Pts',(-6.01181106025904,68.8241560734188,44.2761094449501));
#2008=CARTESIAN_POINT('Ctrl Pts',(-6.01181106025939,68.8241560733989,45.0000005234911));
#2009=CARTESIAN_POINT('Ctrl Pts',(-6.0118110602594,69.0656787987299,37.5389536216763));
#2010=CARTESIAN_POINT('Ctrl Pts',(-6.0118110602594,68.5036492760651,38.4774407638104));
#2011=CARTESIAN_POINT('Ctrl Pts',(-6.0118110602594,68.1167915897678,40.2930527773678));
#2012=CARTESIAN_POINT('Ctrl Pts',(-6.0118110602594,68.0317604583352,42.8251536118206));
#2013=CARTESIAN_POINT('Ctrl Pts',(-6.01181106025939,68.0387579100014,44.2761094449501));
#2014=CARTESIAN_POINT('Ctrl Pts',(-6.01181106025939,68.0387579100014,45.0000005234911));
#2015=CARTESIAN_POINT('Ctrl Pts',(-6.0118110602594,68.0514570663036,42.4977003890509));
#2016=CARTESIAN_POINT('Ctrl Pts',(-6.0118110602594,68.0491180900049,42.6071700294096));
#2017=CARTESIAN_POINT('Ctrl Pts',(-6.0118110602594,68.0347303297484,43.4409701780349));
#2018=CARTESIAN_POINT('Ctrl Pts',(-6.01181106025939,68.0387579083147,44.276109095191));
#2019=CARTESIAN_POINT('Ctrl Pts',(-6.01181106025939,68.0387579100014,45.));
#2020=CARTESIAN_POINT('Origin',(0.488188939740655,71.5387579100015,45.0000005215406));
#2021=CARTESIAN_POINT('Origin',(0.488188939740655,71.5387579100015,45.));
#2022=CARTESIAN_POINT('Origin',(0.488188939740655,71.5387579100015,45.0000005215406));
#2023=CARTESIAN_POINT('Origin',(0.488188939740655,256.538757910002,45.));
#2024=CARTESIAN_POINT('',(10.4881889397407,234.038757910001,45.));
#2025=CARTESIAN_POINT('',(10.4881889397406,256.538757910002,45.));
#2026=CARTESIAN_POINT('',(10.2659668632187,234.038757910002,47.0964395720235));
#2027=CARTESIAN_POINT('Origin',(0.488188939740655,234.038757910002,45.));
#2028=CARTESIAN_POINT('',(9.4462531045167,234.038757910002,49.4444444444445));
#2029=CARTESIAN_POINT('Origin',(0.488188939740655,234.038757910002,45.));
#2030=CARTESIAN_POINT('Ctrl Pts',(0.488188939740554,246.538757910001,55.));
#2031=CARTESIAN_POINT('Ctrl Pts',(0.490997858614346,246.534047209866,55.));
#2032=CARTESIAN_POINT('Ctrl Pts',(0.493806391571936,246.529337158247,54.9999989184456));
#2033=CARTESIAN_POINT('Ctrl Pts',(1.168083290852,245.398540512631,54.9993951909277));
#2034=CARTESIAN_POINT('Ctrl Pts',(2.51765201794808,243.135705707414,54.8622612906222));
#2035=CARTESIAN_POINT('Ctrl Pts',(4.49819553630542,239.899048135929,54.2412388001328));
#2036=CARTESIAN_POINT('Ctrl Pts',(6.39992007152888,236.991949656396,53.1672515646069));
#2037=CARTESIAN_POINT('Ctrl Pts',(8.13283251126209,234.73176928167,51.5982008379551));
#2038=CARTESIAN_POINT('Ctrl Pts',(9.07411910222549,234.038757910002,50.1945045052892));
#2039=CARTESIAN_POINT('Ctrl Pts',(9.44625310451684,234.038757910002,49.4444444444445));
#2040=CARTESIAN_POINT('',(-8.46987522503554,234.038757910001,49.4444444444445));
#2041=CARTESIAN_POINT('Ctrl Pts',(-8.46987522503552,234.038757910002,49.4444444444445));
#2042=CARTESIAN_POINT('Ctrl Pts',(-8.09774122274386,234.038757910002,50.1945045052898));
#2043=CARTESIAN_POINT('Ctrl Pts',(-7.15590146183673,234.732237602742,51.5990978293273));
#2044=CARTESIAN_POINT('Ctrl Pts',(-5.42251895384345,236.992814921612,53.1681268260865));
#2045=CARTESIAN_POINT('Ctrl Pts',(-3.84086051979047,239.410858562953,54.0619639633702));
#2046=CARTESIAN_POINT('Ctrl Pts',(-2.52998694878286,241.520003369821,54.5521260427577));
#2047=CARTESIAN_POINT('Ctrl Pts',(-1.53689561334836,243.15338601791,54.8102178974735));
#2048=CARTESIAN_POINT('Ctrl Pts',(-0.528782495325796,244.833297549354,54.9653573882516));
#2049=CARTESIAN_POINT('Ctrl Pts',(0.144060034175674,245.961646656333,54.9996894393869));
#2050=CARTESIAN_POINT('Ctrl Pts',(0.482571302490262,246.529336787139,54.9999989544181));
#2051=CARTESIAN_POINT('Ctrl Pts',(0.485380020867122,246.534047209866,55.));
#2052=CARTESIAN_POINT('Ctrl Pts',(0.488188939740667,246.538757910001,55.));
#2053=CARTESIAN_POINT('',(-9.28958883803709,234.038757910002,47.0964402515681));
#2054=CARTESIAN_POINT('Origin',(0.488188939740655,234.038757910002,45.));
#2055=CARTESIAN_POINT('',(-9.51181106025924,234.038757910002,45.));
#2056=CARTESIAN_POINT('Origin',(0.488188939740655,234.038757910002,45.));
#2057=CARTESIAN_POINT('',(-9.51181106025942,256.538757910001,45.));
#2058=CARTESIAN_POINT('Origin',(0.488188939740584,53.0387579100015,38.5000005215407));
#2059=CARTESIAN_POINT('',(0.488188939740583,48.5387579100015,38.5000005215407));
#2060=CARTESIAN_POINT('Origin',(-6.0118110602594,61.5387579100015,51.5000005215407));
#2061=CARTESIAN_POINT('Origin',(0.488188939740584,53.0387579100015,51.5000005215407));
#2062=CARTESIAN_POINT('',(0.488188939740586,57.5387579100015,51.5000005215407));
#2063=CARTESIAN_POINT('Origin',(0.488188939740655,234.038757910002,45.));
#2064=CARTESIAN_POINT('Origin',(-19.6674554310056,234.038757910002,55.));
#2065=CARTESIAN_POINT('',(-21.5118110602593,246.538757910002,49.7169905660282));
#2066=CARTESIAN_POINT('Origin',(0.488188939740584,246.538757910001,45.));
#2067=CARTESIAN_POINT('Origin',(-21.5118110602593,234.038757910002,49.7169905660282));
#2068=CARTESIAN_POINT('Origin',(0.488188939740655,234.038757910002,45.));
#2069=CARTESIAN_POINT('',(-21.5118110602593,246.528753906798,45.));
#2070=CARTESIAN_POINT('Ctrl Pts',(-21.5118110602593,246.538757910001,49.7169905660282));
#2071=CARTESIAN_POINT('Ctrl Pts',(-21.5118110602593,246.538757910001,49.2822108935282));
#2072=CARTESIAN_POINT('Ctrl Pts',(-21.5118110602592,246.537556903375,48.7604766688555));
#2073=CARTESIAN_POINT('Ctrl Pts',(-21.5118110602593,246.533148592175,47.2864187971065));
#2074=CARTESIAN_POINT('Ctrl Pts',(-21.5118110602593,246.528753906798,46.0392847909725));
#2075=CARTESIAN_POINT('Ctrl Pts',(-21.5118110602593,246.528753906798,45.));
#2076=CARTESIAN_POINT('Origin',(-22.0118110602593,234.038757910002,45.));
#2077=CARTESIAN_POINT('Origin',(0.488188939740655,234.038757910002,45.0000005215406));
#2078=CARTESIAN_POINT('',(-19.6674554310056,246.538757910002,35.0000005215406));
#2079=CARTESIAN_POINT('',(-8.46987522503554,234.038757910001,40.5555560770962));
#2080=CARTESIAN_POINT('Origin',(-19.6674554310056,234.038757910002,35.0000005215406));
#2081=CARTESIAN_POINT('',(-9.28958883803709,234.038757910002,42.9035602699726));
#2082=CARTESIAN_POINT('Origin',(0.488188939740655,234.038757910002,45.0000005215406));
#2083=CARTESIAN_POINT('',(-21.5118110602593,246.538757910002,40.2830099555124));
#2084=CARTESIAN_POINT('Origin',(-21.5118110602593,234.038757910002,40.2830099555124));
#2085=CARTESIAN_POINT('Origin',(0.488188939740584,246.538757910001,45.0000005215406));
#2086=CARTESIAN_POINT('Origin',(0.488188939740655,234.038757910002,45.0000005215406));
#2087=CARTESIAN_POINT('Ctrl Pts',(-21.5118110602594,246.528753906798,45.));
#2088=CARTESIAN_POINT('Ctrl Pts',(-21.5118110602594,246.528753907785,43.9607152090275));
#2089=CARTESIAN_POINT('Ctrl Pts',(-21.5118110602593,246.533148592175,42.7135817244342));
#2090=CARTESIAN_POINT('Ctrl Pts',(-21.5118110602592,246.537556903375,41.2395238526852));
#2091=CARTESIAN_POINT('Ctrl Pts',(-21.5118110602593,246.538757910002,40.7177896280125));
#2092=CARTESIAN_POINT('Ctrl Pts',(-21.5118110602593,246.538757910002,40.2830099555124));
#2093=CARTESIAN_POINT('Origin',(0.488188939740655,234.038757910002,45.0000005215406));
#2094=CARTESIAN_POINT('Ctrl Pts',(-19.6674554310058,246.538757910002,55.));
#2095=CARTESIAN_POINT('Ctrl Pts',(-18.8301539258494,246.538757910002,55.));
#2096=CARTESIAN_POINT('Ctrl Pts',(-16.7110144638183,246.538757910002,55.0000000000001));
#2097=CARTESIAN_POINT('Ctrl Pts',(-12.8109038208389,246.538757910003,55.0000000000002));
#2098=CARTESIAN_POINT('Ctrl Pts',(-9.25217234423245,246.538757910004,55.0000000000004));
#2099=CARTESIAN_POINT('Ctrl Pts',(-6.30270680946754,246.538757910004,55.0000000000004));
#2100=CARTESIAN_POINT('Ctrl Pts',(-4.06825130476029,246.538757910006,55.0000000000007));
#2101=CARTESIAN_POINT('Ctrl Pts',(-1.7999967891873,246.538757910004,55.0000000000004));
#2102=CARTESIAN_POINT('Ctrl Pts',(-0.286101097878062,246.53875791001,55.0000000000014));
#2103=CARTESIAN_POINT('Ctrl Pts',(0.475549255922508,246.538757910001,55.));
#2104=CARTESIAN_POINT('Ctrl Pts',(0.481868872296638,246.538757910002,55.));
#2105=CARTESIAN_POINT('Ctrl Pts',(0.488188939740586,246.538757910002,55.));
#2106=CARTESIAN_POINT('Ctrl Pts',(-17.9923013494316,246.538757910002,54.1688908323837));
#2107=CARTESIAN_POINT('Ctrl Pts',(-17.2883826917797,246.426328610137,54.060156705672));
#2108=CARTESIAN_POINT('Ctrl Pts',(-15.4886538434219,246.134421331633,54.0277289735926));
#2109=CARTESIAN_POINT('Ctrl Pts',(-11.9882710952046,245.925981265733,54.3392459261069));
#2110=CARTESIAN_POINT('Ctrl Pts',(-8.69332984420699,245.971316245295,54.6306988572698));
#2111=CARTESIAN_POINT('Ctrl Pts',(-5.92911703528826,246.097852967674,54.8154822083571));
#2112=CARTESIAN_POINT('Ctrl Pts',(-3.8235118940985,246.225684877253,54.9198458201731));
#2113=CARTESIAN_POINT('Ctrl Pts',(-1.67886418910318,246.376294827778,54.9851963767726));
#2114=CARTESIAN_POINT('Ctrl Pts',(-0.245125057889757,246.483793009955,54.9998810624889));
#2115=CARTESIAN_POINT('Ctrl Pts',(0.476217975443612,246.537860671413,54.9999994718599));
#2116=CARTESIAN_POINT('Ctrl Pts',(0.482203267398589,246.538309271893,55.));
#2117=CARTESIAN_POINT('Ctrl Pts',(0.488188939740594,246.538757910002,55.));
#2118=CARTESIAN_POINT('Ctrl Pts',(-14.642877162327,245.684264227743,52.5071110720869));
#2119=CARTESIAN_POINT('Ctrl Pts',(-14.2062596101538,245.413955655883,52.2967642131223));
#2120=CARTESIAN_POINT('Ctrl Pts',(-13.045153447007,244.76937905038,52.3504114973622));
#2121=CARTESIAN_POINT('Ctrl Pts',(-10.3439830598574,244.458938244543,53.2632782443392));
#2122=CARTESIAN_POINT('Ctrl Pts',(-7.57629494832296,244.74396022872,54.042951601604));
#2123=CARTESIAN_POINT('Ctrl Pts',(-5.18233165610318,245.18495117377,54.5255383389721));
#2124=CARTESIAN_POINT('Ctrl Pts',(-3.33429169126495,245.59179033732,54.7948106899463));
#2125=CARTESIAN_POINT('Ctrl Pts',(-1.43673058310283,246.051509776519,54.9622483870185));
#2126=CARTESIAN_POINT('Ctrl Pts',(-0.163187512284444,246.373877938636,54.9996997222146));
#2127=CARTESIAN_POINT('Ctrl Pts',(0.47755549655357,246.536066110724,54.9999986296602));
#2128=CARTESIAN_POINT('Ctrl Pts',(0.482872057602491,246.537411995677,55.));
#2129=CARTESIAN_POINT('Ctrl Pts',(0.488188939740609,246.538757910001,55.));
#2130=CARTESIAN_POINT('Ctrl Pts',(-10.9501578703655,242.397037707956,50.6750092429233));
#2131=CARTESIAN_POINT('Ctrl Pts',(-10.7391589593593,242.117222494617,50.6352016185938));
#2132=CARTESIAN_POINT('Ctrl Pts',(-10.1336749946402,241.63887533472,51.0885615015582));
#2133=CARTESIAN_POINT('Ctrl Pts',(-8.24773955390337,241.933845095165,52.5585794889333));
#2134=CARTESIAN_POINT('Ctrl Pts',(-6.09935237890229,242.866426200786,53.6778556180995));
#2135=CARTESIAN_POINT('Ctrl Pts',(-4.17448839818238,243.866655092715,54.3503538738671));
#2136=CARTESIAN_POINT('Ctrl Pts',(-2.66628767601405,244.704163737096,54.720386236456));
#2137=CARTESIAN_POINT('Ctrl Pts',(-1.10374643188344,245.604863784684,54.9486654103913));
#2138=CARTESIAN_POINT('Ctrl Pts',(-0.0505197299388457,246.222732695417,
54.9995807996787));
#2139=CARTESIAN_POINT('Ctrl Pts',(0.479394567278332,246.5335986571,54.9999982015188));
#2140=CARTESIAN_POINT('Ctrl Pts',(0.483791644132856,246.53617824088,55.));
#2141=CARTESIAN_POINT('Ctrl Pts',(0.48818893974063,246.538757910001,55.));
#2142=CARTESIAN_POINT('Ctrl Pts',(-8.8973315383331,238.245069011229,49.6565221659178));
#2143=CARTESIAN_POINT('Ctrl Pts',(-8.700515277558,238.084609302618,49.9703284481309));
#2144=CARTESIAN_POINT('Ctrl Pts',(-8.15620971791132,238.140227348888,50.9031921648741));
#2145=CARTESIAN_POINT('Ctrl Pts',(-6.59664563846196,239.38556505963,52.5724406200191));
#2146=CARTESIAN_POINT('Ctrl Pts',(-4.84952154900699,241.066858674069,53.7091179015465));
#2147=CARTESIAN_POINT('Ctrl Pts',(-3.2886535857255,242.63786976353,54.3713735010634));
#2148=CARTESIAN_POINT('Ctrl Pts',(-2.0667017000552,243.889594245868,54.7307177715243));
#2149=CARTESIAN_POINT('Ctrl Pts',(-0.801095924601291,245.198816409517,54.950632496462));
#2150=CARTESIAN_POINT('Ctrl Pts',(0.0518960679658872,246.085324125885,54.9995827544973));
#2151=CARTESIAN_POINT('Ctrl Pts',(0.481066502906569,246.531355538693,54.9999983571092));
#2152=CARTESIAN_POINT('Ctrl Pts',(0.484627631887733,246.53505664561,55.));
#2153=CARTESIAN_POINT('Ctrl Pts',(0.488188939740649,246.538757910002,55.));
#2154=CARTESIAN_POINT('Ctrl Pts',(-8.46987522503552,235.441254630354,49.4444444444444));
#2155=CARTESIAN_POINT('Ctrl Pts',(-8.17332315281232,235.387553622361,50.0424605791777));
#2156=CARTESIAN_POINT('Ctrl Pts',(-7.40631487000987,235.868176540214,51.2892247932978));
#2157=CARTESIAN_POINT('Ctrl Pts',(-5.77929448235935,237.790207947342,52.9159041842592));
#2158=CARTESIAN_POINT('Ctrl Pts',(-4.16404797217104,239.962710125786,53.9140879424975));
#2159=CARTESIAN_POINT('Ctrl Pts',(-2.77855295789229,241.892530829153,54.4766643579058));
#2160=CARTESIAN_POINT('Ctrl Pts',(-1.71244532862631,243.398725858079,54.7771017947308));
#2161=CARTESIAN_POINT('Ctrl Pts',(-0.61959024723941,244.955105069857,54.9592388030156));
#2162=CARTESIAN_POINT('Ctrl Pts',(0.113334830738988,246.00286893824,54.9996467765212));
#2163=CARTESIAN_POINT('Ctrl Pts',(0.482069724592179,246.530009724319,54.9999986954285));
#2164=CARTESIAN_POINT('Ctrl Pts',(0.485129224540659,246.534383688447,55.));
#2165=CARTESIAN_POINT('Ctrl Pts',(0.488188939740661,246.538757910001,55.));
#2166=CARTESIAN_POINT('Ctrl Pts',(-8.46987522503552,234.038757910002,49.4444444444445));
#2167=CARTESIAN_POINT('Ctrl Pts',(-8.09774122274386,234.038757910002,50.1945045052898));
#2168=CARTESIAN_POINT('Ctrl Pts',(-7.15590146183673,234.732237602742,51.5990978293273));
#2169=CARTESIAN_POINT('Ctrl Pts',(-5.42251895384345,236.992814921612,53.1681268260865));
#2170=CARTESIAN_POINT('Ctrl Pts',(-3.84086051979047,239.410858562953,54.0619639633702));
#2171=CARTESIAN_POINT('Ctrl Pts',(-2.52998694878286,241.520003369821,54.5521260427577));
#2172=CARTESIAN_POINT('Ctrl Pts',(-1.53689561334836,243.15338601791,54.8102178974735));
#2173=CARTESIAN_POINT('Ctrl Pts',(-0.528782495325796,244.833297549354,54.9653573882516));
#2174=CARTESIAN_POINT('Ctrl Pts',(0.144060034175674,245.961646656333,54.9996894393869));
#2175=CARTESIAN_POINT('Ctrl Pts',(0.482571302490262,246.529336787139,54.9999989544181));
#2176=CARTESIAN_POINT('Ctrl Pts',(0.485380020867122,246.534047209866,55.));
#2177=CARTESIAN_POINT('Ctrl Pts',(0.488188939740667,246.538757910001,55.));
#2178=CARTESIAN_POINT('Ctrl Pts',(0.488188939740586,246.538757910002,35.0000005215406));
#2179=CARTESIAN_POINT('Ctrl Pts',(0.481868872343482,246.538757910002,35.0000005215406));
#2180=CARTESIAN_POINT('Ctrl Pts',(0.475549674428185,246.538757910002,35.0000005215407));
#2181=CARTESIAN_POINT('Ctrl Pts',(-1.04157382383148,246.538757909994,35.0000005215392));
#2182=CARTESIAN_POINT('Ctrl Pts',(-4.07809449472321,246.538757910001,35.0000005215406));
#2183=CARTESIAN_POINT('Ctrl Pts',(-8.53433529011764,246.538757909999,35.0000005215402));
#2184=CARTESIAN_POINT('Ctrl Pts',(-12.8132076273019,246.538757910001,35.0000005215406));
#2185=CARTESIAN_POINT('Ctrl Pts',(-16.7122579576249,246.538757910001,35.0000005215405));
#2186=CARTESIAN_POINT('Ctrl Pts',(-18.8301539258495,246.538757910002,35.0000005215406));
#2187=CARTESIAN_POINT('Ctrl Pts',(-19.6674554310056,246.538757910002,35.0000005215406));
#2188=CARTESIAN_POINT('Ctrl Pts',(0.488188939740599,246.538757910002,35.0000005215406));
#2189=CARTESIAN_POINT('Ctrl Pts',(0.482207301784583,246.538309933707,35.0000058556078));
#2190=CARTESIAN_POINT('Ctrl Pts',(0.476214430804505,246.537859972281,34.9999960011519));
#2191=CARTESIAN_POINT('Ctrl Pts',(-0.960392488915964,246.430229230304,35.0003449283089));
#2192=CARTESIAN_POINT('Ctrl Pts',(-3.8368945691444,246.21455375161,35.0594810509586));
#2193=CARTESIAN_POINT('Ctrl Pts',(-8.02836436976655,245.981129770988,35.3108283536022));
#2194=CARTESIAN_POINT('Ctrl Pts',(-11.9915508943103,245.925387994204,35.6619511112029));
#2195=CARTESIAN_POINT('Ctrl Pts',(-15.4891636352761,246.135683626697,35.9709686574676));
#2196=CARTESIAN_POINT('Ctrl Pts',(-17.2907322227825,246.424480154527,35.9444783485781));
#2197=CARTESIAN_POINT('Ctrl Pts',(-17.9923013494314,246.538757910002,35.831109689157));
#2198=CARTESIAN_POINT('Ctrl Pts',(0.488188939740625,246.538757910002,35.0000005215406));
#2199=CARTESIAN_POINT('Ctrl Pts',(0.482873227963448,246.53742383522,35.0000106652519));
#2200=CARTESIAN_POINT('Ctrl Pts',(0.477554672529097,246.536054473484,34.9999921695148));
#2201=CARTESIAN_POINT('Ctrl Pts',(-0.798651137959927,246.213720297091,35.0008643942789));
#2202=CARTESIAN_POINT('Ctrl Pts',(-3.35344948355102,245.565336972276,35.1516875289435));
#2203=CARTESIAN_POINT('Ctrl Pts',(-7.01734833108785,244.803448690481,35.8005718148177));
#2204=CARTESIAN_POINT('Ctrl Pts',(-10.3478129945251,244.456711531047,36.739643475981));
#2205=CARTESIAN_POINT('Ctrl Pts',(-13.0459197601925,244.77188882585,37.6446711386796));
#2206=CARTESIAN_POINT('Ctrl Pts',(-14.2152884584131,245.40837886062,37.7126739082467));
#2207=CARTESIAN_POINT('Ctrl Pts',(-14.6483195789783,245.683152282636,37.4901892546342));
#2208=CARTESIAN_POINT('Ctrl Pts',(0.48818893974067,246.538757910001,35.0000005215406));
#2209=CARTESIAN_POINT('Ctrl Pts',(0.484053620674143,246.535842304873,35.000015184983));
#2210=CARTESIAN_POINT('Ctrl Pts',(0.479885411976845,246.532925301912,34.9999882877555));
#2211=CARTESIAN_POINT('Ctrl Pts',(-0.514777466056968,245.833013640827,35.0013975592725));
#2212=CARTESIAN_POINT('Ctrl Pts',(-2.50875352345217,244.431814768595,35.2198418714259));
#2213=CARTESIAN_POINT('Ctrl Pts',(-5.29558124728771,242.579251394279,36.1789332488598));
#2214=CARTESIAN_POINT('Ctrl Pts',(-7.68017686198358,241.242528610226,37.637398273886));
#2215=CARTESIAN_POINT('Ctrl Pts',(-9.3356793174344,240.787864630226,39.255274314197));
#2216=CARTESIAN_POINT('Ctrl Pts',(-9.79791769435971,241.213179662667,39.8320869413156));
#2217=CARTESIAN_POINT('Ctrl Pts',(-9.93896677566749,241.501320482016,39.8266825548166));
#2218=CARTESIAN_POINT('Ctrl Pts',(0.488188939740703,246.538757910001,35.0000005215406));
#2219=CARTESIAN_POINT('Ctrl Pts',(0.484878318193368,246.534729160167,35.0000066046377));
#2220=CARTESIAN_POINT('Ctrl Pts',(0.481568408281399,246.530674087512,34.9999962812409));
#2221=CARTESIAN_POINT('Ctrl Pts',(-0.313094529470766,245.561967391997,35.0009342564726));
#2222=CARTESIAN_POINT('Ctrl Pts',(-1.90369051927523,243.621036679996,35.1875167619515));
#2223=CARTESIAN_POINT('Ctrl Pts',(-4.15393770626224,240.904863007757,36.0128327854189));
#2224=CARTESIAN_POINT('Ctrl Pts',(-6.13806609028643,238.586153914176,37.3394419343724));
#2225=CARTESIAN_POINT('Ctrl Pts',(-7.65541166367712,237.005366998213,39.019398096393));
#2226=CARTESIAN_POINT('Ctrl Pts',(-8.25211245976863,236.734135010584,40.1170012408459));
#2227=CARTESIAN_POINT('Ctrl Pts',(-8.46987522503542,236.843751350707,40.5555560770962));
#2228=CARTESIAN_POINT('Ctrl Pts',(0.488188939740722,246.538757910001,35.0000005215406));
#2229=CARTESIAN_POINT('Ctrl Pts',(0.485380020897292,246.534047209889,35.0000005215406));
#2230=CARTESIAN_POINT('Ctrl Pts',(0.482571488492927,246.52933716354,35.000001608832));
#2231=CARTESIAN_POINT('Ctrl Pts',(-0.191705622138944,245.398538673835,35.00060334039));
#2232=CARTESIAN_POINT('Ctrl Pts',(-1.54127036446886,243.135700542962,35.1377226220298));
#2233=CARTESIAN_POINT('Ctrl Pts',(-3.52182182917131,239.899023005028,35.7587381321193));
#2234=CARTESIAN_POINT('Ctrl Pts',(-5.42354286784582,236.99193067315,36.8327248821061));
#2235=CARTESIAN_POINT('Ctrl Pts',(-7.15645412577551,234.731753923697,38.4017751881447));
#2236=CARTESIAN_POINT('Ctrl Pts',(-8.09774122274371,234.038757910002,39.8054960162508));
#2237=CARTESIAN_POINT('Ctrl Pts',(-8.46987522503543,234.038757910002,40.5555560770962));
#2238=CARTESIAN_POINT('',(0.488188939740584,246.538757910001,35.0000005215406));
#2239=CARTESIAN_POINT('',(22.4881892675661,246.538757910002,35.0000005215406));
#2240=CARTESIAN_POINT('Ctrl Pts',(0.488188939740722,246.538757910001,35.0000005215406));
#2241=CARTESIAN_POINT('Ctrl Pts',(0.485380020897292,246.534047209889,35.0000005215406));
#2242=CARTESIAN_POINT('Ctrl Pts',(0.482571488492927,246.52933716354,35.000001608832));
#2243=CARTESIAN_POINT('Ctrl Pts',(-0.191705622138944,245.398538673835,35.00060334039));
#2244=CARTESIAN_POINT('Ctrl Pts',(-1.54127036446886,243.135700542962,35.1377226220298));
#2245=CARTESIAN_POINT('Ctrl Pts',(-3.52182182917131,239.899023005028,35.7587381321193));
#2246=CARTESIAN_POINT('Ctrl Pts',(-5.42354286784582,236.99193067315,36.8327248821061));
#2247=CARTESIAN_POINT('Ctrl Pts',(-7.15645412577551,234.731753923697,38.4017751881447));
#2248=CARTESIAN_POINT('Ctrl Pts',(-8.09774122274371,234.038757910002,39.8054960162508));
#2249=CARTESIAN_POINT('Ctrl Pts',(-8.46987522503543,234.038757910002,40.5555560770962));
#2250=CARTESIAN_POINT('Origin',(0.488188939740655,234.038757910002,45.));
#2251=CARTESIAN_POINT('Origin',(20.6438333104871,234.038757910002,55.));
#2252=CARTESIAN_POINT('',(22.4881892675661,246.538757910002,49.7169890370528));
#2253=CARTESIAN_POINT('Origin',(22.4881892675662,234.038757910002,49.7169890370528));
#2254=CARTESIAN_POINT('Origin',(0.488188939740584,246.538757910001,45.));
#2255=CARTESIAN_POINT('Origin',(0.488188939740655,234.038757910002,45.));
#2256=CARTESIAN_POINT('',(22.4881889397407,246.528753906798,45.));
#2257=CARTESIAN_POINT('Ctrl Pts',(22.4881889397407,246.528753906798,45.));
#2258=CARTESIAN_POINT('Ctrl Pts',(22.4881889397407,246.528753906798,46.0392847909725));
#2259=CARTESIAN_POINT('Ctrl Pts',(22.4881889397407,246.533148592174,47.2864187971065));
#2260=CARTESIAN_POINT('Ctrl Pts',(22.4881889397407,246.537556903375,48.7604766688555));
#2261=CARTESIAN_POINT('Ctrl Pts',(22.4881889397405,246.538757910002,49.2822108935282));
#2262=CARTESIAN_POINT('Ctrl Pts',(22.4881889397405,246.538757910002,49.7169905660282));
#2263=CARTESIAN_POINT('Origin',(22.9881889397407,234.038757910002,45.));
#2264=CARTESIAN_POINT('Origin',(0.488188939740655,234.038757910002,45.0000005215406));
#2265=CARTESIAN_POINT('',(9.4462531045167,234.038757910002,40.5555560770962));
#2266=CARTESIAN_POINT('',(20.6438333104872,246.538757910002,35.0000005215406));
#2267=CARTESIAN_POINT('Origin',(20.6438333104871,234.038757910002,35.0000005215406));
#2268=CARTESIAN_POINT('',(22.4881892675661,246.538757910002,40.2830114844879));
#2269=CARTESIAN_POINT('Origin',(0.488188939740584,246.538757910001,45.0000005215406));
#2270=CARTESIAN_POINT('',(10.2659668632187,234.038757910002,42.9035609495172));
#2271=CARTESIAN_POINT('Origin',(22.4881892675662,234.038757910002,40.2830114844879));
#2272=CARTESIAN_POINT('Origin',(0.488188939740655,234.038757910002,45.0000005215406));
#2273=CARTESIAN_POINT('Origin',(0.488188939740655,234.038757910002,45.0000005215406));
#2274=CARTESIAN_POINT('Ctrl Pts',(22.4881889397405,246.538757910002,40.2830099555124));
#2275=CARTESIAN_POINT('Ctrl Pts',(22.4881889397405,246.538757907664,40.7177896280125));
#2276=CARTESIAN_POINT('Ctrl Pts',(22.4881889397407,246.537556903375,41.2395238526852));
#2277=CARTESIAN_POINT('Ctrl Pts',(22.4881889397407,246.533148592174,42.7135817244342));
#2278=CARTESIAN_POINT('Ctrl Pts',(22.4881889397407,246.528753906798,43.9607157305682));
#2279=CARTESIAN_POINT('Ctrl Pts',(22.4881889397407,246.528753906798,45.0000005215407));
#2280=CARTESIAN_POINT('Origin',(0.488188939740655,234.038757910002,45.0000005215406));
#2281=CARTESIAN_POINT('Ctrl Pts',(0.488188939740657,246.538757910002,55.));
#2282=CARTESIAN_POINT('Ctrl Pts',(0.494509007185136,246.538757910002,55.));
#2283=CARTESIAN_POINT('Ctrl Pts',(0.500828206386243,246.538757910002,55.));
#2284=CARTESIAN_POINT('Ctrl Pts',(2.01795123007687,246.538757910002,55.0000000000003));
#2285=CARTESIAN_POINT('Ctrl Pts',(5.05448086572416,246.538757910001,55.));
#2286=CARTESIAN_POINT('Ctrl Pts',(9.51070378211283,246.538757910002,55.0000000000001));
#2287=CARTESIAN_POINT('Ctrl Pts',(13.7895839862814,246.538757910001,55.));
#2288=CARTESIAN_POINT('Ctrl Pts',(17.6886369756882,246.538757910001,55.));
#2289=CARTESIAN_POINT('Ctrl Pts',(19.8065318053322,246.538757910001,55.));
#2290=CARTESIAN_POINT('Ctrl Pts',(20.643833310487,246.538757910001,55.));
#2291=CARTESIAN_POINT('Ctrl Pts',(0.488188939740647,246.538757910002,55.));
#2292=CARTESIAN_POINT('Ctrl Pts',(0.494170577743917,246.538309933707,54.9999946659329));
#2293=CARTESIAN_POINT('Ctrl Pts',(0.500163450010041,246.537859972281,55.0000045203888));
#2294=CARTESIAN_POINT('Ctrl Pts',(1.93676989516132,246.430229230313,54.9996555932305));
#2295=CARTESIAN_POINT('Ctrl Pts',(4.81328094014537,246.21455375161,54.940519470582));
#2296=CARTESIAN_POINT('Ctrl Pts',(9.00473286176173,245.981129770991,54.6891721679381));
#2297=CARTESIAN_POINT('Ctrl Pts',(12.9679272532897,245.925387994204,54.3380494103377));
#2298=CARTESIAN_POINT('Ctrl Pts',(16.4655426533393,246.135683626697,54.0290318640729));
#2299=CARTESIAN_POINT('Ctrl Pts',(18.2671101022652,246.424480154527,54.0555221729625));
#2300=CARTESIAN_POINT('Ctrl Pts',(18.9686792289128,246.538757910001,54.1688908323837));
#2301=CARTESIAN_POINT('Ctrl Pts',(0.488188939740627,246.538757910001,55.));
#2302=CARTESIAN_POINT('Ctrl Pts',(0.493504614225454,246.537423888456,54.9999897703321));
#2303=CARTESIAN_POINT('Ctrl Pts',(0.498823245339258,246.536054418715,55.0000084334377));
#2304=CARTESIAN_POINT('Ctrl Pts',(1.77502623154142,246.213724245253,54.999134027833));
#2305=CARTESIAN_POINT('Ctrl Pts',(4.3298388605336,245.565334528169,54.8483044472169));
#2306=CARTESIAN_POINT('Ctrl Pts',(7.99371367202414,244.803463231814,54.1994217290625));
#2307=CARTESIAN_POINT('Ctrl Pts',(11.3242049791754,244.456707116129,53.2603184723674));
#2308=CARTESIAN_POINT('Ctrl Pts',(14.0222896381051,244.771903119672,52.3553612592299));
#2309=CARTESIAN_POINT('Ctrl Pts',(15.1917244308128,245.408330054101,52.2872494200381));
#2310=CARTESIAN_POINT('Ctrl Pts',(15.6247176937905,245.683138458072,52.509821306442));
#2311=CARTESIAN_POINT('Ctrl Pts',(0.488188939740593,246.538757910001,55.));
#2312=CARTESIAN_POINT('Ctrl Pts',(0.492324195481067,246.535842368691,54.9999852099265));
#2313=CARTESIAN_POINT('Ctrl Pts',(0.496492531754616,246.532925236227,55.000012353401));
#2314=CARTESIAN_POINT('Ctrl Pts',(1.49115095332776,245.833018409364,54.9985998223698));
#2315=CARTESIAN_POINT('Ctrl Pts',(3.48514565897359,244.431811489679,54.7801487115734));
#2316=CARTESIAN_POINT('Ctrl Pts',(6.27194371130046,242.579268491142,53.8210597663853));
#2317=CARTESIAN_POINT('Ctrl Pts',(8.65657789602822,241.242520285457,52.3625521174972));
#2318=CARTESIAN_POINT('Ctrl Pts',(10.3120475072609,240.787883288834,50.7447775176834));
#2319=CARTESIAN_POINT('Ctrl Pts',(10.7743930012083,241.21311100774,50.1678120202402));
#2320=CARTESIAN_POINT('Ctrl Pts',(10.9153855976863,241.501301113249,50.1733382799111));
#2321=CARTESIAN_POINT('Ctrl Pts',(0.488188939740569,246.538757910001,55.));
#2322=CARTESIAN_POINT('Ctrl Pts',(0.491499561318446,246.534729160144,54.9999939169029));
#2323=CARTESIAN_POINT('Ctrl Pts',(0.494809471783287,246.53067408222,55.0000042460367));
#2324=CARTESIAN_POINT('Ctrl Pts',(1.28947219818387,245.561969230793,54.999064274845));
#2325=CARTESIAN_POINT('Ctrl Pts',(2.88007217275444,243.621041844448,54.8124671507005));
#2326=CARTESIAN_POINT('Ctrl Pts',(5.13031141339635,240.904888138659,53.9871441468332));
#2327=CARTESIAN_POINT('Ctrl Pts',(7.11444329396948,238.586172897422,52.6605345123405));
#2328=CARTESIAN_POINT('Ctrl Pts',(8.63179004916373,237.005382356186,50.9805779297068));
#2329=CARTESIAN_POINT('Ctrl Pts',(9.2284903392504,236.734135010584,49.882999280694));
#2330=CARTESIAN_POINT('Ctrl Pts',(9.44625310451684,236.843751350707,49.4444444444445));
#2331=CARTESIAN_POINT('Ctrl Pts',(0.488188939740554,246.538757910001,55.));
#2332=CARTESIAN_POINT('Ctrl Pts',(0.490997858614346,246.534047209866,55.));
#2333=CARTESIAN_POINT('Ctrl Pts',(0.493806391571936,246.529337158247,54.9999989184456));
#2334=CARTESIAN_POINT('Ctrl Pts',(1.168083290852,245.398540512631,54.9993951909277));
#2335=CARTESIAN_POINT('Ctrl Pts',(2.51765201794808,243.135705707414,54.8622612906222));
#2336=CARTESIAN_POINT('Ctrl Pts',(4.49819553630542,239.899048135929,54.2412388001328));
#2337=CARTESIAN_POINT('Ctrl Pts',(6.39992007152888,236.991949656396,53.1672515646069));
#2338=CARTESIAN_POINT('Ctrl Pts',(8.13283251126209,234.73176928167,51.5982008379551));
#2339=CARTESIAN_POINT('Ctrl Pts',(9.07411910222549,234.038757910002,50.1945045052892));
#2340=CARTESIAN_POINT('Ctrl Pts',(9.44625310451684,234.038757910002,49.4444444444445));
#2341=CARTESIAN_POINT('Ctrl Pts',(20.6438333104871,246.538757910002,35.0000005215406));
#2342=CARTESIAN_POINT('Ctrl Pts',(19.8065318053343,246.538757910002,35.0000005215406));
#2343=CARTESIAN_POINT('Ctrl Pts',(17.6873990736963,246.538757910001,35.0000005215406));
#2344=CARTESIAN_POINT('Ctrl Pts',(13.7872823202943,246.538757910001,35.0000005215406));
#2345=CARTESIAN_POINT('Ctrl Pts',(10.2285444868627,246.538757910001,35.0000005215406));
#2346=CARTESIAN_POINT('Ctrl Pts',(7.27907612147681,246.538757910001,35.0000005215406));
#2347=CARTESIAN_POINT('Ctrl Pts',(5.04462337918237,246.538757910001,35.0000005215405));
#2348=CARTESIAN_POINT('Ctrl Pts',(2.77637083298747,246.538757910001,35.0000005215406));
#2349=CARTESIAN_POINT('Ctrl Pts',(1.2624786469786,246.53875791,35.0000005215404));
#2350=CARTESIAN_POINT('Ctrl Pts',(0.500828625435662,246.538757910002,35.0000005215406));
#2351=CARTESIAN_POINT('Ctrl Pts',(0.494509007138115,246.538757910002,35.0000005215406));
#2352=CARTESIAN_POINT('Ctrl Pts',(0.488188939740586,246.538757910002,35.0000005215406));
#2353=CARTESIAN_POINT('Ctrl Pts',(18.9686792289128,246.538757910002,35.831109689157));
#2354=CARTESIAN_POINT('Ctrl Pts',(18.2647605712645,246.426328610138,35.939843815869));
#2355=CARTESIAN_POINT('Ctrl Pts',(16.4650471909218,246.134422083634,35.9722847236363));
#2356=CARTESIAN_POINT('Ctrl Pts',(12.9646592836249,245.925984631825,35.6607659186173));
#2357=CARTESIAN_POINT('Ctrl Pts',(9.66971055016849,245.971319222418,35.3693118698203));
#2358=CARTESIAN_POINT('Ctrl Pts',(6.90549280736787,246.097855461017,35.1845248472775));
#2359=CARTESIAN_POINT('Ctrl Pts',(4.79988837122078,246.225686596682,35.0801593004274));
#2360=CARTESIAN_POINT('Ctrl Pts',(2.6552407026005,246.376295824205,35.014806557679));
#2361=CARTESIAN_POINT('Ctrl Pts',(1.22150286643505,246.483793112695,35.0001197281516));
#2362=CARTESIAN_POINT('Ctrl Pts',(0.500159904449754,246.537860670833,35.0000010481611));
#2363=CARTESIAN_POINT('Ctrl Pts',(0.494174612037754,246.538309271896,35.0000005215406));
#2364=CARTESIAN_POINT('Ctrl Pts',(0.488188939740579,246.538757910002,35.0000005215406));
#2365=CARTESIAN_POINT('Ctrl Pts',(15.6192518745476,245.684282582093,37.4928910208551));
#2366=CARTESIAN_POINT('Ctrl Pts',(15.1826343223772,245.413974010234,37.7032378798207));
#2367=CARTESIAN_POINT('Ctrl Pts',(14.0215468321023,244.769380755668,37.6496325071397));
#2368=CARTESIAN_POINT('Ctrl Pts',(11.3203708106957,244.458937709085,36.736761718656));
#2369=CARTESIAN_POINT('Ctrl Pts',(8.55267690177556,244.743958655813,35.9570827985425));
#2370=CARTESIAN_POINT('Ctrl Pts',(6.15870874819747,245.184950030945,35.4744841412875));
#2371=CARTESIAN_POINT('Ctrl Pts',(4.31066910534334,245.59178951605,35.2052051165373));
#2372=CARTESIAN_POINT('Ctrl Pts',(2.41310767170784,246.051509331211,35.0377601991479));
#2373=CARTESIAN_POINT('Ctrl Pts',(1.13956537373292,246.373877883793,35.0003016931825));
#2374=CARTESIAN_POINT('Ctrl Pts',(0.498822383040561,246.536066111032,35.0000018868328));
#2375=CARTESIAN_POINT('Ctrl Pts',(0.49350582183703,246.537411995683,35.0000005215406));
#2376=CARTESIAN_POINT('Ctrl Pts',(0.488188939740566,246.538757910001,35.0000005215406));
#2377=CARTESIAN_POINT('Ctrl Pts',(11.9265333090804,242.39704649808,39.3249924895766));
#2378=CARTESIAN_POINT('Ctrl Pts',(11.715534398076,242.117231284743,39.3648001139078));
#2379=CARTESIAN_POINT('Ctrl Pts',(11.1100746590705,241.638864590251,38.9114850304852));
#2380=CARTESIAN_POINT('Ctrl Pts',(9.22413456572905,241.933835442366,37.4414613896352));
#2381=CARTESIAN_POINT('Ctrl Pts',(7.07574139554312,242.866418535309,36.3221791169523));
#2382=CARTESIAN_POINT('Ctrl Pts',(5.15087126484081,243.866650659653,35.6496681255144));
#2383=CARTESIAN_POINT('Ctrl Pts',(3.64266901514695,244.704160684909,35.2796292871004));
#2384=CARTESIAN_POINT('Ctrl Pts',(2.08012578383256,245.604862261831,35.0513429150899));
#2385=CARTESIAN_POINT('Ctrl Pts',(1.02689782110116,246.222732508598,35.0004205970123));
#2386=CARTESIAN_POINT('Ctrl Pts',(0.496983311018298,246.533598658152,35.0000023150793));
#2387=CARTESIAN_POINT('Ctrl Pts',(0.492586235311036,246.536178240892,35.0000005215406));
#2388=CARTESIAN_POINT('Ctrl Pts',(0.488188939740549,246.538757910002,35.0000005215406));
#2389=CARTESIAN_POINT('Ctrl Pts',(9.87370710303346,238.245076812823,40.3434795040758));
#2390=CARTESIAN_POINT('Ctrl Pts',(9.67689084225942,238.084617104213,40.0296732218645));
#2391=CARTESIAN_POINT('Ctrl Pts',(9.13260412790748,238.14021409412,39.0968343897669));
#2392=CARTESIAN_POINT('Ctrl Pts',(7.5730369663611,239.385552122088,37.4275803390445));
#2393=CARTESIAN_POINT('Ctrl Pts',(5.82590791135528,241.066849503819,36.2908988600897));
#2394=CARTESIAN_POINT('Ctrl Pts',(4.26503520379723,242.637865050975,35.6286361099454));
#2395=CARTESIAN_POINT('Ctrl Pts',(3.04308216435718,243.889590973938,35.2692891398062));
#2396=CARTESIAN_POINT('Ctrl Pts',(1.77747488915566,245.198814882169,35.0493711654236));
#2397=CARTESIAN_POINT('Ctrl Pts',(0.924481970792169,246.085323922799,35.0004181358888));
#2398=CARTESIAN_POINT('Ctrl Pts',(0.495311375685124,246.531355539836,35.0000021623474));
#2399=CARTESIAN_POINT('Ctrl Pts',(0.491750247560132,246.535056645627,35.0000005215406));
#2400=CARTESIAN_POINT('Ctrl Pts',(0.488188939740532,246.538757910001,35.0000005215406));
#2401=CARTESIAN_POINT('Ctrl Pts',(9.44625310451688,235.441254630354,40.5555560770962));
#2402=CARTESIAN_POINT('Ctrl Pts',(9.14970103229446,235.387553622361,39.9575399423645));
#2403=CARTESIAN_POINT('Ctrl Pts',(8.38269662653504,235.868166845968,38.7107771800318));
#2404=CARTESIAN_POINT('Ctrl Pts',(6.75567218552312,237.790202016536,37.0840959455225));
#2405=CARTESIAN_POINT('Ctrl Pts',(5.14042298268791,239.962708091694,36.0859110078444));
#2406=CARTESIAN_POINT('Ctrl Pts',(3.75492656745188,241.892532199827,35.5233339409735));
#2407=CARTESIAN_POINT('Ctrl Pts',(2.6888203215029,243.398726729264,35.2228972951042));
#2408=CARTESIAN_POINT('Ctrl Pts',(1.59596621986712,244.955105958842,35.0407607695039));
#2409=CARTESIAN_POINT('Ctrl Pts',(0.863042883269682,246.002868981227,35.0003536613872));
#2410=CARTESIAN_POINT('Ctrl Pts',(0.494308155832114,246.530009724073,35.0000018265831));
#2411=CARTESIAN_POINT('Ctrl Pts',(0.49124865490959,246.534383688468,35.0000005215406));
#2412=CARTESIAN_POINT('Ctrl Pts',(0.488188939740523,246.538757910001,35.0000005215406));
#2413=CARTESIAN_POINT('Ctrl Pts',(9.44625310451688,234.038757910002,40.5555560770962));
#2414=CARTESIAN_POINT('Ctrl Pts',(9.07411910222593,234.038757910002,39.8054960162523));
#2415=CARTESIAN_POINT('Ctrl Pts',(8.13228233261538,234.732227005533,38.4008921706354));
#2416=CARTESIAN_POINT('Ctrl Pts',(6.39889710888373,236.992807333677,36.8318610170631));
#2417=CARTESIAN_POINT('Ctrl Pts',(4.81723584958821,239.410855602031,35.9380239974845));
#2418=CARTESIAN_POINT('Ctrl Pts',(3.50636102052881,241.520004295716,35.4478646493848));
#2419=CARTESIAN_POINT('Ctrl Pts',(2.51327091285444,243.153386577793,35.1897758976778));
#2420=CARTESIAN_POINT('Ctrl Pts',(1.50515867008764,244.83329829931,35.0346393128297));
#2421=CARTESIAN_POINT('Ctrl Pts',(0.832317698569238,245.961646679616,35.0003106860552));
#2422=CARTESIAN_POINT('Ctrl Pts',(0.493806577828014,246.529336787004,35.0000015693577));
#2423=CARTESIAN_POINT('Ctrl Pts',(0.490997858584318,246.534047209888,35.0000005215406));
#2424=CARTESIAN_POINT('Ctrl Pts',(0.488188939740518,246.538757910001,35.0000005215406));
#2425=CARTESIAN_POINT('Ctrl Pts',(9.44625310451688,234.038757910002,40.5555560770962));
#2426=CARTESIAN_POINT('Ctrl Pts',(9.07411910222593,234.038757910002,39.8054960162523));
#2427=CARTESIAN_POINT('Ctrl Pts',(8.13228233261538,234.732227005533,38.4008921706354));
#2428=CARTESIAN_POINT('Ctrl Pts',(6.39889710888373,236.992807333677,36.8318610170631));
#2429=CARTESIAN_POINT('Ctrl Pts',(4.81723584958821,239.410855602031,35.9380239974845));
#2430=CARTESIAN_POINT('Ctrl Pts',(3.50636102052881,241.520004295716,35.4478646493848));
#2431=CARTESIAN_POINT('Ctrl Pts',(2.51327091285444,243.153386577793,35.1897758976778));
#2432=CARTESIAN_POINT('Ctrl Pts',(1.50515867008764,244.83329829931,35.0346393128297));
#2433=CARTESIAN_POINT('Ctrl Pts',(0.832317698569238,245.961646679616,35.0003106860552));
#2434=CARTESIAN_POINT('Ctrl Pts',(0.493806577828014,246.529336787004,35.0000015693577));
#2435=CARTESIAN_POINT('Ctrl Pts',(0.490997858584318,246.534047209888,35.0000005215406));
#2436=CARTESIAN_POINT('Ctrl Pts',(0.488188939740518,246.538757910001,35.0000005215406));
#2437=CARTESIAN_POINT('',(22.4881892675661,246.538757910002,35.0000005215406));
#2438=CARTESIAN_POINT('Origin',(0.488189103653414,246.538757910001,45.0000002607703));
#2439=CARTESIAN_POINT('',(22.4881892675661,246.538757910002,35.0000005215406));
#2440=CARTESIAN_POINT('',(22.4881892675661,246.538757910002,35.0000005215406));
#2441=CARTESIAN_POINT('',(22.4881892675661,246.538757910002,55.));
#2442=CARTESIAN_POINT('Origin',(0.488189103653414,246.538757910001,45.0000002607703));
#2443=CARTESIAN_POINT('',(22.4881892675661,246.538757910002,55.));
#2444=CARTESIAN_POINT('Origin',(0.488189103653414,246.538757910001,45.0000002607703));
#2445=CARTESIAN_POINT('',(-21.5118110602593,246.538757910002,35.0000005215406));
#2446=CARTESIAN_POINT('',(-21.5118110602593,246.538757910002,35.0000005215406));
#2447=CARTESIAN_POINT('',(22.4881892675661,246.538757910002,35.0000005215406));
#2448=CARTESIAN_POINT('Origin',(0.488188939740761,266.538758083848,45.0000005215406));
#2449=CARTESIAN_POINT('Origin',(-9.5118110602592,286.538758257695,35.0000005215406));
#2450=CARTESIAN_POINT('',(22.4881889397407,286.538758307366,35.0000005215406));
#2451=CARTESIAN_POINT('',(10.4881889397407,286.538758307366,35.0000005215406));
#2452=CARTESIAN_POINT('',(22.4881889397405,266.538757910001,35.0000005215406));
#2453=CARTESIAN_POINT('',(-21.5118110602593,286.538758257695,35.0000013411045));
#2454=CARTESIAN_POINT('',(-21.5118110602593,286.538758307366,35.0000005215406));
#2455=CARTESIAN_POINT('',(-9.5118110602592,286.538758257695,35.0000013411045));
#2456=CARTESIAN_POINT('',(1.4881889397407,256.538757910002,35.0000005215406));
#2457=CARTESIAN_POINT('Origin',(0.488189103653414,246.538757910001,45.0000002607703));
#2458=CARTESIAN_POINT('',(-21.5118110602593,246.538757910002,35.0000005215406));
#2459=CARTESIAN_POINT('Origin',(0.488189103653485,256.538757910002,45.0000002607703));
#2460=CARTESIAN_POINT('Origin',(-9.51181106025935,286.538758208025,45.0000006705523));
#2461=CARTESIAN_POINT('Origin',(-21.5118110602592,286.538758208025,45.0000006705523));
#2462=CARTESIAN_POINT('Origin',(-21.5118110602593,281.538757723737,45.0000002607703));
#2463=CARTESIAN_POINT('Origin',(10.4881889397407,286.538758208025,45.0000006705523));
#2464=CARTESIAN_POINT('Origin',(22.4881889397407,286.538758208025,45.0000006705523));
#2465=CARTESIAN_POINT('Origin',(22.4881889397407,281.538758133519,45.0000006705523));
#2466=CARTESIAN_POINT('',(22.4881889397407,281.538758133519,45.0000006705523));
#2467=CARTESIAN_POINT('Origin',(22.4881889397407,286.538758208025,45.0000006705523));
#2468=CARTESIAN_POINT('Origin',(10.4881889397407,286.538758208025,45.0000006705523));
#2469=CARTESIAN_POINT('',(10.4881889397407,281.538758133519,45.0000006705523));
#2470=CARTESIAN_POINT('Origin',(-21.2618092348671,53.0387579100015,51.0000005215407));
#2471=CARTESIAN_POINT('',(0.486602025274581,46.5387544529321,51.0000005215407));
#2472=CARTESIAN_POINT('',(-49.5118110602594,46.5387544529322,51.0000005215407));
#2473=CARTESIAN_POINT('',(0.488188939740584,46.5387544529322,51.0000005215407));
#2474=CARTESIAN_POINT('',(0.478576338553867,59.5387544529321,51.0000005215407));
#2475=CARTESIAN_POINT('Origin',(0.488188939740584,53.0387579100015,51.0000005215407));
#2476=CARTESIAN_POINT('',(-49.5118110602593,59.5387544529321,51.0000005215407));
#2477=CARTESIAN_POINT('',(-49.5118110602593,59.5387544529321,51.0000005215407));
#2478=CARTESIAN_POINT('',(-49.5118110602594,46.5387544529322,51.0000005215407));
#2479=CARTESIAN_POINT('',(0.488188939740619,58.0387579100015,51.0000005215407));
#2480=CARTESIAN_POINT('Origin',(0.488188939740584,53.0387579100015,51.0000005215407));
#2481=CARTESIAN_POINT('Origin',(0.486602025274581,46.5387544529321,51.0000005215407));
#2482=CARTESIAN_POINT('',(-49.5118110602594,46.5387544529322,49.5000005215407));
#2483=CARTESIAN_POINT('',(-49.5118110602594,46.5387544529322,51.0000005215407));
#2484=CARTESIAN_POINT('',(-49.5118110602594,46.5387544529322,40.5000005215407));
#2485=CARTESIAN_POINT('',(-49.5118110602594,46.5387544529322,51.0000005215407));
#2486=CARTESIAN_POINT('',(-49.5118110602594,46.5387544529322,39.0000005215407));
#2487=CARTESIAN_POINT('',(-49.5118110602594,46.5387544529322,51.0000005215407));
#2488=CARTESIAN_POINT('',(0.486602025274581,46.5387544529321,39.0000005215407));
#2489=CARTESIAN_POINT('',(0.488188939740584,46.5387544529322,39.0000005215407));
#2490=CARTESIAN_POINT('',(0.486602025274581,46.5387544529321,42.0000005215407));
#2491=CARTESIAN_POINT('',(0.486602025274581,46.5387544529321,42.0000005215407));
#2492=CARTESIAN_POINT('',(-19.5118110602594,46.5387544529322,42.0000005215407));
#2493=CARTESIAN_POINT('',(0.488188939740584,46.5387544529322,42.0000005215407));
#2494=CARTESIAN_POINT('',(-19.5118110602594,46.5387544529322,48.0000005215407));
#2495=CARTESIAN_POINT('',(-19.5118110602594,46.5387544529322,42.0000005215407));
#2496=CARTESIAN_POINT('',(0.486602025274581,46.5387544529321,48.0000005215407));
#2497=CARTESIAN_POINT('',(0.488188939740584,46.5387544529322,48.0000005215407));
#2498=CARTESIAN_POINT('',(0.486602025274581,46.5387544529321,51.0000005215407));
#2499=CARTESIAN_POINT('Origin',(-49.5118110602593,59.5387544529321,51.0000005215407));
#2500=CARTESIAN_POINT('',(0.478576338553867,59.5387544529321,48.0000005215407));
#2501=CARTESIAN_POINT('',(0.478576338553867,59.5387544529321,51.0000005215407));
#2502=CARTESIAN_POINT('',(-19.5118110602595,59.5387544529321,48.0000005215407));
#2503=CARTESIAN_POINT('',(-49.5118110602593,59.5387544529321,48.0000005215407));
#2504=CARTESIAN_POINT('',(-19.5118110602595,59.5387544529321,42.0000005215407));
#2505=CARTESIAN_POINT('',(-19.5118110602595,59.5387544529321,42.0000005215407));
#2506=CARTESIAN_POINT('',(0.478576338553867,59.5387544529321,42.0000005215407));
#2507=CARTESIAN_POINT('',(-49.5118110602593,59.5387544529321,42.0000005215407));
#2508=CARTESIAN_POINT('',(0.478576338553867,59.5387544529321,39.0000005215407));
#2509=CARTESIAN_POINT('',(0.478576338553867,59.5387544529321,42.0000005215407));
#2510=CARTESIAN_POINT('',(-49.5118110602593,59.5387544529321,39.0000005215407));
#2511=CARTESIAN_POINT('',(-49.5118110602593,59.5387544529321,39.0000005215407));
#2512=CARTESIAN_POINT('',(-49.5118110602593,59.5387544529321,40.5000005215407));
#2513=CARTESIAN_POINT('',(-49.5118110602593,59.5387544529321,51.0000005215407));
#2514=CARTESIAN_POINT('',(-49.5118110602593,59.5387544529321,49.5000005215407));
#2515=CARTESIAN_POINT('',(-49.5118110602593,59.5387544529321,51.0000005215407));
#2516=CARTESIAN_POINT('',(-49.5118110602593,59.5387544529321,51.0000005215407));
#2517=CARTESIAN_POINT('Origin',(0.488188939740584,53.0387579100015,51.0000005215407));
#2518=CARTESIAN_POINT('',(0.488188939740619,58.0387579100015,48.0000005215407));
#2519=CARTESIAN_POINT('Origin',(0.488188939740584,53.0387579100015,48.0000005215407));
#2520=CARTESIAN_POINT('',(0.488188939740586,58.0387579100015,51.0000005215407));
#2521=CARTESIAN_POINT('Origin',(-21.2618092348671,53.0387579100015,39.0000005215407));
#2522=CARTESIAN_POINT('',(-49.5118110602594,46.5387544529322,39.0000005215407));
#2523=CARTESIAN_POINT('Origin',(0.488188939740584,53.0387579100015,39.0000005215407));
#2524=CARTESIAN_POINT('',(0.488188939740619,58.0387579100015,39.0000005215407));
#2525=CARTESIAN_POINT('Origin',(0.488188939740584,53.0387579100015,39.0000005215407));
#2526=CARTESIAN_POINT('Origin',(-21.2618092348671,53.0387579100015,42.0000005215407));
#2527=CARTESIAN_POINT('',(-19.5118110602595,49.7887561814668,42.0000005215407));
#2528=CARTESIAN_POINT('Origin',(0.488188939740584,53.0387579100015,42.0000005215407));
#2529=CARTESIAN_POINT('',(0.488188939740619,58.0387579100015,42.0000005215407));
#2530=CARTESIAN_POINT('Origin',(0.488188939740584,53.0387579100015,42.0000005215407));
#2531=CARTESIAN_POINT('Origin',(0.488188939740584,53.0387579100015,42.0000005215407));
#2532=CARTESIAN_POINT('Origin',(0.488188939740584,53.0387579100015,42.0000005215407));
#2533=CARTESIAN_POINT('',(0.488188939740586,58.0387579100015,42.0000005215407));
#2534=CARTESIAN_POINT('Origin',(-19.5118110602594,46.5387544529322,42.0000005215407));
#2535=CARTESIAN_POINT('',(-19.5118110602595,49.7887561814668,48.0000005215407));
#2536=CARTESIAN_POINT('Origin',(-24.5118110602593,53.038754452932,45.0000005215406));
#2537=CARTESIAN_POINT('',(-24.5118110602595,50.0387544529321,44.0000005215407));
#2538=CARTESIAN_POINT('',(-24.5118110602595,56.0387544529321,44.0000005215407));
#2539=CARTESIAN_POINT('',(-24.5118110602595,50.0387544529321,44.0000005215407));
#2540=CARTESIAN_POINT('',(-24.5118110602595,50.0387544529321,46.0000005215407));
#2541=CARTESIAN_POINT('',(-24.5118110602595,50.0387544529321,46.0000005215407));
#2542=CARTESIAN_POINT('',(-24.5118110602595,56.0387544529321,46.0000005215407));
#2543=CARTESIAN_POINT('',(-24.5118110602595,56.0387544529321,46.0000005215407));
#2544=CARTESIAN_POINT('',(-24.5118110602595,56.0387544529321,44.0000005215407));
#2545=CARTESIAN_POINT('Origin',(-49.5118110602593,50.0387544529321,46.0000005215407));
#2546=CARTESIAN_POINT('',(-46.0118110602594,50.0387544529321,46.0000005215407));
#2547=CARTESIAN_POINT('',(-46.0118110602594,50.0387544529321,44.0000005215407));
#2548=CARTESIAN_POINT('',(-46.0118110602594,50.0387544529321,48.5000005215407));
#2549=CARTESIAN_POINT('',(-49.5118110602593,50.0387544529321,46.0000005215407));
#2550=CARTESIAN_POINT('',(-49.5118110602593,50.0387544529321,44.0000005215407));
#2551=CARTESIAN_POINT('Origin',(-49.5118110602594,46.5387544529322,51.0000005215407));
#2552=CARTESIAN_POINT('',(-49.5118110602593,51.2887544529321,49.5000005215407));
#2553=CARTESIAN_POINT('Origin',(-46.0118110602594,46.5387544529321,48.5000005215407));
#2554=CARTESIAN_POINT('Origin',(-46.0118110602594,46.5387544529321,40.5000005215407));
#2555=CARTESIAN_POINT('Origin',(-46.0118110602594,46.5387544529321,49.5000005215407));
#2556=CARTESIAN_POINT('Origin',(-49.5118110602594,46.5387544529322,51.0000005215407));
#2557=CARTESIAN_POINT('',(-49.5118110602593,48.2887544529322,40.5000005215407));
#2558=CARTESIAN_POINT('Origin',(-49.5118110602595,56.0387544529321,44.0000005215407));
#2559=CARTESIAN_POINT('',(-46.0118110602594,56.0387544529322,44.0000005215407));
#2560=CARTESIAN_POINT('',(-46.0118110602594,56.0387544529322,46.0000005215407));
#2561=CARTESIAN_POINT('',(-46.0118110602594,56.0387544529322,47.5000005215406));
#2562=CARTESIAN_POINT('',(-49.5118110602595,56.0387544529321,44.0000005215407));
#2563=CARTESIAN_POINT('',(-49.5118110602595,56.0387544529321,46.0000005215407));
#2564=CARTESIAN_POINT('Origin',(-46.0118110602594,59.5387544529322,47.5000005215406));
#2565=CARTESIAN_POINT('Origin',(-46.0118110602594,59.5387544529322,49.5000005215407));
#2566=CARTESIAN_POINT('Origin',(-46.0118110602594,59.5387544529322,40.5000005215407));
#2567=CARTESIAN_POINT('Origin',(-49.5118110602593,50.0387544529321,44.0000005215407));
#2568=CARTESIAN_POINT('',(-46.0118110602594,48.2887544529322,44.0000005215407));
#2569=CARTESIAN_POINT('Origin',(-46.0118110602594,48.2887544529322,40.5000005215407));
#2570=CARTESIAN_POINT('Origin',(-49.5118110602595,56.0387544529321,46.0000005215407));
#2571=CARTESIAN_POINT('',(-46.0118110602594,51.2887544529321,46.0000005215407));
#2572=CARTESIAN_POINT('Origin',(-46.0118110602594,51.2887544529321,49.5000005215407));
#2573=CARTESIAN_POINT('Origin',(-21.2618092348671,53.0387579100015,48.0000005215407));
#2574=CARTESIAN_POINT('',(6.94508776168078,52.2914577004283,48.0000005215406));
#2575=CARTESIAN_POINT('Origin',(0.488188939740584,53.0387579100015,48.0000005215407));
#2576=CARTESIAN_POINT('',(6.9881889397406,53.0387579100015,48.0000005215406));
#2577=CARTESIAN_POINT('Origin',(0.488188939740584,53.0387579100015,48.0000005215407));
#2578=CARTESIAN_POINT('Origin',(0.488188939740584,53.0387579100015,48.0000005215407));
#2579=CARTESIAN_POINT('Origin',(0.488188939740584,53.0387579100015,51.0000005215407));
#2580=UNCERTAINTY_MEASURE_WITH_UNIT(LENGTH_MEASURE(0.01),#2584,
'DISTANCE_ACCURACY_VALUE',
'Maximum model space distance between geometric entities at asserted c
onnectivities');
#2581=UNCERTAINTY_MEASURE_WITH_UNIT(LENGTH_MEASURE(0.01),#2584,
'DISTANCE_ACCURACY_VALUE',
'Maximum model space distance between geometric entities at asserted c
onnectivities');
#2582=(
GEOMETRIC_REPRESENTATION_CONTEXT(3)
GLOBAL_UNCERTAINTY_ASSIGNED_CONTEXT((#2580))
GLOBAL_UNIT_ASSIGNED_CONTEXT((#2584,#2586,#2587))
REPRESENTATION_CONTEXT('','3D')
);
#2583=(
GEOMETRIC_REPRESENTATION_CONTEXT(3)
GLOBAL_UNCERTAINTY_ASSIGNED_CONTEXT((#2581))
GLOBAL_UNIT_ASSIGNED_CONTEXT((#2584,#2586,#2587))
REPRESENTATION_CONTEXT('','3D')
);
#2584=(
LENGTH_UNIT()
NAMED_UNIT(*)
SI_UNIT(.MILLI.,.METRE.)
);
#2585=(
LENGTH_UNIT()
NAMED_UNIT(*)
SI_UNIT($,.METRE.)
);
#2586=(
NAMED_UNIT(*)
PLANE_ANGLE_UNIT()
SI_UNIT($,.RADIAN.)
);
#2587=(
NAMED_UNIT(*)
SI_UNIT($,.STERADIAN.)
SOLID_ANGLE_UNIT()
);
#2588=SHAPE_DEFINITION_REPRESENTATION(#2589,#2590);
#2589=PRODUCT_DEFINITION_SHAPE('',$,#2592);
#2590=SHAPE_REPRESENTATION('',(#1205),#2582);
#2591=PRODUCT_DEFINITION_CONTEXT('part definition',#2596,'design');
#2592=PRODUCT_DEFINITION('2026-06-25-14-33-47-991',
'_light.e08890fd-5a30-4811-817c-8fcfcb4fc64b',#2593,#2591);
#2593=PRODUCT_DEFINITION_FORMATION('',$,#2598);
#2594=PRODUCT_RELATED_PRODUCT_CATEGORY(
'_light.e08890fd-5a30-4811-817c-8fcfcb4fc64b',
'_light.e08890fd-5a30-4811-817c-8fcfcb4fc64b',(#2598));
#2595=APPLICATION_PROTOCOL_DEFINITION('international standard',
'automotive_design',2009,#2596);
#2596=APPLICATION_CONTEXT(
'Core Data for Automotive Mechanical Design Process');
#2597=PRODUCT_CONTEXT('part definition',#2596,'mechanical');
#2598=PRODUCT('2026-06-25-14-33-47-991',
'_light.e08890fd-5a30-4811-817c-8fcfcb4fc64b',$,(#2597));
#2599=PRESENTATION_STYLE_ASSIGNMENT((#2600));
#2600=SURFACE_STYLE_USAGE(.BOTH.,#2601);
#2601=SURFACE_SIDE_STYLE('',(#2602));
#2602=SURFACE_STYLE_FILL_AREA(#2603);
#2603=FILL_AREA_STYLE('Steel - Satin',(#2604));
#2604=FILL_AREA_STYLE_COLOUR('Steel - Satin',#2605);
#2605=COLOUR_RGB('Steel - Satin',0.627450980392157,0.627450980392157,0.627450980392157);
ENDSEC;
END-ISO-10303-21;
