ISO-10303-21;
HEADER;
FILE_DESCRIPTION (( 'STEP AP214' ),
    '1' );
FILE_NAME ('NVNJWS200N031LTAG.STEP',
    '2024-09-23T15:07:20',
    ( '' ),
    ( '' ),
    'SwSTEP 2.0',
    'SolidWorks 2023',
    '' );
FILE_SCHEMA (( 'AUTOMOTIVE_DESIGN' ));
ENDSEC;

DATA;
#1 = FILL_AREA_STYLE ('',( #1920 ) ) ;
#2 = DIRECTION ( 'NONE',  ( -0.4082482904638611854, 0.4082482904638589649, 0.8164965809277292541 ) ) ;
#3 = LINE ( 'NONE', #422, #1619 ) ;
#4 = PRESENTATION_STYLE_ASSIGNMENT (( #2340 ) ) ;
#5 = SURFACE_STYLE_FILL_AREA ( #362 ) ;
#6 = VECTOR ( 'NONE', #1722, 1000.000000000000000 ) ;
#7 = ORIENTED_EDGE ( 'NONE', *, *, #1602, .F. ) ;
#8 = DIRECTION ( 'NONE',  ( 1.000000000000000000, 0.000000000000000000, 0.000000000000000000 ) ) ;
#9 = LINE ( 'NONE', #1272, #1570 ) ;
#10 = DIRECTION ( 'NONE',  ( -0.4082482904638607413, 0.8164965809277280329, -0.4082482904638609633 ) ) ;
#11 = DIRECTION ( 'NONE',  ( 1.000000000000000000, 0.000000000000000000, 0.000000000000000000 ) ) ;
#12 = FILL_AREA_STYLE ('',( #499 ) ) ;
#13 = CARTESIAN_POINT ( 'NONE',  ( -0.4848189779096639396, 0.4616317454963920763, 0.02661317367027862812 ) ) ;
#14 = EDGE_LOOP ( 'NONE', ( #292, #2710, #1155, #1246, #2202 ) ) ;
#15 =( LENGTH_UNIT ( ) NAMED_UNIT ( * ) SI_UNIT ( .MILLI., .METRE. ) );
#16 = CARTESIAN_POINT ( 'NONE',  ( 0.1999999999999999833, -0.5020000000000001128, 0.1250000000000000000 ) ) ;
#17 =( LENGTH_UNIT ( ) NAMED_UNIT ( * ) SI_UNIT ( .MILLI., .METRE. ) );
#18 = CARTESIAN_POINT ( 'NONE',  ( 0.4897678529894930466, -0.4986619601788930267, 0.05912625419990705233 ) ) ;
#19 = DIRECTION ( 'NONE',  ( 4.163336342344339985E-16, 1.000000000000000000, -0.000000000000000000 ) ) ;
#20 = EDGE_CURVE ( 'NONE', #1911, #2156, #1344, .T. ) ;
#21 = AXIS2_PLACEMENT_3D ( 'NONE', #2265, #2729, #153 ) ;
#22 = LINE ( 'NONE', #2208, #1931 ) ;
#23 = CARTESIAN_POINT ( 'NONE',  ( 0.4866125165785926132, 0.4982061327852278509, 0.06498109962804299311 ) ) ;
#24 = ORIENTED_EDGE ( 'NONE', *, *, #1451, .T. ) ;
#25 = PLANE ( 'NONE',  #534 ) ;
#26 = COLOUR_RGB ( '',0.7529411764705882248, 0.7529411764705882248, 0.7529411764705882248 ) ;
#27 = AXIS2_PLACEMENT_3D ( 'NONE', #676, #2385, #1113 ) ;
#28 = SURFACE_STYLE_USAGE ( .BOTH. , #452 ) ;
#29 = UNCERTAINTY_MEASURE_WITH_UNIT (LENGTH_MEASURE( 1.000000000000000082E-05 ), #833, 'distance_accuracy_value', 'NONE');
#30 = LINE ( 'NONE', #1754, #226 ) ;
#31 = AXIS2_PLACEMENT_3D ( 'NONE', #2229, #2681, #2654 ) ;
#32 = EDGE_LOOP ( 'NONE', ( #1407, #1089, #1990, #2076 ) ) ;
#33 = PRESENTATION_LAYER_ASSIGNMENT (  '', '', ( #1398 ) ) ;
#34 = FILL_AREA_STYLE ('',( #2611 ) ) ;
#35 = CARTESIAN_POINT ( 'NONE',  ( 0.4800000000000000933, 0.4889442719099991175, 0.4378885438199983660 ) ) ;
#36 = PRESENTATION_STYLE_ASSIGNMENT (( #306 ) ) ;
#37 = CIRCLE ( 'NONE', #1484, 0.01999999999999999695 ) ;
#38 = PRESENTATION_LAYER_ASSIGNMENT (  '', '', ( #1310 ) ) ;
#39 = CARTESIAN_POINT ( 'NONE',  ( -0.4915470053837925346, 0.4915470053837925346, 0.04845299461620760501 ) ) ;
#40 = COLOUR_RGB ( '',0.2862745098039215508, 0.2862745098039215508, 0.2862745098039215508 ) ;
#41 = CIRCLE ( 'NONE', #2544, 0.01999999999999999695 ) ;
#42 = CARTESIAN_POINT ( 'NONE',  ( 0.4866125165785925577, 0.4750189003719570979, 0.04179386721477182376 ) ) ;
#43 = DIRECTION ( 'NONE',  ( 2.775557561562889872E-16, -1.000000000000000000, -0.000000000000000000 ) ) ;
#44 = PRESENTATION_LAYER_ASSIGNMENT (  '', '', ( #1271 ) ) ;
#45 = EDGE_CURVE ( 'NONE', #1063, #2488, #2756, .T. ) ;
#46 = STYLED_ITEM ( 'NONE', ( #2300 ), #865 ) ;
#47 = ORIENTED_EDGE ( 'NONE', *, *, #2637, .T. ) ;
#48 = PRESENTATION_STYLE_ASSIGNMENT (( #2398 ) ) ;
#49 =( NAMED_UNIT ( * ) SI_UNIT ( $, .STERADIAN. ) SOLID_ANGLE_UNIT ( ) );
#50 = ORIENTED_EDGE ( 'NONE', *, *, #1153, .F. ) ;
#51 = DIRECTION ( 'NONE',  ( -2.775557561562889872E-16, 1.000000000000000000, 0.000000000000000000 ) ) ;
#52 = FILL_AREA_STYLE ('',( #703 ) ) ;
#53 = CARTESIAN_POINT ( 'NONE',  ( 0.4897678529894931576, -0.4808737458000931775, 0.04133803982110677289 ) ) ;
#54 = DIRECTION ( 'NONE',  ( 0.000000000000000000, 0.000000000000000000, -1.000000000000000000 ) ) ;
#55 = PLANE ( 'NONE',  #1794 ) ;
#56 =( NAMED_UNIT ( * ) PLANE_ANGLE_UNIT ( ) SI_UNIT ( $, .RADIAN. ) );
#57 = ORIENTED_EDGE ( 'NONE', *, *, #2081, .T. ) ;
#58 = SURFACE_STYLE_USAGE ( .BOTH. , #256 ) ;
#59 = FACE_OUTER_BOUND ( 'NONE', #2621, .T. ) ;
#60 = AXIS2_PLACEMENT_3D ( 'NONE', #2346, #429, #2134 ) ;
#61 = SURFACE_SIDE_STYLE ('',( #2226 ) ) ;
#62 = EDGE_CURVE ( 'NONE', #2662, #816, #2399, .T. ) ;
#63 = DIRECTION ( 'NONE',  ( 0.000000000000000000, -1.000000000000000000, 0.000000000000000000 ) ) ;
#64 = ORIENTED_EDGE ( 'NONE', *, *, #2775, .T. ) ;
#65 = PRESENTATION_STYLE_ASSIGNMENT (( #457 ) ) ;
#66 =( LENGTH_UNIT ( ) NAMED_UNIT ( * ) SI_UNIT ( .MILLI., .METRE. ) );
#67 = SURFACE_STYLE_USAGE ( .BOTH. , #252 ) ;
#68 = DIRECTION ( 'NONE',  ( -1.000000000000000000, -0.000000000000000000, -0.000000000000000000 ) ) ;
#69 = DIRECTION ( 'NONE',  ( 1.000000000000000000, 0.000000000000000000, 0.000000000000000000 ) ) ;
#70 = CARTESIAN_POINT ( 'NONE',  ( 0.4799999999999998157, 0.4799999999999999822, 0.06000000000000001166 ) ) ;
#71 = ORIENTED_EDGE ( 'NONE', *, *, #1731, .F. ) ;
#72 = AXIS2_PLACEMENT_3D ( 'NONE', #1828, #768, #385 ) ;
#73 =( LENGTH_UNIT ( ) NAMED_UNIT ( * ) SI_UNIT ( .MILLI., .METRE. ) );
#74 = CARTESIAN_POINT ( 'NONE',  ( 0.4915470053837925346, 0.4915470053837925346, 0.4315470053837925923 ) ) ;
#75 = UNCERTAINTY_MEASURE_WITH_UNIT (LENGTH_MEASURE( 1.000000000000000082E-05 ), #829, 'distance_accuracy_value', 'NONE');
#76 = UNCERTAINTY_MEASURE_WITH_UNIT (LENGTH_MEASURE( 1.000000000000000082E-05 ), #2643, 'distance_accuracy_value', 'NONE');
#77 = STYLED_ITEM ( 'NONE', ( #371 ), #287 ) ;
#78 = VECTOR ( 'NONE', #1905, 1000.000000000000000 ) ;
#79 = CARTESIAN_POINT ( 'NONE',  ( 0.4848189779096638286, 0.5133868263297213241, 0.4016317454963925226 ) ) ;
#80 = STYLED_ITEM ( 'NONE', ( #1837 ), #2355 ) ;
#81 = VECTOR ( 'NONE', #161, 1000.000000000000000 ) ;
#82 =( LENGTH_UNIT ( ) NAMED_UNIT ( * ) SI_UNIT ( .MILLI., .METRE. ) );
#83 = EDGE_CURVE ( 'NONE', #2082, #150, #244, .T. ) ;
#84 = ORIENTED_EDGE ( 'NONE', *, *, #2649, .T. ) ;
#85 =( GEOMETRIC_REPRESENTATION_CONTEXT ( 3 ) GLOBAL_UNCERTAINTY_ASSIGNED_CONTEXT ( ( #1844 ) ) GLOBAL_UNIT_ASSIGNED_CONTEXT ( ( #2581, #2563, #513 ) ) REPRESENTATION_CONTEXT ( 'NONE', 'WORKASPACE' ) );
#86 = DIRECTION ( 'NONE',  ( -0.000000000000000000, 1.000000000000000000, 0.000000000000000000 ) ) ;
#87 = CYLINDRICAL_SURFACE ( 'NONE', #133, 0.01999999999999999695 ) ;
#88 = CARTESIAN_POINT ( 'NONE',  ( -0.4868330292772484191, 0.4962609814903367056, 0.04845299461620768827 ) ) ;
#89 = SURFACE_STYLE_FILL_AREA ( #2220 ) ;
#90 = AXIS2_PLACEMENT_3D ( 'NONE', #736, #1414, #2675 ) ;
#91 =( LENGTH_UNIT ( ) NAMED_UNIT ( * ) SI_UNIT ( .MILLI., .METRE. ) );
#92 = CARTESIAN_POINT ( 'NONE',  ( -0.4962609814903367611, 0.4868330292772482526, 0.4315470053837926478 ) ) ;
#93 = EDGE_CURVE ( 'NONE', #2488, #2435, #418, .T. ) ;
#94 = ORIENTED_EDGE ( 'NONE', *, *, #1031, .T. ) ;
#95 = STYLED_ITEM ( 'NONE', ( #1764 ), #1827 ) ;
#96 = DIRECTION ( 'NONE',  ( -0.000000000000000000, -0.000000000000000000, -1.000000000000000000 ) ) ;
#97 = SURFACE_STYLE_FILL_AREA ( #946 ) ;
#98 = CIRCLE ( 'NONE', #767, 0.05000000000000012768 ) ;
#99 = VECTOR ( 'NONE', #355, 1000.000000000000000 ) ;
#100 = DIRECTION ( 'NONE',  ( 0.000000000000000000, 0.000000000000000000, 1.000000000000000000 ) ) ;
#101 = CARTESIAN_POINT ( 'NONE',  ( 0.5000000000000000000, -0.4800000000000000377, 0.06000000000000001166 ) ) ;
#102 = VERTEX_POINT ( 'NONE', #1106 ) ;
#103 =( BOUNDED_SURFACE ( )  B_SPLINE_SURFACE ( 3, 3, ( 
 ( #419, #1285, #672, #870 ),
 ( #2155, #2123, #1919, #859 ),
 ( #1716, #2348, #1724, #2566 ),
 ( #1517, #2365, #13, #234 ) ),
 .UNSPECIFIED., .F., .F., .T. ) 
 B_SPLINE_SURFACE_WITH_KNOTS ( ( 4, 4 ),
 ( 4, 4 ),
 ( 0.000000000000000000, 1.000000000000000000 ),
 ( 0.000000000000000000, 1.000000000000000000 ),
 .UNSPECIFIED. ) 
 GEOMETRIC_REPRESENTATION_ITEM ( )  RATIONAL_B_SPLINE_SURFACE ( (
 ( 1.000000000000000000, 0.3333333333333273196, 0.3333333333333273196, 1.000000000000000000),
 ( 0.9245018060306364749, 0.3081672686768732738, 0.3081672686768732738, 0.9245018060306364749),
 ( 0.9245018060306364749, 0.3081672686768732738, 0.3081672686768732738, 0.9245018060306364749),
 ( 1.000000000000000000, 0.3333333333333273196, 0.3333333333333273196, 1.000000000000000000) ) ) 
 REPRESENTATION_ITEM ( '' )  SURFACE ( )  );
#104 = ADVANCED_FACE ( 'NONE', ( #1296 ), #2122, .T. ) ;
#105 =( NAMED_UNIT ( * ) SI_UNIT ( $, .STERADIAN. ) SOLID_ANGLE_UNIT ( ) );
#106 = DIRECTION ( 'NONE',  ( -0.000000000000000000, -0.000000000000000000, -1.000000000000000000 ) ) ;
#107 = ADVANCED_FACE ( 'NONE', ( #626 ), #2151, .T. ) ;
#108 = CARTESIAN_POINT ( 'NONE',  ( -0.4915470053837928677, 0.4915470053837925346, 0.4315470053837925923 ) ) ;
#109 = UNCERTAINTY_MEASURE_WITH_UNIT (LENGTH_MEASURE( 1.000000000000000082E-05 ), #1964, 'distance_accuracy_value', 'NONE');
#110 = ORIENTED_EDGE ( 'NONE', *, *, #2152, .T. ) ;
#111 = PRESENTATION_STYLE_ASSIGNMENT (( #2027 ) ) ;
#112 = SURFACE_STYLE_FILL_AREA ( #1462 ) ;
#113 = CARTESIAN_POINT ( 'NONE',  ( 0.4962609814903367611, 0.4915470053837925346, 0.4268330292772483658 ) ) ;
#114 = DIRECTION ( 'NONE',  ( 0.000000000000000000, -0.000000000000000000, -1.000000000000000000 ) ) ;
#115 = FILL_AREA_STYLE ('',( #1832 ) ) ;
#116 = ORIENTED_EDGE ( 'NONE', *, *, #1496, .T. ) ;
#117 = PRODUCT_DEFINITION_FORMATION_WITH_SPECIFIED_SOURCE ( 'ANY', '', #118, .NOT_KNOWN. ) ;
#118 = PRODUCT ( 'NVNJWS200N031LTAG', 'NVNJWS200N031LTAG', '', ( #498 ) ) ;
#119 = DIRECTION ( 'NONE',  ( 0.000000000000000000, -1.000000000000000000, -0.000000000000000000 ) ) ;
#120 = PRESENTATION_STYLE_ASSIGNMENT (( #367 ) ) ;
#121 = FACE_OUTER_BOUND ( 'NONE', #2026, .T. ) ;
#122 = ORIENTED_EDGE ( 'NONE', *, *, #595, .T. ) ;
#123 = ADVANCED_FACE ( 'NONE', ( #525 ), #1657, .T. ) ;
#124 =( NAMED_UNIT ( * ) SI_UNIT ( $, .STERADIAN. ) SOLID_ANGLE_UNIT ( ) );
#125 =( NAMED_UNIT ( * ) SI_UNIT ( $, .STERADIAN. ) SOLID_ANGLE_UNIT ( ) );
#126 = ORIENTED_EDGE ( 'NONE', *, *, #894, .T. ) ;
#127 = CARTESIAN_POINT ( 'NONE',  ( 0.4500000000000001221, -0.2520000000000000018, 0.000000000000000000 ) ) ;
#128 = CARTESIAN_POINT ( 'NONE',  ( 0.4598382068274637913, -0.4884060552475211758, 0.02840671233920812055 ) ) ;
#129 = EDGE_LOOP ( 'NONE', ( #1185, #746, #1423, #917 ) ) ;
#130 = VECTOR ( 'NONE', #936, 1000.000000000000000 ) ;
#131 = STYLED_ITEM ( 'NONE', ( #612 ), #865 ) ;
#132 = AXIS2_PLACEMENT_3D ( 'NONE', #610, #2364, #2745 ) ;
#133 = AXIS2_PLACEMENT_3D ( 'NONE', #173, #2734, #831 ) ;
#134 =( LENGTH_UNIT ( ) NAMED_UNIT ( * ) SI_UNIT ( .MILLI., .METRE. ) );
#135 = EDGE_LOOP ( 'NONE', ( #2448, #2503, #982, #262 ) ) ;
#136 = DIRECTION ( 'NONE',  ( 0.000000000000000000, 0.000000000000000000, -1.000000000000000000 ) ) ;
#137 = DIRECTION ( 'NONE',  ( 0.000000000000000000, -1.000000000000000000, 0.000000000000000000 ) ) ;
#138 = ADVANCED_FACE ( 'NONE', ( #300 ), #541, .T. ) ;
#139 =( GEOMETRIC_REPRESENTATION_CONTEXT ( 3 ) GLOBAL_UNCERTAINTY_ASSIGNED_CONTEXT ( ( #1563 ) ) GLOBAL_UNIT_ASSIGNED_CONTEXT ( ( #2065, #591, #1244 ) ) REPRESENTATION_CONTEXT ( 'NONE', 'WORKASPACE' ) );
#140 = AXIS2_PLACEMENT_3D ( 'NONE', #2455, #562, #538 ) ;
#141 = DIRECTION ( 'NONE',  ( -1.000000000000000000, 0.000000000000000000, 5.421010862427522959E-15 ) ) ;
#142 =( GEOMETRIC_REPRESENTATION_CONTEXT ( 3 ) GLOBAL_UNCERTAINTY_ASSIGNED_CONTEXT ( ( #29 ) ) GLOBAL_UNIT_ASSIGNED_CONTEXT ( ( #833, #1470, #634 ) ) REPRESENTATION_CONTEXT ( 'NONE', 'WORKASPACE' ) );
#143 = MECHANICAL_DESIGN_GEOMETRIC_PRESENTATION_REPRESENTATION (  '', ( #995 ), #908 ) ;
#144 = UNCERTAINTY_MEASURE_WITH_UNIT (LENGTH_MEASURE( 1.000000000000000082E-05 ), #718, 'distance_accuracy_value', 'NONE');
#145 = LINE ( 'NONE', #2682, #288 ) ;
#146 = ORIENTED_EDGE ( 'NONE', *, *, #235, .F. ) ;
#147 = CARTESIAN_POINT ( 'NONE',  ( 0.4982061327852279620, -0.4866125165785925577, 0.4150189003719571557 ) ) ;
#148 = LINE ( 'NONE', #1004, #1917 ) ;
#149 = LINE ( 'NONE', #323, #793 ) ;
#150 = VERTEX_POINT ( 'NONE', #606 ) ;
#151 = CARTESIAN_POINT ( 'NONE',  ( -0.5017042122384705038, -0.4806605438875254932, 0.4322762600253818310 ) ) ;
#152 = ORIENTED_EDGE ( 'NONE', *, *, #250, .T. ) ;
#153 = DIRECTION ( 'NONE',  ( 0.5773502691896261751, -0.5773502691896261751, -0.5773502691896250649 ) ) ;
#155 = UNCERTAINTY_MEASURE_WITH_UNIT (LENGTH_MEASURE( 1.000000000000000082E-05 ), #2605, 'distance_accuracy_value', 'NONE');
#154 = CARTESIAN_POINT ( 'NONE',  ( -0.5000000000000000000, 0.4800000000000000377, 0.4200000000000000400 ) ) ;
#156 = CARTESIAN_POINT ( 'NONE',  ( -0.4800000000000000933, 0.4800000000000000377, 0.4200000000000000400 ) ) ;
#157 = VERTEX_POINT ( 'NONE', #1843 ) ;
#158 = EDGE_CURVE ( 'NONE', #531, #2097, #1630, .T. ) ;
#159 = DIRECTION ( 'NONE',  ( 0.000000000000000000, -1.000000000000000000, 1.524659305057740926E-14 ) ) ;
#160 = COLOUR_RGB ( '',0.2862745098039215508, 0.2862745098039215508, 0.2862745098039215508 ) ;
#161 = DIRECTION ( 'NONE',  ( -0.000000000000000000, -0.000000000000000000, -1.000000000000000000 ) ) ;
#162 = CARTESIAN_POINT ( 'NONE',  ( -0.4915470053837925346, -0.4915470053837925346, 0.4315470053837925368 ) ) ;
#163 = UNCERTAINTY_MEASURE_WITH_UNIT (LENGTH_MEASURE( 1.000000000000000082E-05 ), #1552, 'distance_accuracy_value', 'NONE');
#164 = VERTEX_POINT ( 'NONE', #1474 ) ;
#165 =( LENGTH_UNIT ( ) NAMED_UNIT ( * ) SI_UNIT ( .MILLI., .METRE. ) );
#166 = PRESENTATION_STYLE_ASSIGNMENT (( #766 ) ) ;
#167 = ORIENTED_EDGE ( 'NONE', *, *, #999, .F. ) ;
#168 = CARTESIAN_POINT ( 'NONE',  ( -0.5089319905388965948, 0.4911437761600964125, 0.4092277922694869674 ) ) ;
#169 = VERTEX_POINT ( 'NONE', #2711 ) ;
#170 = COLOUR_RGB ( '',0.7529411764705882248, 0.7529411764705882248, 0.7529411764705882248 ) ;
#171 = EDGE_CURVE ( 'NONE', #400, #1035, #2043, .T. ) ;
#172 = CARTESIAN_POINT ( 'NONE',  ( 0.4800000000000000377, -0.4800000000000000377, 0.4200000000000000400 ) ) ;
#173 = CARTESIAN_POINT ( 'NONE',  ( 0.4800000000000000377, -0.4800000000000000377, 0.04000000000000000083 ) ) ;
#174 = VECTOR ( 'NONE', #2083, 1000.000000000000000 ) ;
#175 = CARTESIAN_POINT ( 'NONE',  ( 0.2000000000000000111, -0.2520000000000000018, 0.000000000000000000 ) ) ;
#176 = DIRECTION ( 'NONE',  ( -2.775557561562889872E-16, 1.000000000000000000, 0.000000000000000000 ) ) ;
#177 = VECTOR ( 'NONE', #431, 1000.000000000000000 ) ;
#178 = CIRCLE ( 'NONE', #2278, 0.01999999999999999695 ) ;
#179 = ORIENTED_EDGE ( 'NONE', *, *, #558, .F. ) ;
#180 =( GEOMETRIC_REPRESENTATION_CONTEXT ( 3 ) GLOBAL_UNCERTAINTY_ASSIGNED_CONTEXT ( ( #2486 ) ) GLOBAL_UNIT_ASSIGNED_CONTEXT ( ( #1438, #527, #2040 ) ) REPRESENTATION_CONTEXT ( 'NONE', 'WORKASPACE' ) );
#181 = CARTESIAN_POINT ( 'NONE',  ( 0.5024334668800598536, 0.4813897985291148984, 0.04918224925779671880 ) ) ;
#182 = PRESENTATION_LAYER_ASSIGNMENT (  '', '', ( #2324 ) ) ;
#183 = CARTESIAN_POINT ( 'NONE',  ( -0.4000000000000000222, -0.01300000000000009828, 0.1250000000000000000 ) ) ;
#184 = VERTEX_POINT ( 'NONE', #2038 ) ;
#185 = COLOUR_RGB ( '',0.7529411764705882248, 0.7529411764705882248, 0.7529411764705882248 ) ;
#186 = AXIS2_PLACEMENT_3D ( 'NONE', #1952, #1307, #863 ) ;
#187 = AXIS2_PLACEMENT_3D ( 'NONE', #2215, #1960, #1342 ) ;
#188 = CARTESIAN_POINT ( 'NONE',  ( -0.4799999999999999822, 0.4799999999999998712, 0.06000000000000001166 ) ) ;
#189 = CARTESIAN_POINT ( 'NONE',  ( -0.4706037154400902200, -0.5103079137094996831, 0.4283919298188903491 ) ) ;
#190 = DIRECTION ( 'NONE',  ( -0.000000000000000000, -0.000000000000000000, -1.000000000000000000 ) ) ;
#191 = CARTESIAN_POINT ( 'NONE',  ( -0.4800000000000000377, 0.4799999999999999822, 0.04000000000000000083 ) ) ;
#192 = EDGE_CURVE ( 'NONE', #717, #248, #565, .T. ) ;
#193 = CARTESIAN_POINT ( 'NONE',  ( 0.4915470053837926456, 0.4868330292772484191, 0.04373901850966308708 ) ) ;
#194 = VERTEX_POINT ( 'NONE', #2079 ) ;
#195 = FILL_AREA_STYLE_COLOUR ( '', #2490 ) ;
#196 = CARTESIAN_POINT ( 'NONE',  ( 0.4800000000000000933, 0.4800000000000000933, 0.4200000000000001510 ) ) ;
#197 = ORIENTED_EDGE ( 'NONE', *, *, #1092, .F. ) ;
#198 = SURFACE_SIDE_STYLE ('',( #2584 ) ) ;
#199 =( NAMED_UNIT ( * ) PLANE_ANGLE_UNIT ( ) SI_UNIT ( $, .RADIAN. ) );
#200 = FACE_OUTER_BOUND ( 'NONE', #1512, .T. ) ;
#201 = CARTESIAN_POINT ( 'NONE',  ( -0.4800000000000000377, -0.4800000000000000377, 0.06000000000000001166 ) ) ;
#202 = PRESENTATION_LAYER_ASSIGNMENT (  '', '', ( #877 ) ) ;
#203 = LINE ( 'NONE', #1509, #1881 ) ;
#204 = CARTESIAN_POINT ( 'NONE',  ( -0.4915470053837922570, -0.4915470053837927566, 0.04845299461620759807 ) ) ;
#205 = LINE ( 'NONE', #1062, #1617 ) ;
#206 = EDGE_CURVE ( 'NONE', #1338, #449, #1249, .T. ) ;
#207 = ORIENTED_EDGE ( 'NONE', *, *, #1682, .F. ) ;
#208 = SURFACE_STYLE_FILL_AREA ( #2120 ) ;
#209 = CARTESIAN_POINT ( 'NONE',  ( -0.4799999999999999822, 0.4999999999999997780, 0.04000000000000000083 ) ) ;
#210 = PLANE ( 'NONE',  #1238 ) ;
#211 = DIRECTION ( 'NONE',  ( -1.000000000000000000, -2.081668171172169992E-16, 0.000000000000000000 ) ) ;
#212 = COLOUR_RGB ( '',0.2862745098039215508, 0.2862745098039215508, 0.2862745098039215508 ) ;
#213 =( NAMED_UNIT ( * ) PLANE_ANGLE_UNIT ( ) SI_UNIT ( $, .RADIAN. ) );
#214 = AXIS2_PLACEMENT_3D ( 'NONE', #820, #394, #2301 ) ;
#215 = SURFACE_STYLE_USAGE ( .BOTH. , #1705 ) ;
#216 = SURFACE_STYLE_FILL_AREA ( #426 ) ;
#217 = ORIENTED_EDGE ( 'NONE', *, *, #2039, .T. ) ;
#218 =( NAMED_UNIT ( * ) PLANE_ANGLE_UNIT ( ) SI_UNIT ( $, .RADIAN. ) );
#219 = EDGE_CURVE ( 'NONE', #598, #340, #2318, .T. ) ;
#220 = SURFACE_STYLE_FILL_AREA ( #2526 ) ;
#221 = CARTESIAN_POINT ( 'NONE',  ( -0.4000000000000000222, 0.4369999999999999996, 0.000000000000000000 ) ) ;
#222 =( GEOMETRIC_REPRESENTATION_CONTEXT ( 3 ) GLOBAL_UNCERTAINTY_ASSIGNED_CONTEXT ( ( #485 ) ) GLOBAL_UNIT_ASSIGNED_CONTEXT ( ( #2045, #1019, #2350 ) ) REPRESENTATION_CONTEXT ( 'NONE', 'WORKASPACE' ) );
#223 = SURFACE_STYLE_USAGE ( .BOTH. , #869 ) ;
#224 = AXIS2_PLACEMENT_3D ( 'NONE', #1806, #966, #2609 ) ;
#225 = ORIENTED_EDGE ( 'NONE', *, *, #981, .T. ) ;
#226 = VECTOR ( 'NONE', #2600, 1000.000000000000000 ) ;
#227 = MECHANICAL_DESIGN_GEOMETRIC_PRESENTATION_REPRESENTATION (  '', ( #1708 ), #812 ) ;
#228 = SURFACE_STYLE_USAGE ( .BOTH. , #861 ) ;
#229 =( LENGTH_UNIT ( ) NAMED_UNIT ( * ) SI_UNIT ( .MILLI., .METRE. ) );
#230 = EDGE_LOOP ( 'NONE', ( #961, #1616, #1471, #1942 ) ) ;
#231 = CARTESIAN_POINT ( 'NONE',  ( -0.4799999999999998157, -0.4799999999999999822, 0.06000000000000001166 ) ) ;
#232 = DIRECTION ( 'NONE',  ( 0.000000000000000000, -0.000000000000000000, 1.000000000000000000 ) ) ;
#233 = FILL_AREA_STYLE_COLOUR ( '', #1130 ) ;
#234 = CARTESIAN_POINT ( 'NONE',  ( -0.4982061327852279620, 0.4750189003719570424, 0.05338748342140794967 ) ) ;
#235 = EDGE_CURVE ( 'NONE', #2650, #888, #1250, .T. ) ;
#236 = ORIENTED_EDGE ( 'NONE', *, *, #932, .F. ) ;
#237 = CARTESIAN_POINT ( 'NONE',  ( -0.5000000000000000000, -0.5000000000000000000, 0.4200000000000000400 ) ) ;
#238 = SURFACE_SIDE_STYLE ('',( #2603 ) ) ;
#239 = CARTESIAN_POINT ( 'NONE',  ( -0.4800000000000000377, -0.5000000000000000000, 0.06000000000000001166 ) ) ;
#240 = DIRECTION ( 'NONE',  ( 1.000000000000000000, 0.000000000000000000, 0.000000000000000000 ) ) ;
#241 = CYLINDRICAL_SURFACE ( 'NONE', #2463, 0.01999999999999999695 ) ;
#242 = CARTESIAN_POINT ( 'NONE',  ( 0.4915470053837925346, 0.4962609814903368166, 0.05316697072275174130 ) ) ;
#243 = VERTEX_POINT ( 'NONE', #341 ) ;
#244 = LINE ( 'NONE', #221, #389 ) ;
#245 = CARTESIAN_POINT ( 'NONE',  ( 0.4800000000000000377, 0.5000000000000000000, 0.06000000000000001166 ) ) ;
#246 = DIRECTION ( 'NONE',  ( 0.000000000000000000, 0.000000000000000000, 1.000000000000000000 ) ) ;
#247 = DIRECTION ( 'NONE',  ( 1.000000000000000000, 1.626303258728256967E-14, 0.000000000000000000 ) ) ;
#248 = VERTEX_POINT ( 'NONE', #402 ) ;
#249 = CARTESIAN_POINT ( 'NONE',  ( 0.4500000000000000111, -0.5020000000000001128, 0.000000000000000000 ) ) ;
#250 = EDGE_CURVE ( 'NONE', #1544, #157, #566, .T. ) ;
#251 = FACE_OUTER_BOUND ( 'NONE', #2617, .T. ) ;
#252 = SURFACE_SIDE_STYLE ('',( #502 ) ) ;
#253 = FILL_AREA_STYLE_COLOUR ( '', #1620 ) ;
#254 = CARTESIAN_POINT ( 'NONE',  ( -0.4800000000000000377, 0.2500000000000000000, 0.4200000000000000400 ) ) ;
#255 = VERTEX_POINT ( 'NONE', #2511 ) ;
#256 = SURFACE_SIDE_STYLE ('',( #208 ) ) ;
#257 = AXIS2_PLACEMENT_3D ( 'NONE', #1275, #420, #1677 ) ;
#258 = VECTOR ( 'NONE', #2269, 1000.000000000000000 ) ;
#259 =( NAMED_UNIT ( * ) SI_UNIT ( $, .STERADIAN. ) SOLID_ANGLE_UNIT ( ) );
#260 = DIRECTION ( 'NONE',  ( 0.000000000000000000, -0.000000000000000000, -1.000000000000000000 ) ) ;
#261 = SURFACE_STYLE_FILL_AREA ( #1184 ) ;
#262 = ORIENTED_EDGE ( 'NONE', *, *, #2624, .F. ) ;
#263 = STYLED_ITEM ( 'NONE', ( #65 ), #968 ) ;
#264 = CARTESIAN_POINT ( 'NONE',  ( 0.4799999999999999822, -0.4800000000000000377, 0.06000000000000001166 ) ) ;
#265 = CARTESIAN_POINT ( 'NONE',  ( -0.4500000000000000666, -0.5020000000000001128, 0.000000000000000000 ) ) ;
#266 =( NAMED_UNIT ( * ) PLANE_ANGLE_UNIT ( ) SI_UNIT ( $, .RADIAN. ) );
#267 = CIRCLE ( 'NONE', #1078, 0.01999999999999999695 ) ;
#268 = CARTESIAN_POINT ( 'NONE',  ( -0.5017042122384699487, 0.4922762600253816623, 0.05933945611247447988 ) ) ;
#269 = VECTOR ( 'NONE', #190, 1000.000000000000000 ) ;
#270 = VECTOR ( 'NONE', #19, 1000.000000000000000 ) ;
#271 = SURFACE_STYLE_FILL_AREA ( #283 ) ;
#272 = ORIENTED_EDGE ( 'NONE', *, *, #2276, .T. ) ;
#273 = EDGE_CURVE ( 'NONE', #1373, #1448, #1867, .T. ) ;
#274 = CARTESIAN_POINT ( 'NONE',  ( 0.4884060552475212313, 0.4598382068274637358, 0.4515932876607923752 ) ) ;
#275 = CARTESIAN_POINT ( 'NONE',  ( 0.4706037154400901090, 0.5103079137094997941, 0.4283919298188905711 ) ) ;
#276 =( NAMED_UNIT ( * ) PLANE_ANGLE_UNIT ( ) SI_UNIT ( $, .RADIAN. ) );
#277 = CARTESIAN_POINT ( 'NONE',  ( -0.4800000000000000377, -0.4800000000000000377, 0.4200000000000000400 ) ) ;
#278 = ORIENTED_EDGE ( 'NONE', *, *, #1117, .T. ) ;
#279 = SURFACE_STYLE_FILL_AREA ( #1740 ) ;
#280 = DIRECTION ( 'NONE',  ( 1.000000000000000000, 0.000000000000000000, 0.000000000000000000 ) ) ;
#281 = CARTESIAN_POINT ( 'NONE',  ( 0.5103079137094990170, -0.4883919298188898472, 0.06939628455991005140 ) ) ;
#282 = DIRECTION ( 'NONE',  ( -0.5773502691896230665, -0.5773502691896283956, -0.5773502691896257311 ) ) ;
#283 = FILL_AREA_STYLE ('',( #2396 ) ) ;
#284 = ORIENTED_EDGE ( 'NONE', *, *, #782, .F. ) ;
#285 = FACE_OUTER_BOUND ( 'NONE', #2522, .T. ) ;
#286 = CYLINDRICAL_SURFACE ( 'NONE', #2316, 0.01999999999999999695 ) ;
#287 = ADVANCED_FACE ( 'NONE', ( #1639 ), #791, .T. ) ;
#288 = VECTOR ( 'NONE', #1410, 1000.000000000000000 ) ;
#289 = CARTESIAN_POINT ( 'NONE',  ( 0.4908177507422032404, 0.5024334668800597425, 0.4213897985291149562 ) ) ;
#290 =( LENGTH_UNIT ( ) NAMED_UNIT ( * ) SI_UNIT ( .MILLI., .METRE. ) );
#291 =( NAMED_UNIT ( * ) SI_UNIT ( $, .STERADIAN. ) SOLID_ANGLE_UNIT ( ) );
#292 = ORIENTED_EDGE ( 'NONE', *, *, #2757, .F. ) ;
#293 = ADVANCED_FACE ( 'NONE', ( #450 ), #650, .T. ) ;
#294 = CARTESIAN_POINT ( 'NONE',  ( -0.2984433176461128712, -0.3410027888995090239, 0.4410000000000000031 ) ) ;
#295 = FACE_OUTER_BOUND ( 'NONE', #2247, .T. ) ;
#296 = CARTESIAN_POINT ( 'NONE',  ( 0.5133868263297214352, 0.4616317454963925759, 0.05518102209033606820 ) ) ;
#297 = DIRECTION ( 'NONE',  ( 1.000000000000000000, 0.000000000000000000, 0.000000000000000000 ) ) ;
#298 = ORIENTED_EDGE ( 'NONE', *, *, #580, .F. ) ;
#299 = UNCERTAINTY_MEASURE_WITH_UNIT (LENGTH_MEASURE( 1.000000000000000082E-05 ), #2512, 'distance_accuracy_value', 'NONE');
#300 = FACE_OUTER_BOUND ( 'NONE', #336, .T. ) ;
#301 = EDGE_CURVE ( 'NONE', #509, #977, #2005, .T. ) ;
#302 = DIRECTION ( 'NONE',  ( 1.000000000000000000, 2.081668171172169992E-16, -0.000000000000000000 ) ) ;
#303 = PRESENTATION_LAYER_ASSIGNMENT (  '', '', ( #572 ) ) ;
#304 = EDGE_LOOP ( 'NONE', ( #2006, #2585, #2606, #2415 ) ) ;
#305 = EDGE_CURVE ( 'NONE', #951, #1171, #851, .T. ) ;
#306 = SURFACE_STYLE_USAGE ( .BOTH. , #734 ) ;
#307 =( GEOMETRIC_REPRESENTATION_CONTEXT ( 3 ) GLOBAL_UNCERTAINTY_ASSIGNED_CONTEXT ( ( #2204 ) ) GLOBAL_UNIT_ASSIGNED_CONTEXT ( ( #2029, #1168, #1814 ) ) REPRESENTATION_CONTEXT ( 'NONE', 'WORKASPACE' ) );
#308 = CARTESIAN_POINT ( 'NONE',  ( -0.4962609814903367056, 0.4868330292772483636, 0.04845299461620770909 ) ) ;
#309 = AXIS2_PLACEMENT_3D ( 'NONE', #2480, #2302, #2470 ) ;
#310 = PRESENTATION_LAYER_ASSIGNMENT (  '', '', ( #1618 ) ) ;
#311 = CARTESIAN_POINT ( 'NONE',  ( -0.4800000000000000377, -0.4800000000000000377, 0.06000000000000001166 ) ) ;
#312 =( NAMED_UNIT ( * ) PLANE_ANGLE_UNIT ( ) SI_UNIT ( $, .RADIAN. ) );
#313 = ORIENTED_EDGE ( 'NONE', *, *, #508, .T. ) ;
#314 = AXIS2_PLACEMENT_3D ( 'NONE', #2386, #2187, #2007 ) ;
#315 = MECHANICAL_DESIGN_GEOMETRIC_PRESENTATION_REPRESENTATION (  '', ( #1220 ), #1792 ) ;
#316 = PLANE ( 'NONE',  #2542 ) ;
#317 = CARTESIAN_POINT ( 'NONE',  ( -0.4868330292772483081, -0.4915470053837925346, 0.4362609814903367633 ) ) ;
#318 =( GEOMETRIC_REPRESENTATION_CONTEXT ( 3 ) GLOBAL_UNCERTAINTY_ASSIGNED_CONTEXT ( ( #2066 ) ) GLOBAL_UNIT_ASSIGNED_CONTEXT ( ( #1485, #1510, #604 ) ) REPRESENTATION_CONTEXT ( 'NONE', 'WORKASPACE' ) );
#319 = CARTESIAN_POINT ( 'NONE',  ( -0.4799999999999999822, 0.4799999999999998712, 0.4200000000000000400 ) ) ;
#320 = ORIENTED_EDGE ( 'NONE', *, *, #491, .T. ) ;
#321 = EDGE_CURVE ( 'NONE', #1642, #2628, #2090, .T. ) ;
#322 = LINE ( 'NONE', #366, #912 ) ;
#323 = CARTESIAN_POINT ( 'NONE',  ( 0.4000000000000000222, 0.4369999999999999996, 0.000000000000000000 ) ) ;
#324 = DIRECTION ( 'NONE',  ( -0.000000000000000000, 1.000000000000000000, 0.000000000000000000 ) ) ;
#325 = EDGE_LOOP ( 'NONE', ( #2610, #2752, #1054, #2655 ) ) ;
#326 = LINE ( 'NONE', #1193, #1318 ) ;
#327 = SURFACE_SIDE_STYLE ('',( #112 ) ) ;
#328 = FILL_AREA_STYLE_COLOUR ( '', #2698 ) ;
#329 = STYLED_ITEM ( 'NONE', ( #2182 ), #2608 ) ;
#330 = LINE ( 'NONE', #2715, #1855 ) ;
#331 = ORIENTED_EDGE ( 'NONE', *, *, #372, .T. ) ;
#332 =( LENGTH_UNIT ( ) NAMED_UNIT ( * ) SI_UNIT ( .MILLI., .METRE. ) );
#333 = ADVANCED_FACE ( 'NONE', ( #1311 ), #25, .T. ) ;
#334 = DIRECTION ( 'NONE',  ( -1.000000000000000000, 0.000000000000000000, 0.000000000000000000 ) ) ;
#335 = SURFACE_STYLE_FILL_AREA ( #1625 ) ;
#336 = EDGE_LOOP ( 'NONE', ( #2078, #805, #2193, #972 ) ) ;
#337 = SURFACE_STYLE_USAGE ( .BOTH. , #1854 ) ;
#338 = FACE_OUTER_BOUND ( 'NONE', #2231, .T. ) ;
#339 = VECTOR ( 'NONE', #1736, 1000.000000000000000 ) ;
#340 = VERTEX_POINT ( 'NONE', #623 ) ;
#341 = CARTESIAN_POINT ( 'NONE',  ( -0.1250000000000000278, 0.4369999999999999440, 0.1250000000000000000 ) ) ;
#342 = MECHANICAL_DESIGN_GEOMETRIC_PRESENTATION_REPRESENTATION (  '', ( #77 ), #524 ) ;
#343 = CARTESIAN_POINT ( 'NONE',  ( 0.4915470053837925346, 0.4915470053837927566, 0.04845299461620747317 ) ) ;
#344 = SURFACE_SIDE_STYLE ('',( #1615 ) ) ;
#345 = ORIENTED_EDGE ( 'NONE', *, *, #1602, .T. ) ;
#346 = COLOUR_RGB ( '',0.2862745098039215508, 0.2862745098039215508, 0.2862745098039215508 ) ;
#347 = FILL_AREA_STYLE ('',( #573 ) ) ;
#348 = DIRECTION ( 'NONE',  ( 1.000000000000000000, 0.000000000000000000, 0.000000000000000000 ) ) ;
#349 = DIRECTION ( 'NONE',  ( -1.000000000000000000, -0.000000000000000000, -0.000000000000000000 ) ) ;
#350 =( NAMED_UNIT ( * ) SI_UNIT ( $, .STERADIAN. ) SOLID_ANGLE_UNIT ( ) );
#351 = DIRECTION ( 'NONE',  ( -1.000000000000000000, 0.000000000000000000, 0.000000000000000000 ) ) ;
#352 = COLOUR_RGB ( '',0.2862745098039215508, 0.2862745098039215508, 0.2862745098039215508 ) ;
#353 = UNCERTAINTY_MEASURE_WITH_UNIT (LENGTH_MEASURE( 1.000000000000000082E-05 ), #91, 'distance_accuracy_value', 'NONE');
#354 = ORIENTED_EDGE ( 'NONE', *, *, #2210, .F. ) ;
#355 = DIRECTION ( 'NONE',  ( -0.000000000000000000, 0.000000000000000000, -1.000000000000000000 ) ) ;
#356 = STYLED_ITEM ( 'NONE', ( #802 ), #1669 ) ;
#357 = ADVANCED_FACE ( 'NONE', ( #1490 ), #1930, .T. ) ;
#358 = STYLED_ITEM ( 'NONE', ( #1589 ), #387 ) ;
#359 = SURFACE_STYLE_FILL_AREA ( #1436 ) ;
#360 = COLOUR_RGB ( '',0.2862745098039215508, 0.2862745098039215508, 0.2862745098039215508 ) ;
#361 = UNCERTAINTY_MEASURE_WITH_UNIT (LENGTH_MEASURE( 1.000000000000000082E-05 ), #631, 'distance_accuracy_value', 'NONE');
#362 = FILL_AREA_STYLE ('',( #682 ) ) ;
#363 = CARTESIAN_POINT ( 'NONE',  ( -0.4922762600253821064, 0.5017042122384701708, 0.4206605438875255509 ) ) ;
#364 = EDGE_LOOP ( 'NONE', ( #1179, #2109, #1355, #2510 ) ) ;
#365 = SURFACE_STYLE_USAGE ( .BOTH. , #2477 ) ;
#366 = CARTESIAN_POINT ( 'NONE',  ( -0.1250000000000000000, 0.2119999999999999940, 0.1250000000000000000 ) ) ;
#367 = SURFACE_STYLE_USAGE ( .BOTH. , #2688 ) ;
#368 = DIRECTION ( 'NONE',  ( -1.000000000000000000, 2.775557561562889872E-16, 0.000000000000000000 ) ) ;
#369 = CARTESIAN_POINT ( 'NONE',  ( -0.4692277922694868542, -0.4911437761600968011, 0.03106800946110381198 ) ) ;
#370 = ORIENTED_EDGE ( 'NONE', *, *, #824, .T. ) ;
#371 = PRESENTATION_STYLE_ASSIGNMENT (( #1011 ) ) ;
#372 = EDGE_CURVE ( 'NONE', #1008, #1269, #943, .T. ) ;
#373 = DIRECTION ( 'NONE',  ( 2.775557561562889872E-16, -1.000000000000000000, 0.000000000000000000 ) ) ;
#374 = ORIENTED_EDGE ( 'NONE', *, *, #470, .T. ) ;
#375 = DIRECTION ( 'NONE',  ( 1.000000000000000000, 2.081668171172169992E-16, -0.000000000000000000 ) ) ;
#376 = MECHANICAL_DESIGN_GEOMETRIC_PRESENTATION_REPRESENTATION (  '', ( #553 ), #926 ) ;
#377 = CARTESIAN_POINT ( 'NONE',  ( 0.4000000000000000222, -0.01300000000000009828, 0.000000000000000000 ) ) ;
#378 = FILL_AREA_STYLE ('',( #1497 ) ) ;
#379 = SURFACE_SIDE_STYLE ('',( #2689 ) ) ;
#380 = CARTESIAN_POINT ( 'NONE',  ( -0.4866125165785923912, -0.4982061327852277399, 0.06498109962804321516 ) ) ;
#381 = ORIENTED_EDGE ( 'NONE', *, *, #954, .T. ) ;
#382 = FACE_OUTER_BOUND ( 'NONE', #1103, .T. ) ;
#383 =( BOUNDED_SURFACE ( )  B_SPLINE_SURFACE ( 3, 3, ( 
 ( #1808, #1782, #2439, #108 ),
 ( #92, #916, #2192, #708 ),
 ( #1353, #971, #2648, #745 ),
 ( #2616, #2175, #519, #928 ) ),
 .UNSPECIFIED., .F., .F., .F. ) 
 B_SPLINE_SURFACE_WITH_KNOTS ( ( 4, 4 ),
 ( 4, 4 ),
 ( 0.000000000000000000, 1.000000000000000000 ),
 ( 0.000000000000000000, 1.000000000000000000 ),
 .UNSPECIFIED. ) 
 GEOMETRIC_REPRESENTATION_ITEM ( )  RATIONAL_B_SPLINE_SURFACE ( (
 ( 1.000000000000000000, 0.3333333333333311499, 0.3333333333333311499, 1.000000000000000000),
 ( 0.9245018060306368080, 0.3081672686768769376, 0.3081672686768769376, 0.9245018060306368080),
 ( 0.9245018060306368080, 0.3081672686768769376, 0.3081672686768769376, 0.9245018060306368080),
 ( 1.000000000000000000, 0.3333333333333311499, 0.3333333333333311499, 1.000000000000000000) ) ) 
 REPRESENTATION_ITEM ( '' )  SURFACE ( )  );
#384 = ORIENTED_EDGE ( 'NONE', *, *, #273, .T. ) ;
#385 = DIRECTION ( 'NONE',  ( 1.000000000000000000, 0.000000000000000000, 0.000000000000000000 ) ) ;
#386 = CARTESIAN_POINT ( 'NONE',  ( -0.4799999999999999822, 0.4999999999999998890, 0.4200000000000000400 ) ) ;
#387 = ADVANCED_FACE ( 'NONE', ( #2630 ), #2224, .T. ) ;
#388 = ORIENTED_EDGE ( 'NONE', *, *, #1496, .F. ) ;
#389 = VECTOR ( 'NONE', #2335, 1000.000000000000000 ) ;
#390 = DIRECTION ( 'NONE',  ( -1.000000000000000000, 0.000000000000000000, 0.000000000000000000 ) ) ;
#391 = EDGE_CURVE ( 'NONE', #816, #2662, #2143, .T. ) ;
#392 = AXIS2_PLACEMENT_3D ( 'NONE', #188, #1044, #599 ) ;
#393 = FILL_AREA_STYLE_COLOUR ( '', #814 ) ;
#394 = DIRECTION ( 'NONE',  ( -0.8164965809277270337, 0.4082482904638640164, -0.4082482904638600196 ) ) ;
#395 = CARTESIAN_POINT ( 'NONE',  ( 0.5000000000000000000, -0.4800000000000000377, 0.04000000000000000083 ) ) ;
#396 = COLOUR_RGB ( '',0.7529411764705882248, 0.7529411764705882248, 0.7529411764705882248 ) ;
#397 = VECTOR ( 'NONE', #1334, 1000.000000000000000 ) ;
#398 = EDGE_LOOP ( 'NONE', ( #1592, #828, #1050, #1733 ) ) ;
#399 =( LENGTH_UNIT ( ) NAMED_UNIT ( * ) SI_UNIT ( .MILLI., .METRE. ) );
#400 = VERTEX_POINT ( 'NONE', #2177 ) ;
#401 = MECHANICAL_DESIGN_GEOMETRIC_PRESENTATION_REPRESENTATION (  '', ( #1398 ), #1443 ) ;
#402 = CARTESIAN_POINT ( 'NONE',  ( -0.2000000000000000389, -0.2520000000000000018, 0.000000000000000000 ) ) ;
#403 = DIRECTION ( 'NONE',  ( 0.000000000000000000, -0.000000000000000000, 1.000000000000000000 ) ) ;
#404 = ORIENTED_EDGE ( 'NONE', *, *, #2575, .T. ) ;
#405 = AXIS2_PLACEMENT_3D ( 'NONE', #2468, #978, #2044 ) ;
#406 = STYLED_ITEM ( 'NONE', ( #4 ), #2032 ) ;
#407 =( NAMED_UNIT ( * ) PLANE_ANGLE_UNIT ( ) SI_UNIT ( $, .RADIAN. ) );
#408 = CARTESIAN_POINT ( 'NONE',  ( -0.4800000000000000377, -0.4800000000000000377, 0.4200000000000000400 ) ) ;
#409 =( NAMED_UNIT ( * ) PLANE_ANGLE_UNIT ( ) SI_UNIT ( $, .RADIAN. ) );
#410 = EDGE_CURVE ( 'NONE', #102, #1077, #1600, .T. ) ;
#411 = SURFACE_SIDE_STYLE ('',( #2328 ) ) ;
#412 = CARTESIAN_POINT ( 'NONE',  ( -0.4000000000000000222, -0.01300000000000010002, 0.000000000000000000 ) ) ;
#413 =( NAMED_UNIT ( * ) SI_UNIT ( $, .STERADIAN. ) SOLID_ANGLE_UNIT ( ) );
#414 = DIRECTION ( 'NONE',  ( -0.000000000000000000, 1.000000000000000000, 0.000000000000000000 ) ) ;
#415 = UNCERTAINTY_MEASURE_WITH_UNIT (LENGTH_MEASURE( 1.000000000000000082E-05 ), #900, 'distance_accuracy_value', 'NONE');
#416 = VERTEX_POINT ( 'NONE', #2195 ) ;
#417 = DIRECTION ( 'NONE',  ( 0.000000000000000000, 0.000000000000000000, 1.000000000000000000 ) ) ;
#418 = LINE ( 'NONE', #430, #339 ) ;
#419 = CARTESIAN_POINT ( 'NONE',  ( -0.4915470053837926456, 0.4915470053837925346, 0.04845299461620759113 ) ) ;
#420 = DIRECTION ( 'NONE',  ( 1.000000000000000000, 0.000000000000000000, 0.000000000000000000 ) ) ;
#421 = CARTESIAN_POINT ( 'NONE',  ( 0.4808737458000932330, -0.4897678529894933797, 0.4386619601788935285 ) ) ;
#422 = CARTESIAN_POINT ( 'NONE',  ( -0.5000000000000000000, 0.5000000000000000000, 0.4200000000000000400 ) ) ;
#423 = ADVANCED_FACE ( 'NONE', ( #285 ), #316, .T. ) ;
#424 = LINE ( 'NONE', #1718, #1404 ) ;
#425 =( NAMED_UNIT ( * ) PLANE_ANGLE_UNIT ( ) SI_UNIT ( $, .RADIAN. ) );
#426 = FILL_AREA_STYLE ('',( #2341 ) ) ;
#427 = ORIENTED_EDGE ( 'NONE', *, *, #954, .F. ) ;
#428 = CARTESIAN_POINT ( 'NONE',  ( 0.4800000000000000377, 0.4800000000000000377, 0.4200000000000000400 ) ) ;
#429 = DIRECTION ( 'NONE',  ( -0.000000000000000000, -0.000000000000000000, -1.000000000000000000 ) ) ;
#430 = CARTESIAN_POINT ( 'NONE',  ( -0.3250000000000000666, -0.2520000000000000018, 0.1250000000000000000 ) ) ;
#431 = DIRECTION ( 'NONE',  ( 0.000000000000000000, 0.000000000000000000, -1.000000000000000000 ) ) ;
#432 = CARTESIAN_POINT ( 'NONE',  ( -0.4616317454963926870, -0.5133868263297214352, 0.4248189779096636087 ) ) ;
#433 = DIRECTION ( 'NONE',  ( -0.5773502691896260641, -0.5773502691896260641, -0.5773502691896252870 ) ) ;
#434 = LINE ( 'NONE', #2737, #957 ) ;
#435 = CARTESIAN_POINT ( 'NONE',  ( 0.4806605438875252156, 0.5017042122384703928, 0.04772373997461810957 ) ) ;
#436 = AXIS2_PLACEMENT_3D ( 'NONE', #1331, #2166, #247 ) ;
#437 = PRESENTATION_STYLE_ASSIGNMENT (( #2576 ) ) ;
#438 = ADVANCED_FACE ( 'NONE', ( #382 ), #2091, .T. ) ;
#439 = VECTOR ( 'NONE', #414, 1000.000000000000000 ) ;
#440 = FACE_OUTER_BOUND ( 'NONE', #1833, .T. ) ;
#441 = MECHANICAL_DESIGN_GEOMETRIC_PRESENTATION_REPRESENTATION (  '', ( #2416 ), #2142 ) ;
#442 = COLOUR_RGB ( '',0.7529411764705882248, 0.7529411764705882248, 0.7529411764705882248 ) ;
#443 = ORIENTED_EDGE ( 'NONE', *, *, #2742, .F. ) ;
#444 = CARTESIAN_POINT ( 'NONE',  ( 0.2500000000000000000, 0.4800000000000001488, 0.4400000000000000022 ) ) ;
#445 = COLOUR_RGB ( '',0.7529411764705882248, 0.7529411764705882248, 0.7529411764705882248 ) ;
#446 = PRESENTATION_STYLE_ASSIGNMENT (( #2205 ) ) ;
#447 = CARTESIAN_POINT ( 'NONE',  ( 0.1250000000000000000, 0.5020000000000001128, 0.000000000000000000 ) ) ;
#448 = PLANE ( 'NONE',  #1068 ) ;
#449 = VERTEX_POINT ( 'NONE', #2068 ) ;
#450 = FACE_OUTER_BOUND ( 'NONE', #1929, .T. ) ;
#451 = DIRECTION ( 'NONE',  ( 0.000000000000000000, 0.000000000000000000, 1.000000000000000000 ) ) ;
#452 = SURFACE_SIDE_STYLE ('',( #1283 ) ) ;
#453 = EDGE_CURVE ( 'NONE', #1683, #837, #983, .T. ) ;
#454 = FILL_AREA_STYLE ('',( #2137 ) ) ;
#455 = PRESENTATION_STYLE_ASSIGNMENT (( #886 ) ) ;
#456 = EDGE_LOOP ( 'NONE', ( #2429, #1139, #2252, #1720 ) ) ;
#457 = SURFACE_STYLE_USAGE ( .BOTH. , #1144 ) ;
#458 = LINE ( 'NONE', #2169, #397 ) ;
#459 = DIRECTION ( 'NONE',  ( 1.000000000000000000, 0.000000000000000000, 0.000000000000000000 ) ) ;
#460 = CARTESIAN_POINT ( 'NONE',  ( 0.4866125165785923912, -0.4750189003719570979, 0.04179386721477224009 ) ) ;
#461 = EDGE_CURVE ( 'NONE', #1338, #2031, #2667, .T. ) ;
#462 = DIRECTION ( 'NONE',  ( 0.000000000000000000, -0.000000000000000000, 1.000000000000000000 ) ) ;
#463 = CARTESIAN_POINT ( 'NONE',  ( -0.4889442719099991175, -0.4978885438199983082, 0.06000000000000001166 ) ) ;
#464 = ORIENTED_EDGE ( 'NONE', *, *, #2189, .F. ) ;
#465 = SURFACE_STYLE_FILL_AREA ( #1977 ) ;
#466 = EDGE_CURVE ( 'NONE', #2082, #2691, #1868, .T. ) ;
#467 = CARTESIAN_POINT ( 'NONE',  ( -0.2000000000000000111, -0.5020000000000001128, 0.000000000000000000 ) ) ;
#468 = ORIENTED_EDGE ( 'NONE', *, *, #470, .F. ) ;
#469 = PLANE ( 'NONE',  #2579 ) ;
#470 = EDGE_CURVE ( 'NONE', #2560, #737, #806, .T. ) ;
#471 = CARTESIAN_POINT ( 'NONE',  ( -0.4915470053837925346, 0.4915470053837924236, 0.04845299461620760501 ) ) ;
#472 =( GEOMETRIC_REPRESENTATION_CONTEXT ( 3 ) GLOBAL_UNCERTAINTY_ASSIGNED_CONTEXT ( ( #1152 ) ) GLOBAL_UNIT_ASSIGNED_CONTEXT ( ( #2599, #884, #259 ) ) REPRESENTATION_CONTEXT ( 'NONE', 'WORKASPACE' ) );
#473 = CARTESIAN_POINT ( 'NONE',  ( -0.4000000000000000222, -0.01300000000000010002, 0.000000000000000000 ) ) ;
#474 = EDGE_LOOP ( 'NONE', ( #602, #2465, #1367, #1636, #167, #1236 ) ) ;
#475 = CARTESIAN_POINT ( 'NONE',  ( -0.3484433176461130266, -0.3410027888995090239, 0.4420000000000000040 ) ) ;
#476 = CIRCLE ( 'NONE', #1115, 0.01999999999999999695 ) ;
#477 = CARTESIAN_POINT ( 'NONE',  ( 0.4000000000000000222, 0.4369999999999999996, 0.000000000000000000 ) ) ;
#478 = STYLED_ITEM ( 'NONE', ( #1478 ), #1138 ) ;
#479 = CARTESIAN_POINT ( 'NONE',  ( 0.4915470053837927566, 0.4915470053837925346, 0.4315470053837927034 ) ) ;
#480 = PRESENTATION_STYLE_ASSIGNMENT (( #742 ) ) ;
#481 = ORIENTED_EDGE ( 'NONE', *, *, #1092, .T. ) ;
#482 =( BOUNDED_SURFACE ( )  B_SPLINE_SURFACE ( 3, 3, ( 
 ( #471, #39, #1982, #939 ),
 ( #308, #268, #2425, #88 ),
 ( #2025, #1116, #1595, #1765 ),
 ( #1757, #2207, #1350, #503 ) ),
 .UNSPECIFIED., .F., .F., .F. ) 
 B_SPLINE_SURFACE_WITH_KNOTS ( ( 4, 4 ),
 ( 4, 4 ),
 ( 0.000000000000000000, 1.000000000000000000 ),
 ( 0.000000000000000000, 1.000000000000000000 ),
 .UNSPECIFIED. ) 
 GEOMETRIC_REPRESENTATION_ITEM ( )  RATIONAL_B_SPLINE_SURFACE ( (
 ( 1.000000000000000000, 0.3333333333333381443, 0.3333333333333381443, 1.000000000000000000),
 ( 0.9245018060306380292, 0.3081672686768837655, 0.3081672686768837655, 0.9245018060306380292),
 ( 0.9245018060306380292, 0.3081672686768837655, 0.3081672686768837655, 0.9245018060306380292),
 ( 1.000000000000000000, 0.3333333333333381443, 0.3333333333333381443, 1.000000000000000000) ) ) 
 REPRESENTATION_ITEM ( '' )  SURFACE ( )  );
#483 = PRESENTATION_LAYER_ASSIGNMENT (  '', '', ( #263 ) ) ;
#484 = SURFACE_STYLE_USAGE ( .BOTH. , #1562 ) ;
#485 = UNCERTAINTY_MEASURE_WITH_UNIT (LENGTH_MEASURE( 1.000000000000000082E-05 ), #2045, 'distance_accuracy_value', 'NONE');
#486 = DIRECTION ( 'NONE',  ( 0.000000000000000000, -1.000000000000000000, 0.000000000000000000 ) ) ;
#487 = CARTESIAN_POINT ( 'NONE',  ( 0.4915470053837923126, -0.4915470053837923126, 0.04845299461620767439 ) ) ;
#488 = MECHANICAL_DESIGN_GEOMETRIC_PRESENTATION_REPRESENTATION (  '', ( #1172 ), #1402 ) ;
#489 = SURFACE_STYLE_USAGE ( .BOTH. , #1798 ) ;
#490 = PRESENTATION_LAYER_ASSIGNMENT (  '', '', ( #2416 ) ) ;
#491 = EDGE_CURVE ( 'NONE', #1293, #1393, #996, .T. ) ;
#492 = PRESENTATION_LAYER_ASSIGNMENT (  '', '', ( #995 ) ) ;
#493 =( NAMED_UNIT ( * ) SI_UNIT ( $, .STERADIAN. ) SOLID_ANGLE_UNIT ( ) );
#494 = COLOUR_RGB ( '',0.2862745098039215508, 0.2862745098039215508, 0.2862745098039215508 ) ;
#495 = ORIENTED_EDGE ( 'NONE', *, *, #544, .F. ) ;
#496 =( NAMED_UNIT ( * ) PLANE_ANGLE_UNIT ( ) SI_UNIT ( $, .RADIAN. ) );
#497 =( NAMED_UNIT ( * ) SI_UNIT ( $, .STERADIAN. ) SOLID_ANGLE_UNIT ( ) );
#498 = PRODUCT_CONTEXT ( 'NONE', #1248, 'mechanical' ) ;
#499 = FILL_AREA_STYLE_COLOUR ( '', #722 ) ;
#500 = EDGE_LOOP ( 'NONE', ( #2320, #2388, #1550, #2262 ) ) ;
#501 = CARTESIAN_POINT ( 'NONE',  ( 0.4500000000000000666, -0.2520000000000000018, 0.000000000000000000 ) ) ;
#502 = SURFACE_STYLE_FILL_AREA ( #1348 ) ;
#503 = CARTESIAN_POINT ( 'NONE',  ( -0.4750189003719570979, 0.4982061327852279620, 0.05338748342140772762 ) ) ;
#504 = CARTESIAN_POINT ( 'NONE',  ( 0.4915470053837925346, -0.4915470053837925346, 0.04845299461620750092 ) ) ;
#505 = PRESENTATION_STYLE_ASSIGNMENT (( #927 ) ) ;
#506 = CARTESIAN_POINT ( 'NONE',  ( -0.4799999999999998157, -0.4799999999999999822, 0.06000000000000001166 ) ) ;
#507 = CARTESIAN_POINT ( 'NONE',  ( 0.4986619601788935263, -0.4897678529894933797, 0.4208737458000932352 ) ) ;
#508 = EDGE_CURVE ( 'NONE', #837, #1022, #326, .T. ) ;
#509 = VERTEX_POINT ( 'NONE', #2036 ) ;
#510 = PRESENTATION_STYLE_ASSIGNMENT (( #2014 ) ) ;
#511 = PRESENTATION_LAYER_ASSIGNMENT (  '', '', ( #2218 ) ) ;
#512 = FILL_AREA_STYLE ('',( #1768 ) ) ;
#513 =( NAMED_UNIT ( * ) SI_UNIT ( $, .STERADIAN. ) SOLID_ANGLE_UNIT ( ) );
#514 = FILL_AREA_STYLE ('',( #1578 ) ) ;
#515 = ORIENTED_EDGE ( 'NONE', *, *, #2725, .T. ) ;
#516 = CARTESIAN_POINT ( 'NONE',  ( 0.4000000000000000222, 0.2119999999999999940, 0.1250000000000000000 ) ) ;
#517 = SURFACE_SIDE_STYLE ('',( #2437 ) ) ;
#518 = CARTESIAN_POINT ( 'NONE',  ( -0.1250000000000000000, 0.5020000000000001128, 0.000000000000000000 ) ) ;
#519 = CARTESIAN_POINT ( 'NONE',  ( -0.4616317454963926870, 0.4848189779096639396, 0.4533868263297212708 ) ) ;
#520 = VERTEX_POINT ( 'NONE', #765 ) ;
#521 = AXIS2_PLACEMENT_3D ( 'NONE', #2473, #2054, #141 ) ;
#522 = DIRECTION ( 'NONE',  ( -2.775557561562889872E-16, 1.000000000000000000, 0.000000000000000000 ) ) ;
#523 = PRODUCT_DEFINITION_CONTEXT ( 'detailed design', #2248, 'design' ) ;
#524 =( GEOMETRIC_REPRESENTATION_CONTEXT ( 3 ) GLOBAL_UNCERTAINTY_ASSIGNED_CONTEXT ( ( #2535 ) ) GLOBAL_UNIT_ASSIGNED_CONTEXT ( ( #1237, #2694, #1039 ) ) REPRESENTATION_CONTEXT ( 'NONE', 'WORKASPACE' ) );
#525 = FACE_OUTER_BOUND ( 'NONE', #304, .T. ) ;
#526 = EDGE_CURVE ( 'NONE', #248, #531, #2663, .T. ) ;
#527 =( NAMED_UNIT ( * ) PLANE_ANGLE_UNIT ( ) SI_UNIT ( $, .RADIAN. ) );
#528 = MECHANICAL_DESIGN_GEOMETRIC_PRESENTATION_REPRESENTATION (  '', ( #754 ), #1028 ) ;
#529 = COLOUR_RGB ( '',0.2862745098039215508, 0.2862745098039215508, 0.2862745098039215508 ) ;
#530 = DIRECTION ( 'NONE',  ( 1.000000000000000000, -2.775557561562889872E-16, 0.000000000000000000 ) ) ;
#531 = VERTEX_POINT ( 'NONE', #2263 ) ;
#532 =( GEOMETRIC_REPRESENTATION_CONTEXT ( 3 ) GLOBAL_UNCERTAINTY_ASSIGNED_CONTEXT ( ( #109 ) ) GLOBAL_UNIT_ASSIGNED_CONTEXT ( ( #1964, #1763, #1133 ) ) REPRESENTATION_CONTEXT ( 'NONE', 'WORKASPACE' ) );
#533 = CIRCLE ( 'NONE', #2055, 0.02000000000000001429 ) ;
#534 = AXIS2_PLACEMENT_3D ( 'NONE', #1079, #838, #1693 ) ;
#535 = SURFACE_STYLE_FILL_AREA ( #1863 ) ;
#536 = ORIENTED_EDGE ( 'NONE', *, *, #1257, .T. ) ;
#537 = AXIS2_PLACEMENT_3D ( 'NONE', #759, #106, #1444 ) ;
#538 = DIRECTION ( 'NONE',  ( 0.5773502691896270633, -0.5773502691896243988, -0.5773502691896259531 ) ) ;
#539 = CARTESIAN_POINT ( 'NONE',  ( -0.5115932876607923729, -0.4598382068274637358, 0.4284060552475214001 ) ) ;
#540 = PRESENTATION_LAYER_ASSIGNMENT (  '', '', ( #46 ) ) ;
#541 = CYLINDRICAL_SURFACE ( 'NONE', #72, 0.05000000000000012768 ) ;
#542 = FACE_OUTER_BOUND ( 'NONE', #129, .T. ) ;
#543 = CARTESIAN_POINT ( 'NONE',  ( -0.5115932876607923729, 0.4884060552475214534, 0.3998382068274635714 ) ) ;
#544 = EDGE_CURVE ( 'NONE', #929, #598, #1204, .T. ) ;
#545 = VERTEX_POINT ( 'NONE', #1221 ) ;
#546 = PLANE ( 'NONE',  #582 ) ;
#547 = PRODUCT_RELATED_PRODUCT_CATEGORY ( 'part', '', ( #118 ) ) ;
#548 = EDGE_LOOP ( 'NONE', ( #2366, #1434, #47, #781 ) ) ;
#549 = CARTESIAN_POINT ( 'NONE',  ( -0.2000000000000000111, -0.2520000000000000018, 0.000000000000000000 ) ) ;
#550 = DIRECTION ( 'NONE',  ( -1.734723475976810053E-16, 1.000000000000000000, 0.000000000000000000 ) ) ;
#551 = ORIENTED_EDGE ( 'NONE', *, *, #1292, .T. ) ;
#552 = DIRECTION ( 'NONE',  ( 0.4082482904638633503, 0.8164965809277260345, 0.4082482904638629062 ) ) ;
#553 = STYLED_ITEM ( 'NONE', ( #976 ), #2652 ) ;
#554 = CARTESIAN_POINT ( 'NONE',  ( -0.4915470053837926456, 0.4915470053837925346, 0.4315470053837925923 ) ) ;
#555 = ORIENTED_EDGE ( 'NONE', *, *, #410, .T. ) ;
#556 = CARTESIAN_POINT ( 'NONE',  ( 0.4868330292772483636, -0.4915470053837926456, 0.4362609814903365968 ) ) ;
#557 = PRESENTATION_STYLE_ASSIGNMENT (( #784 ) ) ;
#558 = EDGE_CURVE ( 'NONE', #1784, #1629, #1173, .T. ) ;
#559 = DIRECTION ( 'NONE',  ( 5.333251894243680090E-16, -1.000000000000000000, 0.000000000000000000 ) ) ;
#560 = CARTESIAN_POINT ( 'NONE',  ( -0.4915470053837923126, -0.4915470053837923126, 0.04845299461620768827 ) ) ;
#561 = ORIENTED_EDGE ( 'NONE', *, *, #2670, .F. ) ;
#562 = DIRECTION ( 'NONE',  ( 0.8164965809277253683, 0.4082482904638644050, 0.4082482904638631283 ) ) ;
#563 = CARTESIAN_POINT ( 'NONE',  ( -0.4884060552475213424, -0.4598382068274637358, 0.4515932876607923752 ) ) ;
#564 = ORIENTED_EDGE ( 'NONE', *, *, #1241, .F. ) ;
#565 = LINE ( 'NONE', #1452, #2444 ) ;
#566 = CIRCLE ( 'NONE', #1251, 0.01999999999999998307 ) ;
#567 = SURFACE_STYLE_USAGE ( .BOTH. , #1208 ) ;
#568 = AXIS2_PLACEMENT_3D ( 'NONE', #311, #1851, #1413 ) ;
#569 =( NAMED_UNIT ( * ) PLANE_ANGLE_UNIT ( ) SI_UNIT ( $, .RADIAN. ) );
#570 = ORIENTED_EDGE ( 'NONE', *, *, #1888, .T. ) ;
#571 = PRESENTATION_LAYER_ASSIGNMENT (  '', '', ( #1914 ) ) ;
#572 = STYLED_ITEM ( 'NONE', ( #455 ), #1202 ) ;
#573 = FILL_AREA_STYLE_COLOUR ( '', #1302 ) ;
#574 = FACE_OUTER_BOUND ( 'NONE', #871, .T. ) ;
#575 = LINE ( 'NONE', #1214, #1038 ) ;
#576 =( LENGTH_UNIT ( ) NAMED_UNIT ( * ) SI_UNIT ( .MILLI., .METRE. ) );
#577 = VECTOR ( 'NONE', #1000, 1000.000000000000000 ) ;
#578 = UNCERTAINTY_MEASURE_WITH_UNIT (LENGTH_MEASURE( 1.000000000000000082E-05 ), #66, 'distance_accuracy_value', 'NONE');
#579 = ORIENTED_EDGE ( 'NONE', *, *, #1597, .F. ) ;
#580 = EDGE_CURVE ( 'NONE', #1240, #1725, #2748, .T. ) ;
#581 =( NAMED_UNIT ( * ) SI_UNIT ( $, .STERADIAN. ) SOLID_ANGLE_UNIT ( ) );
#582 = AXIS2_PLACEMENT_3D ( 'NONE', #2517, #1059, #1522 ) ;
#583 = MECHANICAL_DESIGN_GEOMETRIC_PRESENTATION_REPRESENTATION (  '', ( #2100 ), #1749 ) ;
#584 = CARTESIAN_POINT ( 'NONE',  ( -0.4962609814903368166, 0.4868330292772481416, 0.4315470053837925368 ) ) ;
#585 =( GEOMETRIC_REPRESENTATION_CONTEXT ( 3 ) GLOBAL_UNCERTAINTY_ASSIGNED_CONTEXT ( ( #163 ) ) GLOBAL_UNIT_ASSIGNED_CONTEXT ( ( #1552, #1336, #1524 ) ) REPRESENTATION_CONTEXT ( 'NONE', 'WORKASPACE' ) );
#586 = VERTEX_POINT ( 'NONE', #1101 ) ;
#587 = CARTESIAN_POINT ( 'NONE',  ( 0.5115932876607923729, -0.4598382068274636247, 0.4284060552475216777 ) ) ;
#588 = LINE ( 'NONE', #1644, #81 ) ;
#589 =( NAMED_UNIT ( * ) SI_UNIT ( $, .STERADIAN. ) SOLID_ANGLE_UNIT ( ) );
#590 = CARTESIAN_POINT ( 'NONE',  ( -0.4868330292772484746, -0.4915470053837925346, 0.4362609814903368188 ) ) ;
#591 =( NAMED_UNIT ( * ) PLANE_ANGLE_UNIT ( ) SI_UNIT ( $, .RADIAN. ) );
#592 = ORIENTED_EDGE ( 'NONE', *, *, #985, .F. ) ;
#593 =( NAMED_UNIT ( * ) PLANE_ANGLE_UNIT ( ) SI_UNIT ( $, .RADIAN. ) );
#594 = SURFACE_SIDE_STYLE ('',( #2037 ) ) ;
#595 = EDGE_CURVE ( 'NONE', #1572, #150, #424, .T. ) ;
#596 = ORIENTED_EDGE ( 'NONE', *, *, #158, .F. ) ;
#597 = EDGE_CURVE ( 'NONE', #1632, #1784, #434, .T. ) ;
#598 = VERTEX_POINT ( 'NONE', #447 ) ;
#599 = DIRECTION ( 'NONE',  ( 0.000000000000000000, -1.000000000000000000, -2.710505431213761479E-15 ) ) ;
#600 = FILL_AREA_STYLE_COLOUR ( '', #2181 ) ;
#601 = CARTESIAN_POINT ( 'NONE',  ( 0.4915470053837925346, -0.4915470053837925346, 0.4315470053837925923 ) ) ;
#602 = ORIENTED_EDGE ( 'NONE', *, *, #1451, .F. ) ;
#603 = SURFACE_SIDE_STYLE ('',( #2519 ) ) ;
#604 =( NAMED_UNIT ( * ) SI_UNIT ( $, .STERADIAN. ) SOLID_ANGLE_UNIT ( ) );
#605 = EDGE_LOOP ( 'NONE', ( #515, #381, #2344, #1891, #2147, #2684 ) ) ;
#606 = CARTESIAN_POINT ( 'NONE',  ( -0.4000000000000000222, 0.4369999999999999440, 0.000000000000000000 ) ) ;
#607 = PRESENTATION_STYLE_ASSIGNMENT (( #1502 ) ) ;
#608 = ORIENTED_EDGE ( 'NONE', *, *, #273, .F. ) ;
#609 = EDGE_CURVE ( 'NONE', #184, #1774, #2764, .T. ) ;
#610 = CARTESIAN_POINT ( 'NONE',  ( 0.1250000000000000000, 0.4369468763007750001, 0.000000000000000000 ) ) ;
#611 = STYLED_ITEM ( 'NONE', ( #48 ), #2322 ) ;
#612 = PRESENTATION_STYLE_ASSIGNMENT (( #1468 ) ) ;
#613 =( GEOMETRIC_REPRESENTATION_CONTEXT ( 3 ) GLOBAL_UNCERTAINTY_ASSIGNED_CONTEXT ( ( #144 ) ) GLOBAL_UNIT_ASSIGNED_CONTEXT ( ( #718, #1475, #1295 ) ) REPRESENTATION_CONTEXT ( 'NONE', 'WORKASPACE' ) );
#614 = CARTESIAN_POINT ( 'NONE',  ( 0.4848189779096636620, -0.5133868263297212131, 0.4016317454963927447 ) ) ;
#615 = FACE_OUTER_BOUND ( 'NONE', #1465, .T. ) ;
#616 = COLOUR_RGB ( '',0.7529411764705882248, 0.7529411764705882248, 0.7529411764705882248 ) ;
#617 = AXIS2_PLACEMENT_3D ( 'NONE', #231, #2360, #1695 ) ;
#618 = PRESENTATION_STYLE_ASSIGNMENT (( #215 ) ) ;
#619 = CARTESIAN_POINT ( 'NONE',  ( 0.5103079137094999052, 0.4706037154400899425, 0.05160807018110931399 ) ) ;
#620 = CARTESIAN_POINT ( 'NONE',  ( 0.4866125165785923912, 0.4750189003719570424, 0.04179386721477210825 ) ) ;
#621 = EDGE_LOOP ( 'NONE', ( #1197, #1501, #2067, #1875, #2741, #464 ) ) ;
#622 = AXIS2_PLACEMENT_3D ( 'NONE', #319, #302, #975 ) ;
#623 = CARTESIAN_POINT ( 'NONE',  ( -0.1250000000000000000, 0.5020000000000001128, 0.000000000000000000 ) ) ;
#624 = COLOUR_RGB ( '',0.2862745098039215508, 0.2862745098039215508, 0.2862745098039215508 ) ;
#625 = SURFACE_STYLE_FILL_AREA ( #2121 ) ;
#626 = FACE_OUTER_BOUND ( 'NONE', #1959, .T. ) ;
#627 = CIRCLE ( 'NONE', #856, 0.02000000000000000389 ) ;
#628 = AXIS2_PLACEMENT_3D ( 'NONE', #1276, #635, #1061 ) ;
#629 = EDGE_CURVE ( 'NONE', #545, #598, #2769, .T. ) ;
#630 =( NAMED_UNIT ( * ) SI_UNIT ( $, .STERADIAN. ) SOLID_ANGLE_UNIT ( ) );
#631 =( LENGTH_UNIT ( ) NAMED_UNIT ( * ) SI_UNIT ( .MILLI., .METRE. ) );
#632 = FACE_OUTER_BOUND ( 'NONE', #696, .T. ) ;
#633 = CARTESIAN_POINT ( 'NONE',  ( 0.4800000000000000377, -0.4800000000000000377, 0.06000000000000001166 ) ) ;
#634 =( NAMED_UNIT ( * ) SI_UNIT ( $, .STERADIAN. ) SOLID_ANGLE_UNIT ( ) );
#635 = DIRECTION ( 'NONE',  ( 1.000000000000000000, 0.000000000000000000, 0.000000000000000000 ) ) ;
#636 = CARTESIAN_POINT ( 'NONE',  ( 0.4915470053837927011, 0.4915470053837927011, 0.04845299461620761194 ) ) ;
#637 =( NAMED_UNIT ( * ) PLANE_ANGLE_UNIT ( ) SI_UNIT ( $, .RADIAN. ) );
#638 = ORIENTED_EDGE ( 'NONE', *, *, #2210, .T. ) ;
#639 =( NAMED_UNIT ( * ) PLANE_ANGLE_UNIT ( ) SI_UNIT ( $, .RADIAN. ) );
#640 = FILL_AREA_STYLE ('',( #1685 ) ) ;
#641 = CARTESIAN_POINT ( 'NONE',  ( -0.4800000000000000377, 0.4800000000000000377, 0.06000000000000001166 ) ) ;
#642 = SURFACE_STYLE_USAGE ( .BOTH. , #2111 ) ;
#643 = LINE ( 'NONE', #2311, #2105 ) ;
#644 = CARTESIAN_POINT ( 'NONE',  ( 0.4868330292772484191, -0.4915470053837925346, 0.4362609814903368743 ) ) ;
#645 = DIRECTION ( 'NONE',  ( 1.000000000000000000, 0.000000000000000000, -0.000000000000000000 ) ) ;
#646 = COLOUR_RGB ( '',0.7529411764705882248, 0.7529411764705882248, 0.7529411764705882248 ) ;
#647 = ADVANCED_FACE ( 'NONE', ( #1896 ), #2547, .T. ) ;
#648 = CARTESIAN_POINT ( 'NONE',  ( -0.4915470053837924236, -0.4915470053837923126, 0.04845299461620758419 ) ) ;
#649 = ORIENTED_EDGE ( 'NONE', *, *, #461, .F. ) ;
#650 = PLANE ( 'NONE',  #1773 ) ;
#651 = SURFACE_STYLE_FILL_AREA ( #12 ) ;
#652 =( NAMED_UNIT ( * ) SI_UNIT ( $, .STERADIAN. ) SOLID_ANGLE_UNIT ( ) );
#653 = PRESENTATION_LAYER_ASSIGNMENT (  '', '', ( #790 ) ) ;
#654 = ORIENTED_EDGE ( 'NONE', *, *, #839, .T. ) ;
#655 = SURFACE_STYLE_FILL_AREA ( #819 ) ;
#656 = LINE ( 'NONE', #237, #1121 ) ;
#657 = CYLINDRICAL_SURFACE ( 'NONE', #2232, 0.01999999999999999695 ) ;
#658 = LINE ( 'NONE', #395, #1313 ) ;
#659 =( NAMED_UNIT ( * ) SI_UNIT ( $, .STERADIAN. ) SOLID_ANGLE_UNIT ( ) );
#660 = MECHANICAL_DESIGN_GEOMETRIC_PRESENTATION_REPRESENTATION (  '', ( #1871 ), #1611 ) ;
#661 = CARTESIAN_POINT ( 'NONE',  ( -0.4915470053837923126, -0.4868330292772481971, 0.04373901850966342708 ) ) ;
#662 = DIRECTION ( 'NONE',  ( -2.775557561562889872E-16, 1.000000000000000000, -0.000000000000000000 ) ) ;
#663 =( GEOMETRIC_REPRESENTATION_CONTEXT ( 3 ) GLOBAL_UNCERTAINTY_ASSIGNED_CONTEXT ( ( #1437 ) ) GLOBAL_UNIT_ASSIGNED_CONTEXT ( ( #2561, #1315, #1191 ) ) REPRESENTATION_CONTEXT ( 'NONE', 'WORKASPACE' ) );
#664 = EDGE_CURVE ( 'NONE', #1063, #717, #203, .T. ) ;
#665 = VERTEX_POINT ( 'NONE', #2531 ) ;
#666 =( NAMED_UNIT ( * ) SI_UNIT ( $, .STERADIAN. ) SOLID_ANGLE_UNIT ( ) );
#667 = DIRECTION ( 'NONE',  ( 0.4082482904638610188, -0.8164965809277280329, 0.4082482904638610188 ) ) ;
#668 = FILL_AREA_STYLE_COLOUR ( '', #1111 ) ;
#669 =( BOUNDED_SURFACE ( )  B_SPLINE_SURFACE ( 3, 3, ( 
 ( #1194, #1010, #1222, #810 ),
 ( #317, #1842, #151, #1612 ),
 ( #1813, #2693, #788, #1182 ),
 ( #2456, #563, #539, #1672 ) ),
 .UNSPECIFIED., .F., .F., .T. ) 
 B_SPLINE_SURFACE_WITH_KNOTS ( ( 4, 4 ),
 ( 4, 4 ),
 ( 0.000000000000000000, 1.000000000000000000 ),
 ( 0.000000000000000000, 1.000000000000000000 ),
 .UNSPECIFIED. ) 
 GEOMETRIC_REPRESENTATION_ITEM ( )  RATIONAL_B_SPLINE_SURFACE ( (
 ( 1.000000000000000000, 0.3333333333333334259, 0.3333333333333334259, 1.000000000000000000),
 ( 0.9245018060306364749, 0.3081672686768789360, 0.3081672686768789360, 0.9245018060306364749),
 ( 0.9245018060306364749, 0.3081672686768789360, 0.3081672686768789360, 0.9245018060306364749),
 ( 1.000000000000000000, 0.3333333333333334259, 0.3333333333333334259, 1.000000000000000000) ) ) 
 REPRESENTATION_ITEM ( '' )  SURFACE ( )  );
#670 = SURFACE_STYLE_FILL_AREA ( #2383 ) ;
#671 = PRESENTATION_STYLE_ASSIGNMENT (( #223 ) ) ;
#672 = CARTESIAN_POINT ( 'NONE',  ( -0.4915470053837927011, 0.4915470053837925901, 0.04845299461620779929 ) ) ;
#673 = MECHANICAL_DESIGN_GEOMETRIC_PRESENTATION_REPRESENTATION (  '', ( #2373 ), #2669 ) ;
#674 = ORIENTED_EDGE ( 'NONE', *, *, #372, .F. ) ;
#675 = CARTESIAN_POINT ( 'NONE',  ( 0.1250000000000000000, 0.5020000000000001128, 0.1250000000000000000 ) ) ;
#676 = CARTESIAN_POINT ( 'NONE',  ( 0.4800000000000000377, -0.4800000000000000377, 0.4200000000000000400 ) ) ;
#677 = AXIS2_PLACEMENT_3D ( 'NONE', #1419, #2264, #137 ) ;
#678 = MECHANICAL_DESIGN_GEOMETRIC_PRESENTATION_REPRESENTATION (  '', ( #1175 ), #758 ) ;
#679 = DIRECTION ( 'NONE',  ( -1.000000000000000000, -2.081668171172169992E-16, 0.000000000000000000 ) ) ;
#680 =( NAMED_UNIT ( * ) SI_UNIT ( $, .STERADIAN. ) SOLID_ANGLE_UNIT ( ) );
#681 = CARTESIAN_POINT ( 'NONE',  ( 0.1250000000000000000, 0.4369999999999999996, 0.1250000000000000000 ) ) ;
#682 = FILL_AREA_STYLE_COLOUR ( '', #2190 ) ;
#683 = ORIENTED_EDGE ( 'NONE', *, *, #2281, .F. ) ;
#684 = DIRECTION ( 'NONE',  ( -2.775557561562889872E-16, 1.000000000000000000, 0.000000000000000000 ) ) ;
#685 =( NAMED_UNIT ( * ) PLANE_ANGLE_UNIT ( ) SI_UNIT ( $, .RADIAN. ) );
#686 = UNCERTAINTY_MEASURE_WITH_UNIT (LENGTH_MEASURE( 1.000000000000000082E-05 ), #692, 'distance_accuracy_value', 'NONE');
#687 = ADVANCED_FACE ( 'NONE', ( #1939 ), #482, .T. ) ;
#688 = DIRECTION ( 'NONE',  ( -4.163336342344339985E-16, 1.000000000000000000, 0.000000000000000000 ) ) ;
#689 = ORIENTED_EDGE ( 'NONE', *, *, #1319, .F. ) ;
#690 = CARTESIAN_POINT ( 'NONE',  ( -0.4800000000000000933, 0.4800000000000000377, 0.06000000000000001166 ) ) ;
#691 = LINE ( 'NONE', #265, #1778 ) ;
#692 =( LENGTH_UNIT ( ) NAMED_UNIT ( * ) SI_UNIT ( .MILLI., .METRE. ) );
#693 = DIRECTION ( 'NONE',  ( 1.000000000000000000, -2.775557561562889872E-16, -0.000000000000000000 ) ) ;
#694 = COLOUR_RGB ( '',0.2862745098039215508, 0.2862745098039215508, 0.2862745098039215508 ) ;
#695 = SURFACE_STYLE_USAGE ( .BOTH. , #1801 ) ;
#696 = EDGE_LOOP ( 'NONE', ( #2776, #217, #1605, #1211 ) ) ;
#697 =( LENGTH_UNIT ( ) NAMED_UNIT ( * ) SI_UNIT ( .MILLI., .METRE. ) );
#698 = SURFACE_STYLE_FILL_AREA ( #2618 ) ;
#699 = DIRECTION ( 'NONE',  ( -1.000000000000000000, -0.000000000000000000, -0.000000000000000000 ) ) ;
#700 = CARTESIAN_POINT ( 'NONE',  ( 0.4915470053837923126, -0.4915470053837923126, 0.04845299461620758419 ) ) ;
#701 = EDGE_CURVE ( 'NONE', #509, #2662, #2188, .T. ) ;
#702 = ORIENTED_EDGE ( 'NONE', *, *, #2683, .T. ) ;
#703 = FILL_AREA_STYLE_COLOUR ( '', #1392 ) ;
#704 = CLOSED_SHELL ( 'NONE', ( #2740, #1897, #874, #1669, #2571, #1913 ) ) ;
#705 = CARTESIAN_POINT ( 'NONE',  ( 0.1250000000000000000, 0.5020000000000001128, 0.000000000000000000 ) ) ;
#706 = VECTOR ( 'NONE', #2680, 1000.000000000000000 ) ;
#707 = SURFACE_STYLE_FILL_AREA ( #1781 ) ;
#708 = CARTESIAN_POINT ( 'NONE',  ( -0.4868330292772486412, 0.4962609814903367611, 0.4315470053837925368 ) ) ;
#709 = ORIENTED_EDGE ( 'NONE', *, *, #526, .F. ) ;
#710 = SURFACE_STYLE_FILL_AREA ( #2651 ) ;
#711 = MECHANICAL_DESIGN_GEOMETRIC_PRESENTATION_REPRESENTATION (  '', ( #611 ), #2403 ) ;
#712 = VECTOR ( 'NONE', #890, 1000.000000000000000 ) ;
#713 = MECHANICAL_DESIGN_GEOMETRIC_PRESENTATION_REPRESENTATION (  '', ( #1571 ), #2754 ) ;
#714 = SURFACE_STYLE_USAGE ( .BOTH. , #1613 ) ;
#715 = AXIS2_PLACEMENT_3D ( 'NONE', #1845, #2461, #114 ) ;
#716 = DIRECTION ( 'NONE',  ( -2.775557561562889872E-16, 1.000000000000000000, 0.000000000000000000 ) ) ;
#717 = VERTEX_POINT ( 'NONE', #955 ) ;
#718 =( LENGTH_UNIT ( ) NAMED_UNIT ( * ) SI_UNIT ( .MILLI., .METRE. ) );
#719 = EDGE_CURVE ( 'NONE', #2282, #888, #41, .T. ) ;
#720 = PRESENTATION_LAYER_ASSIGNMENT (  '', '', ( #1360 ) ) ;
#721 = SURFACE_SIDE_STYLE ('',( #2626 ) ) ;
#722 = COLOUR_RGB ( '',0.7529411764705882248, 0.7529411764705882248, 0.7529411764705882248 ) ;
#723 = MECHANICAL_DESIGN_GEOMETRIC_PRESENTATION_REPRESENTATION (  '', ( #764 ), #2102 ) ;
#724 = DIRECTION ( 'NONE',  ( -1.000000000000000000, -0.000000000000000000, -0.000000000000000000 ) ) ;
#725 = SURFACE_SIDE_STYLE ('',( #1162 ) ) ;
#726 = MECHANICAL_DESIGN_GEOMETRIC_PRESENTATION_REPRESENTATION (  '', ( #2149 ), #2634 ) ;
#727 = EDGE_LOOP ( 'NONE', ( #649, #1793, #2508, #236, #1840 ) ) ;
#728 = FILL_AREA_STYLE_COLOUR ( '', #624 ) ;
#729 = CARTESIAN_POINT ( 'NONE',  ( 0.4922762600253816623, 0.4806605438875253822, 0.4417042122384703950 ) ) ;
#730 = UNCERTAINTY_MEASURE_WITH_UNIT (LENGTH_MEASURE( 1.000000000000000082E-05 ), #2596, 'distance_accuracy_value', 'NONE');
#731 = CARTESIAN_POINT ( 'NONE',  ( 0.4986619601788937484, 0.4897678529894932686, 0.4208737458000932352 ) ) ;
#732 = FILL_AREA_STYLE ('',( #1183 ) ) ;
#733 = EDGE_LOOP ( 'NONE', ( #50, #443, #2646, #2160 ) ) ;
#734 = SURFACE_SIDE_STYLE ('',( #2636 ) ) ;
#735 = FILL_AREA_STYLE_COLOUR ( '', #1873 ) ;
#736 = CARTESIAN_POINT ( 'NONE',  ( -0.4799999999999999822, 0.4799999999999998712, 0.4200000000000000400 ) ) ;
#737 = VERTEX_POINT ( 'NONE', #681 ) ;
#738 = ADVANCED_FACE ( 'NONE', ( #1364 ), #2395, .T. ) ;
#739 = CARTESIAN_POINT ( 'NONE',  ( -0.4800000000000000377, 0.2500000000000000000, 0.06000000000000001166 ) ) ;
#740 = MECHANICAL_DESIGN_GEOMETRIC_PRESENTATION_REPRESENTATION (  '', ( #2218 ), #1012 ) ;
#741 = PRESENTATION_STYLE_ASSIGNMENT (( #2028 ) ) ;
#742 = SURFACE_STYLE_USAGE ( .BOTH. , #1129 ) ;
#743 = ORIENTED_EDGE ( 'NONE', *, *, #750, .T. ) ;
#744 = CARTESIAN_POINT ( 'NONE',  ( 0.4915470053837925346, 0.4915470053837925346, 0.04845299461620751480 ) ) ;
#745 = CARTESIAN_POINT ( 'NONE',  ( -0.4808737458000935661, 0.4986619601788936373, 0.4297678529894933264 ) ) ;
#746 = ORIENTED_EDGE ( 'NONE', *, *, #410, .F. ) ;
#747 = CLOSED_SHELL ( 'NONE', ( #1064, #1811, #687, #2032, #1972, #2355, #1508, #123, #1368, #899, #2322, #107, #920, #2024, #1347, #2608, #1202, #1698, #1403, #423, #293, #2053, #287, #1138, #789, #1547, #2259, #2293, #387, #2172, #1746, #2257, #2652, #2309 ) ) ;
#748 =( LENGTH_UNIT ( ) NAMED_UNIT ( * ) SI_UNIT ( .MILLI., .METRE. ) );
#749 = PRESENTATION_STYLE_ASSIGNMENT (( #2501 ) ) ;
#750 = EDGE_CURVE ( 'NONE', #977, #816, #1136, .T. ) ;
#751 =( GEOMETRIC_REPRESENTATION_CONTEXT ( 3 ) GLOBAL_UNCERTAINTY_ASSIGNED_CONTEXT ( ( #1428 ) ) GLOBAL_UNIT_ASSIGNED_CONTEXT ( ( #1551, #913, #1756 ) ) REPRESENTATION_CONTEXT ( 'NONE', 'WORKASPACE' ) );
#752 = CARTESIAN_POINT ( 'NONE',  ( 0.4982061327852280730, 0.4866125165785923912, 0.4150189003719571001 ) ) ;
#753 = LINE ( 'NONE', #780, #577 ) ;
#754 = STYLED_ITEM ( 'NONE', ( #671 ), #2495 ) ;
#755 = CARTESIAN_POINT ( 'NONE',  ( 0.4897678529894929911, -0.4808737458000929554, 0.04133803982110672431 ) ) ;
#756 = ORIENTED_EDGE ( 'NONE', *, *, #93, .T. ) ;
#757 = DIRECTION ( 'NONE',  ( 1.000000000000000000, 0.000000000000000000, 0.000000000000000000 ) ) ;
#758 =( GEOMETRIC_REPRESENTATION_CONTEXT ( 3 ) GLOBAL_UNCERTAINTY_ASSIGNED_CONTEXT ( ( #2238 ) ) GLOBAL_UNIT_ASSIGNED_CONTEXT ( ( #2762, #409, #1259 ) ) REPRESENTATION_CONTEXT ( 'NONE', 'WORKASPACE' ) );
#759 = CARTESIAN_POINT ( 'NONE',  ( -0.4800000000000000377, -0.4800000000000000377, 0.4200000000000000400 ) ) ;
#760 = CIRCLE ( 'NONE', #2099, 0.01999999999999999695 ) ;
#761 =( LENGTH_UNIT ( ) NAMED_UNIT ( * ) SI_UNIT ( .MILLI., .METRE. ) );
#762 = FILL_AREA_STYLE_COLOUR ( '', #1213 ) ;
#763 = ORIENTED_EDGE ( 'NONE', *, *, #2541, .F. ) ;
#764 = STYLED_ITEM ( 'NONE', ( #618 ), #687 ) ;
#765 = CARTESIAN_POINT ( 'NONE',  ( -0.4800000000000000933, 0.4799999999999999822, 0.4400000000000000022 ) ) ;
#766 = SURFACE_STYLE_USAGE ( .BOTH. , #594 ) ;
#767 = AXIS2_PLACEMENT_3D ( 'NONE', #1128, #921, #2402 ) ;
#768 = DIRECTION ( 'NONE',  ( 0.000000000000000000, 0.000000000000000000, 1.000000000000000000 ) ) ;
#769 = PRESENTATION_STYLE_ASSIGNMENT (( #2004 ) ) ;
#770 = CARTESIAN_POINT ( 'NONE',  ( 0.4598382068274638468, -0.5115932876607921509, 0.05159394475247860989 ) ) ;
#771 = ORIENTED_EDGE ( 'NONE', *, *, #1117, .F. ) ;
#772 = EDGE_CURVE ( 'NONE', #586, #1460, #2374, .T. ) ;
#773 = CARTESIAN_POINT ( 'NONE',  ( 0.4808737458000930665, -0.4897678529894933797, 0.4386619601788934175 ) ) ;
#774 = MECHANICAL_DESIGN_GEOMETRIC_PRESENTATION_REPRESENTATION (  '', ( #1984 ), #751 ) ;
#775 = ORIENTED_EDGE ( 'NONE', *, *, #1047, .T. ) ;
#776 =( NAMED_UNIT ( * ) PLANE_ANGLE_UNIT ( ) SI_UNIT ( $, .RADIAN. ) );
#777 = DIRECTION ( 'NONE',  ( 2.775557561562889872E-16, -1.000000000000000000, 0.000000000000000000 ) ) ;
#778 = UNCERTAINTY_MEASURE_WITH_UNIT (LENGTH_MEASURE( 1.000000000000000082E-05 ), #1056, 'distance_accuracy_value', 'NONE');
#779 =( GEOMETRIC_REPRESENTATION_CONTEXT ( 3 ) GLOBAL_UNCERTAINTY_ASSIGNED_CONTEXT ( ( #2432 ) ) GLOBAL_UNIT_ASSIGNED_CONTEXT ( ( #82, #950, #2020 ) ) REPRESENTATION_CONTEXT ( 'NONE', 'WORKASPACE' ) );
#780 = CARTESIAN_POINT ( 'NONE',  ( -0.4800000000000000377, 3.252606517456510221E-17, 0.04000000000000000083 ) ) ;
#781 = ORIENTED_EDGE ( 'NONE', *, *, #2081, .F. ) ;
#782 = EDGE_CURVE ( 'NONE', #2042, #2049, #1084, .T. ) ;
#783 = CARTESIAN_POINT ( 'NONE',  ( -0.4978885438199985303, 0.4800000000000000377, 0.05105572809000104295 ) ) ;
#784 = SURFACE_STYLE_USAGE ( .BOTH. , #721 ) ;
#785 = LINE ( 'NONE', #2034, #849 ) ;
#786 = EDGE_LOOP ( 'NONE', ( #1441, #775, #1386, #1656, #1692 ) ) ;
#787 = FILL_AREA_STYLE_COLOUR ( '', #809 ) ;
#788 = CARTESIAN_POINT ( 'NONE',  ( -0.5089319905388963727, -0.4692277922694870762, 0.4311437761600966367 ) ) ;
#789 = ADVANCED_FACE ( 'NONE', ( #2589 ), #2173, .T. ) ;
#790 = STYLED_ITEM ( 'NONE', ( #840 ), #107 ) ;
#791 = CYLINDRICAL_SURFACE ( 'NONE', #792, 0.01999999999999999695 ) ;
#792 = AXIS2_PLACEMENT_3D ( 'NONE', #1943, #8, #2595 ) ;
#793 = VECTOR ( 'NONE', #1839, 1000.000000000000000 ) ;
#794 = CARTESIAN_POINT ( 'NONE',  ( 0.4866125165785925022, -0.4982061327852278509, 0.06498109962804297923 ) ) ;
#795 = EDGE_LOOP ( 'NONE', ( #1224, #71, #2709, #122 ) ) ;
#796 =( GEOMETRIC_REPRESENTATION_CONTEXT ( 3 ) GLOBAL_UNCERTAINTY_ASSIGNED_CONTEXT ( ( #578 ) ) GLOBAL_UNIT_ASSIGNED_CONTEXT ( ( #66, #1796, #952 ) ) REPRESENTATION_CONTEXT ( 'NONE', 'WORKASPACE' ) );
#797 = VECTOR ( 'NONE', #2467, 1000.000000000000000 ) ;
#798 = CARTESIAN_POINT ( 'NONE',  ( 0.4750189003719570424, -0.4866125165785926132, 0.4382061327852279087 ) ) ;
#799 =( NAMED_UNIT ( * ) SI_UNIT ( $, .STERADIAN. ) SOLID_ANGLE_UNIT ( ) );
#800 = EDGE_CURVE ( 'NONE', #2435, #1948, #575, .T. ) ;
#801 = CYLINDRICAL_SURFACE ( 'NONE', #1253, 0.01999999999999999695 ) ;
#802 = PRESENTATION_STYLE_ASSIGNMENT (( #2705 ) ) ;
#803 = UNCERTAINTY_MEASURE_WITH_UNIT (LENGTH_MEASURE( 1.000000000000000082E-05 ), #761, 'distance_accuracy_value', 'NONE');
#804 = CARTESIAN_POINT ( 'NONE',  ( -0.4866125165785922801, -0.4750189003719570979, 0.04179386721477197641 ) ) ;
#805 = ORIENTED_EDGE ( 'NONE', *, *, #1951, .T. ) ;
#806 = LINE ( 'NONE', #1671, #1131 ) ;
#807 = AXIS2_PLACEMENT_3D ( 'NONE', #254, #1120, #297 ) ;
#808 = EDGE_CURVE ( 'NONE', #1020, #194, #2591, .T. ) ;
#809 = COLOUR_RGB ( '',0.7529411764705882248, 0.7529411764705882248, 0.7529411764705882248 ) ;
#810 = CARTESIAN_POINT ( 'NONE',  ( -0.4915470053837926456, -0.4915470053837926456, 0.4315470053837925923 ) ) ;
#811 = AXIS2_PLACEMENT_3D ( 'NONE', #2390, #699, #2153 ) ;
#812 =( GEOMETRIC_REPRESENTATION_CONTEXT ( 3 ) GLOBAL_UNCERTAINTY_ASSIGNED_CONTEXT ( ( #155 ) ) GLOBAL_UNIT_ASSIGNED_CONTEXT ( ( #2605, #1541, #2387 ) ) REPRESENTATION_CONTEXT ( 'NONE', 'WORKASPACE' ) );
#813 = DIRECTION ( 'NONE',  ( -4.163336342344339985E-16, 1.000000000000000000, 0.000000000000000000 ) ) ;
#814 = COLOUR_RGB ( '',0.2862745098039215508, 0.2862745098039215508, 0.2862745098039215508 ) ;
#815 = CARTESIAN_POINT ( 'NONE',  ( 0.4999999999999997780, 0.4799999999999999822, 0.4200000000000000400 ) ) ;
#816 = VERTEX_POINT ( 'NONE', #1198 ) ;
#817 = FACE_OUTER_BOUND ( 'NONE', #1747, .T. ) ;
#818 = SURFACE_STYLE_USAGE ( .BOTH. , #517 ) ;
#819 = FILL_AREA_STYLE ('',( #393 ) ) ;
#820 = CARTESIAN_POINT ( 'NONE',  ( 0.4800000000000000377, 0.4800000000000000377, 0.06000000000000001166 ) ) ;
#821 = FILL_AREA_STYLE ('',( #2570 ) ) ;
#822 = VERTEX_POINT ( 'NONE', #2478 ) ;
#823 = FACE_OUTER_BOUND ( 'NONE', #398, .T. ) ;
#824 = EDGE_CURVE ( 'NONE', #1784, #2072, #2671, .T. ) ;
#825 = ORIENTED_EDGE ( 'NONE', *, *, #701, .F. ) ;
#826 = DIRECTION ( 'NONE',  ( -0.5773502691896248429, -0.5773502691896248429, 0.5773502691896275074 ) ) ;
#827 =( NAMED_UNIT ( * ) PLANE_ANGLE_UNIT ( ) SI_UNIT ( $, .RADIAN. ) );
#828 = ORIENTED_EDGE ( 'NONE', *, *, #1319, .T. ) ;
#829 =( LENGTH_UNIT ( ) NAMED_UNIT ( * ) SI_UNIT ( .MILLI., .METRE. ) );
#830 =( GEOMETRIC_REPRESENTATION_CONTEXT ( 3 ) GLOBAL_UNCERTAINTY_ASSIGNED_CONTEXT ( ( #963 ) ) GLOBAL_UNIT_ASSIGNED_CONTEXT ( ( #1532, #2380, #2755 ) ) REPRESENTATION_CONTEXT ( 'NONE', 'WORKASPACE' ) );
#831 = DIRECTION ( 'NONE',  ( 1.000000000000000000, 0.000000000000000000, 0.000000000000000000 ) ) ;
#832 = CYLINDRICAL_SURFACE ( 'NONE', #257, 0.01999999999999999695 ) ;
#833 =( LENGTH_UNIT ( ) NAMED_UNIT ( * ) SI_UNIT ( .MILLI., .METRE. ) );
#834 = PRESENTATION_STYLE_ASSIGNMENT (( #2351 ) ) ;
#835 = CARTESIAN_POINT ( 'NONE',  ( -0.4000000000000000222, 0.4369999999999999996, 0.000000000000000000 ) ) ;
#836 = UNCERTAINTY_MEASURE_WITH_UNIT (LENGTH_MEASURE( 1.000000000000000082E-05 ), #2161, 'distance_accuracy_value', 'NONE');
#837 = VERTEX_POINT ( 'NONE', #377 ) ;
#838 = DIRECTION ( 'NONE',  ( 0.000000000000000000, -1.000000000000000000, 0.000000000000000000 ) ) ;
#839 = EDGE_CURVE ( 'NONE', #255, #243, #322, .T. ) ;
#840 = PRESENTATION_STYLE_ASSIGNMENT (( #2552 ) ) ;
#841 = STYLED_ITEM ( 'NONE', ( #741 ), #123 ) ;
#842 = CIRCLE ( 'NONE', #1262, 0.01999999999999999695 ) ;
#843 = PRESENTATION_LAYER_ASSIGNMENT (  '', '', ( #754 ) ) ;
#844 = PRESENTATION_LAYER_ASSIGNMENT (  '', '', ( #1571 ) ) ;
#845 = FILL_AREA_STYLE_COLOUR ( '', #442 ) ;
#846 = CARTESIAN_POINT ( 'NONE',  ( -0.5103079137094996831, -0.4883919298188902913, 0.06939628455990999589 ) ) ;
#847 = FACE_OUTER_BOUND ( 'NONE', #500, .T. ) ;
#848 = ORIENTED_EDGE ( 'NONE', *, *, #2132, .T. ) ;
#849 = VECTOR ( 'NONE', #980, 1000.000000000000000 ) ;
#850 =( GEOMETRIC_REPRESENTATION_CONTEXT ( 3 ) GLOBAL_UNCERTAINTY_ASSIGNED_CONTEXT ( ( #1178 ) ) GLOBAL_UNIT_ASSIGNED_CONTEXT ( ( #1480, #2124, #1057 ) ) REPRESENTATION_CONTEXT ( 'NONE', 'WORKASPACE' ) );
#851 = LINE ( 'NONE', #2148, #891 ) ;
#852 = CIRCLE ( 'NONE', #2016, 0.01999999999999999695 ) ;
#853 = DIRECTION ( 'NONE',  ( -0.4082482904638629617, 0.8164965809277260345, 0.4082482904638632393 ) ) ;
#854 =( LENGTH_UNIT ( ) NAMED_UNIT ( * ) SI_UNIT ( .MILLI., .METRE. ) );
#855 = DIRECTION ( 'NONE',  ( -0.4082482904638670140, 0.4082482904638610188, -0.8164965809277250353 ) ) ;
#856 = AXIS2_PLACEMENT_3D ( 'NONE', #201, #2530, #433 ) ;
#857 = AXIS2_PLACEMENT_3D ( 'NONE', #2410, #925, #282 ) ;
#858 = COLOUR_RGB ( '',0.2862745098039215508, 0.2862745098039215508, 0.2862745098039215508 ) ;
#859 = CARTESIAN_POINT ( 'NONE',  ( -0.4962609814903368166, 0.4868330292772483081, 0.04845299461620768827 ) ) ;
#860 = EDGE_CURVE ( 'NONE', #1269, #1240, #2271, .T. ) ;
#861 = SURFACE_SIDE_STYLE ('',( #1894 ) ) ;
#862 = PRESENTATION_STYLE_ASSIGNMENT (( #2546 ) ) ;
#863 = DIRECTION ( 'NONE',  ( 1.000000000000000000, 0.000000000000000000, 0.000000000000000000 ) ) ;
#864 = SURFACE_STYLE_USAGE ( .BOTH. , #1076 ) ;
#865 = SHELL_BASED_SURFACE_MODEL ( 'NONE', ( #747, #704, #938, #2528, #1957 ) );
#866 = ORIENTED_EDGE ( 'NONE', *, *, #2152, .F. ) ;
#867 = CARTESIAN_POINT ( 'NONE',  ( 0.2000000000000000111, -0.3770000000000000018, 0.000000000000000000 ) ) ;
#868 = PLANE ( 'NONE',  #2590 ) ;
#869 = SURFACE_SIDE_STYLE ('',( #2012 ) ) ;
#870 = CARTESIAN_POINT ( 'NONE',  ( -0.4915470053837925346, 0.4915470053837925346, 0.04845299461620768827 ) ) ;
#871 = EDGE_LOOP ( 'NONE', ( #1900, #1810, #2035, #427 ) ) ;
#872 = SURFACE_STYLE_FILL_AREA ( #1 ) ;
#873 = CARTESIAN_POINT ( 'NONE',  ( 0.4500000000000000111, -0.5020000000000001128, 0.1250000000000000000 ) ) ;
#874 = ADVANCED_FACE ( 'NONE', ( #2063 ), #2687, .T. ) ;
#875 = SURFACE_STYLE_FILL_AREA ( #52 ) ;
#876 = SURFACE_STYLE_FILL_AREA ( #821 ) ;
#877 = STYLED_ITEM ( 'NONE', ( #2731 ), #2740 ) ;
#878 =( NAMED_UNIT ( * ) SI_UNIT ( $, .STERADIAN. ) SOLID_ANGLE_UNIT ( ) );
#879 = CARTESIAN_POINT ( 'NONE',  ( 0.4889442719099991175, -0.4799999999999999822, 0.04211145618000176893 ) ) ;
#880 = SURFACE_SIDE_STYLE ('',( #5 ) ) ;
#881 = ORIENTED_EDGE ( 'NONE', *, *, #171, .T. ) ;
#882 = SURFACE_SIDE_STYLE ('',( #1281 ) ) ;
#883 = DIRECTION ( 'NONE',  ( 1.000000000000000000, 0.000000000000000000, -0.000000000000000000 ) ) ;
#884 =( NAMED_UNIT ( * ) PLANE_ANGLE_UNIT ( ) SI_UNIT ( $, .RADIAN. ) );
#885 = FILL_AREA_STYLE_COLOUR ( '', #396 ) ;
#886 = SURFACE_STYLE_USAGE ( .BOTH. , #1110 ) ;
#887 = STYLED_ITEM ( 'NONE', ( #1576 ), #138 ) ;
#888 = VERTEX_POINT ( 'NONE', #2367 ) ;
#889 =( NAMED_UNIT ( * ) SI_UNIT ( $, .STERADIAN. ) SOLID_ANGLE_UNIT ( ) );
#890 = DIRECTION ( 'NONE',  ( 1.000000000000000000, 2.081668171172169992E-16, -0.000000000000000000 ) ) ;
#891 = VECTOR ( 'NONE', #2107, 1000.000000000000000 ) ;
#892 =( LENGTH_UNIT ( ) NAMED_UNIT ( * ) SI_UNIT ( .MILLI., .METRE. ) );
#893 = STYLED_ITEM ( 'NONE', ( #1938 ), #2293 ) ;
#894 = EDGE_CURVE ( 'NONE', #1572, #243, #643, .T. ) ;
#895 = DIRECTION ( 'NONE',  ( 0.000000000000000000, 0.000000000000000000, 1.000000000000000000 ) ) ;
#896 = STYLED_ITEM ( 'NONE', ( #1904 ), #2554 ) ;
#897 = VECTOR ( 'NONE', #1324, 1000.000000000000000 ) ;
#898 = ORIENTED_EDGE ( 'NONE', *, *, #597, .F. ) ;
#899 = ADVANCED_FACE ( 'NONE', ( #632 ), #832, .T. ) ;
#900 =( LENGTH_UNIT ( ) NAMED_UNIT ( * ) SI_UNIT ( .MILLI., .METRE. ) );
#901 = CARTESIAN_POINT ( 'NONE',  ( 0.4911437761600961349, 0.4692277922694870207, 0.4489319905388968190 ) ) ;
#902 = STYLED_ITEM ( 'NONE', ( #1539 ), #865 ) ;
#903 =( NAMED_UNIT ( * ) SI_UNIT ( $, .STERADIAN. ) SOLID_ANGLE_UNIT ( ) );
#904 = PRESENTATION_LAYER_ASSIGNMENT (  '', '', ( #1172 ) ) ;
#905 =( GEOMETRIC_REPRESENTATION_CONTEXT ( 3 ) GLOBAL_UNCERTAINTY_ASSIGNED_CONTEXT ( ( #415 ) ) GLOBAL_UNIT_ASSIGNED_CONTEXT ( ( #900, #639, #2131 ) ) REPRESENTATION_CONTEXT ( 'NONE', 'WORKASPACE' ) );
#906 = FACE_OUTER_BOUND ( 'NONE', #1866, .T. ) ;
#907 = VECTOR ( 'NONE', #2370, 1000.000000000000000 ) ;
#908 =( GEOMETRIC_REPRESENTATION_CONTEXT ( 3 ) GLOBAL_UNCERTAINTY_ASSIGNED_CONTEXT ( ( #1674 ) ) GLOBAL_UNIT_ASSIGNED_CONTEXT ( ( #229, #1264, #659 ) ) REPRESENTATION_CONTEXT ( 'NONE', 'WORKASPACE' ) );
#909 = ORIENTED_EDGE ( 'NONE', *, *, #1614, .F. ) ;
#910 = SURFACE_STYLE_FILL_AREA ( #34 ) ;
#911 = AXIS2_PLACEMENT_3D ( 'NONE', #2472, #550, #2052 ) ;
#912 = VECTOR ( 'NONE', #1018, 1000.000000000000000 ) ;
#913 =( NAMED_UNIT ( * ) PLANE_ANGLE_UNIT ( ) SI_UNIT ( $, .RADIAN. ) );
#914 = CARTESIAN_POINT ( 'NONE',  ( 0.4800000000000000377, 0.4800000000000000933, 0.4200000000000000400 ) ) ;
#915 = FILL_AREA_STYLE ('',( #2191 ) ) ;
#916 = CARTESIAN_POINT ( 'NONE',  ( -0.4908177507422031294, 0.4813897985291150650, 0.4424334668800596893 ) ) ;
#917 = ORIENTED_EDGE ( 'NONE', *, *, #2039, .F. ) ;
#918 = SURFACE_STYLE_USAGE ( .BOTH. , #1573 ) ;
#919 = DIRECTION ( 'NONE',  ( 1.000000000000000000, 0.000000000000000000, 0.000000000000000000 ) ) ;
#920 = ADVANCED_FACE ( 'NONE', ( #1702 ), #1936, .T. ) ;
#921 = DIRECTION ( 'NONE',  ( 0.000000000000000000, 0.000000000000000000, 1.000000000000000000 ) ) ;
#922 = CARTESIAN_POINT ( 'NONE',  ( 0.4000000000000000222, 0.4369999999999999996, 0.1250000000000000000 ) ) ;
#923 = ORIENTED_EDGE ( 'NONE', *, *, #1631, .T. ) ;
#924 = UNCERTAINTY_MEASURE_WITH_UNIT (LENGTH_MEASURE( 1.000000000000000082E-05 ), #1486, 'distance_accuracy_value', 'NONE');
#925 = DIRECTION ( 'NONE',  ( 0.8164965809277264785, -0.4082482904638629062, -0.4082482904638622401 ) ) ;
#926 =( GEOMETRIC_REPRESENTATION_CONTEXT ( 3 ) GLOBAL_UNCERTAINTY_ASSIGNED_CONTEXT ( ( #299 ) ) GLOBAL_UNIT_ASSIGNED_CONTEXT ( ( #2512, #569, #1239 ) ) REPRESENTATION_CONTEXT ( 'NONE', 'WORKASPACE' ) );
#927 = SURFACE_STYLE_USAGE ( .BOTH. , #725 ) ;
#928 = CARTESIAN_POINT ( 'NONE',  ( -0.4750189003719573755, 0.4982061327852280730, 0.4266125165785925599 ) ) ;
#929 = VERTEX_POINT ( 'NONE', #675 ) ;
#930 = PRESENTATION_STYLE_ASSIGNMENT (( #58 ) ) ;
#931 = CARTESIAN_POINT ( 'NONE',  ( 0.5115932876607922619, 0.4598382068274635692, 0.4284060552475217332 ) ) ;
#932 = EDGE_CURVE ( 'NONE', #822, #1632, #842, .T. ) ;
#933 = DIRECTION ( 'NONE',  ( -0.000000000000000000, -0.000000000000000000, -1.000000000000000000 ) ) ;
#934 =( NAMED_UNIT ( * ) PLANE_ANGLE_UNIT ( ) SI_UNIT ( $, .RADIAN. ) );
#935 = ORIENTED_EDGE ( 'NONE', *, *, #2114, .T. ) ;
#936 = DIRECTION ( 'NONE',  ( -0.000000000000000000, 0.000000000000000000, -1.000000000000000000 ) ) ;
#937 =( NAMED_UNIT ( * ) PLANE_ANGLE_UNIT ( ) SI_UNIT ( $, .RADIAN. ) );
#938 = CLOSED_SHELL ( 'NONE', ( #357, #2084, #738, #2495, #1987, #647, #2070, #1412, #2339, #2509 ) ) ;
#939 = CARTESIAN_POINT ( 'NONE',  ( -0.4915470053837925346, 0.4915470053837925346, 0.04845299461620768827 ) ) ;
#940 = VECTOR ( 'NONE', #2721, 1000.000000000000000 ) ;
#941 = FILL_AREA_STYLE_COLOUR ( '', #1405 ) ;
#942 = ORIENTED_EDGE ( 'NONE', *, *, #2466, .T. ) ;
#943 = LINE ( 'NONE', #1554, #2761 ) ;
#944 = AXIS2_PLACEMENT_3D ( 'NONE', #477, #2196, #1140 ) ;
#945 = PRESENTATION_LAYER_ASSIGNMENT (  '', '', ( #1779 ) ) ;
#946 = FILL_AREA_STYLE ('',( #1105 ) ) ;
#947 = MECHANICAL_DESIGN_GEOMETRIC_PRESENTATION_REPRESENTATION (  '', ( #1783 ), #180 ) ;
#948 =( LENGTH_UNIT ( ) NAMED_UNIT ( * ) SI_UNIT ( .MILLI., .METRE. ) );
#949 = FILL_AREA_STYLE ('',( #2672 ) ) ;
#950 =( NAMED_UNIT ( * ) PLANE_ANGLE_UNIT ( ) SI_UNIT ( $, .RADIAN. ) );
#951 = VERTEX_POINT ( 'NONE', #1776 ) ;
#952 =( NAMED_UNIT ( * ) SI_UNIT ( $, .STERADIAN. ) SOLID_ANGLE_UNIT ( ) );
#953 = FILL_AREA_STYLE_COLOUR ( '', #185 ) ;
#954 = EDGE_CURVE ( 'NONE', #2422, #1077, #2664, .T. ) ;
#955 = CARTESIAN_POINT ( 'NONE',  ( -0.2000000000000000389, -0.5020000000000001128, 0.000000000000000000 ) ) ;
#956 = MECHANICAL_DESIGN_GEOMETRIC_PRESENTATION_REPRESENTATION (  '', ( #1534 ), #2021 ) ;
#957 = VECTOR ( 'NONE', #1074, 1000.000000000000000 ) ;
#958 = SURFACE_SIDE_STYLE ('',( #89 ) ) ;
#959 = DIRECTION ( 'NONE',  ( 0.4082482904638667365, -0.4082482904638610188, 0.8164965809277252573 ) ) ;
#960 = PRESENTATION_LAYER_ASSIGNMENT (  '', '', ( #2149 ) ) ;
#961 = ORIENTED_EDGE ( 'NONE', *, *, #609, .F. ) ;
#962 = DIRECTION ( 'NONE',  ( 1.000000000000000000, 0.000000000000000000, 0.000000000000000000 ) ) ;
#963 = UNCERTAINTY_MEASURE_WITH_UNIT (LENGTH_MEASURE( 1.000000000000000082E-05 ), #1532, 'distance_accuracy_value', 'NONE');
#964 = SURFACE_STYLE_FILL_AREA ( #512 ) ;
#965 = ORIENTED_EDGE ( 'NONE', *, *, #839, .F. ) ;
#966 = DIRECTION ( 'NONE',  ( 0.000000000000000000, 0.000000000000000000, 1.000000000000000000 ) ) ;
#967 = CARTESIAN_POINT ( 'NONE',  ( -0.4800000000000000377, 0.4800000000000000377, 0.04000000000000000083 ) ) ;
#968 = ADVANCED_FACE ( 'NONE', ( #1992 ), #469, .F. ) ;
#969 =( BOUNDED_SURFACE ( )  B_SPLINE_SURFACE ( 3, 3, ( 
 ( #2545, #2516, #601, #1469 ),
 ( #644, #1086, #2337, #1072 ),
 ( #421, #1287, #1507, #2140 ),
 ( #1688, #2529, #614, #1481 ) ),
 .UNSPECIFIED., .F., .F., .T. ) 
 B_SPLINE_SURFACE_WITH_KNOTS ( ( 4, 4 ),
 ( 4, 4 ),
 ( 0.000000000000000000, 1.000000000000000000 ),
 ( 0.000000000000000000, 1.000000000000000000 ),
 .UNSPECIFIED. ) 
 GEOMETRIC_REPRESENTATION_ITEM ( )  RATIONAL_B_SPLINE_SURFACE ( (
 ( 1.000000000000000000, 0.3333333333333343140, 0.3333333333333343140, 1.000000000000000000),
 ( 0.9245018060306371410, 0.3081672686768799352, 0.3081672686768799352, 0.9245018060306371410),
 ( 0.9245018060306371410, 0.3081672686768799352, 0.3081672686768799352, 0.9245018060306371410),
 ( 1.000000000000000000, 0.3333333333333343140, 0.3333333333333343140, 1.000000000000000000) ) ) 
 REPRESENTATION_ITEM ( '' )  SURFACE ( )  );
#970 = CARTESIAN_POINT ( 'NONE',  ( 0.4000000000000000222, 0.4369999999999999996, 0.000000000000000000 ) ) ;
#971 = CARTESIAN_POINT ( 'NONE',  ( -0.4883919298188902913, 0.4706037154400901090, 0.4503079137094996298 ) ) ;
#972 = ORIENTED_EDGE ( 'NONE', *, *, #62, .T. ) ;
#973 = AXIS2_PLACEMENT_3D ( 'NONE', #2230, #716, #1400 ) ;
#974 = CARTESIAN_POINT ( 'NONE',  ( 0.4813897985291149539, 0.5024334668800595205, 0.4308177507422034647 ) ) ;
#975 = DIRECTION ( 'NONE',  ( 0.000000000000000000, -1.000000000000000000, 0.000000000000000000 ) ) ;
#976 = PRESENTATION_STYLE_ASSIGNMENT (( #1655 ) ) ;
#977 = VERTEX_POINT ( 'NONE', #1491 ) ;
#978 = DIRECTION ( 'NONE',  ( -0.000000000000000000, -0.000000000000000000, -1.000000000000000000 ) ) ;
#979 = SURFACE_STYLE_FILL_AREA ( #2479 ) ;
#980 = DIRECTION ( 'NONE',  ( -0.000000000000000000, -0.000000000000000000, -1.000000000000000000 ) ) ;
#981 = EDGE_CURVE ( 'NONE', #1774, #2650, #1890, .T. ) ;
#982 = ORIENTED_EDGE ( 'NONE', *, *, #491, .F. ) ;
#983 = LINE ( 'NONE', #2483, #2325 ) ;
#984 =( NAMED_UNIT ( * ) SI_UNIT ( $, .STERADIAN. ) SOLID_ANGLE_UNIT ( ) );
#985 = EDGE_CURVE ( 'NONE', #1629, #2049, #1256, .T. ) ;
#986 = COLOUR_RGB ( '',0.2862745098039215508, 0.2862745098039215508, 0.2862745098039215508 ) ;
#987 = CIRCLE ( 'NONE', #2498, 0.01999999999999999001 ) ;
#988 = FACE_OUTER_BOUND ( 'NONE', #2275, .T. ) ;
#989 = ORIENTED_EDGE ( 'NONE', *, *, #526, .T. ) ;
#990 =( NAMED_UNIT ( * ) SI_UNIT ( $, .STERADIAN. ) SOLID_ANGLE_UNIT ( ) );
#991 = COLOUR_RGB ( '',0.2862745098039215508, 0.2862745098039215508, 0.2862745098039215508 ) ;
#992 =( GEOMETRIC_REPRESENTATION_CONTEXT ( 3 ) GLOBAL_UNCERTAINTY_ASSIGNED_CONTEXT ( ( #2343 ) ) GLOBAL_UNIT_ASSIGNED_CONTEXT ( ( #697, #1887, #581 ) ) REPRESENTATION_CONTEXT ( 'NONE', 'WORKASPACE' ) );
#993 = ORIENTED_EDGE ( 'NONE', *, *, #391, .T. ) ;
#994 = MECHANICAL_DESIGN_GEOMETRIC_PRESENTATION_REPRESENTATION (  '', ( #95 ), #2760 ) ;
#995 = STYLED_ITEM ( 'NONE', ( #834 ), #647 ) ;
#996 = LINE ( 'NONE', #1461, #1488 ) ;
#997 = PRESENTATION_LAYER_ASSIGNMENT (  '', '', ( #1534 ) ) ;
#998 = CARTESIAN_POINT ( 'NONE',  ( -0.4500000000000000666, -0.2520000000000000018, 0.000000000000000000 ) ) ;
#999 = EDGE_CURVE ( 'NONE', #1035, #2628, #1531, .T. ) ;
#1000 = DIRECTION ( 'NONE',  ( 0.000000000000000000, -1.000000000000000000, -0.000000000000000000 ) ) ;
#1001 = CARTESIAN_POINT ( 'NONE',  ( -0.2984433176461128712, -0.3410027888995090239, 0.4420000000000000040 ) ) ;
#1002 = EDGE_LOOP ( 'NONE', ( #1676, #2167, #313, #1667 ) ) ;
#1003 = CARTESIAN_POINT ( 'NONE',  ( -0.4799999999999999822, 0.4799999999999998712, 0.06000000000000001166 ) ) ;
#1004 = CARTESIAN_POINT ( 'NONE',  ( -0.2000000000000000111, -0.2520000000000000018, 0.000000000000000000 ) ) ;
#1005 = SURFACE_STYLE_USAGE ( .BOTH. , #1456 ) ;
#1006 = PLANE ( 'NONE',  #2758 ) ;
#1007 = UNCERTAINTY_MEASURE_WITH_UNIT (LENGTH_MEASURE( 1.000000000000000082E-05 ), #576, 'distance_accuracy_value', 'NONE');
#1008 = VERTEX_POINT ( 'NONE', #2162 ) ;
#1009 = CARTESIAN_POINT ( 'NONE',  ( -0.4800000000000000377, -0.4800000000000000377, 0.06000000000000001166 ) ) ;
#1010 = CARTESIAN_POINT ( 'NONE',  ( -0.4915470053837927011, -0.4915470053837924236, 0.4315470053837926478 ) ) ;
#1011 = SURFACE_STYLE_USAGE ( .BOTH. , #1225 ) ;
#1012 =( GEOMETRIC_REPRESENTATION_CONTEXT ( 3 ) GLOBAL_UNCERTAINTY_ASSIGNED_CONTEXT ( ( #2015 ) ) GLOBAL_UNIT_ASSIGNED_CONTEXT ( ( #854, #827, #2743 ) ) REPRESENTATION_CONTEXT ( 'NONE', 'WORKASPACE' ) );
#1013 = DIRECTION ( 'NONE',  ( -0.000000000000000000, -0.000000000000000000, -1.000000000000000000 ) ) ;
#1014 = CARTESIAN_POINT ( 'NONE',  ( 0.4806605438875253267, -0.4922762600253817178, 0.03829578776153003822 ) ) ;
#1015 = EDGE_CURVE ( 'NONE', #2628, #416, #9, .T. ) ;
#1016 = ORIENTED_EDGE ( 'NONE', *, *, #2101, .T. ) ;
#1017 = PRODUCT_DEFINITION_SHAPE ( 'NONE', 'NONE',  #1210 ) ;
#1018 = DIRECTION ( 'NONE',  ( 0.000000000000000000, -1.000000000000000000, -0.000000000000000000 ) ) ;
#1019 =( NAMED_UNIT ( * ) PLANE_ANGLE_UNIT ( ) SI_UNIT ( $, .RADIAN. ) );
#1020 = VERTEX_POINT ( 'NONE', #1721 ) ;
#1021 = MECHANICAL_DESIGN_GEOMETRIC_PRESENTATION_REPRESENTATION (  '', ( #887 ), #1817 ) ;
#1022 = VERTEX_POINT ( 'NONE', #1041 ) ;
#1023 = CARTESIAN_POINT ( 'NONE',  ( 0.5000000000000000000, 0.5000000000000000000, 0.4200000000000000400 ) ) ;
#1024 = PRESENTATION_LAYER_ASSIGNMENT (  '', '', ( #1651 ) ) ;
#1025 = PRESENTATION_LAYER_ASSIGNMENT (  '', '', ( #80 ) ) ;
#1026 = CARTESIAN_POINT ( 'NONE',  ( 0.4692277922694871872, -0.5089319905388967058, 0.04885622383990387979 ) ) ;
#1027 = ORIENTED_EDGE ( 'NONE', *, *, #1879, .T. ) ;
#1028 =( GEOMETRIC_REPRESENTATION_CONTEXT ( 3 ) GLOBAL_UNCERTAINTY_ASSIGNED_CONTEXT ( ( #2642 ) ) GLOBAL_UNIT_ASSIGNED_CONTEXT ( ( #2323, #1537, #652 ) ) REPRESENTATION_CONTEXT ( 'NONE', 'WORKASPACE' ) );
#1029 = DIRECTION ( 'NONE',  ( -1.000000000000000000, -2.081668171172169992E-16, 0.000000000000000000 ) ) ;
#1030 = PRESENTATION_STYLE_ASSIGNMENT (( #1506 ) ) ;
#1031 = EDGE_CURVE ( 'NONE', #1454, #2282, #2008, .T. ) ;
#1032 = CARTESIAN_POINT ( 'NONE',  ( -0.4883919298188902913, -0.5103079137094996831, 0.4106037154400898892 ) ) ;
#1033 = LINE ( 'NONE', #1883, #2058 ) ;
#1034 = LINE ( 'NONE', #1498, #1965 ) ;
#1035 = VERTEX_POINT ( 'NONE', #2730 ) ;
#1036 = PRESENTATION_LAYER_ASSIGNMENT (  '', '', ( #356 ) ) ;
#1037 = CARTESIAN_POINT ( 'NONE',  ( 0.4915470053837925346, 0.4962609814903369276, 0.05316697072275172048 ) ) ;
#1038 = VECTOR ( 'NONE', #119, 1000.000000000000000 ) ;
#1039 =( NAMED_UNIT ( * ) SI_UNIT ( $, .STERADIAN. ) SOLID_ANGLE_UNIT ( ) );
#1040 =( GEOMETRIC_REPRESENTATION_CONTEXT ( 3 ) GLOBAL_UNCERTAINTY_ASSIGNED_CONTEXT ( ( #2306 ) ) GLOBAL_UNIT_ASSIGNED_CONTEXT ( ( #134, #1850, #1621 ) ) REPRESENTATION_CONTEXT ( 'NONE', 'WORKASPACE' ) );
#1041 = CARTESIAN_POINT ( 'NONE',  ( 0.4000000000000000222, 0.4369999999999999996, 0.000000000000000000 ) ) ;
#1042 = DIRECTION ( 'NONE',  ( 2.775557561562889872E-16, -1.000000000000000000, 0.000000000000000000 ) ) ;
#1043 = ORIENTED_EDGE ( 'NONE', *, *, #2378, .T. ) ;
#1044 = DIRECTION ( 'NONE',  ( 1.000000000000000000, 2.081668171172169992E-16, -0.000000000000000000 ) ) ;
#1045 = CARTESIAN_POINT ( 'NONE',  ( -0.2500000000000000000, -0.4800000000000000377, 0.4400000000000000022 ) ) ;
#1046 = SURFACE_STYLE_USAGE ( .BOTH. , #411 ) ;
#1047 = EDGE_CURVE ( 'NONE', #2089, #1538, #1304, .T. ) ;
#1048 = DIRECTION ( 'NONE',  ( -0.000000000000000000, 0.000000000000000000, -1.000000000000000000 ) ) ;
#1049 = CARTESIAN_POINT ( 'NONE',  ( 0.4897678529894933797, 0.4986619601788936373, 0.05912625419990694825 ) ) ;
#1050 = ORIENTED_EDGE ( 'NONE', *, *, #1223, .T. ) ;
#1051 = FILL_AREA_STYLE ('',( #195 ) ) ;
#1052 =( BOUNDED_SURFACE ( )  B_SPLINE_SURFACE ( 3, 3, ( 
 ( #1421, #2644, #2266, #343 ),
 ( #2695, #2144, #435, #242 ),
 ( #2549, #1941, #2375, #1953 ),
 ( #620, #1102, #1291, #23 ) ),
 .UNSPECIFIED., .F., .F., .F. ) 
 B_SPLINE_SURFACE_WITH_KNOTS ( ( 4, 4 ),
 ( 4, 4 ),
 ( 0.000000000000000000, 1.000000000000000000 ),
 ( 0.000000000000000000, 1.000000000000000000 ),
 .UNSPECIFIED. ) 
 GEOMETRIC_REPRESENTATION_ITEM ( )  RATIONAL_B_SPLINE_SURFACE ( (
 ( 1.000000000000000000, 0.3333333333333302617, 0.3333333333333302617, 1.000000000000000000),
 ( 0.9245018060306372520, 0.3081672686768762714, 0.3081672686768762714, 0.9245018060306372520),
 ( 0.9245018060306372520, 0.3081672686768762714, 0.3081672686768762714, 0.9245018060306372520),
 ( 1.000000000000000000, 0.3333333333333302617, 0.3333333333333302617, 1.000000000000000000) ) ) 
 REPRESENTATION_ITEM ( '' )  SURFACE ( )  );
#1053 = CARTESIAN_POINT ( 'NONE',  ( -0.4800000000000000933, 0.4800000000000000377, 0.06000000000000001166 ) ) ;
#1054 = ORIENTED_EDGE ( 'NONE', *, *, #219, .T. ) ;
#1055 = PRESENTATION_LAYER_ASSIGNMENT (  '', '', ( #553 ) ) ;
#1056 =( LENGTH_UNIT ( ) NAMED_UNIT ( * ) SI_UNIT ( .MILLI., .METRE. ) );
#1057 =( NAMED_UNIT ( * ) SI_UNIT ( $, .STERADIAN. ) SOLID_ANGLE_UNIT ( ) );
#1058 = LINE ( 'NONE', #1045, #1652 ) ;
#1059 = DIRECTION ( 'NONE',  ( -1.000000000000000000, -2.775557561562889872E-16, 0.000000000000000000 ) ) ;
#1060 = CARTESIAN_POINT ( 'NONE',  ( -0.4915470053837924236, -0.4962609814903366501, 0.05316697072275185926 ) ) ;
#1061 = DIRECTION ( 'NONE',  ( 0.000000000000000000, 0.000000000000000000, -1.000000000000000000 ) ) ;
#1062 = CARTESIAN_POINT ( 'NONE',  ( -0.1250000000000000000, 0.5020000000000001128, 0.000000000000000000 ) ) ;
#1063 = VERTEX_POINT ( 'NONE', #1712 ) ;
#1064 = ADVANCED_FACE ( 'NONE', ( #2551 ), #1830, .T. ) ;
#1065 = DIRECTION ( 'NONE',  ( 0.5773502691896266192, 0.5773502691896211791, 0.5773502691896292838 ) ) ;
#1066 = FACE_OUTER_BOUND ( 'NONE', #135, .T. ) ;
#1067 = PRESENTATION_STYLE_ASSIGNMENT (( #28 ) ) ;
#1068 = AXIS2_PLACEMENT_3D ( 'NONE', #518, #2236, #559 ) ;
#1069 = SURFACE_STYLE_FILL_AREA ( #454 ) ;
#1070 = MECHANICAL_DESIGN_GEOMETRIC_PRESENTATION_REPRESENTATION (  '', ( #893 ), #2749 ) ;
#1071 = MECHANICAL_DESIGN_GEOMETRIC_PRESENTATION_REPRESENTATION (  '', ( #131 ), #850 ) ;
#1072 = CARTESIAN_POINT ( 'NONE',  ( 0.4962609814903367611, -0.4915470053837927011, 0.4268330292772484769 ) ) ;
#1073 = CARTESIAN_POINT ( 'NONE',  ( 6.938893903907229610E-17, 0.000000000000000000, 0.4400000000000000022 ) ) ;
#1074 = DIRECTION ( 'NONE',  ( -1.000000000000000000, -0.000000000000000000, -0.000000000000000000 ) ) ;
#1075 = FILL_AREA_STYLE ('',( #1499 ) ) ;
#1076 = SURFACE_SIDE_STYLE ('',( #216 ) ) ;
#1077 = VERTEX_POINT ( 'NONE', #191 ) ;
#1078 = AXIS2_PLACEMENT_3D ( 'NONE', #506, #1379, #1163 ) ;
#1079 = CARTESIAN_POINT ( 'NONE',  ( -0.4500000000000000666, -0.5020000000000001128, 0.000000000000000000 ) ) ;
#1080 = LINE ( 'NONE', #867, #6 ) ;
#1081 =( LENGTH_UNIT ( ) NAMED_UNIT ( * ) SI_UNIT ( .MILLI., .METRE. ) );
#1082 = STYLED_ITEM ( 'NONE', ( #166 ), #1987 ) ;
#1083 = EDGE_CURVE ( 'NONE', #2574, #837, #1245, .T. ) ;
#1084 = CIRCLE ( 'NONE', #857, 0.02000000000000001429 ) ;
#1085 = ORIENTED_EDGE ( 'NONE', *, *, #1566, .F. ) ;
#1086 = CARTESIAN_POINT ( 'NONE',  ( 0.4813897985291148984, -0.5024334668800594095, 0.4308177507422032426 ) ) ;
#1087 =( NAMED_UNIT ( * ) PLANE_ANGLE_UNIT ( ) SI_UNIT ( $, .RADIAN. ) );
#1088 = DIRECTION ( 'NONE',  ( -1.000000000000000000, 0.000000000000000000, 0.000000000000000000 ) ) ;
#1089 = ORIENTED_EDGE ( 'NONE', *, *, #1479, .T. ) ;
#1090 = DIRECTION ( 'NONE',  ( 0.000000000000000000, -1.000000000000000000, 0.000000000000000000 ) ) ;
#1091 = SURFACE_STYLE_USAGE ( .BOTH. , #1770 ) ;
#1092 = EDGE_CURVE ( 'NONE', #1725, #1008, #1034, .T. ) ;
#1093 = CARTESIAN_POINT ( 'NONE',  ( -0.5000000000000000000, 0.2500000000000000000, 0.06000000000000001166 ) ) ;
#1094 = ORIENTED_EDGE ( 'NONE', *, *, #1015, .T. ) ;
#1095 = CARTESIAN_POINT ( 'NONE',  ( 0.4800000000000000377, -0.2500000000000000000, 0.06000000000000001166 ) ) ;
#1096 = CARTESIAN_POINT ( 'NONE',  ( 0.4799999999999999267, 0.4800000000000000933, 0.4400000000000000022 ) ) ;
#1097 = FILL_AREA_STYLE ('',( #1981 ) ) ;
#1098 = CARTESIAN_POINT ( 'NONE',  ( 0.4800000000000000377, 0.5000000000000000000, 0.04000000000000000083 ) ) ;
#1099 =( GEOMETRIC_REPRESENTATION_CONTEXT ( 3 ) GLOBAL_UNCERTAINTY_ASSIGNED_CONTEXT ( ( #1601 ) ) GLOBAL_UNIT_ASSIGNED_CONTEXT ( ( #2361, #1141, #903 ) ) REPRESENTATION_CONTEXT ( 'NONE', 'WORKASPACE' ) );
#1100 = EDGE_CURVE ( 'NONE', #2594, #449, #1209, .T. ) ;
#1101 = CARTESIAN_POINT ( 'NONE',  ( 0.4799999999999999822, -0.5000000000000000000, 0.4200000000000000400 ) ) ;
#1102 = CARTESIAN_POINT ( 'NONE',  ( 0.4598382068274633472, 0.4884060552475216754, 0.02840671233920779790 ) ) ;
#1103 = EDGE_LOOP ( 'NONE', ( #1149, #743, #993, #825 ) ) ;
#1104 = CARTESIAN_POINT ( 'NONE',  ( 0.5000000000000000000, -0.5000000000000000000, 0.04000000000000000083 ) ) ;
#1105 = FILL_AREA_STYLE_COLOUR ( '', #2273 ) ;
#1106 = CARTESIAN_POINT ( 'NONE',  ( 0.4799999999999999267, 0.4800000000000000377, 0.04000000000000000083 ) ) ;
#1107 = UNCERTAINTY_MEASURE_WITH_UNIT (LENGTH_MEASURE( 1.000000000000000082E-05 ), #892, 'distance_accuracy_value', 'NONE');
#1108 = SURFACE_SIDE_STYLE ('',( #651 ) ) ;
#1109 = DIRECTION ( 'NONE',  ( 1.000000000000000000, 0.000000000000000000, -0.000000000000000000 ) ) ;
#1110 = SURFACE_SIDE_STYLE ('',( #2505 ) ) ;
#1111 = COLOUR_RGB ( '',0.2862745098039215508, 0.2862745098039215508, 0.2862745098039215508 ) ;
#1112 = EDGE_LOOP ( 'NONE', ( #1884, #57, #1985, #2771 ) ) ;
#1113 = DIRECTION ( 'NONE',  ( 0.5773502691896257311, -0.5773502691896257311, 0.5773502691896257311 ) ) ;
#1114 = SURFACE_STYLE_USAGE ( .BOTH. , #238 ) ;
#1115 = AXIS2_PLACEMENT_3D ( 'NONE', #1003, #375, #159 ) ;
#1116 = CARTESIAN_POINT ( 'NONE',  ( -0.5089319905388960397, 0.4911437761600963015, 0.07077220773051283442 ) ) ;
#1117 = EDGE_CURVE ( 'NONE', #1035, #2594, #2625, .T. ) ;
#1118 = COLOUR_RGB ( '',0.7529411764705882248, 0.7529411764705882248, 0.7529411764705882248 ) ;
#1119 = CARTESIAN_POINT ( 'NONE',  ( 0.5133868263297213241, 0.4848189779096636620, 0.07836825450360741796 ) ) ;
#1120 = DIRECTION ( 'NONE',  ( 2.775557561562889872E-16, -1.000000000000000000, 0.000000000000000000 ) ) ;
#1121 = VECTOR ( 'NONE', #724, 1000.000000000000000 ) ;
#1122 = ORIENTED_EDGE ( 'NONE', *, *, #2476, .F. ) ;
#1123 = DIRECTION ( 'NONE',  ( 1.000000000000000000, 0.000000000000000000, -0.000000000000000000 ) ) ;
#1124 = PRESENTATION_LAYER_ASSIGNMENT (  '', '', ( #1523 ) ) ;
#1125 = AXIS2_PLACEMENT_3D ( 'NONE', #1095, #51, #1323 ) ;
#1126 = MECHANICAL_DESIGN_GEOMETRIC_PRESENTATION_REPRESENTATION (  '', ( #2324 ), #1660 ) ;
#1127 = AXIS2_PLACEMENT_3D ( 'NONE', #2726, #2677, #2692 ) ;
#1128 = CARTESIAN_POINT ( 'NONE',  ( -0.3484433176461130266, -0.3410027888995090239, 0.4410000000000000031 ) ) ;
#1129 = SURFACE_SIDE_STYLE ('',( #261 ) ) ;
#1130 = COLOUR_RGB ( '',0.7529411764705882248, 0.7529411764705882248, 0.7529411764705882248 ) ;
#1131 = VECTOR ( 'NONE', #2253, 1000.000000000000000 ) ;
#1132 = ORIENTED_EDGE ( 'NONE', *, *, #1529, .T. ) ;
#1133 =( NAMED_UNIT ( * ) SI_UNIT ( $, .STERADIAN. ) SOLID_ANGLE_UNIT ( ) );
#1134 = MECHANICAL_DESIGN_GEOMETRIC_PRESENTATION_REPRESENTATION (  '', ( #1271 ), #585 ) ;
#1135 = PRESENTATION_STYLE_ASSIGNMENT (( #1114 ) ) ;
#1136 = LINE ( 'NONE', #1174, #2419 ) ;
#1137 = DIRECTION ( 'NONE',  ( 0.000000000000000000, -0.000000000000000000, -1.000000000000000000 ) ) ;
#1138 = ADVANCED_FACE ( 'NONE', ( #1158 ), #87, .T. ) ;
#1139 = ORIENTED_EDGE ( 'NONE', *, *, #1684, .T. ) ;
#1140 = DIRECTION ( 'NONE',  ( -1.000000000000000000, -1.734723475976810053E-16, 0.000000000000000000 ) ) ;
#1141 =( NAMED_UNIT ( * ) PLANE_ANGLE_UNIT ( ) SI_UNIT ( $, .RADIAN. ) );
#1142 = CARTESIAN_POINT ( 'NONE',  ( 0.4616317454963926870, 0.5133868263297215462, 0.4248189779096636642 ) ) ;
#1143 = ORIENTED_EDGE ( 'NONE', *, *, #824, .F. ) ;
#1144 = SURFACE_SIDE_STYLE ('',( #279 ) ) ;
#1145 = UNCERTAINTY_MEASURE_WITH_UNIT (LENGTH_MEASURE( 1.000000000000000082E-05 ), #1511, 'distance_accuracy_value', 'NONE');
#1146 = CARTESIAN_POINT ( 'NONE',  ( -0.4915470053837926456, 0.4915470053837925346, 0.04845299461620758419 ) ) ;
#1147 = FILL_AREA_STYLE_COLOUR ( '', #1449 ) ;
#1148 =( NAMED_UNIT ( * ) SI_UNIT ( $, .STERADIAN. ) SOLID_ANGLE_UNIT ( ) );
#1149 = ORIENTED_EDGE ( 'NONE', *, *, #301, .T. ) ;
#1150 = DIRECTION ( 'NONE',  ( 0.000000000000000000, 0.000000000000000000, 1.000000000000000000 ) ) ;
#1151 = UNCERTAINTY_MEASURE_WITH_UNIT (LENGTH_MEASURE( 1.000000000000000082E-05 ), #2733, 'distance_accuracy_value', 'NONE');
#1152 = UNCERTAINTY_MEASURE_WITH_UNIT (LENGTH_MEASURE( 1.000000000000000082E-05 ), #2599, 'distance_accuracy_value', 'NONE');
#1153 = EDGE_CURVE ( 'NONE', #1948, #1063, #1687, .T. ) ;
#1154 = PLANE ( 'NONE',  #31 ) ;
#1155 = ORIENTED_EDGE ( 'NONE', *, *, #2725, .F. ) ;
#1156 = CARTESIAN_POINT ( 'NONE',  ( 0.4915470053837922015, -0.4962609814903362615, 0.05316697072275194946 ) ) ;
#1157 = AXIS2_PLACEMENT_3D ( 'NONE', #1340, #2580, #232 ) ;
#1158 = FACE_OUTER_BOUND ( 'NONE', #621, .T. ) ;
#1159 = FILL_AREA_STYLE ('',( #1147 ) ) ;
#1160 = PRESENTATION_LAYER_ASSIGNMENT (  '', '', ( #77 ) ) ;
#1161 = PRESENTATION_LAYER_ASSIGNMENT (  '', '', ( #1912 ) ) ;
#1162 = SURFACE_STYLE_FILL_AREA ( #915 ) ;
#1163 = DIRECTION ( 'NONE',  ( 1.000000000000000000, 0.000000000000000000, -2.710505431213761479E-15 ) ) ;
#1164 = SURFACE_STYLE_FILL_AREA ( #347 ) ;
#1165 = ORIENTED_EDGE ( 'NONE', *, *, #1795, .T. ) ;
#1166 = CIRCLE ( 'NONE', #27, 0.02000000000000001429 ) ;
#1167 = FACE_OUTER_BOUND ( 'NONE', #605, .T. ) ;
#1168 =( NAMED_UNIT ( * ) PLANE_ANGLE_UNIT ( ) SI_UNIT ( $, .RADIAN. ) );
#1169 = MANIFOLD_SURFACE_SHAPE_REPRESENTATION ( 'NVNJWS200N031LTAG', ( #865, #2164 ), #1099 ) ;
#1170 = EDGE_CURVE ( 'NONE', #1309, #1538, #178, .T. ) ;
#1171 = VERTEX_POINT ( 'NONE', #2062 ) ;
#1172 = STYLED_ITEM ( 'NONE', ( #1927 ), #1508 ) ;
#1173 = CIRCLE ( 'NONE', #1663, 0.01999999999999999695 ) ;
#1174 = CARTESIAN_POINT ( 'NONE',  ( -0.3984433176461131265, -0.3410027888995090239, 0.4410000000000000031 ) ) ;
#1175 = STYLED_ITEM ( 'NONE', ( #1030 ), #899 ) ;
#1176 = CARTESIAN_POINT ( 'NONE',  ( 0.4799999999999998157, 0.4799999999999999822, 0.4200000000000000400 ) ) ;
#1177 = SURFACE_STYLE_USAGE ( .BOTH. , #2414 ) ;
#1178 = UNCERTAINTY_MEASURE_WITH_UNIT (LENGTH_MEASURE( 1.000000000000000082E-05 ), #1480, 'distance_accuracy_value', 'NONE');
#1179 = ORIENTED_EDGE ( 'NONE', *, *, #1047, .F. ) ;
#1180 = SURFACE_SIDE_STYLE ('',( #1760 ) ) ;
#1181 =( BOUNDED_SURFACE ( )  B_SPLINE_SURFACE ( 3, 3, ( 
 ( #1247, #636, #2557, #1889 ),
 ( #1037, #2093, #181, #193 ),
 ( #1049, #2533, #619, #2010 ),
 ( #2627, #1119, #296, #42 ) ),
 .UNSPECIFIED., .F., .F., .T. ) 
 B_SPLINE_SURFACE_WITH_KNOTS ( ( 4, 4 ),
 ( 4, 4 ),
 ( 0.000000000000000000, 1.000000000000000000 ),
 ( 0.000000000000000000, 1.000000000000000000 ),
 .UNSPECIFIED. ) 
 GEOMETRIC_REPRESENTATION_ITEM ( )  RATIONAL_B_SPLINE_SURFACE ( (
 ( 1.000000000000000000, 0.3333333333333345916, 0.3333333333333345916, 1.000000000000000000),
 ( 0.9245018060306364749, 0.3081672686768799907, 0.3081672686768799907, 0.9245018060306364749),
 ( 0.9245018060306364749, 0.3081672686768799907, 0.3081672686768799907, 0.9245018060306364749),
 ( 1.000000000000000000, 0.3333333333333345916, 0.3333333333333345916, 1.000000000000000000) ) ) 
 REPRESENTATION_ITEM ( '' )  SURFACE ( )  );
#1182 = CARTESIAN_POINT ( 'NONE',  ( -0.4986619601788936373, -0.4897678529894932686, 0.4208737458000934017 ) ) ;
#1183 = FILL_AREA_STYLE_COLOUR ( '', #2139 ) ;
#1184 = FILL_AREA_STYLE ('',( #1549 ) ) ;
#1185 = ORIENTED_EDGE ( 'NONE', *, *, #1384, .F. ) ;
#1186 = EDGE_CURVE ( 'NONE', #2488, #248, #148, .T. ) ;
#1187 = CARTESIAN_POINT ( 'NONE',  ( 0.4800000000000000377, -0.4800000000000000377, 0.06000000000000001166 ) ) ;
#1188 = EDGE_CURVE ( 'NONE', #255, #340, #588, .T. ) ;
#1189 = DIRECTION ( 'NONE',  ( -1.000000000000000000, -1.734723475976810053E-16, 0.000000000000000000 ) ) ;
#1190 = CARTESIAN_POINT ( 'NONE',  ( 0.4000000000000000222, -0.01300000000000009828, 0.1250000000000000000 ) ) ;
#1191 =( NAMED_UNIT ( * ) SI_UNIT ( $, .STERADIAN. ) SOLID_ANGLE_UNIT ( ) );
#1192 = ORIENTED_EDGE ( 'NONE', *, *, #1772, .T. ) ;
#1193 = CARTESIAN_POINT ( 'NONE',  ( 0.4000000000000000222, -0.01300000000000010002, 0.000000000000000000 ) ) ;
#1194 = CARTESIAN_POINT ( 'NONE',  ( -0.4915470053837925346, -0.4915470053837925346, 0.4315470053837925923 ) ) ;
#1195 = AXIS2_PLACEMENT_3D ( 'NONE', #277, #1989, #2434 ) ;
#1196 = DIRECTION ( 'NONE',  ( 1.000000000000000000, 0.000000000000000000, 0.000000000000000000 ) ) ;
#1197 = ORIENTED_EDGE ( 'NONE', *, *, #1100, .F. ) ;
#1198 = CARTESIAN_POINT ( 'NONE',  ( -0.3984433176461131265, -0.3410027888995090239, 0.4420000000000000040 ) ) ;
#1199 = FACE_OUTER_BOUND ( 'NONE', #456, .T. ) ;
#1200 = CARTESIAN_POINT ( 'NONE',  ( -0.4915470053837923126, -0.4915470053837927011, 0.04845299461620774378 ) ) ;
#1201 = ORIENTED_EDGE ( 'NONE', *, *, #800, .F. ) ;
#1202 = ADVANCED_FACE ( 'NONE', ( #574 ), #103, .T. ) ;
#1203 = AXIS2_PLACEMENT_3D ( 'NONE', #2136, #855, #1533 ) ;
#1204 = LINE ( 'NONE', #2277, #99 ) ;
#1205 = CIRCLE ( 'NONE', #214, 0.01999999999999999695 ) ;
#1206 = FILL_AREA_STYLE ('',( #1653 ) ) ;
#1207 = PRESENTATION_LAYER_ASSIGNMENT (  '', '', ( #2532 ) ) ;
#1208 = SURFACE_SIDE_STYLE ('',( #2243 ) ) ;
#1209 = CIRCLE ( 'NONE', #2362, 0.01999999999999999695 ) ;
#1210 = PRODUCT_DEFINITION ( 'UNKNOWN', '', #117, #523 ) ;
#1211 = ORIENTED_EDGE ( 'NONE', *, *, #597, .T. ) ;
#1212 = DIRECTION ( 'NONE',  ( 0.000000000000000000, 0.000000000000000000, -1.000000000000000000 ) ) ;
#1213 = COLOUR_RGB ( '',0.2862745098039215508, 0.2862745098039215508, 0.2862745098039215508 ) ;
#1214 = CARTESIAN_POINT ( 'NONE',  ( -0.4500000000000000666, -0.3770000000000000018, 0.1250000000000000000 ) ) ;
#1215 =( GEOMETRIC_REPRESENTATION_CONTEXT ( 3 ) GLOBAL_UNCERTAINTY_ASSIGNED_CONTEXT ( ( #1753 ) ) GLOBAL_UNIT_ASSIGNED_CONTEXT ( ( #2746, #1087, #680 ) ) REPRESENTATION_CONTEXT ( 'NONE', 'WORKASPACE' ) );
#1216 =( NAMED_UNIT ( * ) PLANE_ANGLE_UNIT ( ) SI_UNIT ( $, .RADIAN. ) );
#1217 = PRESENTATION_STYLE_ASSIGNMENT (( #2497 ) ) ;
#1218 = CARTESIAN_POINT ( 'NONE',  ( -0.4897678529894929911, -0.4808737458000932330, 0.04133803982110644676 ) ) ;
#1219 = ORIENTED_EDGE ( 'NONE', *, *, #1566, .T. ) ;
#1220 = STYLED_ITEM ( 'NONE', ( #557 ), #789 ) ;
#1221 = CARTESIAN_POINT ( 'NONE',  ( 0.1250000000000000000, 0.4369999999999999996, 0.000000000000000000 ) ) ;
#1222 = CARTESIAN_POINT ( 'NONE',  ( -0.4915470053837927566, -0.4915470053837925346, 0.4315470053837926478 ) ) ;
#1223 = EDGE_CURVE ( 'NONE', #665, #1035, #2135, .T. ) ;
#1224 = ORIENTED_EDGE ( 'NONE', *, *, #83, .F. ) ;
#1225 = SURFACE_SIDE_STYLE ('',( #359 ) ) ;
#1226 =( NAMED_UNIT ( * ) SI_UNIT ( $, .STERADIAN. ) SOLID_ANGLE_UNIT ( ) );
#1227 = CARTESIAN_POINT ( 'NONE',  ( -0.4982061327852279620, 0.4750189003719569314, 0.4266125165785923379 ) ) ;
#1228 = ORIENTED_EDGE ( 'NONE', *, *, #2246, .T. ) ;
#1229 = CARTESIAN_POINT ( 'NONE',  ( -0.3250000000000000666, -0.5020000000000001128, 0.1250000000000000000 ) ) ;
#1230 = SURFACE_STYLE_USAGE ( .BOTH. , #2451 ) ;
#1231 = DIRECTION ( 'NONE',  ( -0.5773502691896257311, -0.5773502691896257311, 0.5773502691896257311 ) ) ;
#1232 = UNCERTAINTY_MEASURE_WITH_UNIT (LENGTH_MEASURE( 1.000000000000000082E-05 ), #1235, 'distance_accuracy_value', 'NONE');
#1233 = VERTEX_POINT ( 'NONE', #1096 ) ;
#1234 = FILL_AREA_STYLE ('',( #787 ) ) ;
#1235 =( LENGTH_UNIT ( ) NAMED_UNIT ( * ) SI_UNIT ( .MILLI., .METRE. ) );
#1236 = ORIENTED_EDGE ( 'NONE', *, *, #1223, .F. ) ;
#1237 =( LENGTH_UNIT ( ) NAMED_UNIT ( * ) SI_UNIT ( .MILLI., .METRE. ) );
#1238 = AXIS2_PLACEMENT_3D ( 'NONE', #1492, #417, #883 ) ;
#1239 =( NAMED_UNIT ( * ) SI_UNIT ( $, .STERADIAN. ) SOLID_ANGLE_UNIT ( ) );
#1240 = VERTEX_POINT ( 'NONE', #16 ) ;
#1241 = EDGE_CURVE ( 'NONE', #1544, #1460, #1166, .T. ) ;
#1242 = CARTESIAN_POINT ( 'NONE',  ( 0.4884060552475213424, -0.4598382068274637358, 0.4515932876607923752 ) ) ;
#1243 = CARTESIAN_POINT ( 'NONE',  ( 0.2000000000000000111, -0.5020000000000001128, 0.1250000000000000000 ) ) ;
#1244 =( NAMED_UNIT ( * ) SI_UNIT ( $, .STERADIAN. ) SOLID_ANGLE_UNIT ( ) );
#1245 = LINE ( 'NONE', #412, #2186 ) ;
#1246 = ORIENTED_EDGE ( 'NONE', *, *, #609, .T. ) ;
#1247 = CARTESIAN_POINT ( 'NONE',  ( 0.4915470053837925346, 0.4915470053837927566, 0.04845299461620747317 ) ) ;
#1248 = APPLICATION_CONTEXT ( 'automotive_design' ) ;
#1249 = CIRCLE ( 'NONE', #21, 0.02000000000000000042 ) ;
#1250 = LINE ( 'NONE', #1023, #706 ) ;
#1251 = AXIS2_PLACEMENT_3D ( 'NONE', #2295, #552, #2523 ) ;
#1252 =( BOUNDED_SURFACE ( )  B_SPLINE_SURFACE ( 3, 3, ( 
 ( #1719, #204, #1940, #648 ),
 ( #2329, #1707, #2750, #661 ),
 ( #2727, #846, #1290, #1308 ),
 ( #2739, #1690, #1472, #2548 ) ),
 .UNSPECIFIED., .F., .F., .T. ) 
 B_SPLINE_SURFACE_WITH_KNOTS ( ( 4, 4 ),
 ( 4, 4 ),
 ( 0.000000000000000000, 1.000000000000000000 ),
 ( 0.000000000000000000, 1.000000000000000000 ),
 .UNSPECIFIED. ) 
 GEOMETRIC_REPRESENTATION_ITEM ( )  RATIONAL_B_SPLINE_SURFACE ( (
 ( 1.000000000000000000, 0.3333333333333308723, 0.3333333333333308723, 1.000000000000000000),
 ( 0.9245018060306369190, 0.3081672686768767155, 0.3081672686768767155, 0.9245018060306369190),
 ( 0.9245018060306369190, 0.3081672686768767155, 0.3081672686768767155, 0.9245018060306369190),
 ( 1.000000000000000000, 0.3333333333333308723, 0.3333333333333308723, 1.000000000000000000) ) ) 
 REPRESENTATION_ITEM ( '' )  SURFACE ( )  );
#1253 = AXIS2_PLACEMENT_3D ( 'NONE', #2613, #2569, #459 ) ;
#1254 = CARTESIAN_POINT ( 'NONE',  ( -0.4500000000000000111, -0.5020000000000001128, 0.000000000000000000 ) ) ;
#1255 = EDGE_LOOP ( 'NONE', ( #2013, #110, #64, #2069 ) ) ;
#1256 = CIRCLE ( 'NONE', #617, 0.01999999999999999695 ) ;
#1257 = EDGE_CURVE ( 'NONE', #520, #1233, #1950, .T. ) ;
#1258 = CARTESIAN_POINT ( 'NONE',  ( 0.5017042122384699487, -0.4806605438875255487, 0.4322762600253821086 ) ) ;
#1259 =( NAMED_UNIT ( * ) SI_UNIT ( $, .STERADIAN. ) SOLID_ANGLE_UNIT ( ) );
#1260 = DIRECTION ( 'NONE',  ( 1.000000000000000000, 2.710505431213761479E-15, 0.000000000000000000 ) ) ;
#1261 = MECHANICAL_DESIGN_GEOMETRIC_PRESENTATION_REPRESENTATION (  '', ( #1523 ), #307 ) ;
#1262 = AXIS2_PLACEMENT_3D ( 'NONE', #264, #2168, #1949 ) ;
#1263 = CARTESIAN_POINT ( 'NONE',  ( -0.4806605438875254932, -0.5017042122384702818, 0.04772373997461853284 ) ) ;
#1264 =( NAMED_UNIT ( * ) PLANE_ANGLE_UNIT ( ) SI_UNIT ( $, .RADIAN. ) );
#1265 = MECHANICAL_DESIGN_GEOMETRIC_PRESENTATION_REPRESENTATION (  '', ( #1575 ), #222 ) ;
#1266 = AXIS2_PLACEMENT_3D ( 'NONE', #1339, #522, #1785 ) ;
#1267 = VECTOR ( 'NONE', #1417, 1000.000000000000000 ) ;
#1268 = UNCERTAINTY_MEASURE_WITH_UNIT (LENGTH_MEASURE( 1.000000000000000082E-05 ), #73, 'distance_accuracy_value', 'NONE');
#1269 = VERTEX_POINT ( 'NONE', #873 ) ;
#1270 = DIRECTION ( 'NONE',  ( -0.000000000000000000, -0.000000000000000000, -1.000000000000000000 ) ) ;
#1271 = STYLED_ITEM ( 'NONE', ( #2221 ), #2070 ) ;
#1272 = CARTESIAN_POINT ( 'NONE',  ( 0.5000000000000000000, -0.5000000000000000000, 0.4200000000000000400 ) ) ;
#1273 = ORIENTED_EDGE ( 'NONE', *, *, #20, .T. ) ;
#1274 = DIRECTION ( 'NONE',  ( -2.775557561562889872E-16, 1.000000000000000000, -0.000000000000000000 ) ) ;
#1275 = CARTESIAN_POINT ( 'NONE',  ( -0.2500000000000000000, -0.4800000000000000377, 0.06000000000000001166 ) ) ;
#1276 = CARTESIAN_POINT ( 'NONE',  ( 0.4000000000000000222, -0.01300000000000010002, 0.000000000000000000 ) ) ;
#1277 = EDGE_CURVE ( 'NONE', #1822, #2422, #2708, .T. ) ;
#1278 = PRESENTATION_STYLE_ASSIGNMENT (( #1908 ) ) ;
#1279 = CARTESIAN_POINT ( 'NONE',  ( 0.2000000000000000111, -0.5020000000000001128, 0.000000000000000000 ) ) ;
#1280 = ORIENTED_EDGE ( 'NONE', *, *, #1332, .F. ) ;
#1281 = SURFACE_STYLE_FILL_AREA ( #1294 ) ;
#1282 = LINE ( 'NONE', #1254, #1377 ) ;
#1283 = SURFACE_STYLE_FILL_AREA ( #1316 ) ;
#1284 = AXIS2_PLACEMENT_3D ( 'NONE', #641, #2772, #1503 ) ;
#1285 = CARTESIAN_POINT ( 'NONE',  ( -0.4915470053837927011, 0.4915470053837925901, 0.04845299461620759113 ) ) ;
#1286 = SURFACE_SIDE_STYLE ('',( #1303 ) ) ;
#1287 = CARTESIAN_POINT ( 'NONE',  ( 0.4706037154400901645, -0.5103079137094995721, 0.4283919298188902935 ) ) ;
#1288 = DIRECTION ( 'NONE',  ( 0.000000000000000000, 0.000000000000000000, 1.000000000000000000 ) ) ;
#1289 =( NAMED_UNIT ( * ) PLANE_ANGLE_UNIT ( ) SI_UNIT ( $, .RADIAN. ) );
#1290 = CARTESIAN_POINT ( 'NONE',  ( -0.5103079137094997941, -0.4706037154400897204, 0.05160807018110989686 ) ) ;
#1291 = CARTESIAN_POINT ( 'NONE',  ( 0.4598382068274636802, 0.5115932876607923729, 0.05159394475247874867 ) ) ;
#1292 = EDGE_CURVE ( 'NONE', #929, #255, #2368, .T. ) ;
#1293 = VERTEX_POINT ( 'NONE', #249 ) ;
#1294 = FILL_AREA_STYLE ('',( #1328 ) ) ;
#1295 =( NAMED_UNIT ( * ) SI_UNIT ( $, .STERADIAN. ) SOLID_ANGLE_UNIT ( ) );
#1296 = FACE_OUTER_BOUND ( 'NONE', #1980, .T. ) ;
#1297 = AXIS2_PLACEMENT_3D ( 'NONE', #1420, #1654, #2094 ) ;
#1298 = AXIS2_PLACEMENT_3D ( 'NONE', #1176, #2272, #334 ) ;
#1299 =( NAMED_UNIT ( * ) SI_UNIT ( $, .STERADIAN. ) SOLID_ANGLE_UNIT ( ) );
#1300 =( NAMED_UNIT ( * ) PLANE_ANGLE_UNIT ( ) SI_UNIT ( $, .RADIAN. ) );
#1301 = ORIENTED_EDGE ( 'NONE', *, *, #2114, .F. ) ;
#1302 = COLOUR_RGB ( '',0.2862745098039215508, 0.2862745098039215508, 0.2862745098039215508 ) ;
#1303 = SURFACE_STYLE_FILL_AREA ( #1717 ) ;
#1304 = CIRCLE ( 'NONE', #1439, 0.01999999999999995184 ) ;
#1305 = CARTESIAN_POINT ( 'NONE',  ( -0.4750189003719570424, -0.4866125165785925577, 0.4382061327852280197 ) ) ;
#1306 = LINE ( 'NONE', #1098, #269 ) ;
#1307 = DIRECTION ( 'NONE',  ( -0.000000000000000000, -0.000000000000000000, -1.000000000000000000 ) ) ;
#1308 = CARTESIAN_POINT ( 'NONE',  ( -0.4897678529894931576, -0.4808737458000930109, 0.04133803982110662023 ) ) ;
#1309 = VERTEX_POINT ( 'NONE', #1937 ) ;
#1310 = STYLED_ITEM ( 'NONE', ( #111 ), #423 ) ;
#1311 = FACE_OUTER_BOUND ( 'NONE', #733, .T. ) ;
#1312 = EDGE_CURVE ( 'NONE', #1020, #1784, #458, .T. ) ;
#1313 = VECTOR ( 'NONE', #1689, 1000.000000000000000 ) ;
#1314 = PRESENTATION_LAYER_ASSIGNMENT (  '', '', ( #1708 ) ) ;
#1315 =( NAMED_UNIT ( * ) PLANE_ANGLE_UNIT ( ) SI_UNIT ( $, .RADIAN. ) );
#1316 = FILL_AREA_STYLE ('',( #2539 ) ) ;
#1317 = MECHANICAL_DESIGN_GEOMETRIC_PRESENTATION_REPRESENTATION (  '', ( #1668 ), #318 ) ;
#1318 = VECTOR ( 'NONE', #1841, 1000.000000000000000 ) ;
#1319 = EDGE_CURVE ( 'NONE', #2119, #665, #987, .T. ) ;
#1320 = FILL_AREA_STYLE ('',( #885 ) ) ;
#1321 =( NAMED_UNIT ( * ) SI_UNIT ( $, .STERADIAN. ) SOLID_ANGLE_UNIT ( ) );
#1322 = EDGE_LOOP ( 'NONE', ( #1816, #1411, #146, #345, #2176, #536 ) ) ;
#1323 = DIRECTION ( 'NONE',  ( -1.000000000000000000, 0.000000000000000000, 0.000000000000000000 ) ) ;
#1324 = DIRECTION ( 'NONE',  ( -1.000000000000000000, -0.000000000000000000, 0.000000000000000000 ) ) ;
#1325 = SURFACE_STYLE_FILL_AREA ( #2372 ) ;
#1326 = PLANE ( 'NONE',  #2666 ) ;
#1327 = EDGE_LOOP ( 'NONE', ( #1679, #404, #1280, #2635, #570, #638 ) ) ;
#1328 = FILL_AREA_STYLE_COLOUR ( '', #212 ) ;
#1329 = CARTESIAN_POINT ( 'NONE',  ( 0.4999999999999996669, 0.4799999999999999822, 0.04000000000000000083 ) ) ;
#1330 =( NAMED_UNIT ( * ) SI_UNIT ( $, .STERADIAN. ) SOLID_ANGLE_UNIT ( ) );
#1331 = CARTESIAN_POINT ( 'NONE',  ( 0.4800000000000000377, 0.4800000000000000377, 0.06000000000000001166 ) ) ;
#1332 = EDGE_CURVE ( 'NONE', #586, #1020, #656, .T. ) ;
#1333 = ORIENTED_EDGE ( 'NONE', *, *, #860, .F. ) ;
#1334 = DIRECTION ( 'NONE',  ( 0.000000000000000000, -0.000000000000000000, -1.000000000000000000 ) ) ;
#1335 = SURFACE_STYLE_FILL_AREA ( #1159 ) ;
#1336 =( NAMED_UNIT ( * ) PLANE_ANGLE_UNIT ( ) SI_UNIT ( $, .RADIAN. ) );
#1337 = LINE ( 'NONE', #1586, #2713 ) ;
#1338 = VERTEX_POINT ( 'NONE', #504 ) ;
#1339 = CARTESIAN_POINT ( 'NONE',  ( 0.4800000000000000377, -0.2500000000000000000, 0.4200000000000000400 ) ) ;
#1340 = CARTESIAN_POINT ( 'NONE',  ( -0.2000000000000000111, -0.2520000000000000018, 0.000000000000000000 ) ) ;
#1341 = UNCERTAINTY_MEASURE_WITH_UNIT (LENGTH_MEASURE( 1.000000000000000082E-05 ), #1761, 'distance_accuracy_value', 'NONE');
#1342 = DIRECTION ( 'NONE',  ( 1.000000000000000000, 0.000000000000000000, -0.000000000000000000 ) ) ;
#1343 = CARTESIAN_POINT ( 'NONE',  ( 0.4915470053837921460, -0.4915470053837924236, 0.04845299461620757725 ) ) ;
#1344 = CIRCLE ( 'NONE', #1203, 0.02000000000000001429 ) ;
#1345 = ORIENTED_EDGE ( 'NONE', *, *, #2476, .T. ) ;
#1346 = FILL_AREA_STYLE_COLOUR ( '', #2657 ) ;
#1347 = ADVANCED_FACE ( 'NONE', ( #295 ), #2254, .T. ) ;
#1348 = FILL_AREA_STYLE ('',( #1993 ) ) ;
#1349 =( GEOMETRIC_REPRESENTATION_CONTEXT ( 3 ) GLOBAL_UNCERTAINTY_ASSIGNED_CONTEXT ( ( #1151 ) ) GLOBAL_UNIT_ASSIGNED_CONTEXT ( ( #2733, #2222, #990 ) ) REPRESENTATION_CONTEXT ( 'NONE', 'WORKASPACE' ) );
#1350 = CARTESIAN_POINT ( 'NONE',  ( -0.4884060552475214534, 0.5115932876607918178, 0.08016179317253625813 ) ) ;
#1351 = PRESENTATION_LAYER_ASSIGNMENT (  '', '', ( #1963 ) ) ;
#1352 = FACE_OUTER_BOUND ( 'NONE', #2513, .T. ) ;
#1353 = CARTESIAN_POINT ( 'NONE',  ( -0.4986619601788935263, 0.4808737458000930665, 0.4297678529894933264 ) ) ;
#1354 = PRESENTATION_LAYER_ASSIGNMENT (  '', '', ( #2659 ) ) ;
#1355 = ORIENTED_EDGE ( 'NONE', *, *, #808, .F. ) ;
#1356 =( NAMED_UNIT ( * ) SI_UNIT ( $, .STERADIAN. ) SOLID_ANGLE_UNIT ( ) );
#1357 = COLOUR_RGB ( '',0.2862745098039215508, 0.2862745098039215508, 0.2862745098039215508 ) ;
#1358 = MECHANICAL_DESIGN_GEOMETRIC_PRESENTATION_REPRESENTATION (  '', ( #1310 ), #992 ) ;
#1359 = FACE_OUTER_BOUND ( 'NONE', #786, .T. ) ;
#1360 = STYLED_ITEM ( 'NONE', ( #862 ), #1746 ) ;
#1361 = AXIS2_PLACEMENT_3D ( 'NONE', #705, #2235, #462 ) ;
#1362 = ORIENTED_EDGE ( 'NONE', *, *, #629, .T. ) ;
#1363 =( GEOMETRIC_REPRESENTATION_CONTEXT ( 3 ) GLOBAL_UNCERTAINTY_ASSIGNED_CONTEXT ( ( #1649 ) ) GLOBAL_UNIT_ASSIGNED_CONTEXT ( ( #2665, #776, #125 ) ) REPRESENTATION_CONTEXT ( 'NONE', 'WORKASPACE' ) );
#1364 = FACE_OUTER_BOUND ( 'NONE', #325, .T. ) ;
#1365 = FILL_AREA_STYLE_COLOUR ( '', #2287 ) ;
#1366 =( LENGTH_UNIT ( ) NAMED_UNIT ( * ) SI_UNIT ( .MILLI., .METRE. ) );
#1367 = ORIENTED_EDGE ( 'NONE', *, *, #2768, .T. ) ;
#1368 = ADVANCED_FACE ( 'NONE', ( #542 ), #1154, .F. ) ;
#1369 =( NAMED_UNIT ( * ) PLANE_ANGLE_UNIT ( ) SI_UNIT ( $, .RADIAN. ) );
#1370 = FILL_AREA_STYLE ('',( #328 ) ) ;
#1371 = CARTESIAN_POINT ( 'NONE',  ( -0.4500000000000000666, -0.2520000000000000018, 0.000000000000000000 ) ) ;
#1372 = SURFACE_STYLE_FILL_AREA ( #514 ) ;
#1373 = VERTEX_POINT ( 'NONE', #1409 ) ;
#1374 = FILL_AREA_STYLE_COLOUR ( '', #986 ) ;
#1375 = LINE ( 'NONE', #516, #2543 ) ;
#1376 = FILL_AREA_STYLE_COLOUR ( '', #858 ) ;
#1377 = VECTOR ( 'NONE', #1713, 1000.000000000000000 ) ;
#1378 = FACE_OUTER_BOUND ( 'NONE', #1112, .T. ) ;
#1379 = DIRECTION ( 'NONE',  ( -2.775557561562889872E-16, 1.000000000000000000, -0.000000000000000000 ) ) ;
#1380 = CARTESIAN_POINT ( 'NONE',  ( -0.4500000000000000111, -0.2520000000000000018, 0.1250000000000000000 ) ) ;
#1381 = ORIENTED_EDGE ( 'NONE', *, *, #800, .T. ) ;
#1382 = CARTESIAN_POINT ( 'NONE',  ( 0.5089319905388967058, 0.4692277922694868542, 0.4311437761600966923 ) ) ;
#1383 = UNCERTAINTY_MEASURE_WITH_UNIT (LENGTH_MEASURE( 1.000000000000000082E-05 ), #1737, 'distance_accuracy_value', 'NONE');
#1384 = EDGE_CURVE ( 'NONE', #1077, #1629, #753, .T. ) ;
#1385 = SURFACE_SIDE_STYLE ('',( #1372 ) ) ;
#1386 = ORIENTED_EDGE ( 'NONE', *, *, #1170, .F. ) ;
#1387 = FACE_OUTER_BOUND ( 'NONE', #1638, .T. ) ;
#1388 = STYLED_ITEM ( 'NONE', ( #1067 ), #104 ) ;
#1389 = MECHANICAL_DESIGN_GEOMETRIC_PRESENTATION_REPRESENTATION (  '', ( #2356 ), #905 ) ;
#1390 =( NAMED_UNIT ( * ) SI_UNIT ( $, .STERADIAN. ) SOLID_ANGLE_UNIT ( ) );
#1391 = CARTESIAN_POINT ( 'NONE',  ( -0.4800000000000000377, -0.4889442719099992285, 0.4378885438199983660 ) ) ;
#1392 = COLOUR_RGB ( '',0.2862745098039215508, 0.2862745098039215508, 0.2862745098039215508 ) ;
#1393 = VERTEX_POINT ( 'NONE', #127 ) ;
#1394 = CARTESIAN_POINT ( 'NONE',  ( 8.131516293641279557E-17, 0.4800000000000000377, 0.04000000000000000083 ) ) ;
#1395 =( GEOMETRIC_REPRESENTATION_CONTEXT ( 3 ) GLOBAL_UNCERTAINTY_ASSIGNED_CONTEXT ( ( #1787 ) ) GLOBAL_UNIT_ASSIGNED_CONTEXT ( ( #1979, #934, #291 ) ) REPRESENTATION_CONTEXT ( 'NONE', 'WORKASPACE' ) );
#1396 =( GEOMETRIC_REPRESENTATION_CONTEXT ( 3 ) GLOBAL_UNCERTAINTY_ASSIGNED_CONTEXT ( ( #778 ) ) GLOBAL_UNIT_ASSIGNED_CONTEXT ( ( #1056, #1467, #799 ) ) REPRESENTATION_CONTEXT ( 'NONE', 'WORKASPACE' ) );
#1397 = EDGE_CURVE ( 'NONE', #2156, #520, #2412, .T. ) ;
#1398 = STYLED_ITEM ( 'NONE', ( #1543 ), #1412 ) ;
#1399 = PRESENTATION_LAYER_ASSIGNMENT (  '', '', ( #902 ) ) ;
#1400 = DIRECTION ( 'NONE',  ( -1.000000000000000000, 0.000000000000000000, 0.000000000000000000 ) ) ;
#1401 = ORIENTED_EDGE ( 'NONE', *, *, #2430, .F. ) ;
#1402 =( GEOMETRIC_REPRESENTATION_CONTEXT ( 3 ) GLOBAL_UNCERTAINTY_ASSIGNED_CONTEXT ( ( #1145 ) ) GLOBAL_UNIT_ASSIGNED_CONTEXT ( ( #1511, #312, #2209 ) ) REPRESENTATION_CONTEXT ( 'NONE', 'WORKASPACE' ) );
#1403 = ADVANCED_FACE ( 'NONE', ( #1640 ), #1052, .T. ) ;
#1404 = VECTOR ( 'NONE', #1680, 1000.000000000000000 ) ;
#1405 = COLOUR_RGB ( '',0.7529411764705882248, 0.7529411764705882248, 0.7529411764705882248 ) ;
#1406 = CARTESIAN_POINT ( 'NONE',  ( -0.4915470053837924236, -0.4915470053837927566, 0.4315470053837925923 ) ) ;
#1407 = ORIENTED_EDGE ( 'NONE', *, *, #860, .T. ) ;
#1408 = DIRECTION ( 'NONE',  ( 0.000000000000000000, -1.000000000000000000, -0.000000000000000000 ) ) ;
#1409 = CARTESIAN_POINT ( 'NONE',  ( -0.4978885438199984192, 0.4799999999999999822, 0.4289442719099991752 ) ) ;
#1410 = DIRECTION ( 'NONE',  ( -2.775557561562889872E-16, 1.000000000000000000, -0.000000000000000000 ) ) ;
#1411 = ORIENTED_EDGE ( 'NONE', *, *, #719, .T. ) ;
#1412 = ADVANCED_FACE ( 'NONE', ( #1525 ), #1326, .T. ) ;
#1413 = DIRECTION ( 'NONE',  ( 1.000000000000000000, -2.710505431213761479E-15, 0.000000000000000000 ) ) ;
#1414 = DIRECTION ( 'NONE',  ( 1.000000000000000000, 2.081668171172169992E-16, -0.000000000000000000 ) ) ;
#1415 = CARTESIAN_POINT ( 'NONE',  ( -0.4915470053837923126, -0.4915470053837925346, 0.04845299461620749398 ) ) ;
#1416 = ORIENTED_EDGE ( 'NONE', *, *, #2670, .T. ) ;
#1417 = DIRECTION ( 'NONE',  ( -1.000000000000000000, -0.000000000000000000, 0.000000000000000000 ) ) ;
#1418 = CIRCLE ( 'NONE', #1504, 0.01999999999999999695 ) ;
#1419 = CARTESIAN_POINT ( 'NONE',  ( 0.4800000000000000377, 0.4800000000000000933, 0.4200000000000000400 ) ) ;
#1420 = CARTESIAN_POINT ( 'NONE',  ( -0.4800000000000000933, 0.4800000000000000377, 0.4200000000000000400 ) ) ;
#1421 = CARTESIAN_POINT ( 'NONE',  ( 0.4915470053837925346, 0.4915470053837925346, 0.04845299461620748704 ) ) ;
#1422 = DIRECTION ( 'NONE',  ( 1.000000000000000000, 0.000000000000000000, -0.000000000000000000 ) ) ;
#1423 = ORIENTED_EDGE ( 'NONE', *, *, #1463, .F. ) ;
#1424 = CARTESIAN_POINT ( 'NONE',  ( 0.4915470053837925346, -0.4915470053837926456, 0.4315470053837923703 ) ) ;
#1425 = EDGE_CURVE ( 'NONE', #1171, #1309, #37, .T. ) ;
#1426 = SURFACE_SIDE_STYLE ('',( #535 ) ) ;
#1427 = CARTESIAN_POINT ( 'NONE',  ( -0.4800000000000000377, -0.4800000000000000377, 0.4200000000000000400 ) ) ;
#1428 = UNCERTAINTY_MEASURE_WITH_UNIT (LENGTH_MEASURE( 1.000000000000000082E-05 ), #1551, 'distance_accuracy_value', 'NONE');
#1429 = ORIENTED_EDGE ( 'NONE', *, *, #1879, .F. ) ;
#1430 =( GEOMETRIC_REPRESENTATION_CONTEXT ( 3 ) GLOBAL_UNCERTAINTY_ASSIGNED_CONTEXT ( ( #836 ) ) GLOBAL_UNIT_ASSIGNED_CONTEXT ( ( #2161, #218, #666 ) ) REPRESENTATION_CONTEXT ( 'NONE', 'WORKASPACE' ) );
#1431 = DIRECTION ( 'NONE',  ( -0.000000000000000000, 1.000000000000000000, 0.000000000000000000 ) ) ;
#1432 = AXIS2_PLACEMENT_3D ( 'NONE', #633, #1882, #1260 ) ;
#1433 = FILL_AREA_STYLE ('',( #2678 ) ) ;
#1434 = ORIENTED_EDGE ( 'NONE', *, *, #83, .T. ) ;
#1435 = MECHANICAL_DESIGN_GEOMETRIC_PRESENTATION_REPRESENTATION (  '', ( #2532 ), #2706 ) ;
#1436 = FILL_AREA_STYLE ('',( #2485 ) ) ;
#1437 = UNCERTAINTY_MEASURE_WITH_UNIT (LENGTH_MEASURE( 1.000000000000000082E-05 ), #2561, 'distance_accuracy_value', 'NONE');
#1438 =( LENGTH_UNIT ( ) NAMED_UNIT ( * ) SI_UNIT ( .MILLI., .METRE. ) );
#1439 = AXIS2_PLACEMENT_3D ( 'NONE', #1915, #853, #826 ) ;
#1440 = CARTESIAN_POINT ( 'NONE',  ( -0.4915470053837925346, 0.4915470053837924236, 0.4315470053837927589 ) ) ;
#1441 = ORIENTED_EDGE ( 'NONE', *, *, #1675, .F. ) ;
#1442 = DIRECTION ( 'NONE',  ( 1.000000000000000000, 0.000000000000000000, -0.000000000000000000 ) ) ;
#1443 =( GEOMETRIC_REPRESENTATION_CONTEXT ( 3 ) GLOBAL_UNCERTAINTY_ASSIGNED_CONTEXT ( ( #924 ) ) GLOBAL_UNIT_ASSIGNED_CONTEXT ( ( #1486, #637, #1226 ) ) REPRESENTATION_CONTEXT ( 'NONE', 'WORKASPACE' ) );
#1444 = DIRECTION ( 'NONE',  ( 1.000000000000000000, 0.000000000000000000, 0.000000000000000000 ) ) ;
#1445 = COLOUR_RGB ( '',0.2862745098039215508, 0.2862745098039215508, 0.2862745098039215508 ) ;
#1446 = CARTESIAN_POINT ( 'NONE',  ( -0.4915470053837925346, -0.4915470053837925346, 0.4315470053837925368 ) ) ;
#1447 = CARTESIAN_POINT ( 'NONE',  ( -0.4915470053837923126, -0.4868330292772483081, 0.04373901850966326055 ) ) ;
#1448 = VERTEX_POINT ( 'NONE', #154 ) ;
#1449 = COLOUR_RGB ( '',0.7529411764705882248, 0.7529411764705882248, 0.7529411764705882248 ) ;
#1450 = PRESENTATION_STYLE_ASSIGNMENT (( #337 ) ) ;
#1451 = EDGE_CURVE ( 'NONE', #1903, #665, #760, .T. ) ;
#1452 = CARTESIAN_POINT ( 'NONE',  ( -0.2000000000000000111, -0.5020000000000001128, 0.000000000000000000 ) ) ;
#1453 = CARTESIAN_POINT ( 'NONE',  ( -0.4750189003719570979, 0.4982061327852278509, 0.4266125165785925599 ) ) ;
#1454 = VERTEX_POINT ( 'NONE', #1500 ) ;
#1455 = DIRECTION ( 'NONE',  ( -2.775557561562889872E-16, 1.000000000000000000, 0.000000000000000000 ) ) ;
#1456 = SURFACE_SIDE_STYLE ('',( #1645 ) ) ;
#1457 = CARTESIAN_POINT ( 'NONE',  ( -0.4808737458000931775, -0.4897678529894933797, 0.4386619601788935285 ) ) ;
#1458 = DIRECTION ( 'NONE',  ( 0.4082482904638630727, -0.8164965809277261455, -0.4082482904638630727 ) ) ;
#1459 = CARTESIAN_POINT ( 'NONE',  ( -0.4598382068274637358, -0.5115932876607921509, 0.05159394475247899847 ) ) ;
#1460 = VERTEX_POINT ( 'NONE', #1691 ) ;
#1461 = CARTESIAN_POINT ( 'NONE',  ( 0.4500000000000000666, -0.3770000000000000018, 0.000000000000000000 ) ) ;
#1462 = FILL_AREA_STYLE ('',( #1376 ) ) ;
#1463 = EDGE_CURVE ( 'NONE', #822, #102, #2534, .T. ) ;
#1464 = CARTESIAN_POINT ( 'NONE',  ( -0.4915470053837926456, 0.4915470053837924236, 0.4315470053837925368 ) ) ;
#1465 = EDGE_LOOP ( 'NONE', ( #1805, #1853, #2129, #2482 ) ) ;
#1466 = FILL_AREA_STYLE_COLOUR ( '', #1118 ) ;
#1467 =( NAMED_UNIT ( * ) PLANE_ANGLE_UNIT ( ) SI_UNIT ( $, .RADIAN. ) );
#1468 = SURFACE_STYLE_USAGE ( .BOTH. , #1286 ) ;
#1469 = CARTESIAN_POINT ( 'NONE',  ( 0.4915470053837925346, -0.4915470053837925346, 0.4315470053837925923 ) ) ;
#1470 =( NAMED_UNIT ( * ) PLANE_ANGLE_UNIT ( ) SI_UNIT ( $, .RADIAN. ) );
#1471 = ORIENTED_EDGE ( 'NONE', *, *, #1646, .T. ) ;
#1472 = CARTESIAN_POINT ( 'NONE',  ( -0.5133868263297213241, -0.4616317454963922984, 0.05518102209033650535 ) ) ;
#1473 = ORIENTED_EDGE ( 'NONE', *, *, #1188, .T. ) ;
#1474 = CARTESIAN_POINT ( 'NONE',  ( 0.4800000000000000933, -0.4800000000000000377, 0.4400000000000000022 ) ) ;
#1475 =( NAMED_UNIT ( * ) PLANE_ANGLE_UNIT ( ) SI_UNIT ( $, .RADIAN. ) );
#1476 = ORIENTED_EDGE ( 'NONE', *, *, #1257, .F. ) ;
#1477 = MECHANICAL_DESIGN_GEOMETRIC_PRESENTATION_REPRESENTATION (  '', ( #1779 ), #663 ) ;
#1478 = PRESENTATION_STYLE_ASSIGNMENT (( #818 ) ) ;
#1479 = EDGE_CURVE ( 'NONE', #1240, #169, #2751, .T. ) ;
#1480 =( LENGTH_UNIT ( ) NAMED_UNIT ( * ) SI_UNIT ( .MILLI., .METRE. ) );
#1481 = CARTESIAN_POINT ( 'NONE',  ( 0.4982061327852279620, -0.4866125165785925577, 0.4150189003719571001 ) ) ;
#1482 = FILL_AREA_STYLE_COLOUR ( '', #2060 ) ;
#1483 = AXIS2_PLACEMENT_3D ( 'NONE', #690, #2185, #2203 ) ;
#1484 = AXIS2_PLACEMENT_3D ( 'NONE', #2330, #662, #2159 ) ;
#1485 =( LENGTH_UNIT ( ) NAMED_UNIT ( * ) SI_UNIT ( .MILLI., .METRE. ) );
#1486 =( LENGTH_UNIT ( ) NAMED_UNIT ( * ) SI_UNIT ( .MILLI., .METRE. ) );
#1487 = AXIS2_PLACEMENT_3D ( 'NONE', #1073, #1288, #645 ) ;
#1488 = VECTOR ( 'NONE', #1431, 1000.000000000000000 ) ;
#1489 = ORIENTED_EDGE ( 'NONE', *, *, #664, .T. ) ;
#1490 = FACE_OUTER_BOUND ( 'NONE', #1970, .T. ) ;
#1491 = CARTESIAN_POINT ( 'NONE',  ( -0.3984433176461131265, -0.3410027888995090239, 0.4410000000000000031 ) ) ;
#1492 = CARTESIAN_POINT ( 'NONE',  ( 0.3250000000000000666, -0.3770000000000000018, 0.000000000000000000 ) ) ;
#1493 = ORIENTED_EDGE ( 'NONE', *, *, #1332, .T. ) ;
#1494 = SURFACE_STYLE_USAGE ( .BOTH. , #198 ) ;
#1495 = SURFACE_SIDE_STYLE ('',( #655 ) ) ;
#1496 = EDGE_CURVE ( 'NONE', #340, #1572, #205, .T. ) ;
#1497 = FILL_AREA_STYLE_COLOUR ( '', #2493 ) ;
#1498 = CARTESIAN_POINT ( 'NONE',  ( 0.4500000000000000666, -0.2520000000000000018, 0.1250000000000000000 ) ) ;
#1499 = FILL_AREA_STYLE_COLOUR ( '', #494 ) ;
#1500 = CARTESIAN_POINT ( 'NONE',  ( 0.4915470053837925346, 0.4915470053837924236, 0.4315470053837925923 ) ) ;
#1501 = ORIENTED_EDGE ( 'NONE', *, *, #1772, .F. ) ;
#1502 = SURFACE_STYLE_USAGE ( .BOTH. , #2345 ) ;
#1503 = DIRECTION ( 'NONE',  ( -0.5773502691896310601, 0.5773502691896257311, -0.5773502691896202910 ) ) ;
#1504 = AXIS2_PLACEMENT_3D ( 'NONE', #1053, #1042, #2150 ) ;
#1505 = PLANE ( 'NONE',  #1824 ) ;
#1506 = SURFACE_STYLE_USAGE ( .BOTH. , #1495 ) ;
#1507 = CARTESIAN_POINT ( 'NONE',  ( 0.4883919298188905134, -0.5103079137094995721, 0.4106037154400901112 ) ) ;
#1508 = ADVANCED_FACE ( 'NONE', ( #847 ), #383, .T. ) ;
#1509 = CARTESIAN_POINT ( 'NONE',  ( -0.2000000000000000111, -0.5020000000000001128, 0.000000000000000000 ) ) ;
#1510 =( NAMED_UNIT ( * ) PLANE_ANGLE_UNIT ( ) SI_UNIT ( $, .RADIAN. ) );
#1511 =( LENGTH_UNIT ( ) NAMED_UNIT ( * ) SI_UNIT ( .MILLI., .METRE. ) );
#1512 = EDGE_LOOP ( 'NONE', ( #2239, #2317, #2183, #909 ) ) ;
#1513 = DIRECTION ( 'NONE',  ( 0.000000000000000000, 0.000000000000000000, 1.000000000000000000 ) ) ;
#1514 = COLOUR_RGB ( '',0.2862745098039215508, 0.2862745098039215508, 0.2862745098039215508 ) ;
#1515 =( NAMED_UNIT ( * ) SI_UNIT ( $, .STERADIAN. ) SOLID_ANGLE_UNIT ( ) );
#1516 = CIRCLE ( 'NONE', #392, 0.01999999999999999695 ) ;
#1517 = CARTESIAN_POINT ( 'NONE',  ( -0.4750189003719570424, 0.4982061327852279620, 0.05338748342140763742 ) ) ;
#1518 = EDGE_LOOP ( 'NONE', ( #1143, #1870, #1962, #84, #1762, #1301 ) ) ;
#1519 = DIRECTION ( 'NONE',  ( -4.163336342344339985E-16, -1.000000000000000000, 0.000000000000000000 ) ) ;
#1520 = VECTOR ( 'NONE', #403, 1000.000000000000000 ) ;
#1521 = SURFACE_SIDE_STYLE ('',( #875 ) ) ;
#1522 = DIRECTION ( 'NONE',  ( 2.775557561562889872E-16, -1.000000000000000000, 0.000000000000000000 ) ) ;
#1523 = STYLED_ITEM ( 'NONE', ( #769 ), #1403 ) ;
#1524 =( NAMED_UNIT ( * ) SI_UNIT ( $, .STERADIAN. ) SOLID_ANGLE_UNIT ( ) );
#1525 = FACE_OUTER_BOUND ( 'NONE', #548, .T. ) ;
#1526 = ORIENTED_EDGE ( 'NONE', *, *, #1083, .F. ) ;
#1527 = AXIS2_PLACEMENT_3D ( 'NONE', #2011, #959, #2639 ) ;
#1528 = SURFACE_STYLE_FILL_AREA ( #1051 ) ;
#1529 = EDGE_CURVE ( 'NONE', #102, #400, #852, .T. ) ;
#1530 = PRESENTATION_LAYER_ASSIGNMENT (  '', '', ( #1220 ) ) ;
#1531 = LINE ( 'NONE', #1329, #1520 ) ;
#1532 =( LENGTH_UNIT ( ) NAMED_UNIT ( * ) SI_UNIT ( .MILLI., .METRE. ) );
#1533 = DIRECTION ( 'NONE',  ( -0.5773502691896310601, 0.5773502691896202910, 0.5773502691896257311 ) ) ;
#1534 = STYLED_ITEM ( 'NONE', ( #1723 ), #1913 ) ;
#1535 = PRESENTATION_LAYER_ASSIGNMENT (  '', '', ( #1175 ) ) ;
#1536 = LINE ( 'NONE', #1371, #1662 ) ;
#1537 =( NAMED_UNIT ( * ) PLANE_ANGLE_UNIT ( ) SI_UNIT ( $, .RADIAN. ) );
#1538 = VERTEX_POINT ( 'NONE', #1391 ) ;
#1539 = PRESENTATION_STYLE_ASSIGNMENT (( #484 ) ) ;
#1540 = CARTESIAN_POINT ( 'NONE',  ( 0.5024334668800591874, -0.4813897985291147319, 0.04918224925779697554 ) ) ;
#1541 =( NAMED_UNIT ( * ) PLANE_ANGLE_UNIT ( ) SI_UNIT ( $, .RADIAN. ) );
#1542 = DIRECTION ( 'NONE',  ( 0.000000000000000000, 0.000000000000000000, 1.000000000000000000 ) ) ;
#1543 = PRESENTATION_STYLE_ASSIGNMENT (( #2354 ) ) ;
#1544 = VERTEX_POINT ( 'NONE', #1758 ) ;
#1545 = DIRECTION ( 'NONE',  ( 1.000000000000000000, 7.047314121155780083E-14, 0.000000000000000000 ) ) ;
#1546 = CARTESIAN_POINT ( 'NONE',  ( 0.4962609814903368166, 0.4915470053837924236, 0.4268330292772484214 ) ) ;
#1547 = ADVANCED_FACE ( 'NONE', ( #1569 ), #1802, .T. ) ;
#1548 = FACE_OUTER_BOUND ( 'NONE', #32, .T. ) ;
#1549 = FILL_AREA_STYLE_COLOUR ( '', #616 ) ;
#1550 = ORIENTED_EDGE ( 'NONE', *, *, #2683, .F. ) ;
#1551 =( LENGTH_UNIT ( ) NAMED_UNIT ( * ) SI_UNIT ( .MILLI., .METRE. ) );
#1552 =( LENGTH_UNIT ( ) NAMED_UNIT ( * ) SI_UNIT ( .MILLI., .METRE. ) );
#1553 = ORIENTED_EDGE ( 'NONE', *, *, #466, .T. ) ;
#1554 = CARTESIAN_POINT ( 'NONE',  ( 0.4500000000000000666, -0.5020000000000001128, 0.1250000000000000000 ) ) ;
#1555 = FACE_OUTER_BOUND ( 'NONE', #795, .T. ) ;
#1556 = AXIS2_PLACEMENT_3D ( 'NONE', #2363, #211, #1090 ) ;
#1557 = SURFACE_STYLE_USAGE ( .BOTH. , #1108 ) ;
#1558 = CARTESIAN_POINT ( 'NONE',  ( 0.4915470053837925346, -0.4962609814903367611, 0.05316697072275168579 ) ) ;
#1559 = MECHANICAL_DESIGN_GEOMETRIC_PRESENTATION_REPRESENTATION (  '', ( #1388 ), #472 ) ;
#1560 = ORIENTED_EDGE ( 'NONE', *, *, #1800, .T. ) ;
#1561 = MECHANICAL_DESIGN_GEOMETRIC_PRESENTATION_REPRESENTATION (  '', ( #1912 ), #2619 ) ;
#1562 = SURFACE_SIDE_STYLE ('',( #910 ) ) ;
#1563 = UNCERTAINTY_MEASURE_WITH_UNIT (LENGTH_MEASURE( 1.000000000000000082E-05 ), #2065, 'distance_accuracy_value', 'NONE');
#1564 =( NAMED_UNIT ( * ) PLANE_ANGLE_UNIT ( ) SI_UNIT ( $, .RADIAN. ) );
#1565 = CARTESIAN_POINT ( 'NONE',  ( 0.4915470053837923126, -0.4868330292772482526, 0.04373901850966354504 ) ) ;
#1566 = EDGE_CURVE ( 'NONE', #1233, #164, #1337, .T. ) ;
#1567 = VECTOR ( 'NONE', #1442, 1000.000000000000000 ) ;
#1568 = DIRECTION ( 'NONE',  ( 0.000000000000000000, -0.000000000000000000, -1.000000000000000000 ) ) ;
#1569 = FACE_OUTER_BOUND ( 'NONE', #2732, .T. ) ;
#1570 = VECTOR ( 'NONE', #2333, 1000.000000000000000 ) ;
#1571 = STYLED_ITEM ( 'NONE', ( #2103 ), #2257 ) ;
#1572 = VERTEX_POINT ( 'NONE', #2427 ) ;
#1573 = SURFACE_SIDE_STYLE ('',( #710 ) ) ;
#1574 = CARTESIAN_POINT ( 'NONE',  ( 0.4915470053837927566, 0.4915470053837924236, 0.4315470053837930919 ) ) ;
#1575 = STYLED_ITEM ( 'NONE', ( #1217 ), #1698 ) ;
#1576 = PRESENTATION_STYLE_ASSIGNMENT (( #714 ) ) ;
#1577 = CARTESIAN_POINT ( 'NONE',  ( -0.4915470053837926456, 0.4915470053837924236, 0.4315470053837925368 ) ) ;
#1578 = FILL_AREA_STYLE_COLOUR ( '', #160 ) ;
#1579 = ORIENTED_EDGE ( 'NONE', *, *, #2597, .T. ) ;
#1580 = PRESENTATION_STYLE_ASSIGNMENT (( #1726 ) ) ;
#1581 = STYLED_ITEM ( 'NONE', ( #749 ), #1972 ) ;
#1582 = FILL_AREA_STYLE ('',( #1374 ) ) ;
#1583 = CARTESIAN_POINT ( 'NONE',  ( 0.5000000000000000000, -0.2500000000000000000, 0.06000000000000001166 ) ) ;
#1584 = DIRECTION ( 'NONE',  ( -1.000000000000000000, -2.081668171172169992E-16, 0.000000000000000000 ) ) ;
#1585 = EDGE_CURVE ( 'NONE', #2049, #951, #267, .T. ) ;
#1586 = CARTESIAN_POINT ( 'NONE',  ( 0.4800000000000002043, -0.2500000000000000000, 0.4400000000000000022 ) ) ;
#1587 = FILL_AREA_STYLE ('',( #1466 ) ) ;
#1588 = ORIENTED_EDGE ( 'NONE', *, *, #192, .F. ) ;
#1589 = PRESENTATION_STYLE_ASSIGNMENT (( #918 ) ) ;
#1590 = FILL_AREA_STYLE_COLOUR ( '', #346 ) ;
#1591 = SURFACE_SIDE_STYLE ('',( #1829 ) ) ;
#1592 = ORIENTED_EDGE ( 'NONE', *, *, #2227, .F. ) ;
#1593 = CARTESIAN_POINT ( 'NONE',  ( 0.5024334668800590764, -0.4908177507422029073, 0.05861020147088532445 ) ) ;
#1594 = FILL_AREA_STYLE ('',( #735 ) ) ;
#1595 = CARTESIAN_POINT ( 'NONE',  ( -0.4911437761600963015, 0.5089319905388963727, 0.07077220773051297320 ) ) ;
#1596 = CARTESIAN_POINT ( 'NONE',  ( -0.4799999999999999822, 0.4978885438199983082, 0.4289442719099990642 ) ) ;
#1597 = EDGE_CURVE ( 'NONE', #1911, #1373, #1789, .T. ) ;
#1598 = UNCERTAINTY_MEASURE_WITH_UNIT (LENGTH_MEASURE( 1.000000000000000082E-05 ), #2660, 'distance_accuracy_value', 'NONE');
#1599 = ORIENTED_EDGE ( 'NONE', *, *, #1425, .T. ) ;
#1600 = LINE ( 'NONE', #1394, #1926 ) ;
#1601 = UNCERTAINTY_MEASURE_WITH_UNIT (LENGTH_MEASURE( 1.000000000000000082E-05 ), #2361, 'distance_accuracy_value', 'NONE');
#1602 = EDGE_CURVE ( 'NONE', #2650, #2156, #1971, .T. ) ;
#1603 = CARTESIAN_POINT ( 'NONE',  ( 0.4915470053837926456, 0.4915470053837925346, 0.4315470053837926478 ) ) ;
#1604 = CARTESIAN_POINT ( 'NONE',  ( 0.4500000000000000666, -0.5020000000000001128, 0.000000000000000000 ) ) ;
#1605 = ORIENTED_EDGE ( 'NONE', *, *, #932, .T. ) ;
#1606 = PRESENTATION_LAYER_ASSIGNMENT (  '', '', ( #841 ) ) ;
#1607 = CARTESIAN_POINT ( 'NONE',  ( -0.4800000000000000377, 0.4800000000000000377, 0.4200000000000000400 ) ) ;
#1608 = AXIS2_PLACEMENT_3D ( 'NONE', #2310, #1455, #390 ) ;
#1609 = ORIENTED_EDGE ( 'NONE', *, *, #595, .F. ) ;
#1610 =( NAMED_UNIT ( * ) SI_UNIT ( $, .STERADIAN. ) SOLID_ANGLE_UNIT ( ) );
#1611 =( GEOMETRIC_REPRESENTATION_CONTEXT ( 3 ) GLOBAL_UNCERTAINTY_ASSIGNED_CONTEXT ( ( #1383 ) ) GLOBAL_UNIT_ASSIGNED_CONTEXT ( ( #1737, #407, #1299 ) ) REPRESENTATION_CONTEXT ( 'NONE', 'WORKASPACE' ) );
#1612 = CARTESIAN_POINT ( 'NONE',  ( -0.4962609814903368166, -0.4915470053837926456, 0.4268330292772483103 ) ) ;
#1613 = SURFACE_SIDE_STYLE ('',( #964 ) ) ;
#1614 = EDGE_CURVE ( 'NONE', #157, #586, #2540, .T. ) ;
#1615 = SURFACE_STYLE_FILL_AREA ( #115 ) ;
#1616 = ORIENTED_EDGE ( 'NONE', *, *, #1684, .F. ) ;
#1617 = VECTOR ( 'NONE', #1909, 1000.000000000000000 ) ;
#1618 = STYLED_ITEM ( 'NONE', ( #1450 ), #438 ) ;
#1619 = VECTOR ( 'NONE', #1704, 1000.000000000000000 ) ;
#1620 = COLOUR_RGB ( '',0.2862745098039215508, 0.2862745098039215508, 0.2862745098039215508 ) ;
#1621 =( NAMED_UNIT ( * ) SI_UNIT ( $, .STERADIAN. ) SOLID_ANGLE_UNIT ( ) );
#1622 =( GEOMETRIC_REPRESENTATION_CONTEXT ( 3 ) GLOBAL_UNCERTAINTY_ASSIGNED_CONTEXT ( ( #353 ) ) GLOBAL_UNIT_ASSIGNED_CONTEXT ( ( #91, #1996, #493 ) ) REPRESENTATION_CONTEXT ( 'NONE', 'WORKASPACE' ) );
#1623 = MECHANICAL_DESIGN_GEOMETRIC_PRESENTATION_REPRESENTATION (  '', ( #2377 ), #1670 ) ;
#1624 = FILL_AREA_STYLE_COLOUR ( '', #2130 ) ;
#1625 = FILL_AREA_STYLE ('',( #762 ) ) ;
#1626 = ORIENTED_EDGE ( 'NONE', *, *, #1888, .F. ) ;
#1627 = CARTESIAN_POINT ( 'NONE',  ( 0.5000000000000000000, 0.5000000000000000000, 0.04000000000000000083 ) ) ;
#1628 =( BOUNDED_SURFACE ( )  B_SPLINE_SURFACE ( 3, 3, ( 
 ( #2428, #2674, #2061, #1424 ),
 ( #2285, #1258, #1861, #556 ),
 ( #507, #2514, #2700, #773 ),
 ( #147, #587, #1242, #798 ) ),
 .UNSPECIFIED., .F., .F., .T. ) 
 B_SPLINE_SURFACE_WITH_KNOTS ( ( 4, 4 ),
 ( 4, 4 ),
 ( 0.000000000000000000, 1.000000000000000000 ),
 ( 0.000000000000000000, 1.000000000000000000 ),
 .UNSPECIFIED. ) 
 GEOMETRIC_REPRESENTATION_ITEM ( )  RATIONAL_B_SPLINE_SURFACE ( (
 ( 1.000000000000000000, 0.3333333333333311499, 0.3333333333333311499, 1.000000000000000000),
 ( 0.9245018060306368080, 0.3081672686768769376, 0.3081672686768769376, 0.9245018060306368080),
 ( 0.9245018060306368080, 0.3081672686768769376, 0.3081672686768769376, 0.9245018060306368080),
 ( 1.000000000000000000, 0.3333333333333311499, 0.3333333333333311499, 1.000000000000000000) ) ) 
 REPRESENTATION_ITEM ( '' )  SURFACE ( )  );
#1629 = VERTEX_POINT ( 'NONE', #2075 ) ;
#1630 = LINE ( 'NONE', #998, #2352 ) ;
#1631 = EDGE_CURVE ( 'NONE', #2031, #822, #1877, .T. ) ;
#1632 = VERTEX_POINT ( 'NONE', #2251 ) ;
#1633 = CARTESIAN_POINT ( 'NONE',  ( 6.938893903907229610E-17, -0.01300000000000009828, 0.1250000000000000000 ) ) ;
#1634 =( NAMED_UNIT ( * ) PLANE_ANGLE_UNIT ( ) SI_UNIT ( $, .RADIAN. ) );
#1635 = CARTESIAN_POINT ( 'NONE',  ( -0.4500000000000000111, -0.5020000000000001128, 0.000000000000000000 ) ) ;
#1636 = ORIENTED_EDGE ( 'NONE', *, *, #321, .T. ) ;
#1637 = DIRECTION ( 'NONE',  ( -2.081668171172169992E-16, 1.000000000000000000, 0.000000000000000000 ) ) ;
#1638 = EDGE_LOOP ( 'NONE', ( #1201, #1027, #2308, #1766 ) ) ;
#1639 = FACE_OUTER_BOUND ( 'NONE', #1327, .T. ) ;
#1640 = FACE_OUTER_BOUND ( 'NONE', #1738, .T. ) ;
#1641 = DIRECTION ( 'NONE',  ( -0.000000000000000000, -0.000000000000000000, -1.000000000000000000 ) ) ;
#1642 = VERTEX_POINT ( 'NONE', #1864 ) ;
#1643 = DIRECTION ( 'NONE',  ( -0.000000000000000000, -0.000000000000000000, -1.000000000000000000 ) ) ;
#1644 = CARTESIAN_POINT ( 'NONE',  ( -0.1250000000000000000, 0.5020000000000001128, 0.000000000000000000 ) ) ;
#1645 = SURFACE_STYLE_FILL_AREA ( #2073 ) ;
#1646 = EDGE_CURVE ( 'NONE', #1448, #2650, #1834, .T. ) ;
#1647 = FACE_OUTER_BOUND ( 'NONE', #364, .T. ) ;
#1648 = SURFACE_SIDE_STYLE ('',( #335 ) ) ;
#1649 = UNCERTAINTY_MEASURE_WITH_UNIT (LENGTH_MEASURE( 1.000000000000000082E-05 ), #2665, 'distance_accuracy_value', 'NONE');
#1650 = VERTEX_POINT ( 'NONE', #2087 ) ;
#1651 = STYLED_ITEM ( 'NONE', ( #437 ), #293 ) ;
#1652 = VECTOR ( 'NONE', #2313, 1000.000000000000000 ) ;
#1653 = FILL_AREA_STYLE_COLOUR ( '', #1838 ) ;
#1654 = DIRECTION ( 'NONE',  ( 2.775557561562889872E-16, -1.000000000000000000, 0.000000000000000000 ) ) ;
#1655 = SURFACE_STYLE_USAGE ( .BOTH. , #344 ) ;
#1656 = ORIENTED_EDGE ( 'NONE', *, *, #1425, .F. ) ;
#1657 =( BOUNDED_SURFACE ( )  B_SPLINE_SURFACE ( 3, 3, ( 
 ( #1603, #2443, #2401, #479 ),
 ( #113, #289, #974, #2017 ),
 ( #731, #2001, #275, #2653 ),
 ( #752, #79, #1142, #1790 ) ),
 .UNSPECIFIED., .F., .F., .F. ) 
 B_SPLINE_SURFACE_WITH_KNOTS ( ( 4, 4 ),
 ( 4, 4 ),
 ( 0.000000000000000000, 1.000000000000000000 ),
 ( 0.000000000000000000, 1.000000000000000000 ),
 .UNSPECIFIED. ) 
 GEOMETRIC_REPRESENTATION_ITEM ( )  RATIONAL_B_SPLINE_SURFACE ( (
 ( 1.000000000000000000, 0.3333333333333327597, 0.3333333333333327597, 1.000000000000000000),
 ( 0.9245018060306368080, 0.3081672686768783809, 0.3081672686768783809, 0.9245018060306368080),
 ( 0.9245018060306368080, 0.3081672686768783809, 0.3081672686768783809, 0.9245018060306368080),
 ( 1.000000000000000000, 0.3333333333333327597, 0.3333333333333327597, 1.000000000000000000) ) ) 
 REPRESENTATION_ITEM ( '' )  SURFACE ( )  );
#1658 = LINE ( 'NONE', #1633, #1567 ) ;
#1659 = FILL_AREA_STYLE ('',( #2701 ) ) ;
#1660 =( GEOMETRIC_REPRESENTATION_CONTEXT ( 3 ) GLOBAL_UNCERTAINTY_ASSIGNED_CONTEXT ( ( #2612 ) ) GLOBAL_UNIT_ASSIGNED_CONTEXT ( ( #1366, #56, #1148 ) ) REPRESENTATION_CONTEXT ( 'NONE', 'WORKASPACE' ) );
#1661 = DIRECTION ( 'NONE',  ( 0.000000000000000000, 0.000000000000000000, 1.000000000000000000 ) ) ;
#1662 = VECTOR ( 'NONE', #933, 1000.000000000000000 ) ;
#1663 = AXIS2_PLACEMENT_3D ( 'NONE', #1009, #240, #1730 ) ;
#1664 = CARTESIAN_POINT ( 'NONE',  ( 0.3250000000000000666, -0.2520000000000000018, 0.000000000000000000 ) ) ;
#1665 = FILL_AREA_STYLE_COLOUR ( '', #2411 ) ;
#1666 = CARTESIAN_POINT ( 'NONE',  ( -0.4598382068274635692, -0.4884060552475217309, 0.02840671233920801994 ) ) ;
#1667 = ORIENTED_EDGE ( 'NONE', *, *, #2101, .F. ) ;
#1668 = STYLED_ITEM ( 'NONE', ( #1278 ), #2024 ) ;
#1669 = ADVANCED_FACE ( 'NONE', ( #121 ), #1006, .T. ) ;
#1670 =( GEOMETRIC_REPRESENTATION_CONTEXT ( 3 ) GLOBAL_UNCERTAINTY_ASSIGNED_CONTEXT ( ( #1598 ) ) GLOBAL_UNIT_ASSIGNED_CONTEXT ( ( #2660, #199, #1878 ) ) REPRESENTATION_CONTEXT ( 'NONE', 'WORKASPACE' ) );
#1671 = CARTESIAN_POINT ( 'NONE',  ( 6.938893903907229610E-17, 0.4369999999999999996, 0.1250000000000000000 ) ) ;
#1672 = CARTESIAN_POINT ( 'NONE',  ( -0.4982061327852279620, -0.4866125165785925577, 0.4150189003719571001 ) ) ;
#1673 = CARTESIAN_POINT ( 'NONE',  ( 0.1250000000000000000, 0.5020000000000001128, 0.000000000000000000 ) ) ;
#1674 = UNCERTAINTY_MEASURE_WITH_UNIT (LENGTH_MEASURE( 1.000000000000000082E-05 ), #229, 'distance_accuracy_value', 'NONE');
#1675 = EDGE_CURVE ( 'NONE', #2089, #194, #533, .T. ) ;
#1676 = ORIENTED_EDGE ( 'NONE', *, *, #1848, .F. ) ;
#1677 = DIRECTION ( 'NONE',  ( 0.000000000000000000, 0.000000000000000000, -1.000000000000000000 ) ) ;
#1678 = FILL_AREA_STYLE ('',( #1482 ) ) ;
#1679 = ORIENTED_EDGE ( 'NONE', *, *, #1170, .T. ) ;
#1680 = DIRECTION ( 'NONE',  ( -1.000000000000000000, -1.734723475976810053E-16, 0.000000000000000000 ) ) ;
#1681 = SURFACE_STYLE_FILL_AREA ( #1075 ) ;
#1682 = EDGE_CURVE ( 'NONE', #737, #929, #1033, .T. ) ;
#1683 = VERTEX_POINT ( 'NONE', #1190 ) ;
#1684 = EDGE_CURVE ( 'NONE', #1448, #184, #785, .T. ) ;
#1685 = FILL_AREA_STYLE_COLOUR ( '', #529 ) ;
#1686 = ORIENTED_EDGE ( 'NONE', *, *, #235, .T. ) ;
#1687 = LINE ( 'NONE', #1229, #258 ) ;
#1688 = CARTESIAN_POINT ( 'NONE',  ( 0.4750189003719570424, -0.4866125165785925022, 0.4382061327852279087 ) ) ;
#1689 = DIRECTION ( 'NONE',  ( -0.000000000000000000, 0.000000000000000000, -1.000000000000000000 ) ) ;
#1690 = CARTESIAN_POINT ( 'NONE',  ( -0.5133868263297214352, -0.4848189779096635510, 0.07836825450360752898 ) ) ;
#1691 = CARTESIAN_POINT ( 'NONE',  ( 0.4799999999999999822, -0.4889442719099991175, 0.4378885438199983660 ) ) ;
#1692 = ORIENTED_EDGE ( 'NONE', *, *, #2649, .F. ) ;
#1693 = DIRECTION ( 'NONE',  ( 0.000000000000000000, -0.000000000000000000, -1.000000000000000000 ) ) ;
#1694 = MECHANICAL_DESIGN_GEOMETRIC_PRESENTATION_REPRESENTATION (  '', ( #1914 ), #796 ) ;
#1695 = DIRECTION ( 'NONE',  ( 1.000000000000000000, 0.000000000000000000, 3.388131789017201751E-15 ) ) ;
#1696 = FILL_AREA_STYLE_COLOUR ( '', #2607 ) ;
#1697 = DIRECTION ( 'NONE',  ( -0.000000000000000000, 1.000000000000000000, 0.000000000000000000 ) ) ;
#1698 = ADVANCED_FACE ( 'NONE', ( #1199 ), #546, .T. ) ;
#1699 = MECHANICAL_DESIGN_GEOMETRIC_PRESENTATION_REPRESENTATION (  '', ( #1963 ), #1395 ) ;
#1700 = MECHANICAL_DESIGN_GEOMETRIC_PRESENTATION_REPRESENTATION (  '', ( #2659 ), #85 ) ;
#1701 =( NAMED_UNIT ( * ) PLANE_ANGLE_UNIT ( ) SI_UNIT ( $, .RADIAN. ) );
#1702 = FACE_OUTER_BOUND ( 'NONE', #2499, .T. ) ;
#1703 = LINE ( 'NONE', #2086, #78 ) ;
#1704 = DIRECTION ( 'NONE',  ( -2.775557561562889872E-16, 1.000000000000000000, -0.000000000000000000 ) ) ;
#1705 = SURFACE_SIDE_STYLE ('',( #1325 ) ) ;
#1706 = COLOUR_RGB ( '',0.2862745098039215508, 0.2862745098039215508, 0.2862745098039215508 ) ;
#1707 = CARTESIAN_POINT ( 'NONE',  ( -0.5024334668800592985, -0.4908177507422031849, 0.05861020147088531057 ) ) ;
#1708 = STYLED_ITEM ( 'NONE', ( #2438 ), #738 ) ;
#1709 = ORIENTED_EDGE ( 'NONE', *, *, #2227, .T. ) ;
#1710 = SURFACE_SIDE_STYLE ('',( #1528 ) ) ;
#1711 = PRESENTATION_LAYER_ASSIGNMENT (  '', '', ( #1668 ) ) ;
#1712 = CARTESIAN_POINT ( 'NONE',  ( -0.2000000000000000389, -0.5020000000000001128, 0.1250000000000000000 ) ) ;
#1713 = DIRECTION ( 'NONE',  ( 0.000000000000000000, 0.000000000000000000, 1.000000000000000000 ) ) ;
#1714 = SURFACE_SIDE_STYLE ('',( #465 ) ) ;
#1715 = EDGE_CURVE ( 'NONE', #1171, #1448, #3, .T. ) ;
#1716 = CARTESIAN_POINT ( 'NONE',  ( -0.4808737458000931775, 0.4986619601788936373, 0.05023214701050678771 ) ) ;
#1717 = FILL_AREA_STYLE ('',( #600 ) ) ;
#1718 = CARTESIAN_POINT ( 'NONE',  ( 0.4000000000000000222, 0.4369999999999999996, 0.000000000000000000 ) ) ;
#1719 = CARTESIAN_POINT ( 'NONE',  ( -0.4915470053837924236, -0.4915470053837925346, 0.04845299461620747317 ) ) ;
#1720 = ORIENTED_EDGE ( 'NONE', *, *, #305, .T. ) ;
#1721 = CARTESIAN_POINT ( 'NONE',  ( -0.4800000000000000377, -0.5000000000000000000, 0.4200000000000000400 ) ) ;
#1722 = DIRECTION ( 'NONE',  ( 0.000000000000000000, -1.000000000000000000, -0.000000000000000000 ) ) ;
#1723 = PRESENTATION_STYLE_ASSIGNMENT (( #1557 ) ) ;
#1724 = CARTESIAN_POINT ( 'NONE',  ( -0.4883919298188906244, 0.4706037154400894984, 0.02969208629050002629 ) ) ;
#1725 = VERTEX_POINT ( 'NONE', #1922 ) ;
#1726 = SURFACE_STYLE_USAGE ( .BOTH. , #2515 ) ;
#1727 = CARTESIAN_POINT ( 'NONE',  ( 0.4800000000000000933, 0.4800000000000000933, 0.05999999999999994227 ) ) ;
#1728 =( NAMED_UNIT ( * ) SI_UNIT ( $, .STERADIAN. ) SOLID_ANGLE_UNIT ( ) );
#1729 = CARTESIAN_POINT ( 'NONE',  ( 6.938893903907229610E-17, 0.4369999999999999996, 0.1250000000000000000 ) ) ;
#1730 = DIRECTION ( 'NONE',  ( 0.000000000000000000, 0.000000000000000000, -1.000000000000000000 ) ) ;
#1731 = EDGE_CURVE ( 'NONE', #243, #2082, #2735, .T. ) ;
#1732 = DIRECTION ( 'NONE',  ( 0.000000000000000000, 0.000000000000000000, 1.000000000000000000 ) ) ;
#1733 = ORIENTED_EDGE ( 'NONE', *, *, #171, .F. ) ;
#1734 =( GEOMETRIC_REPRESENTATION_CONTEXT ( 3 ) GLOBAL_UNCERTAINTY_ASSIGNED_CONTEXT ( ( #2433 ) ) GLOBAL_UNIT_ASSIGNED_CONTEXT ( ( #1081, #1932, #1330 ) ) REPRESENTATION_CONTEXT ( 'NONE', 'WORKASPACE' ) );
#1735 = SURFACE_STYLE_USAGE ( .BOTH. , #2334 ) ;
#1736 = DIRECTION ( 'NONE',  ( -1.000000000000000000, -0.000000000000000000, 0.000000000000000000 ) ) ;
#1737 =( LENGTH_UNIT ( ) NAMED_UNIT ( * ) SI_UNIT ( .MILLI., .METRE. ) );
#1738 = EDGE_LOOP ( 'NONE', ( #689, #1709, #2440, #1122, #24 ) ) ;
#1739 = VECTOR ( 'NONE', #1274, 1000.000000000000000 ) ;
#1740 = FILL_AREA_STYLE ('',( #1346 ) ) ;
#1741 = MECHANICAL_DESIGN_GEOMETRIC_PRESENTATION_REPRESENTATION (  '', ( #478 ), #1396 ) ;
#1742 = CARTESIAN_POINT ( 'NONE',  ( -0.4800000000000000377, 0.4800000000000000933, 0.06000000000000015737 ) ) ;
#1743 = SURFACE_STYLE_USAGE ( .BOTH. , #2393 ) ;
#1744 = CARTESIAN_POINT ( 'NONE',  ( 0.4799999999999999822, -0.4800000000000000377, 0.4200000000000000400 ) ) ;
#1745 = DIRECTION ( 'NONE',  ( 1.000000000000000000, 0.000000000000000000, -0.000000000000000000 ) ) ;
#1746 = ADVANCED_FACE ( 'NONE', ( #2113 ), #2126, .T. ) ;
#1747 = EDGE_LOOP ( 'NONE', ( #495, #207, #2527, #1362 ) ) ;
#1748 = MECHANICAL_DESIGN_GEOMETRIC_PRESENTATION_REPRESENTATION (  '', ( #356 ), #139 ) ;
#1749 =( GEOMETRIC_REPRESENTATION_CONTEXT ( 3 ) GLOBAL_UNCERTAINTY_ASSIGNED_CONTEXT ( ( #1268 ) ) GLOBAL_UNIT_ASSIGNED_CONTEXT ( ( #73, #1369, #1610 ) ) REPRESENTATION_CONTEXT ( 'NONE', 'WORKASPACE' ) );
#1750 = DIRECTION ( 'NONE',  ( 1.000000000000000000, 2.775557561562889872E-16, 0.000000000000000000 ) ) ;
#1751 = CARTESIAN_POINT ( 'NONE',  ( 0.4982061327852280730, 0.4866125165785923912, 0.4150189003719572112 ) ) ;
#1752 = CARTESIAN_POINT ( 'NONE',  ( -0.2000000000000000111, -0.3770000000000000018, 0.1250000000000000000 ) ) ;
#1753 = UNCERTAINTY_MEASURE_WITH_UNIT (LENGTH_MEASURE( 1.000000000000000082E-05 ), #2746, 'distance_accuracy_value', 'NONE');
#1754 = CARTESIAN_POINT ( 'NONE',  ( 0.4500000000000000111, -0.5020000000000001128, 0.000000000000000000 ) ) ;
#1755 = VERTEX_POINT ( 'NONE', #2766 ) ;
#1756 =( NAMED_UNIT ( * ) SI_UNIT ( $, .STERADIAN. ) SOLID_ANGLE_UNIT ( ) );
#1757 = CARTESIAN_POINT ( 'NONE',  ( -0.4982061327852279620, 0.4750189003719570979, 0.05338748342140781089 ) ) ;
#1758 = CARTESIAN_POINT ( 'NONE',  ( 0.4915470053837925346, -0.4915470053837925346, 0.4315470053837925368 ) ) ;
#1759 = ORIENTED_EDGE ( 'NONE', *, *, #1015, .F. ) ;
#1760 = SURFACE_STYLE_FILL_AREA ( #1974 ) ;
#1761 =( LENGTH_UNIT ( ) NAMED_UNIT ( * ) SI_UNIT ( .MILLI., .METRE. ) );
#1762 = ORIENTED_EDGE ( 'NONE', *, *, #305, .F. ) ;
#1763 =( NAMED_UNIT ( * ) PLANE_ANGLE_UNIT ( ) SI_UNIT ( $, .RADIAN. ) );
#1764 = PRESENTATION_STYLE_ASSIGNMENT (( #67 ) ) ;
#1765 = CARTESIAN_POINT ( 'NONE',  ( -0.4808737458000932330, 0.4986619601788934708, 0.05023214701050683628 ) ) ;
#1766 = ORIENTED_EDGE ( 'NONE', *, *, #2742, .T. ) ;
#1767 = CARTESIAN_POINT ( 'NONE',  ( 0.4750189003719570424, 0.4866125165785925577, 0.4382061327852279087 ) ) ;
#1768 = FILL_AREA_STYLE_COLOUR ( '', #170 ) ;
#1769 = PRESENTATION_LAYER_ASSIGNMENT (  '', '', ( #887 ) ) ;
#1770 = SURFACE_SIDE_STYLE ('',( #670 ) ) ;
#1771 = PLANE ( 'NONE',  #1991 ) ;
#1772 = EDGE_CURVE ( 'NONE', #416, #2594, #658, .T. ) ;
#1773 = AXIS2_PLACEMENT_3D ( 'NONE', #1104, #1750, #684 ) ;
#1774 = VERTEX_POINT ( 'NONE', #1906 ) ;
#1775 = VECTOR ( 'NONE', #2288, 1000.000000000000000 ) ;
#1776 = CARTESIAN_POINT ( 'NONE',  ( -0.4999999999999997780, -0.4799999999999999822, 0.06000000000000001166 ) ) ;
#1777 = CARTESIAN_POINT ( 'NONE',  ( 0.4915470053837922015, -0.4915470053837920905, 0.04845299461620779929 ) ) ;
#1778 = VECTOR ( 'NONE', #280, 1000.000000000000000 ) ;
#1779 = STYLED_ITEM ( 'NONE', ( #607 ), #1064 ) ;
#1780 = DIRECTION ( 'NONE',  ( 0.000000000000000000, -1.000000000000000000, 0.000000000000000000 ) ) ;
#1781 = FILL_AREA_STYLE ('',( #941 ) ) ;
#1782 = CARTESIAN_POINT ( 'NONE',  ( -0.4915470053837925346, 0.4915470053837928122, 0.4315470053837925923 ) ) ;
#1783 = STYLED_ITEM ( 'NONE', ( #2445 ), #1368 ) ;
#1784 = VERTEX_POINT ( 'NONE', #239 ) ;
#1785 = DIRECTION ( 'NONE',  ( -1.000000000000000000, 0.000000000000000000, 0.000000000000000000 ) ) ;
#1786 = CARTESIAN_POINT ( 'NONE',  ( 0.4915470053837927566, 0.4915470053837925346, 0.4315470053837927034 ) ) ;
#1787 = UNCERTAINTY_MEASURE_WITH_UNIT (LENGTH_MEASURE( 1.000000000000000082E-05 ), #1979, 'distance_accuracy_value', 'NONE');
#1788 = UNCERTAINTY_MEASURE_WITH_UNIT (LENGTH_MEASURE( 1.000000000000000082E-05 ), #948, 'distance_accuracy_value', 'NONE');
#1789 = CIRCLE ( 'NONE', #1527, 0.02000000000000001429 ) ;
#1790 = CARTESIAN_POINT ( 'NONE',  ( 0.4750189003719570424, 0.4866125165785925577, 0.4382061327852281307 ) ) ;
#1791 = MECHANICAL_DESIGN_GEOMETRIC_PRESENTATION_REPRESENTATION (  '', ( #1836 ), #1215 ) ;
#1792 =( GEOMETRIC_REPRESENTATION_CONTEXT ( 3 ) GLOBAL_UNCERTAINTY_ASSIGNED_CONTEXT ( ( #1857 ) ) GLOBAL_UNIT_ASSIGNED_CONTEXT ( ( #332, #1634, #589 ) ) REPRESENTATION_CONTEXT ( 'NONE', 'WORKASPACE' ) );
#1793 = ORIENTED_EDGE ( 'NONE', *, *, #206, .T. ) ;
#1794 = AXIS2_PLACEMENT_3D ( 'NONE', #473, #2615, #1568 ) ;
#1795 = EDGE_CURVE ( 'NONE', #2042, #2072, #627, .T. ) ;
#1796 =( NAMED_UNIT ( * ) PLANE_ANGLE_UNIT ( ) SI_UNIT ( $, .RADIAN. ) );
#1797 = CARTESIAN_POINT ( 'NONE',  ( 0.4866125165785922801, -0.4982061327852276289, 0.06498109962804310413 ) ) ;
#1798 = SURFACE_SIDE_STYLE ('',( #1335 ) ) ;
#1799 = SURFACE_STYLE_USAGE ( .BOTH. , #958 ) ;
#1800 = EDGE_CURVE ( 'NONE', #888, #1903, #1306, .T. ) ;
#1801 = SURFACE_SIDE_STYLE ('',( #707 ) ) ;
#1802 = CYLINDRICAL_SURFACE ( 'NONE', #807, 0.01999999999999999695 ) ;
#1803 = ORIENTED_EDGE ( 'NONE', *, *, #2165, .T. ) ;
#1804 = CARTESIAN_POINT ( 'NONE',  ( 6.938893903907229610E-17, 0.2119999999999999940, 0.1250000000000000000 ) ) ;
#1805 = ORIENTED_EDGE ( 'NONE', *, *, #206, .F. ) ;
#1806 = CARTESIAN_POINT ( 'NONE',  ( -0.3250000000000000666, -0.3770000000000000018, 0.1250000000000000000 ) ) ;
#1807 = LINE ( 'NONE', #2661, #1775 ) ;
#1808 = CARTESIAN_POINT ( 'NONE',  ( -0.4915470053837926456, 0.4915470053837925346, 0.4315470053837927034 ) ) ;
#1809 = UNCERTAINTY_MEASURE_WITH_UNIT (LENGTH_MEASURE( 1.000000000000000082E-05 ), #15, 'distance_accuracy_value', 'NONE');
#1810 = ORIENTED_EDGE ( 'NONE', *, *, #2757, .T. ) ;
#1811 = ADVANCED_FACE ( 'NONE', ( #615 ), #2598, .T. ) ;
#1812 = DIRECTION ( 'NONE',  ( -2.775557561562889872E-16, -1.000000000000000000, -0.000000000000000000 ) ) ;
#1813 = CARTESIAN_POINT ( 'NONE',  ( -0.4808737458000930665, -0.4897678529894933797, 0.4386619601788935285 ) ) ;
#1814 =( NAMED_UNIT ( * ) SI_UNIT ( $, .STERADIAN. ) SOLID_ANGLE_UNIT ( ) );
#1815 = CARTESIAN_POINT ( 'NONE',  ( 0.4897678529894933797, -0.4986619601788933043, 0.05912625419990685111 ) ) ;
#1816 = ORIENTED_EDGE ( 'NONE', *, *, #2002, .T. ) ;
#1817 =( GEOMETRIC_REPRESENTATION_CONTEXT ( 3 ) GLOBAL_UNCERTAINTY_ASSIGNED_CONTEXT ( ( #1788 ) ) GLOBAL_UNIT_ASSIGNED_CONTEXT ( ( #948, #2668, #2279 ) ) REPRESENTATION_CONTEXT ( 'NONE', 'WORKASPACE' ) );
#1818 = FILL_AREA_STYLE_COLOUR ( '', #1886 ) ;
#1819 = SURFACE_STYLE_USAGE ( .BOTH. , #1426 ) ;
#1820 = DIRECTION ( 'NONE',  ( 2.775557561562889872E-16, 1.000000000000000000, 0.000000000000000000 ) ) ;
#1821 = AXIS2_PLACEMENT_3D ( 'NONE', #2298, #1029, #1876 ) ;
#1822 = VERTEX_POINT ( 'NONE', #1146 ) ;
#1823 = CARTESIAN_POINT ( 'NONE',  ( -0.4000000000000000222, 0.2119999999999999940, 0.1250000000000000000 ) ) ;
#1824 = AXIS2_PLACEMENT_3D ( 'NONE', #1933, #246, #1109 ) ;
#1825 =( GEOMETRIC_REPRESENTATION_CONTEXT ( 3 ) GLOBAL_UNCERTAINTY_ASSIGNED_CONTEXT ( ( #361 ) ) GLOBAL_UNIT_ASSIGNED_CONTEXT ( ( #631, #1300, #1321 ) ) REPRESENTATION_CONTEXT ( 'NONE', 'WORKASPACE' ) );
#1826 = PLANE ( 'NONE',  #911 ) ;
#1827 = ADVANCED_FACE ( 'NONE', ( #1387 ), #2424, .T. ) ;
#1828 = CARTESIAN_POINT ( 'NONE',  ( -0.3484433176461130266, -0.3410027888995090239, 0.4410000000000000031 ) ) ;
#1829 = SURFACE_STYLE_FILL_AREA ( #732 ) ;
#1830 =( BOUNDED_SURFACE ( )  B_SPLINE_SURFACE ( 3, 3, ( 
 ( #1415, #1200, #2047, #560 ),
 ( #1447, #2274, #1263, #1060 ),
 ( #1218, #369, #2707, #2723 ),
 ( #804, #1666, #1459, #380 ) ),
 .UNSPECIFIED., .F., .F., .F. ) 
 B_SPLINE_SURFACE_WITH_KNOTS ( ( 4, 4 ),
 ( 4, 4 ),
 ( 0.000000000000000000, 1.000000000000000000 ),
 ( 0.000000000000000000, 1.000000000000000000 ),
 .UNSPECIFIED. ) 
 GEOMETRIC_REPRESENTATION_ITEM ( )  RATIONAL_B_SPLINE_SURFACE ( (
 ( 1.000000000000000000, 0.3333333333333347581, 0.3333333333333347581, 1.000000000000000000),
 ( 0.9245018060306373631, 0.3081672686768804348, 0.3081672686768804348, 0.9245018060306373631),
 ( 0.9245018060306373631, 0.3081672686768804348, 0.3081672686768804348, 0.9245018060306373631),
 ( 1.000000000000000000, 0.3333333333333347581, 0.3333333333333347581, 1.000000000000000000) ) ) 
 REPRESENTATION_ITEM ( '' )  SURFACE ( )  );
#1831 = PRESENTATION_LAYER_ASSIGNMENT (  '', '', ( #131 ) ) ;
#1832 = FILL_AREA_STYLE_COLOUR ( '', #694 ) ;
#1833 = EDGE_LOOP ( 'NONE', ( #2744, #1489, #2406, #2392 ) ) ;
#1834 = CIRCLE ( 'NONE', #2194, 0.01999999999999999695 ) ;
#1835 = AXIS2_PLACEMENT_3D ( 'NONE', #1804, #1150, #1123 ) ;
#1836 = STYLED_ITEM ( 'NONE', ( #1895 ), #1811 ) ;
#1837 = PRESENTATION_STYLE_ASSIGNMENT (( #365 ) ) ;
#1838 = COLOUR_RGB ( '',0.7529411764705882248, 0.7529411764705882248, 0.7529411764705882248 ) ;
#1839 = DIRECTION ( 'NONE',  ( -0.000000000000000000, -0.000000000000000000, -1.000000000000000000 ) ) ;
#1840 = ORIENTED_EDGE ( 'NONE', *, *, #1631, .F. ) ;
#1841 = DIRECTION ( 'NONE',  ( -0.000000000000000000, 1.000000000000000000, 0.000000000000000000 ) ) ;
#1842 = CARTESIAN_POINT ( 'NONE',  ( -0.4922762600253819398, -0.4806605438875253822, 0.4417042122384702840 ) ) ;
#1843 = CARTESIAN_POINT ( 'NONE',  ( 0.4978885438199983082, -0.4889442719099992285, 0.4200000000000000400 ) ) ;
#1844 = UNCERTAINTY_MEASURE_WITH_UNIT (LENGTH_MEASURE( 1.000000000000000082E-05 ), #2581, 'distance_accuracy_value', 'NONE');
#1845 = CARTESIAN_POINT ( 'NONE',  ( -0.5000000000000000000, -0.5000000000000000000, 0.04000000000000000083 ) ) ;
#1846 = LINE ( 'NONE', #1874, #2686 ) ;
#1847 = ORIENTED_EDGE ( 'NONE', *, *, #1934, .F. ) ;
#1848 = EDGE_CURVE ( 'NONE', #1683, #2560, #1375, .T. ) ;
#1849 = DIRECTION ( 'NONE',  ( -0.000000000000000000, 0.000000000000000000, -1.000000000000000000 ) ) ;
#1850 =( NAMED_UNIT ( * ) PLANE_ANGLE_UNIT ( ) SI_UNIT ( $, .RADIAN. ) );
#1851 = DIRECTION ( 'NONE',  ( -0.000000000000000000, -0.000000000000000000, -1.000000000000000000 ) ) ;
#1852 = FILL_AREA_STYLE ('',( #1665 ) ) ;
#1853 = ORIENTED_EDGE ( 'NONE', *, *, #461, .T. ) ;
#1854 = SURFACE_SIDE_STYLE ('',( #2304 ) ) ;
#1855 = VECTOR ( 'NONE', #1422, 1000.000000000000000 ) ;
#1857 = UNCERTAINTY_MEASURE_WITH_UNIT (LENGTH_MEASURE( 1.000000000000000082E-05 ), #332, 'distance_accuracy_value', 'NONE');
#1856 = DIRECTION ( 'NONE',  ( 1.000000000000000000, -5.421010862427522959E-15, 0.000000000000000000 ) ) ;
#1858 = CARTESIAN_POINT ( 'NONE',  ( -0.4800000000000000377, -0.4800000000000000377, 0.4200000000000000400 ) ) ;
#1859 = ORIENTED_EDGE ( 'NONE', *, *, #2703, .F. ) ;
#1860 = ADVANCED_FACE ( 'NONE', ( #2171 ), #2233, .T. ) ;
#1861 = CARTESIAN_POINT ( 'NONE',  ( 0.4922762600253816623, -0.4806605438875256597, 0.4417042122384702840 ) ) ;
#1862 = PRESENTATION_STYLE_ASSIGNMENT (( #1230 ) ) ;
#1863 = FILL_AREA_STYLE ('',( #1365 ) ) ;
#1864 = CARTESIAN_POINT ( 'NONE',  ( 0.4978885438199985303, 0.4889442719099991175, 0.4200000000000000400 ) ) ;
#1865 = UNCERTAINTY_MEASURE_WITH_UNIT (LENGTH_MEASURE( 1.000000000000000082E-05 ), #399, 'distance_accuracy_value', 'NONE');
#1866 = EDGE_LOOP ( 'NONE', ( #331, #1847, #320, #2106 ) ) ;
#1867 = CIRCLE ( 'NONE', #1297, 0.01999999999999999695 ) ;
#1868 = LINE ( 'NONE', #1823, #2460 ) ;
#1869 =( NAMED_UNIT ( * ) PLANE_ANGLE_UNIT ( ) SI_UNIT ( $, .RADIAN. ) );
#1870 = ORIENTED_EDGE ( 'NONE', *, *, #1312, .F. ) ;
#1871 = STYLED_ITEM ( 'NONE', ( #1918 ), #2509 ) ;
#1872 = DIRECTION ( 'NONE',  ( -1.000000000000000000, -0.000000000000000000, 0.000000000000000000 ) ) ;
#1873 = COLOUR_RGB ( '',0.2862745098039215508, 0.2862745098039215508, 0.2862745098039215508 ) ;
#1874 = CARTESIAN_POINT ( 'NONE',  ( -0.4000000000000000222, 0.4369999999999999996, 0.000000000000000000 ) ) ;
#1875 = ORIENTED_EDGE ( 'NONE', *, *, #1614, .T. ) ;
#1876 = DIRECTION ( 'NONE',  ( 0.000000000000000000, -1.000000000000000000, 0.000000000000000000 ) ) ;
#1877 = CIRCLE ( 'NONE', #2588, 0.01999999999999999695 ) ;
#1878 =( NAMED_UNIT ( * ) SI_UNIT ( $, .STERADIAN. ) SOLID_ANGLE_UNIT ( ) );
#1879 = EDGE_CURVE ( 'NONE', #2435, #531, #1536, .T. ) ;
#1880 = PRESENTATION_LAYER_ASSIGNMENT (  '', '', ( #2373 ) ) ;
#1881 = VECTOR ( 'NONE', #1048, 1000.000000000000000 ) ;
#1882 = DIRECTION ( 'NONE',  ( -0.000000000000000000, -0.000000000000000000, -1.000000000000000000 ) ) ;
#1883 = CARTESIAN_POINT ( 'NONE',  ( 0.1250000000000000000, 0.2119999999999999940, 0.1250000000000000000 ) ) ;
#1884 = ORIENTED_EDGE ( 'NONE', *, *, #2382, .F. ) ;
#1885 = STYLED_ITEM ( 'NONE', ( #505 ), #2053 ) ;
#1886 = COLOUR_RGB ( '',0.7921568627450980005, 0.8196078431372548767, 0.9333333333333333481 ) ;
#1887 =( NAMED_UNIT ( * ) PLANE_ANGLE_UNIT ( ) SI_UNIT ( $, .RADIAN. ) );
#1888 = EDGE_CURVE ( 'NONE', #1460, #164, #2018, .T. ) ;
#1889 = CARTESIAN_POINT ( 'NONE',  ( 0.4915470053837927566, 0.4915470053837926456, 0.04845299461620725806 ) ) ;
#1890 = LINE ( 'NONE', #209, #2622 ) ;
#1891 = ORIENTED_EDGE ( 'NONE', *, *, #985, .T. ) ;
#1892 = PLANE ( 'NONE',  #132 ) ;
#1893 = DIRECTION ( 'NONE',  ( 0.000000000000000000, 0.000000000000000000, 1.000000000000000000 ) ) ;
#1894 = SURFACE_STYLE_FILL_AREA ( #378 ) ;
#1895 = PRESENTATION_STYLE_ASSIGNMENT (( #1046 ) ) ;
#1896 = FACE_OUTER_BOUND ( 'NONE', #1002, .T. ) ;
#1897 = ADVANCED_FACE ( 'NONE', ( #1548 ), #868, .T. ) ;
#1898 = CIRCLE ( 'NONE', #2738, 0.01999999999999999695 ) ;
#1899 = UNCERTAINTY_MEASURE_WITH_UNIT (LENGTH_MEASURE( 1.000000000000000082E-05 ), #165, 'distance_accuracy_value', 'NONE');
#1900 = ORIENTED_EDGE ( 'NONE', *, *, #1277, .F. ) ;
#1901 = PRESENTATION_STYLE_ASSIGNMENT (( #2537 ) ) ;
#1902 = CARTESIAN_POINT ( 'NONE',  ( 0.4800000000000000377, 0.4800000000000000377, 0.4200000000000000400 ) ) ;
#1903 = VERTEX_POINT ( 'NONE', #245 ) ;
#1904 = PRESENTATION_STYLE_ASSIGNMENT (( #1494 ) ) ;
#1905 = DIRECTION ( 'NONE',  ( -0.000000000000000000, 0.000000000000000000, 1.000000000000000000 ) ) ;
#1906 = CARTESIAN_POINT ( 'NONE',  ( -0.4799999999999999822, 0.4999999999999998890, 0.06000000000000001166 ) ) ;
#1907 =( LENGTH_UNIT ( ) NAMED_UNIT ( * ) SI_UNIT ( .MILLI., .METRE. ) );
#1908 = SURFACE_STYLE_USAGE ( .BOTH. , #2521 ) ;
#1909 = DIRECTION ( 'NONE',  ( 5.333251894243680090E-16, -1.000000000000000000, 0.000000000000000000 ) ) ;
#1910 = AXIS2_PLACEMENT_3D ( 'NONE', #428, #1270, #1545 ) ;
#1911 = VERTEX_POINT ( 'NONE', #1577 ) ;
#1912 = STYLED_ITEM ( 'NONE', ( #120 ), #2172 ) ;
#1913 = ADVANCED_FACE ( 'NONE', ( #2774 ), #1988, .T. ) ;
#1914 = STYLED_ITEM ( 'NONE', ( #446 ), #2309 ) ;
#1915 = CARTESIAN_POINT ( 'NONE',  ( -0.4800000000000000933, -0.4800000000000000933, 0.4200000000000000400 ) ) ;
#1916 = STYLED_ITEM ( 'NONE', ( #1580 ), #920 ) ;
#1917 = VECTOR ( 'NONE', #1849, 1000.000000000000000 ) ;
#1918 = PRESENTATION_STYLE_ASSIGNMENT (( #642 ) ) ;
#1919 = CARTESIAN_POINT ( 'NONE',  ( -0.4908177507422033514, 0.4813897985291145654, 0.03756653311994043870 ) ) ;
#1920 = FILL_AREA_STYLE_COLOUR ( '', #991 ) ;
#1921 = CARTESIAN_POINT ( 'NONE',  ( -0.4848189779096636065, -0.5133868263297212131, 0.4016317454963925226 ) ) ;
#1922 = CARTESIAN_POINT ( 'NONE',  ( 0.2000000000000000389, -0.2519999999999999463, 0.1250000000000000000 ) ) ;
#1923 = PRESENTATION_LAYER_ASSIGNMENT (  '', '', ( #1575 ) ) ;
#1924 = DIRECTION ( 'NONE',  ( -0.000000000000000000, 1.000000000000000000, 0.000000000000000000 ) ) ;
#1925 = MECHANICAL_DESIGN_GEOMETRIC_PRESENTATION_REPRESENTATION (  '', ( #1360 ), #142 ) ;
#1926 = VECTOR ( 'NONE', #2240, 1000.000000000000000 ) ;
#1927 = PRESENTATION_STYLE_ASSIGNMENT (( #864 ) ) ;
#1928 = COLOUR_RGB ( '',0.2862745098039215508, 0.2862745098039215508, 0.2862745098039215508 ) ;
#1929 = EDGE_LOOP ( 'NONE', ( #1094, #1192, #771, #2223 ) ) ;
#1930 = PLANE ( 'NONE',  #1835 ) ;
#1931 = VECTOR ( 'NONE', #1137, 1000.000000000000000 ) ;
#1932 =( NAMED_UNIT ( * ) PLANE_ANGLE_UNIT ( ) SI_UNIT ( $, .RADIAN. ) );
#1933 = CARTESIAN_POINT ( 'NONE',  ( -1.129186829413689984E-17, 0.4694734381503870013, 0.000000000000000000 ) ) ;
#1934 = EDGE_CURVE ( 'NONE', #1293, #1269, #30, .T. ) ;
#1935 = ORIENTED_EDGE ( 'NONE', *, *, #1186, .T. ) ;
#1936 = CYLINDRICAL_SURFACE ( 'NONE', #1125, 0.01999999999999999695 ) ;
#1937 = CARTESIAN_POINT ( 'NONE',  ( -0.4799999999999999822, -0.4799999999999999822, 0.4400000000000000022 ) ) ;
#1938 = PRESENTATION_STYLE_ASSIGNMENT (( #1743 ) ) ;
#1939 = FACE_OUTER_BOUND ( 'NONE', #14, .T. ) ;
#1940 = CARTESIAN_POINT ( 'NONE',  ( -0.4915470053837925901, -0.4915470053837922015, 0.04845299461620770215 ) ) ;
#1941 = CARTESIAN_POINT ( 'NONE',  ( 0.4692277922694866321, 0.4911437761600965235, 0.03106800946110327075 ) ) ;
#1942 = ORIENTED_EDGE ( 'NONE', *, *, #981, .F. ) ;
#1943 = CARTESIAN_POINT ( 'NONE',  ( -0.2500000000000000000, -0.4800000000000000377, 0.4200000000000000400 ) ) ;
#1944 = DIRECTION ( 'NONE',  ( 0.000000000000000000, 0.000000000000000000, 1.000000000000000000 ) ) ;
#1945 = SURFACE_SIDE_STYLE ('',( #625 ) ) ;
#1946 = CIRCLE ( 'NONE', #60, 0.01999999999999999695 ) ;
#1947 = PRESENTATION_STYLE_ASSIGNMENT (( #1091 ) ) ;
#1948 = VERTEX_POINT ( 'NONE', #2180 ) ;
#1949 = DIRECTION ( 'NONE',  ( 0.000000000000000000, 0.000000000000000000, -1.000000000000000000 ) ) ;
#1950 = LINE ( 'NONE', #444, #712 ) ;
#1951 = EDGE_CURVE ( 'NONE', #977, #509, #98, .T. ) ;
#1952 = CARTESIAN_POINT ( 'NONE',  ( -0.4800000000000000377, 0.4800000000000000377, 0.06000000000000001166 ) ) ;
#1953 = CARTESIAN_POINT ( 'NONE',  ( 0.4897678529894933797, 0.4986619601788935263, 0.05912625419990694825 ) ) ;
#1954 = ORIENTED_EDGE ( 'NONE', *, *, #1715, .F. ) ;
#1955 = CARTESIAN_POINT ( 'NONE',  ( -0.3484433176461130266, -0.3410027888995090239, 0.4410000000000000031 ) ) ;
#1956 = SURFACE_SIDE_STYLE ('',( #97 ) ) ;
#1957 = OPEN_SHELL ( 'NONE', ( #438, #138 ) ) ;
#1958 = CARTESIAN_POINT ( 'NONE',  ( 0.000000000000000000, 0.000000000000000000, 0.000000000000000000 ) ) ;
#1959 = EDGE_LOOP ( 'NONE', ( #1345, #555, #942, #1043, #2484 ) ) ;
#1960 = DIRECTION ( 'NONE',  ( 0.000000000000000000, 0.000000000000000000, 1.000000000000000000 ) ) ;
#1961 = PLANE ( 'NONE',  #2184 ) ;
#1962 = ORIENTED_EDGE ( 'NONE', *, *, #808, .T. ) ;
#1963 = STYLED_ITEM ( 'NONE', ( #480 ), #2571 ) ;
#1964 =( LENGTH_UNIT ( ) NAMED_UNIT ( * ) SI_UNIT ( .MILLI., .METRE. ) );
#1965 = VECTOR ( 'NONE', #693, 1000.000000000000000 ) ;
#1966 = DIRECTION ( 'NONE',  ( -0.5773502691896316152, 0.5773502691896235106, -0.5773502691896221783 ) ) ;
#1967 = FILL_AREA_STYLE ('',( #953 ) ) ;
#1968 = CARTESIAN_POINT ( 'NONE',  ( -0.4800000000000000377, -0.4800000000000000377, 0.04000000000000000083 ) ) ;
#1969 = DIRECTION ( 'NONE',  ( 2.775557561562889872E-16, -1.000000000000000000, -0.000000000000000000 ) ) ;
#1970 = EDGE_LOOP ( 'NONE', ( #551, #654, #2454, #1553, #2673, #2384, #374, #2303 ) ) ;
#1971 = CIRCLE ( 'NONE', #90, 0.01999999999999999695 ) ;
#1972 = ADVANCED_FACE ( 'NONE', ( #1359 ), #669, .T. ) ;
#1973 =( GEOMETRIC_REPRESENTATION_CONTEXT ( 3 ) GLOBAL_UNCERTAINTY_ASSIGNED_CONTEXT ( ( #1899 ) ) GLOBAL_UNIT_ASSIGNED_CONTEXT ( ( #165, #593, #124 ) ) REPRESENTATION_CONTEXT ( 'NONE', 'WORKASPACE' ) );
#1974 = FILL_AREA_STYLE ('',( #1986 ) ) ;
#1975 = CARTESIAN_POINT ( 'NONE',  ( 0.4808737458000931775, 0.4897678529894933797, 0.4386619601788935285 ) ) ;
#1976 = VECTOR ( 'NONE', #1924, 1000.000000000000000 ) ;
#1977 = FILL_AREA_STYLE ('',( #668 ) ) ;
#1978 =( NAMED_UNIT ( * ) PLANE_ANGLE_UNIT ( ) SI_UNIT ( $, .RADIAN. ) );
#1979 =( LENGTH_UNIT ( ) NAMED_UNIT ( * ) SI_UNIT ( .MILLI., .METRE. ) );
#1980 = EDGE_LOOP ( 'NONE', ( #2640, #1935, #989, #1429 ) ) ;
#1981 = FILL_AREA_STYLE_COLOUR ( '', #2679 ) ;
#1982 = CARTESIAN_POINT ( 'NONE',  ( -0.4915470053837928677, 0.4915470053837925346, 0.04845299461620781317 ) ) ;
#1983 = LINE ( 'NONE', #2158, #2199 ) ;
#1984 = STYLED_ITEM ( 'NONE', ( #1135 ), #2259 ) ;
#1985 = ORIENTED_EDGE ( 'NONE', *, *, #1083, .T. ) ;
#1986 = FILL_AREA_STYLE_COLOUR ( '', #1445 ) ;
#1987 = ADVANCED_FACE ( 'NONE', ( #2292 ), #1826, .T. ) ;
#1988 = PLANE ( 'NONE',  #187 ) ;
#1989 = DIRECTION ( 'NONE',  ( 1.000000000000000000, 0.000000000000000000, 0.000000000000000000 ) ) ;
#1990 = ORIENTED_EDGE ( 'NONE', *, *, #2624, .T. ) ;
#1991 = AXIS2_PLACEMENT_3D ( 'NONE', #1604, #530, #2446 ) ;
#1992 = FACE_OUTER_BOUND ( 'NONE', #2023, .T. ) ;
#1993 = FILL_AREA_STYLE_COLOUR ( '', #2283 ) ;
#1994 = DIRECTION ( 'NONE',  ( -0.000000000000000000, -0.000000000000000000, -1.000000000000000000 ) ) ;
#1995 = FILL_AREA_STYLE ('',( #253 ) ) ;
#1996 =( NAMED_UNIT ( * ) PLANE_ANGLE_UNIT ( ) SI_UNIT ( $, .RADIAN. ) );
#1997 = DIRECTION ( 'NONE',  ( -1.000000000000000000, 0.000000000000000000, -5.421010862427522959E-15 ) ) ;
#1998 = EDGE_LOOP ( 'NONE', ( #354, #1085, #1476, #561 ) ) ;
#1999 = DIRECTION ( 'NONE',  ( 2.775557561562889872E-16, -1.000000000000000000, 0.000000000000000000 ) ) ;
#2000 = DIRECTION ( 'NONE',  ( 1.000000000000000000, 0.000000000000000000, 0.000000000000000000 ) ) ;
#2001 = CARTESIAN_POINT ( 'NONE',  ( 0.4883919298188906244, 0.5103079137094997941, 0.4106037154400898337 ) ) ;
#2002 = EDGE_CURVE ( 'NONE', #1233, #2282, #2376, .T. ) ;
#2003 = MECHANICAL_DESIGN_GEOMETRIC_PRESENTATION_REPRESENTATION (  '', ( #841 ), #2228 ) ;
#2004 = SURFACE_STYLE_USAGE ( .BOTH. , #1591 ) ;
#2005 = CIRCLE ( 'NONE', #2447, 0.05000000000000012768 ) ;
#2006 = ORIENTED_EDGE ( 'NONE', *, *, #1031, .F. ) ;
#2007 = DIRECTION ( 'NONE',  ( 2.775557561562889872E-16, -1.000000000000000000, 0.000000000000000000 ) ) ;
#2008 = CIRCLE ( 'NONE', #2408, 0.01999999999999998307 ) ;
#2009 = FILL_AREA_STYLE_COLOUR ( '', #2538 ) ;
#2010 = CARTESIAN_POINT ( 'NONE',  ( 0.4897678529894933797, 0.4808737458000932330, 0.04133803982110628716 ) ) ;
#2011 = CARTESIAN_POINT ( 'NONE',  ( -0.4800000000000000933, 0.4800000000000000933, 0.4200000000000000400 ) ) ;
#2012 = SURFACE_STYLE_FILL_AREA ( #1587 ) ;
#2013 = ORIENTED_EDGE ( 'NONE', *, *, #580, .T. ) ;
#2014 = SURFACE_STYLE_USAGE ( .BOTH. , #1956 ) ;
#2015 = UNCERTAINTY_MEASURE_WITH_UNIT (LENGTH_MEASURE( 1.000000000000000082E-05 ), #854, 'distance_accuracy_value', 'NONE');
#2016 = AXIS2_PLACEMENT_3D ( 'NONE', #70, #43, #1997 ) ;
#2017 = CARTESIAN_POINT ( 'NONE',  ( 0.4868330292772484746, 0.4915470053837925346, 0.4362609814903368188 ) ) ;
#2018 = CIRCLE ( 'NONE', #811, 0.01999999999999999695 ) ;
#2019 = COLOUR_RGB ( '',0.2862745098039215508, 0.2862745098039215508, 0.2862745098039215508 ) ;
#2020 =( NAMED_UNIT ( * ) SI_UNIT ( $, .STERADIAN. ) SOLID_ANGLE_UNIT ( ) );
#2021 =( GEOMETRIC_REPRESENTATION_CONTEXT ( 3 ) GLOBAL_UNCERTAINTY_ASSIGNED_CONTEXT ( ( #2389 ) ) GLOBAL_UNIT_ASSIGNED_CONTEXT ( ( #290, #1978, #2564 ) ) REPRESENTATION_CONTEXT ( 'NONE', 'WORKASPACE' ) );
#2022 = AXIS2_PLACEMENT_3D ( 'NONE', #175, #2553, #1519 ) ;
#2023 = EDGE_LOOP ( 'NONE', ( #596, #709, #1588, #683 ) ) ;
#2024 = ADVANCED_FACE ( 'NONE', ( #338 ), #1252, .T. ) ;
#2025 = CARTESIAN_POINT ( 'NONE',  ( -0.4986619601788934708, 0.4808737458000932330, 0.05023214701050696812 ) ) ;
#2026 = EDGE_LOOP ( 'NONE', ( #481, #272, #1228, #866 ) ) ;
#2027 = SURFACE_STYLE_USAGE ( .BOTH. , #1180 ) ;
#2028 = SURFACE_STYLE_USAGE ( .BOTH. , #61 ) ;
#2029 =( LENGTH_UNIT ( ) NAMED_UNIT ( * ) SI_UNIT ( .MILLI., .METRE. ) );
#2030 =( BOUNDED_SURFACE ( )  B_SPLINE_SURFACE ( 3, 3, ( 
 ( #2645, #2601, #1343, #700 ),
 ( #1558, #2405, #1014, #2041 ),
 ( #1815, #1026, #2071, #755 ),
 ( #794, #770, #128, #2255 ) ),
 .UNSPECIFIED., .F., .F., .F. ) 
 B_SPLINE_SURFACE_WITH_KNOTS ( ( 4, 4 ),
 ( 4, 4 ),
 ( 0.000000000000000000, 1.000000000000000000 ),
 ( 0.000000000000000000, 1.000000000000000000 ),
 .UNSPECIFIED. ) 
 GEOMETRIC_REPRESENTATION_ITEM ( )  RATIONAL_B_SPLINE_SURFACE ( (
 ( 1.000000000000000000, 0.3333333333333330928, 0.3333333333333330928, 1.000000000000000000),
 ( 0.9245018060306373631, 0.3081672686768788805, 0.3081672686768788805, 0.9245018060306373631),
 ( 0.9245018060306373631, 0.3081672686768788805, 0.3081672686768788805, 0.9245018060306373631),
 ( 1.000000000000000000, 0.3333333333333330928, 0.3333333333333330928, 1.000000000000000000) ) ) 
 REPRESENTATION_ITEM ( '' )  SURFACE ( )  );
#2031 = VERTEX_POINT ( 'NONE', #879 ) ;
#2032 = ADVANCED_FACE ( 'NONE', ( #823 ), #1181, .T. ) ;
#2033 = AXIS2_PLACEMENT_3D ( 'NONE', #156, #373, #2080 ) ;
#2034 = CARTESIAN_POINT ( 'NONE',  ( -0.5000000000000000000, 0.4800000000000000377, 0.04000000000000000083 ) ) ;
#2035 = ORIENTED_EDGE ( 'NONE', *, *, #2466, .F. ) ;
#2036 = CARTESIAN_POINT ( 'NONE',  ( -0.2984433176461128712, -0.3410027888995090239, 0.4410000000000000031 ) ) ;
#2037 = SURFACE_STYLE_FILL_AREA ( #1206 ) ;
#2038 = CARTESIAN_POINT ( 'NONE',  ( -0.5000000000000000000, 0.4800000000000000377, 0.06000000000000001166 ) ) ;
#2039 = EDGE_CURVE ( 'NONE', #1629, #822, #1983, .T. ) ;
#2040 =( NAMED_UNIT ( * ) SI_UNIT ( $, .STERADIAN. ) SOLID_ANGLE_UNIT ( ) );
#2041 = CARTESIAN_POINT ( 'NONE',  ( 0.4915470053837923126, -0.4868330292772480861, 0.04373901850966351729 ) ) ;
#2042 = VERTEX_POINT ( 'NONE', #2592 ) ;
#2043 = CIRCLE ( 'NONE', #521, 0.01999999999999999695 ) ;
#2044 = DIRECTION ( 'NONE',  ( 1.000000000000000000, 2.710505431213761479E-15, 0.000000000000000000 ) ) ;
#2045 =( LENGTH_UNIT ( ) NAMED_UNIT ( * ) SI_UNIT ( .MILLI., .METRE. ) );
#2046 = AXIS2_PLACEMENT_3D ( 'NONE', #172, #1643, #2491 ) ;
#2047 = CARTESIAN_POINT ( 'NONE',  ( -0.4915470053837923126, -0.4915470053837923126, 0.04845299461620768827 ) ) ;
#2048 = PRESENTATION_LAYER_ASSIGNMENT (  '', '', ( #1916 ) ) ;
#2049 = VERTEX_POINT ( 'NONE', #2174 ) ;
#2050 =( GEOMETRIC_REPRESENTATION_CONTEXT ( 3 ) GLOBAL_UNCERTAINTY_ASSIGNED_CONTEXT ( ( #75 ) ) GLOBAL_UNIT_ASSIGNED_CONTEXT ( ( #829, #1701, #630 ) ) REPRESENTATION_CONTEXT ( 'NONE', 'WORKASPACE' ) );
#2051 = PRESENTATION_LAYER_ASSIGNMENT (  '', '', ( #478 ) ) ;
#2052 = DIRECTION ( 'NONE',  ( -1.000000000000000000, -1.734723475976810053E-16, 0.000000000000000000 ) ) ;
#2053 = ADVANCED_FACE ( 'NONE', ( #2426 ), #241, .T. ) ;
#2054 = DIRECTION ( 'NONE',  ( 2.775557561562889872E-16, -1.000000000000000000, -0.000000000000000000 ) ) ;
#2055 = AXIS2_PLACEMENT_3D ( 'NONE', #1427, #1458, #1231 ) ;
#2056 = MECHANICAL_DESIGN_GEOMETRIC_PRESENTATION_REPRESENTATION (  '', ( #902 ), #2404 ) ;
#2057 = EDGE_LOOP ( 'NONE', ( #2314, #1526, #2724, #1609, #388, #2550, #2716, #2676 ) ) ;
#2058 = VECTOR ( 'NONE', #324, 1000.000000000000000 ) ;
#2059 = AXIS2_PLACEMENT_3D ( 'NONE', #475, #96, #962 ) ;
#2060 = COLOUR_RGB ( '',0.2862745098039215508, 0.2862745098039215508, 0.2862745098039215508 ) ;
#2061 = CARTESIAN_POINT ( 'NONE',  ( 0.4915470053837922015, -0.4915470053837928677, 0.4315470053837924813 ) ) ;
#2062 = CARTESIAN_POINT ( 'NONE',  ( -0.4999999999999997780, -0.4799999999999999822, 0.4200000000000000400 ) ) ;
#2063 = FACE_OUTER_BOUND ( 'NONE', #1255, .T. ) ;
#2064 = MECHANICAL_DESIGN_GEOMETRIC_PRESENTATION_REPRESENTATION (  '', ( #406 ), #2632 ) ;
#2065 =( LENGTH_UNIT ( ) NAMED_UNIT ( * ) SI_UNIT ( .MILLI., .METRE. ) );
#2066 = UNCERTAINTY_MEASURE_WITH_UNIT (LENGTH_MEASURE( 1.000000000000000082E-05 ), #1485, 'distance_accuracy_value', 'NONE');
#2067 = ORIENTED_EDGE ( 'NONE', *, *, #2430, .T. ) ;
#2068 = CARTESIAN_POINT ( 'NONE',  ( 0.4889442719099991175, -0.4978885438199983082, 0.06000000000000001166 ) ) ;
#2069 = ORIENTED_EDGE ( 'NONE', *, *, #1479, .F. ) ;
#2070 = ADVANCED_FACE ( 'NONE', ( #1378 ), #55, .T. ) ;
#2071 = CARTESIAN_POINT ( 'NONE',  ( 0.4692277922694869097, -0.4911437761600962459, 0.03106800946110374953 ) ) ;
#2072 = VERTEX_POINT ( 'NONE', #463 ) ;
#2073 = FILL_AREA_STYLE ('',( #1818 ) ) ;
#2074 = PRESENTATION_STYLE_ASSIGNMENT (( #1819 ) ) ;
#2075 = CARTESIAN_POINT ( 'NONE',  ( -0.4799999999999999267, -0.4799999999999999822, 0.04000000000000000083 ) ) ;
#2076 = ORIENTED_EDGE ( 'NONE', *, *, #1934, .T. ) ;
#2077 = CIRCLE ( 'NONE', #2520, 0.01999999999999998307 ) ;
#2078 = ORIENTED_EDGE ( 'NONE', *, *, #750, .F. ) ;
#2079 = CARTESIAN_POINT ( 'NONE',  ( -0.4978885438199983082, -0.4889442719099991175, 0.4200000000000000400 ) ) ;
#2080 = DIRECTION ( 'NONE',  ( 1.000000000000000000, 0.000000000000000000, 0.000000000000000000 ) ) ;
#2081 = EDGE_CURVE ( 'NONE', #2691, #2574, #22, .T. ) ;
#2082 = VERTEX_POINT ( 'NONE', #2413 ) ;
#2083 = DIRECTION ( 'NONE',  ( 1.000000000000000000, 2.081668171172169992E-16, -0.000000000000000000 ) ) ;
#2084 = ADVANCED_FACE ( 'NONE', ( #1352 ), #448, .T. ) ;
#2085 = COLOUR_RGB ( '',0.7529411764705882248, 0.7529411764705882248, 0.7529411764705882248 ) ;
#2086 = CARTESIAN_POINT ( 'NONE',  ( 0.4799999999999999822, -0.5000000000000000000, 0.04000000000000000083 ) ) ;
#2087 = CARTESIAN_POINT ( 'NONE',  ( 0.2000000000000000389, -0.2519999999999999463, 0.000000000000000000 ) ) ;
#2088 = DIRECTION ( 'NONE',  ( 1.000000000000000000, 0.000000000000000000, 0.000000000000000000 ) ) ;
#2089 = VERTEX_POINT ( 'NONE', #1446 ) ;
#2090 = CIRCLE ( 'NONE', #1910, 0.01999999999999999695 ) ;
#2091 = CYLINDRICAL_SURFACE ( 'NONE', #1127, 0.05000000000000012768 ) ;
#2092 = PRESENTATION_LAYER_ASSIGNMENT (  '', '', ( #893 ) ) ;
#2093 = CARTESIAN_POINT ( 'NONE',  ( 0.5024334668800598536, 0.4908177507422034069, 0.05861020147088528282 ) ) ;
#2094 = DIRECTION ( 'NONE',  ( 1.000000000000000000, 0.000000000000000000, 0.000000000000000000 ) ) ;
#2095 = COLOUR_RGB ( '',0.2862745098039215508, 0.2862745098039215508, 0.2862745098039215508 ) ;
#2096 = DIRECTION ( 'NONE',  ( 0.5773502691896266192, 0.5773502691896239547, 0.5773502691896266192 ) ) ;
#2097 = VERTEX_POINT ( 'NONE', #1635 ) ;
#2098 = CARTESIAN_POINT ( 'NONE',  ( 0.2500000000000000000, 0.5000000000000000000, 0.06000000000000001166 ) ) ;
#2099 = AXIS2_PLACEMENT_3D ( 'NONE', #2558, #1013, #1856 ) ;
#2100 = STYLED_ITEM ( 'NONE', ( #930 ), #357 ) ;
#2101 = EDGE_CURVE ( 'NONE', #2560, #1022, #149, .T. ) ;
#2102 =( GEOMETRIC_REPRESENTATION_CONTEXT ( 3 ) GLOBAL_UNCERTAINTY_ASSIGNED_CONTEXT ( ( #2712 ) ) GLOBAL_UNIT_ASSIGNED_CONTEXT ( ( #1907, #1289, #878 ) ) REPRESENTATION_CONTEXT ( 'NONE', 'WORKASPACE' ) );
#2103 = PRESENTATION_STYLE_ASSIGNMENT (( #228 ) ) ;
#2104 = PRESENTATION_LAYER_ASSIGNMENT (  '', '', ( #1581 ) ) ;
#2105 = VECTOR ( 'NONE', #1893, 1000.000000000000000 ) ;
#2106 = ORIENTED_EDGE ( 'NONE', *, *, #2276, .F. ) ;
#2107 = DIRECTION ( 'NONE',  ( 0.000000000000000000, 0.000000000000000000, 1.000000000000000000 ) ) ;
#2108 = PRESENTATION_STYLE_ASSIGNMENT (( #2319 ) ) ;
#2109 = ORIENTED_EDGE ( 'NONE', *, *, #1675, .T. ) ;
#2110 = PRESENTATION_LAYER_ASSIGNMENT (  '', '', ( #1984 ) ) ;
#2111 = SURFACE_SIDE_STYLE ('',( #1069 ) ) ;
#2112 = CARTESIAN_POINT ( 'NONE',  ( -0.4982061327852279620, -0.4866125165785924467, 0.4150189003719571001 ) ) ;
#2113 = FACE_OUTER_BOUND ( 'NONE', #1998, .T. ) ;
#2114 = EDGE_CURVE ( 'NONE', #2072, #951, #2400, .T. ) ;
#2115 = CARTESIAN_POINT ( 'NONE',  ( 0.1250000000000000000, 0.4369468763007750001, 0.000000000000000000 ) ) ;
#2116 = DIRECTION ( 'NONE',  ( 0.000000000000000000, -0.000000000000000000, -1.000000000000000000 ) ) ;
#2117 = CIRCLE ( 'NONE', #1284, 0.02000000000000001429 ) ;
#2118 = UNCERTAINTY_MEASURE_WITH_UNIT (LENGTH_MEASURE( 1.000000000000000082E-05 ), #748, 'distance_accuracy_value', 'NONE');
#2119 = VERTEX_POINT ( 'NONE', #744 ) ;
#2120 = FILL_AREA_STYLE ('',( #2332 ) ) ;
#2121 = FILL_AREA_STYLE ('',( #1696 ) ) ;
#2122 = PLANE ( 'NONE',  #1157 ) ;
#2123 = CARTESIAN_POINT ( 'NONE',  ( -0.4813897985291147319, 0.4908177507422033514, 0.03756653311994027911 ) ) ;
#2124 =( NAMED_UNIT ( * ) PLANE_ANGLE_UNIT ( ) SI_UNIT ( $, .RADIAN. ) );
#2125 = CARTESIAN_POINT ( 'NONE',  ( -0.4908177507422032404, -0.5024334668800595205, 0.4213897985291149562 ) ) ;
#2126 = PLANE ( 'NONE',  #1487 ) ;
#2127 = CARTESIAN_POINT ( 'NONE',  ( 0.4800000000000000377, 3.252606517456510221E-17, 0.04000000000000000083 ) ) ;
#2128 = MECHANICAL_DESIGN_GEOMETRIC_PRESENTATION_REPRESENTATION (  '', ( #1651 ), #1430 ) ;
#2129 = ORIENTED_EDGE ( 'NONE', *, *, #2597, .F. ) ;
#2130 = COLOUR_RGB ( '',0.2862745098039215508, 0.2862745098039215508, 0.2862745098039215508 ) ;
#2131 =( NAMED_UNIT ( * ) SI_UNIT ( $, .STERADIAN. ) SOLID_ANGLE_UNIT ( ) );
#2132 = EDGE_CURVE ( 'NONE', #1022, #545, #2496, .T. ) ;
#2133 = DIRECTION ( 'NONE',  ( 1.000000000000000000, 0.000000000000000000, -0.000000000000000000 ) ) ;
#2134 = DIRECTION ( 'NONE',  ( 1.000000000000000000, -1.084202172485504592E-14, 0.000000000000000000 ) ) ;
#2135 = CIRCLE ( 'NONE', #436, 0.01999999999999999695 ) ;
#2136 = CARTESIAN_POINT ( 'NONE',  ( -0.4800000000000000377, 0.4800000000000000377, 0.4200000000000000400 ) ) ;
#2137 = FILL_AREA_STYLE_COLOUR ( '', #26 ) ;
#2138 = ORIENTED_EDGE ( 'NONE', *, *, #1463, .T. ) ;
#2139 = COLOUR_RGB ( '',0.2862745098039215508, 0.2862745098039215508, 0.2862745098039215508 ) ;
#2140 = CARTESIAN_POINT ( 'NONE',  ( 0.4986619601788936373, -0.4897678529894933797, 0.4208737458000931797 ) ) ;
#2141 = FILL_AREA_STYLE ('',( #845 ) ) ;
#2142 =( GEOMETRIC_REPRESENTATION_CONTEXT ( 3 ) GLOBAL_UNCERTAINTY_ASSIGNED_CONTEXT ( ( #686 ) ) GLOBAL_UNIT_ASSIGNED_CONTEXT ( ( #692, #266, #105 ) ) REPRESENTATION_CONTEXT ( 'NONE', 'WORKASPACE' ) );
#2143 = CIRCLE ( 'NONE', #2059, 0.05000000000000012768 ) ;
#2144 = CARTESIAN_POINT ( 'NONE',  ( 0.4806605438875254377, 0.4922762600253819398, 0.03829578776152978148 ) ) ;
#2145 = PRESENTATION_LAYER_ASSIGNMENT (  '', '', ( #1082 ) ) ;
#2146 = AXIS2_PLACEMENT_3D ( 'NONE', #967, #1661, #2249 ) ;
#2147 = ORIENTED_EDGE ( 'NONE', *, *, #1585, .T. ) ;
#2148 = CARTESIAN_POINT ( 'NONE',  ( -0.4999999999999996669, -0.4799999999999999822, 0.04000000000000000083 ) ) ;
#2149 = STYLED_ITEM ( 'NONE', ( #2074 ), #2084 ) ;
#2150 = DIRECTION ( 'NONE',  ( 1.000000000000000000, 0.000000000000000000, 0.000000000000000000 ) ) ;
#2151 = CYLINDRICAL_SURFACE ( 'NONE', #1556, 0.01999999999999999695 ) ;
#2152 = EDGE_CURVE ( 'NONE', #1725, #1650, #1807, .T. ) ;
#2153 = DIRECTION ( 'NONE',  ( 0.000000000000000000, 0.000000000000000000, -1.000000000000000000 ) ) ;
#2154 = FACE_OUTER_BOUND ( 'NONE', #2057, .T. ) ;
#2155 = CARTESIAN_POINT ( 'NONE',  ( -0.4868330292772484746, 0.4962609814903368166, 0.04845299461620759113 ) ) ;
#2156 = VERTEX_POINT ( 'NONE', #1596 ) ;
#2157 = DIRECTION ( 'NONE',  ( 0.8164965809277271447, -0.4082482904638637944, 0.4082482904638601307 ) ) ;
#2158 = CARTESIAN_POINT ( 'NONE',  ( 8.131516293641279557E-17, -0.4800000000000000377, 0.04000000000000000083 ) ) ;
#2159 = DIRECTION ( 'NONE',  ( 1.000000000000000000, 0.000000000000000000, 0.000000000000000000 ) ) ;
#2160 = ORIENTED_EDGE ( 'NONE', *, *, #664, .F. ) ;
#2161 =( LENGTH_UNIT ( ) NAMED_UNIT ( * ) SI_UNIT ( .MILLI., .METRE. ) );
#2162 = CARTESIAN_POINT ( 'NONE',  ( 0.4500000000000001221, -0.2520000000000000018, 0.1250000000000000000 ) ) ;
#2163 = APPLICATION_PROTOCOL_DEFINITION ( 'draft international standard', 'automotive_design', 1998, #2248 ) ;
#2164 = AXIS2_PLACEMENT_3D ( 'NONE', #1958, #100, #2000 ) ;
#2165 = EDGE_CURVE ( 'NONE', #2628, #1233, #2747, .T. ) ;
#2166 = DIRECTION ( 'NONE',  ( -0.000000000000000000, -0.000000000000000000, -1.000000000000000000 ) ) ;
#2167 = ORIENTED_EDGE ( 'NONE', *, *, #453, .T. ) ;
#2168 = DIRECTION ( 'NONE',  ( -1.000000000000000000, -0.000000000000000000, -0.000000000000000000 ) ) ;
#2169 = CARTESIAN_POINT ( 'NONE',  ( -0.4800000000000000377, -0.5000000000000000000, 0.04000000000000000083 ) ) ;
#2170 = CARTESIAN_POINT ( 'NONE',  ( 0.2500000000000000000, 0.4800000000000000377, 0.4200000000000000400 ) ) ;
#2171 = FACE_OUTER_BOUND ( 'NONE', #2217, .T. ) ;
#2172 = ADVANCED_FACE ( 'NONE', ( #1647 ), #2299, .T. ) ;
#2173 = CYLINDRICAL_SURFACE ( 'NONE', #2146, 0.01999999999999999695 ) ;
#2174 = CARTESIAN_POINT ( 'NONE',  ( -0.4889442719099990065, -0.4799999999999999822, 0.04211145618000172730 ) ) ;
#2175 = CARTESIAN_POINT ( 'NONE',  ( -0.4848189779096634955, 0.4616317454963925204, 0.4533868263297212708 ) ) ;
#2176 = ORIENTED_EDGE ( 'NONE', *, *, #1397, .T. ) ;
#2177 = CARTESIAN_POINT ( 'NONE',  ( 0.4889442719099991175, 0.4799999999999999822, 0.04211145618000169261 ) ) ;
#2178 =( NAMED_UNIT ( * ) PLANE_ANGLE_UNIT ( ) SI_UNIT ( $, .RADIAN. ) );
#2179 = AXIS2_PLACEMENT_3D ( 'NONE', #2773, #2381, #11 ) ;
#2180 = CARTESIAN_POINT ( 'NONE',  ( -0.4500000000000000111, -0.5020000000000001128, 0.1250000000000000000 ) ) ;
#2181 = COLOUR_RGB ( '',0.7921568627450980005, 0.8196078431372548767, 0.9333333333333333481 ) ;
#2182 = PRESENTATION_STYLE_ASSIGNMENT (( #2244 ) ) ;
#2183 = ORIENTED_EDGE ( 'NONE', *, *, #772, .F. ) ;
#2184 = AXIS2_PLACEMENT_3D ( 'NONE', #467, #2216, #688 ) ;
#2185 = DIRECTION ( 'NONE',  ( 2.775557561562889872E-16, -1.000000000000000000, 0.000000000000000000 ) ) ;
#2186 = VECTOR ( 'NONE', #2088, 1000.000000000000000 ) ;
#2187 = DIRECTION ( 'NONE',  ( -1.000000000000000000, -2.775557561562889872E-16, 0.000000000000000000 ) ) ;
#2188 = LINE ( 'NONE', #294, #2198 ) ;
#2189 = EDGE_CURVE ( 'NONE', #449, #1632, #2270, .T. ) ;
#2190 = COLOUR_RGB ( '',0.7529411764705882248, 0.7529411764705882248, 0.7529411764705882248 ) ;
#2191 = FILL_AREA_STYLE_COLOUR ( '', #360 ) ;
#2192 = CARTESIAN_POINT ( 'NONE',  ( -0.4813897985291150650, 0.4908177507422034624, 0.4424334668800596337 ) ) ;
#2193 = ORIENTED_EDGE ( 'NONE', *, *, #701, .T. ) ;
#2194 = AXIS2_PLACEMENT_3D ( 'NONE', #1607, #2261, #2453 ) ;
#2195 = CARTESIAN_POINT ( 'NONE',  ( 0.5000000000000000000, -0.4800000000000000377, 0.4200000000000000400 ) ) ;
#2196 = DIRECTION ( 'NONE',  ( -1.734723475976810053E-16, 1.000000000000000000, 0.000000000000000000 ) ) ;
#2197 = PRESENTATION_LAYER_ASSIGNMENT (  '', '', ( #95 ) ) ;
#2198 = VECTOR ( 'NONE', #2614, 1000.000000000000000 ) ;
#2199 = VECTOR ( 'NONE', #1745, 1000.000000000000000 ) ;
#2200 = EDGE_CURVE ( 'NONE', #1632, #586, #1703, .T. ) ;
#2201 = CARTESIAN_POINT ( 'NONE',  ( -0.4000000000000000222, -0.01300000000000009828, 0.000000000000000000 ) ) ;
#2202 = ORIENTED_EDGE ( 'NONE', *, *, #2378, .F. ) ;
#2203 = DIRECTION ( 'NONE',  ( 1.000000000000000000, 0.000000000000000000, 0.000000000000000000 ) ) ;
#2204 = UNCERTAINTY_MEASURE_WITH_UNIT (LENGTH_MEASURE( 1.000000000000000082E-05 ), #2029, 'distance_accuracy_value', 'NONE');
#2205 = SURFACE_STYLE_USAGE ( .BOTH. , #1521 ) ;
#2206 = CARTESIAN_POINT ( 'NONE',  ( 0.5103079137094990170, -0.4706037154400900535, 0.05160807018110975808 ) ) ;
#2207 = CARTESIAN_POINT ( 'NONE',  ( -0.5115932876607915958, 0.4884060552475214534, 0.08016179317253609160 ) ) ;
#2208 = CARTESIAN_POINT ( 'NONE',  ( -0.4000000000000000222, -0.01300000000000010002, 0.000000000000000000 ) ) ;
#2209 =( NAMED_UNIT ( * ) SI_UNIT ( $, .STERADIAN. ) SOLID_ANGLE_UNIT ( ) );
#2210 = EDGE_CURVE ( 'NONE', #164, #1309, #1058, .T. ) ;
#2211 = EDGE_LOOP ( 'NONE', ( #197, #298, #1333, #674 ) ) ;
#2212 = CARTESIAN_POINT ( 'NONE',  ( 0.4986619601788936929, 0.4897678529894932686, 0.4208737458000933462 ) ) ;
#2213 =( BOUNDED_SURFACE ( )  B_SPLINE_SURFACE ( 3, 3, ( 
 ( #74, #2641, #1574, #1786 ),
 ( #2631, #729, #2441, #1546 ),
 ( #1975, #901, #1382, #2212 ),
 ( #1767, #274, #931, #1751 ) ),
 .UNSPECIFIED., .F., .F., .T. ) 
 B_SPLINE_SURFACE_WITH_KNOTS ( ( 4, 4 ),
 ( 4, 4 ),
 ( 0.000000000000000000, 1.000000000000000000 ),
 ( 0.000000000000000000, 1.000000000000000000 ),
 .UNSPECIFIED. ) 
 GEOMETRIC_REPRESENTATION_ITEM ( )  RATIONAL_B_SPLINE_SURFACE ( (
 ( 1.000000000000000000, 0.3333333333333327597, 0.3333333333333327597, 1.000000000000000000),
 ( 0.9245018060306372520, 0.3081672686768785474, 0.3081672686768785474, 0.9245018060306372520),
 ( 0.9245018060306372520, 0.3081672686768785474, 0.3081672686768785474, 0.9245018060306372520),
 ( 1.000000000000000000, 0.3333333333333327597, 0.3333333333333327597, 1.000000000000000000) ) ) 
 REPRESENTATION_ITEM ( '' )  SURFACE ( )  );
#2214 = SHAPE_DEFINITION_REPRESENTATION ( #1017, #1169 ) ;
#2215 = CARTESIAN_POINT ( 'NONE',  ( 0.3250000000000000666, -0.3770000000000000018, 0.1250000000000000000 ) ) ;
#2216 = DIRECTION ( 'NONE',  ( 1.000000000000000000, 4.163336342344339985E-16, 0.000000000000000000 ) ) ;
#2217 = EDGE_LOOP ( 'NONE', ( #756, #1381, #2728, #2475 ) ) ;
#2218 = STYLED_ITEM ( 'NONE', ( #2108 ), #865 ) ;
#2219 = FACE_OUTER_BOUND ( 'NONE', #1322, .T. ) ;
#2220 = FILL_AREA_STYLE ('',( #2009 ) ) ;
#2221 = PRESENTATION_STYLE_ASSIGNMENT (( #695 ) ) ;
#2222 =( NAMED_UNIT ( * ) PLANE_ANGLE_UNIT ( ) SI_UNIT ( $, .RADIAN. ) );
#2223 = ORIENTED_EDGE ( 'NONE', *, *, #999, .T. ) ;
#2224 = CYLINDRICAL_SURFACE ( 'NONE', #1266, 0.01999999999999999695 ) ;
#2225 = SURFACE_SIDE_STYLE ('',( #698 ) ) ;
#2226 = SURFACE_STYLE_FILL_AREA ( #1370 ) ;
#2227 = EDGE_CURVE ( 'NONE', #2119, #400, #1205, .T. ) ;
#2228 =( GEOMETRIC_REPRESENTATION_CONTEXT ( 3 ) GLOBAL_UNCERTAINTY_ASSIGNED_CONTEXT ( ( #76 ) ) GLOBAL_UNIT_ASSIGNED_CONTEXT ( ( #2643, #2459, #49 ) ) REPRESENTATION_CONTEXT ( 'NONE', 'WORKASPACE' ) );
#2229 = CARTESIAN_POINT ( 'NONE',  ( 8.131516293641279557E-17, 3.252606517456510221E-17, 0.04000000000000000083 ) ) ;
#2230 = CARTESIAN_POINT ( 'NONE',  ( 0.4800000000000000933, -0.4800000000000000377, 0.06000000000000001166 ) ) ;
#2231 = EDGE_LOOP ( 'NONE', ( #284, #1165, #935, #2397 ) ) ;
#2232 = AXIS2_PLACEMENT_3D ( 'NONE', #2170, #679, #486 ) ;
#2233 = PLANE ( 'NONE',  #224 ) ;
#2234 = MECHANICAL_DESIGN_GEOMETRIC_PRESENTATION_REPRESENTATION (  '', ( #572 ), #1825 ) ;
#2235 = DIRECTION ( 'NONE',  ( 0.000000000000000000, 1.000000000000000000, 0.000000000000000000 ) ) ;
#2236 = DIRECTION ( 'NONE',  ( -1.000000000000000000, -5.333251894243680090E-16, 0.000000000000000000 ) ) ;
#2237 = PRESENTATION_STYLE_ASSIGNMENT (( #1177 ) ) ;
#2238 = UNCERTAINTY_MEASURE_WITH_UNIT (LENGTH_MEASURE( 1.000000000000000082E-05 ), #2762, 'distance_accuracy_value', 'NONE');
#2239 = ORIENTED_EDGE ( 'NONE', *, *, #250, .F. ) ;
#2240 = DIRECTION ( 'NONE',  ( -1.000000000000000000, -0.000000000000000000, 0.000000000000000000 ) ) ;
#2241 = PLANE ( 'NONE',  #944 ) ;
#2242 = MECHANICAL_DESIGN_GEOMETRIC_PRESENTATION_REPRESENTATION (  '', ( #1618 ), #1973 ) ;
#2243 = SURFACE_STYLE_FILL_AREA ( #949 ) ;
#2244 = SURFACE_STYLE_USAGE ( .BOTH. , #1385 ) ;
#2245 = PRESENTATION_LAYER_ASSIGNMENT (  '', '', ( #1885 ) ) ;
#2246 = EDGE_CURVE ( 'NONE', #1393, #1650, #2765, .T. ) ;
#2247 = EDGE_LOOP ( 'NONE', ( #1493, #2305, #898, #2697 ) ) ;
#2248 = APPLICATION_CONTEXT ( 'automotive_design' ) ;
#2249 = DIRECTION ( 'NONE',  ( 1.000000000000000000, 0.000000000000000000, 0.000000000000000000 ) ) ;
#2250 = CARTESIAN_POINT ( 'NONE',  ( -0.4915470053837925346, -0.4915470053837925346, 0.4315470053837925923 ) ) ;
#2251 = CARTESIAN_POINT ( 'NONE',  ( 0.4799999999999999822, -0.5000000000000000000, 0.06000000000000001166 ) ) ;
#2252 = ORIENTED_EDGE ( 'NONE', *, *, #2524, .F. ) ;
#2253 = DIRECTION ( 'NONE',  ( -1.000000000000000000, -0.000000000000000000, 0.000000000000000000 ) ) ;
#2254 = PLANE ( 'NONE',  #715 ) ;
#2255 = CARTESIAN_POINT ( 'NONE',  ( 0.4866125165785922801, -0.4750189003719569314, 0.04179386721477236499 ) ) ;
#2256 = ORIENTED_EDGE ( 'NONE', *, *, #2442, .T. ) ;
#2257 = ADVANCED_FACE ( 'NONE', ( #200 ), #969, .T. ) ;
#2258 = PRESENTATION_LAYER_ASSIGNMENT (  '', '', ( #329 ) ) ;
#2259 = ADVANCED_FACE ( 'NONE', ( #2349 ), #801, .T. ) ;
#2260 =( NAMED_UNIT ( * ) PLANE_ANGLE_UNIT ( ) SI_UNIT ( $, .RADIAN. ) );
#2261 = DIRECTION ( 'NONE',  ( -0.000000000000000000, -0.000000000000000000, -1.000000000000000000 ) ) ;
#2262 = ORIENTED_EDGE ( 'NONE', *, *, #1397, .F. ) ;
#2263 = CARTESIAN_POINT ( 'NONE',  ( -0.4500000000000000111, -0.2520000000000000018, 0.000000000000000000 ) ) ;
#2264 = DIRECTION ( 'NONE',  ( -1.000000000000000000, -2.081668171172169992E-16, 0.000000000000000000 ) ) ;
#2265 = CARTESIAN_POINT ( 'NONE',  ( 0.4800000000000000377, -0.4800000000000000377, 0.06000000000000001166 ) ) ;
#2266 = CARTESIAN_POINT ( 'NONE',  ( 0.4915470053837922570, 0.4915470053837927566, 0.04845299461620721643 ) ) ;
#2267 = CARTESIAN_POINT ( 'NONE',  ( -0.4911437761600965235, 0.5089319905388965948, 0.4092277922694871339 ) ) ;
#2268 = ORIENTED_EDGE ( 'NONE', *, *, #1795, .F. ) ;
#2269 = DIRECTION ( 'NONE',  ( 1.000000000000000000, 0.000000000000000000, -0.000000000000000000 ) ) ;
#2270 = CIRCLE ( 'NONE', #1432, 0.01999999999999999695 ) ;
#2271 = LINE ( 'NONE', #1243, #2464 ) ;
#2272 = DIRECTION ( 'NONE',  ( 2.775557561562889872E-16, -1.000000000000000000, -0.000000000000000000 ) ) ;
#2273 = COLOUR_RGB ( '',0.7529411764705882248, 0.7529411764705882248, 0.7529411764705882248 ) ;
#2274 = CARTESIAN_POINT ( 'NONE',  ( -0.4806605438875253267, -0.4922762600253819398, 0.03829578776152994107 ) ) ;
#2275 = EDGE_LOOP ( 'NONE', ( #579, #1273, #7, #2471, #608 ) ) ;
#2276 = EDGE_CURVE ( 'NONE', #1008, #1393, #2423, .T. ) ;
#2277 = CARTESIAN_POINT ( 'NONE',  ( 0.1250000000000000000, 0.5020000000000001128, 0.000000000000000000 ) ) ;
#2278 = AXIS2_PLACEMENT_3D ( 'NONE', #408, #348, #1212 ) ;
#2279 =( NAMED_UNIT ( * ) SI_UNIT ( $, .STERADIAN. ) SOLID_ANGLE_UNIT ( ) );
#2280 = CARTESIAN_POINT ( 'NONE',  ( -0.4868330292772484746, 0.4962609814903367611, 0.4315470053837925368 ) ) ;
#2281 = EDGE_CURVE ( 'NONE', #2097, #717, #691, .T. ) ;
#2282 = VERTEX_POINT ( 'NONE', #35 ) ;
#2283 = COLOUR_RGB ( '',0.7529411764705882248, 0.7529411764705882248, 0.7529411764705882248 ) ;
#2284 = MECHANICAL_DESIGN_GEOMETRIC_PRESENTATION_REPRESENTATION (  '', ( #1082 ), #2718 ) ;
#2285 = CARTESIAN_POINT ( 'NONE',  ( 0.4962609814903367611, -0.4915470053837924236, 0.4268330292772484214 ) ) ;
#2286 = FILL_AREA_STYLE ('',( #2494 ) ) ;
#2287 = COLOUR_RGB ( '',0.7529411764705882248, 0.7529411764705882248, 0.7529411764705882248 ) ;
#2288 = DIRECTION ( 'NONE',  ( -0.000000000000000000, -0.000000000000000000, -1.000000000000000000 ) ) ;
#2289 = CARTESIAN_POINT ( 'NONE',  ( 0.4500000000000000666, -0.2520000000000000018, 0.000000000000000000 ) ) ;
#2290 = UNCERTAINTY_MEASURE_WITH_UNIT (LENGTH_MEASURE( 1.000000000000000082E-05 ), #2418, 'distance_accuracy_value', 'NONE');
#2291 = EDGE_LOOP ( 'NONE', ( #2268, #2297, #592, #179, #370 ) ) ;
#2292 = FACE_OUTER_BOUND ( 'NONE', #2567, .T. ) ;
#2293 = ADVANCED_FACE ( 'NONE', ( #2219 ), #657, .T. ) ;
#2294 = EDGE_LOOP ( 'NONE', ( #2256, #1759, #1803, #1219 ) ) ;
#2295 = CARTESIAN_POINT ( 'NONE',  ( 0.4800000000000000933, -0.4800000000000000933, 0.4200000000000000400 ) ) ;
#2296 = CARTESIAN_POINT ( 'NONE',  ( -0.4884060552475214534, 0.5115932876607923729, 0.3998382068274639045 ) ) ;
#2297 = ORIENTED_EDGE ( 'NONE', *, *, #782, .T. ) ;
#2298 = CARTESIAN_POINT ( 'NONE',  ( 0.4800000000000000377, 0.4800000000000000933, 0.06000000000000001166 ) ) ;
#2299 =( BOUNDED_SURFACE ( )  B_SPLINE_SURFACE ( 3, 3, ( 
 ( #162, #2452, #1406, #2250 ),
 ( #2469, #2125, #2507, #590 ),
 ( #2327, #1032, #189, #1457 ),
 ( #2112, #1921, #432, #1305 ) ),
 .UNSPECIFIED., .F., .F., .T. ) 
 B_SPLINE_SURFACE_WITH_KNOTS ( ( 4, 4 ),
 ( 4, 4 ),
 ( 0.000000000000000000, 1.000000000000000000 ),
 ( 0.000000000000000000, 1.000000000000000000 ),
 .UNSPECIFIED. ) 
 GEOMETRIC_REPRESENTATION_ITEM ( )  RATIONAL_B_SPLINE_SURFACE ( (
 ( 1.000000000000000000, 0.3333333333333327597, 0.3333333333333327597, 1.000000000000000000),
 ( 0.9245018060306373631, 0.3081672686768786029, 0.3081672686768786029, 0.9245018060306373631),
 ( 0.9245018060306373631, 0.3081672686768786029, 0.3081672686768786029, 0.9245018060306373631),
 ( 1.000000000000000000, 0.3333333333333327597, 0.3333333333333327597, 1.000000000000000000) ) ) 
 REPRESENTATION_ITEM ( '' )  SURFACE ( )  );
#2300 = PRESENTATION_STYLE_ASSIGNMENT (( #1005 ) ) ;
#2301 = DIRECTION ( 'NONE',  ( 0.5773502691896262862, 0.5773502691896262862, -0.5773502691896248429 ) ) ;
#2302 = DIRECTION ( 'NONE',  ( -0.000000000000000000, -0.000000000000000000, -1.000000000000000000 ) ) ;
#2303 = ORIENTED_EDGE ( 'NONE', *, *, #1682, .T. ) ;
#2304 = SURFACE_STYLE_FILL_AREA ( #1234 ) ;
#2305 = ORIENTED_EDGE ( 'NONE', *, *, #1312, .T. ) ;
#2306 = UNCERTAINTY_MEASURE_WITH_UNIT (LENGTH_MEASURE( 1.000000000000000082E-05 ), #134, 'distance_accuracy_value', 'NONE');
#2307 = CARTESIAN_POINT ( 'NONE',  ( -0.4808737458000931775, 0.4986619601788934153, 0.4297678529894933264 ) ) ;
#2308 = ORIENTED_EDGE ( 'NONE', *, *, #158, .T. ) ;
#2309 = ADVANCED_FACE ( 'NONE', ( #251 ), #2213, .T. ) ;
#2310 = CARTESIAN_POINT ( 'NONE',  ( 0.4800000000000000933, -0.4800000000000000377, 0.4200000000000000400 ) ) ;
#2311 = CARTESIAN_POINT ( 'NONE',  ( -0.1249999999999999722, 0.4369999999999999996, 0.000000000000000000 ) ) ;
#2312 = PRESENTATION_LAYER_ASSIGNMENT (  '', '', ( #1388 ) ) ;
#2313 = DIRECTION ( 'NONE',  ( -1.000000000000000000, -0.000000000000000000, -0.000000000000000000 ) ) ;
#2314 = ORIENTED_EDGE ( 'NONE', *, *, #508, .F. ) ;
#2315 = CARTESIAN_POINT ( 'NONE',  ( 0.2000000000000000111, -0.2520000000000000018, 0.1250000000000000000 ) ) ;
#2316 = AXIS2_PLACEMENT_3D ( 'NONE', #739, #1999, #919 ) ;
#2317 = ORIENTED_EDGE ( 'NONE', *, *, #1241, .T. ) ;
#2318 = LINE ( 'NONE', #1673, #2699 ) ;
#2319 = SURFACE_STYLE_USAGE ( .BOTH. , #1945 ) ;
#2320 = ORIENTED_EDGE ( 'NONE', *, *, #20, .F. ) ;
#2321 = MECHANICAL_DESIGN_GEOMETRIC_PRESENTATION_REPRESENTATION (  '', ( #1916 ), #532 ) ;
#2322 = ADVANCED_FACE ( 'NONE', ( #1167 ), #286, .T. ) ;
#2323 =( LENGTH_UNIT ( ) NAMED_UNIT ( * ) SI_UNIT ( .MILLI., .METRE. ) );
#2324 = STYLED_ITEM ( 'NONE', ( #2237 ), #1547 ) ;
#2325 = VECTOR ( 'NONE', #136, 1000.000000000000000 ) ;
#2326 = PRESENTATION_LAYER_ASSIGNMENT (  '', '', ( #1836 ) ) ;
#2327 = CARTESIAN_POINT ( 'NONE',  ( -0.4986619601788935263, -0.4897678529894931576, 0.4208737458000930687 ) ) ;
#2328 = SURFACE_STYLE_FILL_AREA ( #1678 ) ;
#2329 = CARTESIAN_POINT ( 'NONE',  ( -0.4915470053837924236, -0.4962609814903367611, 0.05316697072275166497 ) ) ;
#2330 = CARTESIAN_POINT ( 'NONE',  ( -0.4799999999999998157, -0.4799999999999999822, 0.4200000000000000400 ) ) ;
#2331 = ORIENTED_EDGE ( 'NONE', *, *, #2391, .F. ) ;
#2332 = FILL_AREA_STYLE_COLOUR ( '', #2417 ) ;
#2333 = DIRECTION ( 'NONE',  ( 2.775557561562889872E-16, -1.000000000000000000, -0.000000000000000000 ) ) ;
#2334 = SURFACE_SIDE_STYLE ('',( #220 ) ) ;
#2335 = DIRECTION ( 'NONE',  ( -0.000000000000000000, -0.000000000000000000, -1.000000000000000000 ) ) ;
#2336 = CARTESIAN_POINT ( 'NONE',  ( 0.1250000000000000000, 0.4369999999999999996, 0.000000000000000000 ) ) ;
#2337 = CARTESIAN_POINT ( 'NONE',  ( 0.4908177507422031294, -0.5024334668800596315, 0.4213897985291150672 ) ) ;
#2338 = SURFACE_SIDE_STYLE ('',( #876 ) ) ;
#2339 = ADVANCED_FACE ( 'NONE', ( #1555 ), #2241, .T. ) ;
#2340 = SURFACE_STYLE_USAGE ( .BOTH. , #2353 ) ;
#2341 = FILL_AREA_STYLE_COLOUR ( '', #1706 ) ;
#2342 = CIRCLE ( 'NONE', #2033, 0.01999999999999999695 ) ;
#2343 = UNCERTAINTY_MEASURE_WITH_UNIT (LENGTH_MEASURE( 1.000000000000000082E-05 ), #697, 'distance_accuracy_value', 'NONE');
#2344 = ORIENTED_EDGE ( 'NONE', *, *, #1384, .T. ) ;
#2345 = SURFACE_SIDE_STYLE ('',( #2525 ) ) ;
#2346 = CARTESIAN_POINT ( 'NONE',  ( 0.4800000000000000377, 0.4800000000000000377, 0.4200000000000000400 ) ) ;
#2347 = LINE ( 'NONE', #2336, #177 ) ;
#2348 = CARTESIAN_POINT ( 'NONE',  ( -0.4706037154400897760, 0.4883919298188903468, 0.02969208629049988057 ) ) ;
#2349 = FACE_OUTER_BOUND ( 'NONE', #474, .T. ) ;
#2350 =( NAMED_UNIT ( * ) SI_UNIT ( $, .STERADIAN. ) SOLID_ANGLE_UNIT ( ) );
#2351 = SURFACE_STYLE_USAGE ( .BOTH. , #603 ) ;
#2352 = VECTOR ( 'NONE', #777, 1000.000000000000000 ) ;
#2353 = SURFACE_SIDE_STYLE ('',( #1681 ) ) ;
#2354 = SURFACE_STYLE_USAGE ( .BOTH. , #880 ) ;
#2355 = ADVANCED_FACE ( 'NONE', ( #59 ), #1628, .T. ) ;
#2356 = STYLED_ITEM ( 'NONE', ( #1901 ), #333 ) ;
#2357 = ORIENTED_EDGE ( 'NONE', *, *, #2442, .F. ) ;
#2358 = VECTOR ( 'NONE', #1189, 1000.000000000000000 ) ;
#2359 = PRESENTATION_LAYER_ASSIGNMENT (  '', '', ( #611 ) ) ;
#2360 = DIRECTION ( 'NONE',  ( -2.775557561562889872E-16, 1.000000000000000000, -0.000000000000000000 ) ) ;
#2361 =( LENGTH_UNIT ( ) NAMED_UNIT ( * ) SI_UNIT ( .MILLI., .METRE. ) );
#2362 = AXIS2_PLACEMENT_3D ( 'NONE', #1187, #1994, #757 ) ;
#2363 = CARTESIAN_POINT ( 'NONE',  ( 0.2500000000000000000, 0.4800000000000000377, 0.06000000000000001166 ) ) ;
#2364 = DIRECTION ( 'NONE',  ( 1.000000000000000000, 0.000000000000000000, 0.000000000000000000 ) ) ;
#2365 = CARTESIAN_POINT ( 'NONE',  ( -0.4616317454963925204, 0.4848189779096634955, 0.02661317367027825342 ) ) ;
#2366 = ORIENTED_EDGE ( 'NONE', *, *, #466, .F. ) ;
#2367 = CARTESIAN_POINT ( 'NONE',  ( 0.4800000000000000377, 0.5000000000000000000, 0.4200000000000000400 ) ) ;
#2368 = LINE ( 'NONE', #2586, #897 ) ;
#2369 = SURFACE_STYLE_FILL_AREA ( #1582 ) ;
#2370 = DIRECTION ( 'NONE',  ( -1.000000000000000000, -0.000000000000000000, 0.000000000000000000 ) ) ;
#2371 =( GEOMETRIC_REPRESENTATION_CONTEXT ( 3 ) GLOBAL_UNCERTAINTY_ASSIGNED_CONTEXT ( ( #2118 ) ) GLOBAL_UNIT_ASSIGNED_CONTEXT ( ( #748, #496, #2431 ) ) REPRESENTATION_CONTEXT ( 'NONE', 'WORKASPACE' ) );
#2372 = FILL_AREA_STYLE ('',( #2556 ) ) ;
#2373 = STYLED_ITEM ( 'NONE', ( #1947 ), #1897 ) ;
#2374 = CIRCLE ( 'NONE', #2717, 0.01999999999999999695 ) ;
#2375 = CARTESIAN_POINT ( 'NONE',  ( 0.4692277922694869097, 0.5089319905388968168, 0.04885622383990392142 ) ) ;
#2376 = CIRCLE ( 'NONE', #677, 0.01999999999999999695 ) ;
#2377 = STYLED_ITEM ( 'NONE', ( #1862 ), #874 ) ;
#2378 = EDGE_CURVE ( 'NONE', #1755, #1774, #476, .T. ) ;
#2379 = CARTESIAN_POINT ( 'NONE',  ( -0.3250000000000000666, -0.3770000000000000018, 0.000000000000000000 ) ) ;
#2380 =( NAMED_UNIT ( * ) PLANE_ANGLE_UNIT ( ) SI_UNIT ( $, .RADIAN. ) );
#2381 = DIRECTION ( 'NONE',  ( -0.000000000000000000, -0.000000000000000000, -1.000000000000000000 ) ) ;
#2382 = EDGE_CURVE ( 'NONE', #2691, #1683, #1658, .T. ) ;
#2383 = FILL_AREA_STYLE ('',( #233 ) ) ;
#2384 = ORIENTED_EDGE ( 'NONE', *, *, #1848, .T. ) ;
#2385 = DIRECTION ( 'NONE',  ( -0.4082482904638630727, -0.8164965809277261455, -0.4082482904638630727 ) ) ;
#2386 = CARTESIAN_POINT ( 'NONE',  ( -0.4500000000000000666, -0.2520000000000000018, 0.000000000000000000 ) ) ;
#2387 =( NAMED_UNIT ( * ) SI_UNIT ( $, .STERADIAN. ) SOLID_ANGLE_UNIT ( ) );
#2388 = ORIENTED_EDGE ( 'NONE', *, *, #1597, .T. ) ;
#2389 = UNCERTAINTY_MEASURE_WITH_UNIT (LENGTH_MEASURE( 1.000000000000000082E-05 ), #290, 'distance_accuracy_value', 'NONE');
#2390 = CARTESIAN_POINT ( 'NONE',  ( 0.4799999999999999822, -0.4800000000000000377, 0.4200000000000000400 ) ) ;
#2391 = EDGE_CURVE ( 'NONE', #1774, #1903, #2685, .T. ) ;
#2392 = ORIENTED_EDGE ( 'NONE', *, *, #1186, .F. ) ;
#2393 = SURFACE_SIDE_STYLE ('',( #2369 ) ) ;
#2394 = CARTESIAN_POINT ( 'NONE',  ( 0.4915470053837920905, -0.4915470053837920905, 0.04845299461620768133 ) ) ;
#2395 = PLANE ( 'NONE',  #1361 ) ;
#2396 = FILL_AREA_STYLE_COLOUR ( '', #2457 ) ;
#2397 = ORIENTED_EDGE ( 'NONE', *, *, #1585, .F. ) ;
#2398 = SURFACE_STYLE_USAGE ( .BOTH. , #2225 ) ;
#2399 = CIRCLE ( 'NONE', #2179, 0.05000000000000012768 ) ;
#2400 = CIRCLE ( 'NONE', #568, 0.01999999999999999695 ) ;
#2401 = CARTESIAN_POINT ( 'NONE',  ( 0.4915470053837927566, 0.4915470053837924236, 0.4315470053837929254 ) ) ;
#2402 = DIRECTION ( 'NONE',  ( 1.000000000000000000, 0.000000000000000000, 0.000000000000000000 ) ) ;
#2403 =( GEOMETRIC_REPRESENTATION_CONTEXT ( 3 ) GLOBAL_UNCERTAINTY_ASSIGNED_CONTEXT ( ( #2290 ) ) GLOBAL_UNIT_ASSIGNED_CONTEXT ( ( #2418, #685, #497 ) ) REPRESENTATION_CONTEXT ( 'NONE', 'WORKASPACE' ) );
#2404 =( GEOMETRIC_REPRESENTATION_CONTEXT ( 3 ) GLOBAL_UNCERTAINTY_ASSIGNED_CONTEXT ( ( #1809 ) ) GLOBAL_UNIT_ASSIGNED_CONTEXT ( ( #15, #2407, #889 ) ) REPRESENTATION_CONTEXT ( 'NONE', 'WORKASPACE' ) );
#2405 = CARTESIAN_POINT ( 'NONE',  ( 0.4806605438875256042, -0.5017042122384702818, 0.04772373997461820672 ) ) ;
#2406 = ORIENTED_EDGE ( 'NONE', *, *, #192, .T. ) ;
#2407 =( NAMED_UNIT ( * ) PLANE_ANGLE_UNIT ( ) SI_UNIT ( $, .RADIAN. ) );
#2408 = AXIS2_PLACEMENT_3D ( 'NONE', #1902, #667, #1065 ) ;
#2409 = CARTESIAN_POINT ( 'NONE',  ( 0.5133868263297208800, -0.4616317454963928535, 0.05518102209033644290 ) ) ;
#2410 = CARTESIAN_POINT ( 'NONE',  ( -0.4799999999999998712, -0.4799999999999998712, 0.06000000000000004635 ) ) ;
#2411 = COLOUR_RGB ( '',0.7529411764705882248, 0.7529411764705882248, 0.7529411764705882248 ) ;
#2412 = CIRCLE ( 'NONE', #622, 0.01999999999999999695 ) ;
#2413 = CARTESIAN_POINT ( 'NONE',  ( -0.4000000000000000222, 0.4369999999999998885, 0.1250000000000000000 ) ) ;
#2414 = SURFACE_SIDE_STYLE ('',( #271 ) ) ;
#2415 = ORIENTED_EDGE ( 'NONE', *, *, #719, .F. ) ;
#2416 = STYLED_ITEM ( 'NONE', ( #36 ), #1860 ) ;
#2417 = COLOUR_RGB ( '',0.7529411764705882248, 0.7529411764705882248, 0.7529411764705882248 ) ;
#2418 =( LENGTH_UNIT ( ) NAMED_UNIT ( * ) SI_UNIT ( .MILLI., .METRE. ) );
#2419 = VECTOR ( 'NONE', #895, 1000.000000000000000 ) ;
#2420 = MECHANICAL_DESIGN_GEOMETRIC_PRESENTATION_REPRESENTATION (  '', ( #1581 ), #1363 ) ;
#2421 = FACE_OUTER_BOUND ( 'NONE', #727, .T. ) ;
#2422 = VERTEX_POINT ( 'NONE', #783 ) ;
#2423 = LINE ( 'NONE', #501, #130 ) ;
#2424 = PLANE ( 'NONE',  #314 ) ;
#2425 = CARTESIAN_POINT ( 'NONE',  ( -0.4922762600253819398, 0.5017042122384700598, 0.05933945611247463947 ) ) ;
#2426 = FACE_OUTER_BOUND ( 'NONE', #1518, .T. ) ;
#2427 = CARTESIAN_POINT ( 'NONE',  ( -0.1250000000000000278, 0.4369999999999999440, 0.000000000000000000 ) ) ;
#2428 = CARTESIAN_POINT ( 'NONE',  ( 0.4915470053837925346, -0.4915470053837924236, 0.4315470053837927034 ) ) ;
#2429 = ORIENTED_EDGE ( 'NONE', *, *, #1715, .T. ) ;
#2430 = EDGE_CURVE ( 'NONE', #416, #157, #2702, .T. ) ;
#2431 =( NAMED_UNIT ( * ) SI_UNIT ( $, .STERADIAN. ) SOLID_ANGLE_UNIT ( ) );
#2432 = UNCERTAINTY_MEASURE_WITH_UNIT (LENGTH_MEASURE( 1.000000000000000082E-05 ), #82, 'distance_accuracy_value', 'NONE');
#2433 = UNCERTAINTY_MEASURE_WITH_UNIT (LENGTH_MEASURE( 1.000000000000000082E-05 ), #1081, 'distance_accuracy_value', 'NONE');
#2434 = DIRECTION ( 'NONE',  ( 0.000000000000000000, 0.000000000000000000, -1.000000000000000000 ) ) ;
#2435 = VERTEX_POINT ( 'NONE', #1380 ) ;
#2436 = CIRCLE ( 'NONE', #1195, 0.01999999999999999695 ) ;
#2437 = SURFACE_STYLE_FILL_AREA ( #1594 ) ;
#2438 = PRESENTATION_STYLE_ASSIGNMENT (( #489 ) ) ;
#2439 = CARTESIAN_POINT ( 'NONE',  ( -0.4915470053837928122, 0.4915470053837928122, 0.4315470053837924813 ) ) ;
#2440 = ORIENTED_EDGE ( 'NONE', *, *, #1529, .F. ) ;
#2441 = CARTESIAN_POINT ( 'NONE',  ( 0.5017042122384702818, 0.4806605438875252712, 0.4322762600253820531 ) ) ;
#2442 = EDGE_CURVE ( 'NONE', #164, #416, #2449, .T. ) ;
#2443 = CARTESIAN_POINT ( 'NONE',  ( 0.4915470053837927566, 0.4915470053837924791, 0.4315470053837927589 ) ) ;
#2444 = VECTOR ( 'NONE', #813, 1000.000000000000000 ) ;
#2445 = PRESENTATION_STYLE_ASSIGNMENT (( #567 ) ) ;
#2446 = DIRECTION ( 'NONE',  ( 2.775557561562889872E-16, 1.000000000000000000, 0.000000000000000000 ) ) ;
#2447 = AXIS2_PLACEMENT_3D ( 'NONE', #1955, #1513, #2753 ) ;
#2448 = ORIENTED_EDGE ( 'NONE', *, *, #2775, .F. ) ;
#2449 = CIRCLE ( 'NONE', #1608, 0.01999999999999999695 ) ;
#2450 = MECHANICAL_DESIGN_GEOMETRIC_PRESENTATION_REPRESENTATION (  '', ( #896 ), #2050 ) ;
#2451 = SURFACE_SIDE_STYLE ('',( #2506 ) ) ;
#2452 = CARTESIAN_POINT ( 'NONE',  ( -0.4915470053837924791, -0.4915470053837924791, 0.4315470053837925923 ) ) ;
#2453 = DIRECTION ( 'NONE',  ( 1.000000000000000000, 0.000000000000000000, 0.000000000000000000 ) ) ;
#2454 = ORIENTED_EDGE ( 'NONE', *, *, #1731, .T. ) ;
#2455 = CARTESIAN_POINT ( 'NONE',  ( 0.4799999999999998157, -0.4799999999999998712, 0.06000000000000015737 ) ) ;
#2456 = CARTESIAN_POINT ( 'NONE',  ( -0.4750189003719570424, -0.4866125165785925022, 0.4382061327852279087 ) ) ;
#2457 = COLOUR_RGB ( '',0.2862745098039215508, 0.2862745098039215508, 0.2862745098039215508 ) ;
#2458 = PRESENTATION_LAYER_ASSIGNMENT (  '', '', ( #2100 ) ) ;
#2459 =( NAMED_UNIT ( * ) PLANE_ANGLE_UNIT ( ) SI_UNIT ( $, .RADIAN. ) );
#2460 = VECTOR ( 'NONE', #1408, 1000.000000000000000 ) ;
#2461 = DIRECTION ( 'NONE',  ( 0.000000000000000000, -1.000000000000000000, 0.000000000000000000 ) ) ;
#2462 = CARTESIAN_POINT ( 'NONE',  ( -0.4986619601788936373, 0.4808737458000929554, 0.4297678529894932153 ) ) ;
#2463 = AXIS2_PLACEMENT_3D ( 'NONE', #1968, #1542, #69 ) ;
#2464 = VECTOR ( 'NONE', #349, 1000.000000000000000 ) ;
#2465 = ORIENTED_EDGE ( 'NONE', *, *, #1800, .F. ) ;
#2466 = EDGE_CURVE ( 'NONE', #1077, #1755, #1516, .T. ) ;
#2467 = DIRECTION ( 'NONE',  ( 2.775557561562889872E-16, -1.000000000000000000, -0.000000000000000000 ) ) ;
#2468 = CARTESIAN_POINT ( 'NONE',  ( -0.4800000000000000377, -0.4800000000000000377, 0.06000000000000001166 ) ) ;
#2469 = CARTESIAN_POINT ( 'NONE',  ( -0.4962609814903367611, -0.4915470053837925346, 0.4268330292772483658 ) ) ;
#2470 = DIRECTION ( 'NONE',  ( 1.000000000000000000, 0.000000000000000000, 0.000000000000000000 ) ) ;
#2471 = ORIENTED_EDGE ( 'NONE', *, *, #1646, .F. ) ;
#2472 = CARTESIAN_POINT ( 'NONE',  ( 0.4000000000000000222, 0.4369999999999999996, 0.000000000000000000 ) ) ;
#2473 = CARTESIAN_POINT ( 'NONE',  ( 0.4799999999999998157, 0.4799999999999999822, 0.06000000000000001166 ) ) ;
#2474 = CARTESIAN_POINT ( 'NONE',  ( -0.4915470053837927011, 0.4915470053837924236, 0.4315470053837925923 ) ) ;
#2475 = ORIENTED_EDGE ( 'NONE', *, *, #45, .T. ) ;
#2476 = EDGE_CURVE ( 'NONE', #1903, #102, #2656, .T. ) ;
#2477 = SURFACE_SIDE_STYLE ('',( #1164 ) ) ;
#2478 = CARTESIAN_POINT ( 'NONE',  ( 0.4800000000000000377, -0.4800000000000000377, 0.04000000000000000083 ) ) ;
#2479 = FILL_AREA_STYLE ('',( #1624 ) ) ;
#2480 = CARTESIAN_POINT ( 'NONE',  ( 0.4800000000000000377, -0.4800000000000000377, 0.4200000000000000400 ) ) ;
#2481 = UNCERTAINTY_MEASURE_WITH_UNIT (LENGTH_MEASURE( 1.000000000000000082E-05 ), #2704, 'distance_accuracy_value', 'NONE');
#2482 = ORIENTED_EDGE ( 'NONE', *, *, #1100, .T. ) ;
#2483 = CARTESIAN_POINT ( 'NONE',  ( 0.4000000000000000222, -0.01300000000000010002, 0.000000000000000000 ) ) ;
#2484 = ORIENTED_EDGE ( 'NONE', *, *, #2391, .T. ) ;
#2485 = FILL_AREA_STYLE_COLOUR ( '', #1514 ) ;
#2486 = UNCERTAINTY_MEASURE_WITH_UNIT (LENGTH_MEASURE( 1.000000000000000082E-05 ), #1438, 'distance_accuracy_value', 'NONE');
#2487 = CARTESIAN_POINT ( 'NONE',  ( -0.5017042122384705038, 0.4922762600253818288, 0.4206605438875254954 ) ) ;
#2488 = VERTEX_POINT ( 'NONE', #2720 ) ;
#2489 = MECHANICAL_DESIGN_GEOMETRIC_PRESENTATION_REPRESENTATION (  '', ( #790 ), #1734 ) ;
#2490 = COLOUR_RGB ( '',0.7529411764705882248, 0.7529411764705882248, 0.7529411764705882248 ) ;
#2491 = DIRECTION ( 'NONE',  ( 1.000000000000000000, 0.000000000000000000, 0.000000000000000000 ) ) ;
#2492 =( BOUNDED_SURFACE ( )  B_SPLINE_SURFACE ( 3, 3, ( 
 ( #1464, #2474, #1440, #554 ),
 ( #2280, #363, #2487, #584 ),
 ( #2307, #2267, #168, #2462 ),
 ( #1453, #2296, #543, #1227 ) ),
 .UNSPECIFIED., .F., .F., .T. ) 
 B_SPLINE_SURFACE_WITH_KNOTS ( ( 4, 4 ),
 ( 4, 4 ),
 ( 0.000000000000000000, 1.000000000000000000 ),
 ( 0.000000000000000000, 1.000000000000000000 ),
 .UNSPECIFIED. ) 
 GEOMETRIC_REPRESENTATION_ITEM ( )  RATIONAL_B_SPLINE_SURFACE ( (
 ( 1.000000000000000000, 0.3333333333333335369, 0.3333333333333335369, 1.000000000000000000),
 ( 0.9245018060306368080, 0.3081672686768791025, 0.3081672686768791025, 0.9245018060306368080),
 ( 0.9245018060306368080, 0.3081672686768791025, 0.3081672686768791025, 0.9245018060306368080),
 ( 1.000000000000000000, 0.3333333333333335369, 0.3333333333333335369, 1.000000000000000000) ) ) 
 REPRESENTATION_ITEM ( '' )  SURFACE ( )  );
#2493 = COLOUR_RGB ( '',0.2862745098039215508, 0.2862745098039215508, 0.2862745098039215508 ) ;
#2494 = FILL_AREA_STYLE_COLOUR ( '', #445 ) ;
#2495 = ADVANCED_FACE ( 'NONE', ( #817 ), #1892, .T. ) ;
#2496 = LINE ( 'NONE', #970, #2358 ) ;
#2497 = SURFACE_STYLE_USAGE ( .BOTH. , #1648 ) ;
#2498 = AXIS2_PLACEMENT_3D ( 'NONE', #1727, #2157, #2568 ) ;
#2499 = EDGE_LOOP ( 'NONE', ( #1579, #923, #2138, #1132, #881, #278 ) ) ;
#2500 = DIRECTION ( 'NONE',  ( -1.000000000000000000, -2.081668171172169992E-16, 0.000000000000000000 ) ) ;
#2501 = SURFACE_STYLE_USAGE ( .BOTH. , #327 ) ;
#2502 = VECTOR ( 'NONE', #2116, 1000.000000000000000 ) ;
#2503 = ORIENTED_EDGE ( 'NONE', *, *, #2246, .F. ) ;
#2504 = PRESENTATION_LAYER_ASSIGNMENT (  '', '', ( #764 ) ) ;
#2505 = SURFACE_STYLE_FILL_AREA ( #1659 ) ;
#2506 = SURFACE_STYLE_FILL_AREA ( #2286 ) ;
#2507 = CARTESIAN_POINT ( 'NONE',  ( -0.4813897985291149539, -0.5024334668800595205, 0.4308177507422032981 ) ) ;
#2508 = ORIENTED_EDGE ( 'NONE', *, *, #2189, .T. ) ;
#2509 = ADVANCED_FACE ( 'NONE', ( #2154 ), #1505, .F. ) ;
#2510 = ORIENTED_EDGE ( 'NONE', *, *, #2575, .F. ) ;
#2511 = CARTESIAN_POINT ( 'NONE',  ( -0.1250000000000000000, 0.5020000000000001128, 0.1250000000000000000 ) ) ;
#2512 =( LENGTH_UNIT ( ) NAMED_UNIT ( * ) SI_UNIT ( .MILLI., .METRE. ) );
#2513 = EDGE_LOOP ( 'NONE', ( #1473, #116, #126, #965 ) ) ;
#2514 = CARTESIAN_POINT ( 'NONE',  ( 0.5089319905388965948, -0.4692277922694868542, 0.4311437761600965257 ) ) ;
#2515 = SURFACE_SIDE_STYLE ('',( #872 ) ) ;
#2516 = CARTESIAN_POINT ( 'NONE',  ( 0.4915470053837927011, -0.4915470053837924236, 0.4315470053837924813 ) ) ;
#2517 = CARTESIAN_POINT ( 'NONE',  ( -0.5000000000000000000, 0.5000000000000000000, 0.04000000000000000083 ) ) ;
#2518 = ORIENTED_EDGE ( 'NONE', *, *, #321, .F. ) ;
#2519 = SURFACE_STYLE_FILL_AREA ( #2141 ) ;
#2520 = AXIS2_PLACEMENT_3D ( 'NONE', #196, #10, #2096 ) ;
#2521 = SURFACE_SIDE_STYLE ('',( #2770 ) ) ;
#2522 = EDGE_LOOP ( 'NONE', ( #1686, #1560, #2331, #225 ) ) ;
#2523 = DIRECTION ( 'NONE',  ( 0.5773502691896239547, -0.5773502691896239547, 0.5773502691896292838 ) ) ;
#2524 = EDGE_CURVE ( 'NONE', #951, #184, #2565, .T. ) ;
#2525 = SURFACE_STYLE_FILL_AREA ( #640 ) ;
#2526 = FILL_AREA_STYLE ('',( #2562 ) ) ;
#2527 = ORIENTED_EDGE ( 'NONE', *, *, #2541, .T. ) ;
#2528 = CLOSED_SHELL ( 'NONE', ( #1860, #1827, #104, #2554, #333, #968 ) ) ;
#2529 = CARTESIAN_POINT ( 'NONE',  ( 0.4616317454963927425, -0.5133868263297212131, 0.4248189779096636087 ) ) ;
#2530 = DIRECTION ( 'NONE',  ( -0.8164965809277263675, 0.4082482904638631838, 0.4082482904638621846 ) ) ;
#2531 = CARTESIAN_POINT ( 'NONE',  ( 0.4889442719099991175, 0.4978885438199983082, 0.06000000000000001166 ) ) ;
#2532 = STYLED_ITEM ( 'NONE', ( #510 ), #2339 ) ;
#2533 = CARTESIAN_POINT ( 'NONE',  ( 0.5103079137094999052, 0.4883919298188903468, 0.06939628455991009304 ) ) ;
#2534 = LINE ( 'NONE', #2127, #439 ) ;
#2535 = UNCERTAINTY_MEASURE_WITH_UNIT (LENGTH_MEASURE( 1.000000000000000082E-05 ), #1237, 'distance_accuracy_value', 'NONE');
#2536 = ORIENTED_EDGE ( 'NONE', *, *, #2002, .F. ) ;
#2537 = SURFACE_STYLE_USAGE ( .BOTH. , #1710 ) ;
#2538 = COLOUR_RGB ( '',0.2862745098039215508, 0.2862745098039215508, 0.2862745098039215508 ) ;
#2539 = FILL_AREA_STYLE_COLOUR ( '', #2085 ) ;
#2540 = CIRCLE ( 'NONE', #309, 0.01999999999999999695 ) ;
#2541 = EDGE_CURVE ( 'NONE', #737, #545, #2347, .T. ) ;
#2542 = AXIS2_PLACEMENT_3D ( 'NONE', #1627, #1637, #2500 ) ;
#2543 = VECTOR ( 'NONE', #86, 1000.000000000000000 ) ;
#2544 = AXIS2_PLACEMENT_3D ( 'NONE', #914, #1584, #1780 ) ;
#2545 = CARTESIAN_POINT ( 'NONE',  ( 0.4915470053837925346, -0.4915470053837925346, 0.4315470053837925368 ) ) ;
#2546 = SURFACE_STYLE_USAGE ( .BOTH. , #2338 ) ;
#2547 = PLANE ( 'NONE',  #628 ) ;
#2548 = CARTESIAN_POINT ( 'NONE',  ( -0.4866125165785922801, -0.4750189003719569314, 0.04179386721477214295 ) ) ;
#2549 = CARTESIAN_POINT ( 'NONE',  ( 0.4897678529894932686, 0.4808737458000931775, 0.04133803982110653696 ) ) ;
#2550 = ORIENTED_EDGE ( 'NONE', *, *, #219, .F. ) ;
#2551 = FACE_OUTER_BOUND ( 'NONE', #2291, .T. ) ;
#2552 = SURFACE_STYLE_USAGE ( .BOTH. , #1714 ) ;
#2553 = DIRECTION ( 'NONE',  ( -1.000000000000000000, 4.163336342344339985E-16, 0.000000000000000000 ) ) ;
#2554 = ADVANCED_FACE ( 'NONE', ( #440 ), #1961, .T. ) ;
#2555 =( NAMED_UNIT ( * ) SI_UNIT ( $, .STERADIAN. ) SOLID_ANGLE_UNIT ( ) );
#2556 = FILL_AREA_STYLE_COLOUR ( '', #2019 ) ;
#2557 = CARTESIAN_POINT ( 'NONE',  ( 0.4915470053837929787, 0.4915470053837926456, 0.04845299461620750786 ) ) ;
#2558 = CARTESIAN_POINT ( 'NONE',  ( 0.4800000000000000377, 0.4800000000000000377, 0.06000000000000001166 ) ) ;
#2559 = MECHANICAL_DESIGN_GEOMETRIC_PRESENTATION_REPRESENTATION (  '', ( #877 ), #830 ) ;
#2560 = VERTEX_POINT ( 'NONE', #922 ) ;
#2561 =( LENGTH_UNIT ( ) NAMED_UNIT ( * ) SI_UNIT ( .MILLI., .METRE. ) );
#2562 = FILL_AREA_STYLE_COLOUR ( '', #646 ) ;
#2563 =( NAMED_UNIT ( * ) PLANE_ANGLE_UNIT ( ) SI_UNIT ( $, .RADIAN. ) );
#2564 =( NAMED_UNIT ( * ) SI_UNIT ( $, .STERADIAN. ) SOLID_ANGLE_UNIT ( ) );
#2565 = LINE ( 'NONE', #1093, #1739 ) ;
#2566 = CARTESIAN_POINT ( 'NONE',  ( -0.4986619601788937484, 0.4808737458000930109, 0.05023214701050695424 ) ) ;
#2567 = EDGE_LOOP ( 'NONE', ( #1016, #848, #763, #468 ) ) ;
#2568 = DIRECTION ( 'NONE',  ( 0.5773502691896237327, 0.5773502691896291728, -0.5773502691896243988 ) ) ;
#2569 = DIRECTION ( 'NONE',  ( 0.000000000000000000, 0.000000000000000000, 1.000000000000000000 ) ) ;
#2570 = FILL_AREA_STYLE_COLOUR ( '', #40 ) ;
#2571 = ADVANCED_FACE ( 'NONE', ( #906 ), #1771, .T. ) ;
#2572 = VECTOR ( 'NONE', #1697, 1000.000000000000000 ) ;
#2573 = PRESENTATION_LAYER_ASSIGNMENT (  '', '', ( #2356 ) ) ;
#2574 = VERTEX_POINT ( 'NONE', #2201 ) ;
#2575 = EDGE_CURVE ( 'NONE', #1538, #1020, #2436, .T. ) ;
#2576 = SURFACE_STYLE_USAGE ( .BOTH. , #882 ) ;
#2577 = MECHANICAL_DESIGN_GEOMETRIC_PRESENTATION_REPRESENTATION (  '', ( #80 ), #1349 ) ;
#2578 = PRESENTATION_LAYER_ASSIGNMENT (  '', '', ( #896 ) ) ;
#2579 = AXIS2_PLACEMENT_3D ( 'NONE', #2379, #1944, #2133 ) ;
#2580 = DIRECTION ( 'NONE',  ( 0.000000000000000000, 1.000000000000000000, 0.000000000000000000 ) ) ;
#2581 =( LENGTH_UNIT ( ) NAMED_UNIT ( * ) SI_UNIT ( .MILLI., .METRE. ) );
#2582 = CARTESIAN_POINT ( 'NONE',  ( 0.2000000000000000111, -0.5020000000000001128, 0.000000000000000000 ) ) ;
#2583 = PRESENTATION_LAYER_ASSIGNMENT (  '', '', ( #1783 ) ) ;
#2584 = SURFACE_STYLE_FILL_AREA ( #1320 ) ;
#2585 = ORIENTED_EDGE ( 'NONE', *, *, #2703, .T. ) ;
#2586 = CARTESIAN_POINT ( 'NONE',  ( 6.938893903907229610E-17, 0.5020000000000001128, 0.1250000000000000000 ) ) ;
#2587 = CARTESIAN_POINT ( 'NONE',  ( 0.4915470053837924236, -0.4915470053837924236, 0.04845299461620768133 ) ) ;
#2588 = AXIS2_PLACEMENT_3D ( 'NONE', #2722, #176, #351 ) ;
#2589 = FACE_OUTER_BOUND ( 'NONE', #230, .T. ) ;
#2590 = AXIS2_PLACEMENT_3D ( 'NONE', #2582, #63, #260 ) ;
#2591 = CIRCLE ( 'NONE', #537, 0.01999999999999999695 ) ;
#2592 = CARTESIAN_POINT ( 'NONE',  ( -0.4915470053837925346, -0.4915470053837925346, 0.04845299461620750092 ) ) ;
#2593 = PRESENTATION_LAYER_ASSIGNMENT (  '', '', ( #2377 ) ) ;
#2594 = VERTEX_POINT ( 'NONE', #101 ) ;
#2595 = DIRECTION ( 'NONE',  ( 0.000000000000000000, 0.000000000000000000, -1.000000000000000000 ) ) ;
#2596 =( LENGTH_UNIT ( ) NAMED_UNIT ( * ) SI_UNIT ( .MILLI., .METRE. ) );
#2597 = EDGE_CURVE ( 'NONE', #2594, #2031, #2647, .T. ) ;
#2598 =( BOUNDED_SURFACE ( )  B_SPLINE_SURFACE ( 3, 3, ( 
 ( #487, #2587, #2394, #1777 ),
 ( #1565, #1540, #1593, #1156 ),
 ( #53, #2206, #281, #18 ),
 ( #460, #2409, #2623, #1797 ) ),
 .UNSPECIFIED., .F., .F., .T. ) 
 B_SPLINE_SURFACE_WITH_KNOTS ( ( 4, 4 ),
 ( 4, 4 ),
 ( 0.000000000000000000, 1.000000000000000000 ),
 ( 0.000000000000000000, 1.000000000000000000 ),
 .UNSPECIFIED. ) 
 GEOMETRIC_REPRESENTATION_ITEM ( )  RATIONAL_B_SPLINE_SURFACE ( (
 ( 1.000000000000000000, 0.3333333333333327597, 0.3333333333333327597, 1.000000000000000000),
 ( 0.9245018060306391394, 0.3081672686768791580, 0.3081672686768791580, 0.9245018060306391394),
 ( 0.9245018060306391394, 0.3081672686768791580, 0.3081672686768791580, 0.9245018060306391394),
 ( 1.000000000000000000, 0.3333333333333327597, 0.3333333333333327597, 1.000000000000000000) ) ) 
 REPRESENTATION_ITEM ( '' )  SURFACE ( )  );
#2599 =( LENGTH_UNIT ( ) NAMED_UNIT ( * ) SI_UNIT ( .MILLI., .METRE. ) );
#2600 = DIRECTION ( 'NONE',  ( -0.000000000000000000, 0.000000000000000000, 1.000000000000000000 ) ) ;
#2601 = CARTESIAN_POINT ( 'NONE',  ( 0.4915470053837924791, -0.4915470053837924791, 0.04845299461620750786 ) ) ;
#2602 = ORIENTED_EDGE ( 'NONE', *, *, #2165, .F. ) ;
#2603 = SURFACE_STYLE_FILL_AREA ( #1097 ) ;
#2604 =( NAMED_UNIT ( * ) SI_UNIT ( $, .STERADIAN. ) SOLID_ANGLE_UNIT ( ) );
#2605 =( LENGTH_UNIT ( ) NAMED_UNIT ( * ) SI_UNIT ( .MILLI., .METRE. ) );
#2606 = ORIENTED_EDGE ( 'NONE', *, *, #2768, .F. ) ;
#2607 = COLOUR_RGB ( '',0.7529411764705882248, 0.7529411764705882248, 0.7529411764705882248 ) ;
#2608 = ADVANCED_FACE ( 'NONE', ( #2421 ), #2030, .T. ) ;
#2609 = DIRECTION ( 'NONE',  ( 1.000000000000000000, 0.000000000000000000, -0.000000000000000000 ) ) ;
#2610 = ORIENTED_EDGE ( 'NONE', *, *, #1292, .F. ) ;
#2611 = FILL_AREA_STYLE_COLOUR ( '', #1357 ) ;
#2612 = UNCERTAINTY_MEASURE_WITH_UNIT (LENGTH_MEASURE( 1.000000000000000082E-05 ), #1366, 'distance_accuracy_value', 'NONE');
#2613 = CARTESIAN_POINT ( 'NONE',  ( 0.4800000000000000377, 0.4800000000000000377, 0.04000000000000000083 ) ) ;
#2614 = DIRECTION ( 'NONE',  ( 0.000000000000000000, 0.000000000000000000, 1.000000000000000000 ) ) ;
#2615 = DIRECTION ( 'NONE',  ( 0.000000000000000000, -1.000000000000000000, 0.000000000000000000 ) ) ;
#2616 = CARTESIAN_POINT ( 'NONE',  ( -0.4982061327852279620, 0.4750189003719570424, 0.4266125165785925599 ) ) ;
#2617 = EDGE_LOOP ( 'NONE', ( #1859, #94, #2536, #2602, #2518 ) ) ;
#2618 = FILL_AREA_STYLE ('',( #1590 ) ) ;
#2619 =( GEOMETRIC_REPRESENTATION_CONTEXT ( 3 ) GLOBAL_UNCERTAINTY_ASSIGNED_CONTEXT ( ( #803 ) ) GLOBAL_UNIT_ASSIGNED_CONTEXT ( ( #761, #2260, #350 ) ) REPRESENTATION_CONTEXT ( 'NONE', 'WORKASPACE' ) );
#2620 = AXIS2_PLACEMENT_3D ( 'NONE', #1742, #2, #1966 ) ;
#2621 = EDGE_LOOP ( 'NONE', ( #564, #152, #1401, #2357, #1626 ) ) ;
#2622 = VECTOR ( 'NONE', #451, 1000.000000000000000 ) ;
#2623 = CARTESIAN_POINT ( 'NONE',  ( 0.5133868263297207690, -0.4848189779096633290, 0.07836825450360743184 ) ) ;
#2624 = EDGE_CURVE ( 'NONE', #169, #1293, #330, .T. ) ;
#2625 = LINE ( 'NONE', #1583, #797 ) ;
#2626 = SURFACE_STYLE_FILL_AREA ( #1995 ) ;
#2627 = CARTESIAN_POINT ( 'NONE',  ( 0.4866125165785925022, 0.4982061327852279620, 0.06498109962804310413 ) ) ;
#2628 = VERTEX_POINT ( 'NONE', #815 ) ;
#2629 = MECHANICAL_DESIGN_GEOMETRIC_PRESENTATION_REPRESENTATION (  '', ( #358 ), #2371 ) ;
#2630 = FACE_OUTER_BOUND ( 'NONE', #2294, .T. ) ;
#2631 = CARTESIAN_POINT ( 'NONE',  ( 0.4868330292772483081, 0.4915470053837925346, 0.4362609814903368188 ) ) ;
#2632 =( GEOMETRIC_REPRESENTATION_CONTEXT ( 3 ) GLOBAL_UNCERTAINTY_ASSIGNED_CONTEXT ( ( #1865 ) ) GLOBAL_UNIT_ASSIGNED_CONTEXT ( ( #399, #425, #413 ) ) REPRESENTATION_CONTEXT ( 'NONE', 'WORKASPACE' ) );
#2633 = APPLICATION_PROTOCOL_DEFINITION ( 'draft international standard', 'automotive_design', 1998, #1248 ) ;
#2634 =( GEOMETRIC_REPRESENTATION_CONTEXT ( 3 ) GLOBAL_UNCERTAINTY_ASSIGNED_CONTEXT ( ( #1007 ) ) GLOBAL_UNIT_ASSIGNED_CONTEXT ( ( #576, #1216, #1390 ) ) REPRESENTATION_CONTEXT ( 'NONE', 'WORKASPACE' ) );
#2635 = ORIENTED_EDGE ( 'NONE', *, *, #772, .T. ) ;
#2636 = SURFACE_STYLE_FILL_AREA ( #1967 ) ;
#2637 = EDGE_CURVE ( 'NONE', #150, #2574, #1846, .T. ) ;
#2638 = PRESENTATION_STYLE_ASSIGNMENT (( #1799 ) ) ;
#2639 = DIRECTION ( 'NONE',  ( -0.5773502691896257311, 0.5773502691896230665, 0.5773502691896283956 ) ) ;
#2640 = ORIENTED_EDGE ( 'NONE', *, *, #93, .F. ) ;
#2641 = CARTESIAN_POINT ( 'NONE',  ( 0.4915470053837924791, 0.4915470053837924791, 0.4315470053837925923 ) ) ;
#2642 = UNCERTAINTY_MEASURE_WITH_UNIT (LENGTH_MEASURE( 1.000000000000000082E-05 ), #2323, 'distance_accuracy_value', 'NONE');
#2643 =( LENGTH_UNIT ( ) NAMED_UNIT ( * ) SI_UNIT ( .MILLI., .METRE. ) );
#2644 = CARTESIAN_POINT ( 'NONE',  ( 0.4915470053837925346, 0.4915470053837925346, 0.04845299461620748011 ) ) ;
#2645 = CARTESIAN_POINT ( 'NONE',  ( 0.4915470053837925346, -0.4915470053837925346, 0.04845299461620750786 ) ) ;
#2646 = ORIENTED_EDGE ( 'NONE', *, *, #2281, .T. ) ;
#2647 = CIRCLE ( 'NONE', #973, 0.01999999999999999695 ) ;
#2648 = CARTESIAN_POINT ( 'NONE',  ( -0.4706037154400901090, 0.4883919298188906799, 0.4503079137094996853 ) ) ;
#2649 = EDGE_CURVE ( 'NONE', #194, #1171, #1898, .T. ) ;
#2650 = VERTEX_POINT ( 'NONE', #386 ) ;
#2651 = FILL_AREA_STYLE ('',( #728 ) ) ;
#2652 = ADVANCED_FACE ( 'NONE', ( #988 ), #2492, .T. ) ;
#2653 = CARTESIAN_POINT ( 'NONE',  ( 0.4808737458000931220, 0.4897678529894933797, 0.4386619601788935841 ) ) ;
#2654 = DIRECTION ( 'NONE',  ( 1.000000000000000000, 0.000000000000000000, -0.000000000000000000 ) ) ;
#2655 = ORIENTED_EDGE ( 'NONE', *, *, #1188, .F. ) ;
#2656 = CIRCLE ( 'NONE', #1821, 0.01999999999999999695 ) ;
#2657 = COLOUR_RGB ( '',0.7529411764705882248, 0.7529411764705882248, 0.7529411764705882248 ) ;
#2658 = PRESENTATION_LAYER_ASSIGNMENT (  '', '', ( #1871 ) ) ;
#2659 = STYLED_ITEM ( 'NONE', ( #2638 ), #1347 ) ;
#2660 =( LENGTH_UNIT ( ) NAMED_UNIT ( * ) SI_UNIT ( .MILLI., .METRE. ) );
#2661 = CARTESIAN_POINT ( 'NONE',  ( 0.2000000000000000111, -0.2520000000000000018, 0.000000000000000000 ) ) ;
#2662 = VERTEX_POINT ( 'NONE', #1001 ) ;
#2663 = LINE ( 'NONE', #549, #1267 ) ;
#2664 = CIRCLE ( 'NONE', #1483, 0.01999999999999999695 ) ;
#2665 =( LENGTH_UNIT ( ) NAMED_UNIT ( * ) SI_UNIT ( .MILLI., .METRE. ) );
#2666 = AXIS2_PLACEMENT_3D ( 'NONE', #835, #1088, #1732 ) ;
#2667 = CIRCLE ( 'NONE', #140, 0.01999999999999996919 ) ;
#2668 =( NAMED_UNIT ( * ) PLANE_ANGLE_UNIT ( ) SI_UNIT ( $, .RADIAN. ) );
#2669 =( GEOMETRIC_REPRESENTATION_CONTEXT ( 3 ) GLOBAL_UNCERTAINTY_ASSIGNED_CONTEXT ( ( #1341 ) ) GLOBAL_UNIT_ASSIGNED_CONTEXT ( ( #1761, #276, #1515 ) ) REPRESENTATION_CONTEXT ( 'NONE', 'WORKASPACE' ) );
#2670 = EDGE_CURVE ( 'NONE', #1309, #520, #145, .T. ) ;
#2671 = CIRCLE ( 'NONE', #405, 0.01999999999999999695 ) ;
#2672 = FILL_AREA_STYLE_COLOUR ( '', #352 ) ;
#2673 = ORIENTED_EDGE ( 'NONE', *, *, #2382, .T. ) ;
#2674 = CARTESIAN_POINT ( 'NONE',  ( 0.4915470053837923126, -0.4915470053837925346, 0.4315470053837927589 ) ) ;
#2675 = DIRECTION ( 'NONE',  ( 0.000000000000000000, -1.000000000000000000, 0.000000000000000000 ) ) ;
#2676 = ORIENTED_EDGE ( 'NONE', *, *, #2132, .F. ) ;
#2677 = DIRECTION ( 'NONE',  ( 0.000000000000000000, 0.000000000000000000, 1.000000000000000000 ) ) ;
#2678 = FILL_AREA_STYLE_COLOUR ( '', #1928 ) ;
#2679 = COLOUR_RGB ( '',0.2862745098039215508, 0.2862745098039215508, 0.2862745098039215508 ) ;
#2680 = DIRECTION ( 'NONE',  ( 1.000000000000000000, 2.081668171172169992E-16, -0.000000000000000000 ) ) ;
#2681 = DIRECTION ( 'NONE',  ( 0.000000000000000000, 0.000000000000000000, 1.000000000000000000 ) ) ;
#2682 = CARTESIAN_POINT ( 'NONE',  ( -0.4800000000000002043, 0.2500000000000000000, 0.4400000000000000022 ) ) ;
#2683 = EDGE_CURVE ( 'NONE', #520, #1373, #2342, .T. ) ;
#2684 = ORIENTED_EDGE ( 'NONE', *, *, #2524, .T. ) ;
#2685 = LINE ( 'NONE', #2098, #174 ) ;
#2686 = VECTOR ( 'NONE', #2696, 1000.000000000000000 ) ;
#2687 = PLANE ( 'NONE',  #2022 ) ;
#2688 = SURFACE_SIDE_STYLE ('',( #979 ) ) ;
#2689 = SURFACE_STYLE_FILL_AREA ( #1852 ) ;
#2690 = UNCERTAINTY_MEASURE_WITH_UNIT (LENGTH_MEASURE( 1.000000000000000082E-05 ), #17, 'distance_accuracy_value', 'NONE');
#2691 = VERTEX_POINT ( 'NONE', #183 ) ;
#2692 = DIRECTION ( 'NONE',  ( 1.000000000000000000, 0.000000000000000000, 0.000000000000000000 ) ) ;
#2693 = CARTESIAN_POINT ( 'NONE',  ( -0.4911437761600965235, -0.4692277922694870762, 0.4489319905388967080 ) ) ;
#2694 =( NAMED_UNIT ( * ) PLANE_ANGLE_UNIT ( ) SI_UNIT ( $, .RADIAN. ) );
#2695 = CARTESIAN_POINT ( 'NONE',  ( 0.4915470053837925346, 0.4868330292772483636, 0.04373901850966328830 ) ) ;
#2696 = DIRECTION ( 'NONE',  ( -0.000000000000000000, -1.000000000000000000, 0.000000000000000000 ) ) ;
#2697 = ORIENTED_EDGE ( 'NONE', *, *, #2200, .T. ) ;
#2698 = COLOUR_RGB ( '',0.2862745098039215508, 0.2862745098039215508, 0.2862745098039215508 ) ;
#2699 = VECTOR ( 'NONE', #1872, 1000.000000000000000 ) ;
#2700 = CARTESIAN_POINT ( 'NONE',  ( 0.4911437761600962459, -0.4692277922694871317, 0.4489319905388965415 ) ) ;
#2701 = FILL_AREA_STYLE_COLOUR ( '', #2095 ) ;
#2702 = CIRCLE ( 'NONE', #2046, 0.01999999999999999695 ) ;
#2703 = EDGE_CURVE ( 'NONE', #1454, #1642, #2077, .T. ) ;
#2704 =( LENGTH_UNIT ( ) NAMED_UNIT ( * ) SI_UNIT ( .MILLI., .METRE. ) );
#2705 = SURFACE_STYLE_USAGE ( .BOTH. , #379 ) ;
#2706 =( GEOMETRIC_REPRESENTATION_CONTEXT ( 3 ) GLOBAL_UNCERTAINTY_ASSIGNED_CONTEXT ( ( #730 ) ) GLOBAL_UNIT_ASSIGNED_CONTEXT ( ( #2596, #2178, #1356 ) ) REPRESENTATION_CONTEXT ( 'NONE', 'WORKASPACE' ) );
#2707 = CARTESIAN_POINT ( 'NONE',  ( -0.4692277922694871317, -0.5089319905388964838, 0.04885622383990404632 ) ) ;
#2708 = CIRCLE ( 'NONE', #2620, 0.01999999999999999695 ) ;
#2709 = ORIENTED_EDGE ( 'NONE', *, *, #894, .F. ) ;
#2710 = ORIENTED_EDGE ( 'NONE', *, *, #1277, .T. ) ;
#2711 = CARTESIAN_POINT ( 'NONE',  ( 0.1999999999999999556, -0.5020000000000001128, 0.000000000000000000 ) ) ;
#2712 = UNCERTAINTY_MEASURE_WITH_UNIT (LENGTH_MEASURE( 1.000000000000000082E-05 ), #1907, 'distance_accuracy_value', 'NONE');
#2713 = VECTOR ( 'NONE', #1969, 1000.000000000000000 ) ;
#2714 = PRESENTATION_LAYER_ASSIGNMENT (  '', '', ( #358 ) ) ;
#2715 = CARTESIAN_POINT ( 'NONE',  ( 0.3250000000000000666, -0.5020000000000001128, 0.000000000000000000 ) ) ;
#2716 = ORIENTED_EDGE ( 'NONE', *, *, #629, .F. ) ;
#2717 = AXIS2_PLACEMENT_3D ( 'NONE', #1744, #68, #54 ) ;
#2718 =( GEOMETRIC_REPRESENTATION_CONTEXT ( 3 ) GLOBAL_UNCERTAINTY_ASSIGNED_CONTEXT ( ( #1232 ) ) GLOBAL_UNIT_ASSIGNED_CONTEXT ( ( #1235, #1869, #984 ) ) REPRESENTATION_CONTEXT ( 'NONE', 'WORKASPACE' ) );
#2719 = MECHANICAL_DESIGN_GEOMETRIC_PRESENTATION_REPRESENTATION (  '', ( #46 ), #1040 ) ;
#2720 = CARTESIAN_POINT ( 'NONE',  ( -0.2000000000000000666, -0.2520000000000000018, 0.1250000000000000000 ) ) ;
#2721 = DIRECTION ( 'NONE',  ( -1.000000000000000000, -0.000000000000000000, 0.000000000000000000 ) ) ;
#2722 = CARTESIAN_POINT ( 'NONE',  ( 0.4800000000000000933, -0.4800000000000000377, 0.06000000000000001166 ) ) ;
#2723 = CARTESIAN_POINT ( 'NONE',  ( -0.4897678529894931576, -0.4986619601788931377, 0.05912625419990694131 ) ) ;
#2724 = ORIENTED_EDGE ( 'NONE', *, *, #2637, .F. ) ;
#2725 = EDGE_CURVE ( 'NONE', #184, #2422, #1418, .T. ) ;
#2726 = CARTESIAN_POINT ( 'NONE',  ( -0.3484433176461130266, -0.3410027888995090239, 0.4410000000000000031 ) ) ;
#2727 = CARTESIAN_POINT ( 'NONE',  ( -0.4897678529894932686, -0.4986619601788935263, 0.05912625419990684417 ) ) ;
#2728 = ORIENTED_EDGE ( 'NONE', *, *, #1153, .T. ) ;
#2729 = DIRECTION ( 'NONE',  ( -0.8164965809277253683, -0.4082482904638641830, -0.4082482904638631838 ) ) ;
#2730 = CARTESIAN_POINT ( 'NONE',  ( 0.4999999999999997780, 0.4799999999999999822, 0.06000000000000001166 ) ) ;
#2731 = PRESENTATION_STYLE_ASSIGNMENT (( #1735 ) ) ;
#2732 = EDGE_LOOP ( 'NONE', ( #702, #384, #1954, #1599, #1416 ) ) ;
#2733 =( LENGTH_UNIT ( ) NAMED_UNIT ( * ) SI_UNIT ( .MILLI., .METRE. ) );
#2734 = DIRECTION ( 'NONE',  ( 0.000000000000000000, 0.000000000000000000, 1.000000000000000000 ) ) ;
#2735 = LINE ( 'NONE', #1729, #907 ) ;
#2736 = MECHANICAL_DESIGN_GEOMETRIC_PRESENTATION_REPRESENTATION (  '', ( #329 ), #779 ) ;
#2737 = CARTESIAN_POINT ( 'NONE',  ( -0.2500000000000000000, -0.5000000000000000000, 0.06000000000000001166 ) ) ;
#2738 = AXIS2_PLACEMENT_3D ( 'NONE', #1858, #1641, #1196 ) ;
#2739 = CARTESIAN_POINT ( 'NONE',  ( -0.4866125165785924467, -0.4982061327852279620, 0.06498109962804297923 ) ) ;
#2740 = ADVANCED_FACE ( 'NONE', ( #1066 ), #210, .F. ) ;
#2741 = ORIENTED_EDGE ( 'NONE', *, *, #2200, .F. ) ;
#2742 = EDGE_CURVE ( 'NONE', #2097, #1948, #1282, .T. ) ;
#2743 =( NAMED_UNIT ( * ) SI_UNIT ( $, .STERADIAN. ) SOLID_ANGLE_UNIT ( ) );
#2744 = ORIENTED_EDGE ( 'NONE', *, *, #45, .F. ) ;
#2745 = DIRECTION ( 'NONE',  ( 0.000000000000000000, 0.000000000000000000, -1.000000000000000000 ) ) ;
#2746 =( LENGTH_UNIT ( ) NAMED_UNIT ( * ) SI_UNIT ( .MILLI., .METRE. ) );
#2747 = CIRCLE ( 'NONE', #1298, 0.01999999999999999695 ) ;
#2748 = LINE ( 'NONE', #2315, #270 ) ;
#2749 =( GEOMETRIC_REPRESENTATION_CONTEXT ( 3 ) GLOBAL_UNCERTAINTY_ASSIGNED_CONTEXT ( ( #2690 ) ) GLOBAL_UNIT_ASSIGNED_CONTEXT ( ( #17, #1564, #1728 ) ) REPRESENTATION_CONTEXT ( 'NONE', 'WORKASPACE' ) );
#2750 = CARTESIAN_POINT ( 'NONE',  ( -0.5024334668800592985, -0.4813897985291145099, 0.04918224925779686452 ) ) ;
#2751 = LINE ( 'NONE', #1279, #2502 ) ;
#2752 = ORIENTED_EDGE ( 'NONE', *, *, #544, .T. ) ;
#2753 = DIRECTION ( 'NONE',  ( 1.000000000000000000, 0.000000000000000000, 0.000000000000000000 ) ) ;
#2754 =( GEOMETRIC_REPRESENTATION_CONTEXT ( 3 ) GLOBAL_UNCERTAINTY_ASSIGNED_CONTEXT ( ( #2481 ) ) GLOBAL_UNIT_ASSIGNED_CONTEXT ( ( #2704, #213, #2555 ) ) REPRESENTATION_CONTEXT ( 'NONE', 'WORKASPACE' ) );
#2755 =( NAMED_UNIT ( * ) SI_UNIT ( $, .STERADIAN. ) SOLID_ANGLE_UNIT ( ) );
#2756 = LINE ( 'NONE', #1752, #2572 ) ;
#2757 = EDGE_CURVE ( 'NONE', #1822, #1755, #2117, .T. ) ;
#2758 = AXIS2_PLACEMENT_3D ( 'NONE', #2289, #1820, #368 ) ;
#2759 = MECHANICAL_DESIGN_GEOMETRIC_PRESENTATION_REPRESENTATION (  '', ( #263 ), #613 ) ;
#2760 =( GEOMETRIC_REPRESENTATION_CONTEXT ( 3 ) GLOBAL_UNCERTAINTY_ASSIGNED_CONTEXT ( ( #1107 ) ) GLOBAL_UNIT_ASSIGNED_CONTEXT ( ( #892, #937, #2604 ) ) REPRESENTATION_CONTEXT ( 'NONE', 'WORKASPACE' ) );
#2761 = VECTOR ( 'NONE', #1812, 1000.000000000000000 ) ;
#2762 =( LENGTH_UNIT ( ) NAMED_UNIT ( * ) SI_UNIT ( .MILLI., .METRE. ) );
#2763 = PRESENTATION_LAYER_ASSIGNMENT (  '', '', ( #406 ) ) ;
#2764 = CIRCLE ( 'NONE', #186, 0.01999999999999999695 ) ;
#2765 = LINE ( 'NONE', #1664, #940 ) ;
#2766 = CARTESIAN_POINT ( 'NONE',  ( -0.4799999999999999822, 0.4978885438199983082, 0.05105572809000098744 ) ) ;
#2767 = MECHANICAL_DESIGN_GEOMETRIC_PRESENTATION_REPRESENTATION (  '', ( #1885 ), #1622 ) ;
#2768 = EDGE_CURVE ( 'NONE', #888, #1642, #1946, .T. ) ;
#2769 = LINE ( 'NONE', #2115, #1976 ) ;
#2770 = SURFACE_STYLE_FILL_AREA ( #1433 ) ;
#2771 = ORIENTED_EDGE ( 'NONE', *, *, #453, .F. ) ;
#2772 = DIRECTION ( 'NONE',  ( 0.4082482904638610188, -0.4082482904638590204, -0.8164965809277290321 ) ) ;
#2773 = CARTESIAN_POINT ( 'NONE',  ( -0.3484433176461130266, -0.3410027888995090239, 0.4420000000000000040 ) ) ;
#2774 = FACE_OUTER_BOUND ( 'NONE', #2211, .T. ) ;
#2775 = EDGE_CURVE ( 'NONE', #1650, #169, #1080, .T. ) ;
#2776 = ORIENTED_EDGE ( 'NONE', *, *, #558, .T. ) ;
ENDSEC;
END-ISO-10303-21;
